realization,shape,parameter,cells,area,perimeter,boundary_edges,W_real,W_imag,boundary_W_real,boundary_W_imag,identity_error,normalized_gap,deterministic_bound
0,rhombus,2,4,13.72251712309912,16.241042808039207,14,0.04079241570313741,-0.17990741976831456,0.04079241570313807,-0.17990741976831545,1.106073618220497e-15,0.006721584608701684,0.012907385075589774
0,rhombus,4,16,55.30052950844728,34.923694819858575,30,-0.00784221281299402,0.09977995789977151,-0.007842212812992123,0.09977995789977062,2.0953420328873554e-15,0.0009049430807173197,0.007403257097724589
0,rhombus,7,49,169.99408294916657,62.28874331950858,54,0.06528120983242536,-0.12702269523486603,0.06528120983242339,-0.1270226952348642,2.6905734472343886e-15,0.0004200615931289252,0.004803414818828545
0,rhombus,10,100,346.1024532775544,90.23141457064924,78,-0.05519419775033674,-0.011331037374879005,-0.05519419775034533,-0.011331037374865871,1.5693481078658253e-14,8.139972854598485e-05,0.0035047602332194125
0,rhombus,15,225,779.5384471616688,136.5494857585853,118,-0.029295597404802365,0.029487562980443208,-0.029295597404841313,0.02948756298046691,4.559377378304483e-14,2.6660771588024805e-05,0.002131224450014109
0,rhombus,20,400,1385.8210883995985,182.65973419475608,158,-0.05315579181516661,-0.04912308896247171,-0.05315579181515409,-0.04912308896241994,5.326293197892269e-14,2.6113863161773918e-05,0.0019474415797565742
0,radial,2.8284271247461903,7,24.1444180225786,20.546794641623116,18,-0.09177243581748984,-0.09140323125820071,-0.09177243581748873,-0.09140323125819838,2.5823128856601336e-15,0.002682297401339169,0.011545641277416713
0,radial,4.69041575982343,19,65.86666709401395,34.384389555923505,30,0.02646414275121156,0.11372206866712192,0.02646414275120869,0.11372206866712363,3.3415799603732836e-15,0.0008863412977863276,0.005918308553857028
0,radial,7.615773105863909,55,190.1220670924196,62.14556178463528,54,-0.1654327851150068,-0.14891127138530127,-0.16543278511501477,-0.1489112713852998,8.100539754930309e-15,0.0005853650064484289,0.003600402406925247
0,radial,10.488088481701515,97,335.34363539520245,89.91017921637192,78,0.09882686348259684,-0.10854085973026939,0.09882686348257644,-0.108540859730259,2.289583071556383e-14,0.00021886790512904588,0.0030694292717871664
0,radial,15.748015748023622,223,772.6281435012452,131.7145927237151,114,-0.32213147703635325,0.4956717719932545,-0.32213147703637784,0.495671771993269,2.854212604268024e-14,0.00038255837697310987,0.00233867331697446
0,radial,20.97617696340303,397,1374.8178499926082,173.68706311873586,150,-0.0837702268192908,0.38826054453088843,-0.08377022681928908,0.38826054453090536,1.701812923928732e-14,0.00014445360531774892,0.0016653861910309387
1,rhombus,2,4,13.706636776715788,16.132462886097393,14,0.02207341341255642,0.05736083902606995,0.02207341341255603,0.0573608390260705,6.719271740397004e-16,0.002242029997735299,0.011527536523096162
1,rhombus,4,16,55.24628760485614,34.61533923916926,30,0.016107531781209605,0.0005167877189330289,0.016107531781206996,0.0005167877189324772,2.666705038754302e-15,0.00014585432392495866,0.006805495467774811
1,rhombus,7,49,169.90680044746816,62.379885972825264,54,-0.06591051238232382,-0.048744183219531445,-0.06591051238232269,-0.04874418321952687,4.708871647324155e-15,0.00024124040688674575,0.004216310122897704
1,rhombus,10,100,346.45869424828334,90.38011743405372,78,-0.02057133515826015,-0.08555420986671072,-0.02057133515825424,-0.08555420986671057,5.9139081841950245e-15,0.00012698862790854363,0.003507398170404551
1,rhombus,15,225,779.5810515593721,136.53900120472963,118,0.06199863554138885,0.021964116401316444,0.06199863554137725,0.021964116401313405,1.1986595281914695e-14,4.21856453606258e-05,0.002198103399113313
1,rhombus,20,400,1385.3890400282082,182.30431819731052,158,0.1275645369631806,0.08744148681133179,0.12756453696314082,0.08744148681132216,4.0923222034651786e-14,5.5817099760580165e-05,0.0018554189141216206
1,radial,2.8284271247461903,7,23.81009869393617,20.77446195808968,18,-0.08955494397444985,-0.012123274690377855,-0.08955494397445082,-0.012123274690375965,2.1257972759819698e-15,0.0018977619253098925,0.011232682754232448
1,radial,4.69041575982343,19,65.44068609358888,34.570917524066935,30,0.16790234222846134,-0.07078960926594176,0.16790234222845984,-0.07078960926593993,2.3668850885147743e-15,0.0013922161654737971,0.0075941220147349746
1,radial,7.615773105863909,55,190.52164608207656,61.93062203076641,54,0.07750339914527249,0.2639128164500841,0.0775033991452766,0.26391281645008735,5.253654653572345e-15,0.0007218542609657922,0.004837305861898764
1,radial,10.488088481701515,97,335.600445322368,90.3168554223734,78,0.16253896745066232,0.0557543078028475,0.16253896745068613,0.05575430780285303,2.444799209512022e-14,0.000256012111679864,0.0032432511592679863
1,radial,15.748015748023622,223,772.6535620079203,131.21218165027085,114,-0.17302822447889277,-0.3211846178671814,-0.17302822447888944,-0.3211846178671792,3.972442522218699e-15,0.00023608668203681425,0.0023537899387523656
1,radial,20.97617696340303,397,1375.155121085925,172.53574893324364,150,-0.12245949968683822,-0.08012058829339565,-0.12245949968691663,-0.08012058829344182,9.09936703639862e-14,5.320884351389047e-05,0.0018435643993899627
2,rhombus,2,4,13.713787495369528,16.49852812136135,14,0.033565078626117906,0.04762686064804951,0.03356507862611668,0.04762686064805144,2.286815630137959e-15,0.002124360177501244,0.012351817738798952
2,rhombus,4,16,54.98947115436962,34.53150937283621,30,0.04122488173854544,-0.17066266817695608,0.04122488173854709,-0.17066266817695586,1.6663172569541125e-15,0.0015964071888610939,0.008435802802234058
2,rhombus,7,49,169.47585511446027,62.38450768321666,54,0.034453667938481924,0.04268463573688169,0.0344536679384839,0.04268463573687348,8.450310804715656e-15,0.00016183619982212743,0.005044469645835381
2,rhombus,10,100,346.140403967269,89.80280514007453,78,-0.09273101494502223,-0.027480578472331207,-0.09273101494501408,-0.027480578472342823,1.4187538793663215e-14,0.00013970809641612874,0.00364213699902084
2,rhombus,15,225,781.3143255299647,136.43907413759774,118,-0.08392268046392504,-0.018960401119578113,-0.08392268046394498,-0.01896040111958609,2.1478344057924963e-14,5.505969605065732e-05,0.0021556184977604255
2,rhombus,20,400,1385.5115470190663,182.38764747149213,158,-0.09689192779012501,0.016879033722121947,-0.09689192779019995,0.016879033722164823,8.633836820225981e-14,3.549271885394945e-05,0.0014158831068181612
2,radial,2.8284271247461903,7,23.99776305658434,20.611331750143396,18,-0.096518187604,-0.13955503295652283,-0.09651818760399854,-0.1395550329565229,1.4595448302421962e-15,0.0035353335267771678,0.006892330464527283
2,radial,4.69041575982343,19,65.75391721658174,34.50863208163292,30,0.038645456390959065,-0.015617268674997964,0.03864545639095987,-0.015617268674999234,1.503435908504739e-15,0.00031695279098911336,0.008336552225608777
2,radial,7.615773105863909,55,190.11738290317118,62.26213605333879,54,0.05946891014140565,-0.24681386176628245,0.05946891014141181,-0.24681386176628975,9.552636907210516e-15,0.0006676854004646211,0.0041043358096712656
2,radial,10.488088481701515,97,336.0975795752954,90.72805985481794,78,0.043758265698143006,-0.009396643016143041,0.043758265698146885,-0.009396643016149113,7.204784224082539e-15,6.658157455083232e-05,0.003513565162076146
2,radial,15.748015748023622,223,773.2722334389728,131.8190643382301,114,0.04484532837359323,0.0012367866924041793,0.044845328373577895,0.0012367866923984755,1.6361352702271476e-14,2.900814087579622e-05,0.002086225030913179
2,radial,20.97617696340303,397,1375.7804922001185,173.02846213550782,150,0.03024691403128532,-0.11737113633072027,0.030246914031241988,-0.11737113633071553,4.359253773853159e-14,4.404985256394929e-05,0.001448662380541842
3,rhombus,2,4,13.789160075257573,16.222726630730314,14,-0.08042405602723868,-0.013527246998723055,-0.08042405602723766,-0.013527246998723118,1.015001515024161e-15,0.002957169111633763,0.014128665282846847
3,rhombus,4,16,55.34028682468377,34.68038351669894,30,-0.06501053041212934,0.009087122627112573,-0.0650105304121275,0.009087122627111813,1.996017789629844e-15,0.0005930810762917333,0.00984814135866707
3,rhombus,7,49,170.35683900731252,62.637013941040394,54,-0.1172486519308431,-0.04008084426140468,-0.11724865193084852,-0.04008084426139348,1.2438624903475229e-14,0.0003636781807108905,0.005511146660666478
3,rhombus,10,100,346.0305684278568,90.38575076801602,78,-0.07055184585035734,-0.13130307734388652,-0.07055184585037687,-0.13130307734388574,1.9541507118904226e-14,0.00021538160863149829,0.0037090401177445166
3,rhombus,15,225,778.9079846056898,136.05387568877623,118,-0.13382254704792285,0.14226447353732707,-0.13382254704793586,0.14226447353731805,1.5837371333314914e-14,0.00012537696971096337,0.002311351541555613
3,rhombus,20,400,1385.8852324047034,182.78014707955353,158,-0.05413655945166118,-0.028985576284140432,-0.05413655945172346,-0.028985576284133875,6.262083605222656e-14,2.215475812609629e-05,0.0016291776681662806
3,radial,2.8284271247461903,7,24.004133186660635,20.62149909054523,18,0.0433355744914401,-0.03545585390160977,0.043335574491441216,-0.03545585390160905,1.329970755006984e-15,0.0011662964526823645,0.0122906834066315
3,radial,4.69041575982343,19,65.60730682503146,34.45380138710979,30,-0.00425234904194749,-0.0188865762045944,-0.004252349041946733,-0.018886576204593213,1.407107771042182e-15,0.0001475397453147656,0.0065202005231258875
3,radial,7.615773105863909,55,190.56173693007653,63.027870924849914,54,-0.034187812486697666,-0.06273926575247979,-0.03418781248670743,-0.06273926575247385,1.1427886388355867e-14,0.00018747057448767327,0.004524947748683242
3,radial,10.488088481701515,97,335.77911013824854,90.42849239295293,78,-0.18213485080629788,-0.04576029704034963,-0.18213485080631037,-0.04576029704034219,1.4537246039935955e-14,0.0002796412652709196,0.0036949501677662044
3,radial,15.748015748023622,223,772.8102937778557,131.6697951112954,114,0.032569167362404894,0.19742969681546252,0.0325691673623981,0.19742969681545752,8.432514905113998e-15,0.00012946130970771568,0.002649383770463162
3,radial,20.97617696340303,397,1375.0086293855331,172.68206629277432,150,-0.1910603853518995,-0.09245999646026945,-0.19106038535196246,-0.09245999646031408,7.716593132719077e-14,7.718378308221616e-05,0.0015757836213394435
4,rhombus,2,4,13.832894188079761,15.994721406113129,14,0.04008080718879148,0.07434304388078561,0.04008080718879345,0.0743430438807849,2.093890999645765e-15,0.00305283968448503,0.013686838060361887
4,rhombus,4,16,55.913309076741925,34.87838337424556,30,0.022618438579686373,-0.08571857981616851,0.02261843857969357,-0.085718579816168,7.213930535327502e-15,0.0007927675718652004,0.008311478156690167
4,rhombus,7,49,170.29223327731862,62.46324485318202,54,0.16695295990497083,0.05182361029736873,0.1669529599049754,0.0518236102973704,4.8730602514533535e-15,0.0005132684529230438,0.005281151955328794
4,rhombus,10,100,346.8131492522609,90.66208788031581,78,0.04626656816559116,-0.047318045845160944,0.046266568165608216,-0.04731804584516128,1.7059052983029767e-14,9.540943309072304e-05,0.0038418727428576865
4,rhombus,15,225,780.1951641747734,136.4947240984223,118,0.09502855114211917,0.03502747432764153,0.09502855114213049,0.03502747432764882,1.3469365407007594e-14,6.490592248374186e-05,0.0021166675867514777
4,rhombus,20,400,1386.389233091088,182.534611897291,158,0.0529877022298928,-0.02866901745656808,0.05298770222990826,-0.02866901745658245,2.1107272398194717e-14,2.1727750115178312e-05,0.0016374472770854809
4,radial,2.8284271247461903,7,24.441010366549424,21.009096441662503,18,0.041361947308590885,0.012560226266136648,0.0413619473085924,0.012560226266137071,1.5707822891804891e-15,0.0008843120266695315,0.0074761073171793835
4,radial,4.69041575982343,19,66.16801530291461,34.97185766329684,30,-0.10214037199477488,0.011999054945651288,-0.10214037199476698,0.011999054945650858,7.908171870927643e-15,0.0007771334663193023,0.007764528985952195
4,radial,7.615773105863909,55,190.82389934920892,62.72039331198576,54,-0.11368379895584502,0.22120757997146082,-0.11368379895583725,0.2212075799714645,8.603735989120659e-15,0.0006516748510464634,0.004839608822755416
4,radial,10.488088481701515,97,336.51159864592717,90.417810724575,78,0.3540730874200184,0.23996126552479857,0.35407308742001875,0.2399612655248081,9.52598689772783e-15,0.0006355287130700091,0.0038276004600789376
4,radial,15.748015748023622,223,772.9722605819637,131.94771621973075,114,-0.2723374103289782,0.23645558203834785,-0.2723374103289511,0.236455582038351,2.72704003796387e-14,0.00023329720491533276,0.0021089117577231926
4,radial,20.97617696340303,397,1375.717312512807,173.32450420481703,150,-0.14664278428111732,0.2155757769328606,-0.14664278428111713,0.21557577693278457,7.602276988082871e-14,9.475930534279e-05,0.0015526549380537884
5,rhombus,2,4,13.870692564628834,16.185738225450496,14,-0.0864176178764069,-0.07799047154032634,-0.08641761787640906,-0.07799047154032787,2.649022148901238e-15,0.004196138481361183,0.016719593111348952
5,rhombus,4,16,55.34683270941112,34.592345195278035,30,0.037841182118640404,0.0467334088211113,0.03784118211864058,0.04673340882111309,1.7986196584703085e-15,0.0005432371154265998,0.006661027542964388
5,rhombus,7,49,170.01655911224273,62.32926285854927,54,0.12086866829620346,0.02771198397915567,0.1208686682962105,0.02771198397917352,1.9186954156164262e-14,0.00036468446084814946,0.004549824060537639
5,rhombus,10,100,346.59626578197054,90.42389967596985,78,0.08620531399594,-0.048724916604778984,0.08620531399595198,-0.04872491660475789,2.425704322926355e-14,0.00014285005557935335,0.0036095384337304463
5,rhombus,15,225,780.1875128463457,136.0004021631535,118,-0.04722758555783724,-0.062332235792460854,-0.047227585557815005,-0.0623322357924572,2.2530947521967112e-14,5.011825697017398e-05,0.002468282255224434
5,rhombus,20,400,1385.699287903737,182.78364215585685,158,-0.1593989110882581,0.07427046362465903,-0.15939891108817653,0.07427046362471468,9.874802691668883e-14,6.345263294836497e-05,0.0015871610298422128
5,radial,2.8284271247461903,7,24.329887580723454,20.806251071150935,18,-0.07783720037770481,0.11265647669850093,-0.07783720037770671,0.1126564766985017,2.053959479439709e-15,0.002814050128246129,0.009421871727345215
5,radial,4.69041575982343,19,65.64231140241118,34.762633446138935,30,0.03531523711689655,0.09264189093600432,0.03531523711689856,0.09264189093600941,5.476260177897998e-15,0.0007551895298640877,0.005537983664833752
5,radial,7.615773105863909,55,190.7411574270902,62.46432505914433,54,-0.48355142311273447,0.035200929124609606,-0.48355142311272475,0.03520092912462355,1.699689108287002e-14,0.0012709133983858985,0.0037336757336223648
5,radial,10.488088481701515,97,335.64284166607456,90.91433270717009,78,0.18911966545893,0.09888020046638835,0.18911966545894465,0.09888020046640081,1.923733719966942e-14,0.00031791133756507603,0.0036701964781919315
5,radial,15.748015748023622,223,773.3349289903433,131.85151881152692,114,0.3330094173215601,0.05269009780829771,0.3330094173215768,0.052690097808314414,2.3624985473763022e-14,0.0002179858024956552,0.00232418816729098
5,radial,20.97617696340303,397,1374.8240943356614,173.72914144175942,150,-0.5692494418474268,-0.21876184306964055,-0.5692494418473711,-0.21876184306964422,5.5742704903473253e-14,0.0002217874330661517,0.001510489622764086
6,rhombus,2,4,13.748642057567631,16.048983229244758,14,-0.07930552111670552,-0.09496375246279318,-0.07930552111670232,-0.094963752462794,3.308681155670024e-15,0.0044994771304619026,0.012743923002616092
6,rhombus,4,16,55.42041228208645,34.73708223815216,30,0.07818007835009366,0.0314702777601405,0.07818007835009791,0.031470277760144716,5.986009672671219e-15,0.0007603367218111847,0.006477987923204393
6,rhombus,7,49,169.81442148244275,62.17959570045874,54,0.14833009003114617,-0.07143052105714123,0.14833009003115605,-0.07143052105712984,1.5081426906536927e-14,0.000484744856835011,0.004786078855599622
6,rhombus,10,100,345.73651863354206,90.15795905438586,78,-0.1444073001540782,0.09249062982692924,-0.144407300154081,0.09249062982692478,5.248685027462542e-15,0.00024800325643948673,0.003311307908983431
6,rhombus,15,225,779.3637144925206,135.92591866018984,118,0.013867566398888087,-0.10513066690427113,0.013867566398872691,-0.10513066690423394,4.025303223555331e-14,6.8030716263981e-05,0.0024989538526082964
6,rhombus,20,400,1385.8236330142777,182.1777126170487,158,-0.13703731839355004,0.043601251272103986,-0.13703731839358763,0.04360125127218656,9.072270255226419e-14,5.188483186106107e-05,0.0017309235046557344
6,radial,2.8284271247461903,7,24.246152808627972,20.714371403853445,18,0.10591604236452445,0.08343408755537177,0.10591604236452914,0.08343408755537482,5.596793277180403e-15,0.002780466046425809,0.00820857543923635
6,radial,4.69041575982343,19,65.6236130976122,34.69789403798789,30,-0.036178312001600155,-0.005969917395173968,-0.0361783120015913,-0.005969917395168223,1.055478525139831e-14,0.0002793778125224812,0.0047946695895035646
6,radial,7.615773105863909,55,190.76265970941628,62.46220037131303,54,-0.09788764999225608,0.1758859583160734,-0.09788764999224295,0.1758859583160855,1.7854948437181753e-14,0.0005275940605045253,0.004982794552463302
6,radial,10.488088481701515,97,335.82712842608134,89.73177365465432,78,0.21791280808047375,0.0806905487681456,0.21791280808046368,0.08069054876816127,1.8627884264219425e-14,0.00034597034102781273,0.0036863276728249504
6,radial,15.748015748023622,223,771.3721135512503,131.37236012948546,114,0.5109031821185885,-0.13762587533405987,0.5109031821185699,-0.13762587533403714,2.940447478485744e-14,0.00034297016721391606,0.002561072633854365
6,radial,20.97617696340303,397,1376.4482036295062,173.95433010532616,150,-0.0184123903017408,0.31258013098616433,-0.018412390301812045,0.3125801309861864,7.459211292222257e-14,0.00011374272831679741,0.0015824734884060142
7,rhombus,2,4,13.72451410397671,16.243751571552536,14,-0.057460862735460694,-0.08208932917626525,-0.05746086273546066,-0.08208932917626552,2.6595070446912006e-16,0.003650469484704326,0.02009427886298044
7,rhombus,4,16,55.167105482927525,34.38088529397086,30,-0.07556035955867557,-0.05641920788261577,-0.0755603595586728,-0.05641920788261456,3.029564307160424e-15,0.0008546762191495191,0.00963509117577705
7,rhombus,7,49,170.01730824481973,62.158855177506915,54,-0.049004025657518824,0.05829715342749303,-0.04900402565751802,0.058297153427482526,1.0536275703653923e-14,0.0002239696088426851,0.005054345673546987
7,rhombus,10,100,347.0935130910402,90.10771215638805,78,-0.07745110401742394,-0.0759474500394651,-0.07745110401741712,-0.0759474500394725,1.0066448321176528e-14,0.00015626101422701555,0.003875469954286638
7,rhombus,15,225,779.0252389641462,136.49600796351845,118,0.10877545133771971,-0.033279427083641816,0.10877545133771986,-0.03327942708367744,3.562460837796477e-14,7.300947440014453e-05,0.002012867972643389
7,rhombus,20,400,1384.8817948959982,182.17833445858872,158,0.12000587311359956,0.07899980283024276,0.1200058731136009,0.07899980283011128,1.3148505279761265e-13,5.187249838828338e-05,0.001680265143994082
7,radial,2.8284271247461903,7,23.95214213256021,20.610009758807678,18,0.08576728246127541,-0.04565135345730724,0.08576728246127367,-0.04565135345730733,1.7370672388022555e-15,0.0020282118522610367,0.016180218229629856
7,radial,4.69041575982343,19,65.52054595314047,34.587504653029036,30,0.09449289368095881,0.016064943775414897,0.09449289368095946,0.01606494377541605,1.3237110951425568e-15,0.0007314406687519042,0.00841923502237037
7,radial,7.615773105863909,55,191.04376830186365,62.80251065326672,54,0.3663028318980053,0.08256950181980742,0.366302831898008,0.08256950181979614,1.1605888652555939e-14,0.0009827424926136998,0.004190965434810278
7,radial,10.488088481701515,97,336.4608323524569,89.90957220719248,78,-0.20757254144979287,0.1425206448137426,-0.2075725414497907,0.14252064481373652,6.452499789830548e-15,0.0003741751665993655,0.003416999123512083
7,radial,15.748015748023622,223,772.7720319036902,131.77036427732043,114,0.024434110993315272,-0.3245855576197878,0.024434110993311227,-0.3245855576198332,4.5587965265459695e-14,0.00021060799235899017,0.0022198498204832368
7,radial,20.97617696340303,397,1375.6600457693721,173.3513797849626,150,0.21093018390633222,-0.09020422058983406,0.2109301839063044,-0.09020422058990053,7.205782033100462e-14,8.33813135136487e-05,0.0015118021842842155
8,rhombus,2,4,13.897131177060306,16.18014405044746,14,0.06366589254511323,-0.01524319597215043,0.06366589254511262,-0.015243195972149792,8.833950494912839e-16,0.002355351762127413,0.016519637410353196
8,rhombus,4,16,55.831997749879335,34.807359666715456,30,-0.06472039707439547,0.08224436498340393,-0.06472039707439772,0.08224436498340298,2.4382289786512095e-15,0.0009372397752826499,0.007669068801968432
8,rhombus,7,49,169.80970288678625,62.24906323078156,54,-0.04649730985131084,0.04689250545531862,-0.04649730985131646,0.04689250545531499,6.6902920868052574e-15,0.00019444461015308615,0.0047245013238203255
8,rhombus,10,100,346.3259028083238,90.35616017936623,78,0.061447236336812594,0.07093209080567342,0.061447236336812205,0.07093209080568408,1.0665222138308497e-14,0.00013548839361522612,0.0033579962923816573
8,rhombus,15,225,779.7870414485188,136.32527230351778,118,-0.04034625566590311,0.10879901948799704,-0.040346255665895,0.10879901948800749,1.3224483260037026e-14,7.440428150048899e-05,0.002263235417262793
8,rhombus,20,400,1385.8909299441225,182.68932654471126,158,-0.06271449508339222,0.05118865263222584,-0.0627144950833481,0.05118865263222913,4.423991923608294e-14,2.9206117497247542e-05,0.001707262389465212
8,radial,2.8284271247461903,7,24.48459307459344,21.042082481044215,18,-0.11678537799097644,0.024572102149360703,-0.11678537799097818,0.024572102149360023,1.876172209408441e-15,0.002437092124890087,0.010495561954263872
8,radial,4.69041575982343,19,66.39926288389542,34.75170009936541,30,0.1822304598080433,-0.17347195416076056,0.18223045980804037,-0.17347195416076117,3.004789440091828e-15,0.0018945679099396397,0.006388526404053072
8,radial,7.615773105863909,55,190.68600548304153,62.223834017754854,54,-0.08457510312165217,-0.1660474062928885,-0.08457510312165877,-0.1660474062928906,6.921232759685899e-15,0.0004886190183275548,0.00399529324959144
8,radial,10.488088481701515,97,335.2992336968333,89.64047746628765,78,-0.13628019604855135,-0.3015166991565219,-0.1362801960485579,-0.30151669915651863,7.323475752079456e-15,0.0004934168594100209,0.0037000489971622534
8,radial,15.748015748023622,223,773.0434412621458,132.16463991269993,114,-0.04813827992164876,-0.6293801638612779,-0.04813827992162985,-0.6293801638612545,3.010908480561047e-14,0.00040826839677206024,0.00231547118782962
8,radial,20.97617696340303,397,1376.6818799154703,173.8172901114842,150,-0.5629452217799038,-0.19110631538956319,-0.5629452217798177,-0.1911063153895659,8.619623489282382e-14,0.00021591731262622267,0.0016193451885910825
9,rhombus,2,4,13.550925617114912,16.011138372920353,14,0.034481075270999195,-0.034188074318413315,0.0344810752710005,-0.034188074318414086,1.5149212091658233e-15,0.0017916437855338247,0.00900811944592332
9,rhombus,4,16,55.065600981345106,34.417467502381,30,0.05197115509933781,-0.11144811382397413,0.05197115509933493,-0.1114481138239796,6.179781404021665e-15,0.001116579592889535,0.009844415848381732
9,rhombus,7,49,169.53211359311672,62.362430405753486,54,0.06572130915155094,-0.10259815545629285,0.0657213091515411,-0.1025981554563019,1.3367306809725403e-14,0.0003593502555663136,0.004915472088463175
9,rhombus,10,100,346.39021961702224,89.76968188902552,78,-0.017109958059712493,-0.09071105801753132,-0.01710995805972758,-0.09071105801755898,3.1504773016374926e-14,0.000133246543783156,0.002897255146909247
9,rhombus,15,225,779.0402924413479,136.15467321315015,118,0.0814924236697161,0.003511855371022665,0.08149242366972845,0.0035118553710295885,1.4159263262485054e-14,5.2351630434798604e-05,0.002175134530248149
9,rhombus,20,400,1385.462437942478,182.87277677694894,158,0.04919762678222428,0.19714474558191042,0.049197626782209035,0.19714474558193554,2.938292546367954e-14,7.332955630212481e-05,0.001806452571201084
9,radial,2.8284271247461903,7,24.085068866540563,20.669092919225413,18,-0.2663239498226182,-0.011329942430314877,-0.2663239498226181,-0.01132994243031473,1.8319205572553517e-16,0.0055338193410970895,0.013857851019044388
9,radial,4.69041575982343,19,65.6432007845187,34.84837078754258,30,0.1140291183734381,0.16587089294412305,0.11402911837343149,0.16587089294411983,7.348678496207199e-15,0.0015331774629908804,0.007226782248541139
9,radial,7.615773105863909,55,190.391881594799,62.67610230717303,54,-0.1964414512454682,0.17457508911497555,-0.19644145124547924,0.17457508911496722,1.3833418983108506e-14,0.0006901647986901565,0.0042644742999998755
9,radial,10.488088481701515,97,335.96256667885143,90.7009060381041,78,0.11198350901240328,-0.2976643847614157,0.11198350901239756,-0.2976643847614148,5.786222096776766e-15,0.00047331472789913893,0.003418186604468408
9,radial,15.748015748023622,223,772.1754074855824,131.55781119184195,114,-0.29682861530435556,0.4857347167687822,-0.29682861530434146,0.48573471676877855,1.4568055306311147e-14,0.0003686014139961448,0.0022389610307235026
9,radial,20.97617696340303,397,1374.9960578501577,173.205844662357,150,-0.021406760103416023,0.27981628988791274,-0.021406760103403415,0.2798162898879072,1.3775913482028063e-14,0.00010204899620696348,0.0016814737432903394
10,rhombus,2,4,13.929334603518566,16.222515862262814,14,-0.011541859813406496,0.004910109736138479,-0.011541859813405707,0.004910109736138672,8.124471421090677e-16,0.0004502323711208871,0.008088496616028748
10,rhombus,4,16,55.75270644593048,34.89841134567338,30,-0.08575710997159947,-0.04596533930164273,-0.08575710997159997,-0.04596533930163877,3.993482646230174e-15,0.000872594360772266,0.0063385460054121495
10,rhombus,7,49,169.5669402614939,62.632065243240206,54,0.07287360109027752,-0.06600052937237935,0.07287360109027122,-0.06600052937237535,7.461295529092615e-15,0.00028991214210201215,0.003733832620482681
10,rhombus,10,100,346.0613450720631,90.16847730109328,78,0.09258651402999574,0.06295324945106688,0.09258651402999811,0.06295324945105911,8.125809178559784e-15,0.00016176537328070322,0.003289658394757653
10,rhombus,15,225,778.694317346237,136.4325259721259,118,-0.11086891998754522,0.0675815531491614,-0.11086891998751393,0.06758155314913866,3.8679137396232365e-14,8.337220178147146e-05,0.002251221126922143
10,rhombus,20,400,1385.5895304598575,182.59733914566507,158,-0.16376584154239948,0.012131107612102995,-0.1637658415424062,0.012131107612068988,3.466449789926719e-14,5.925800347378347e-05,0.0016726393804868817
10,radial,2.8284271247461903,7,24.480671949415157,20.878674302371586,18,-0.02045388315332719,0.03130394727611151,-0.02045388315332814,0.03130394727611359,2.2884573085435484e-15,0.0007637418843840672,0.004413469045275715
10,radial,4.69041575982343,19,66.22516814183984,34.51099198060175,30,-0.07000261817620146,-0.09231586749894147,-0.07000261817619985,-0.0923158674989406,1.8319205572553516e-15,0.0008747118929453347,0.004898085704170601
10,radial,7.615773105863909,55,190.11603498330106,62.33226826219456,54,-0.28418491383959843,-0.11017580262583267,-0.284184913839606,-0.11017580262582455,1.1086267989003796e-14,0.0008016016121373625,0.003756477065045552
10,radial,10.488088481701515,97,335.3880415688982,89.83972653997216,78,0.1420475552305982,-0.11578095107527285,0.14204755523059664,-0.11578095107526466,8.334117102990516e-15,0.0002731998598536168,0.003370080585403661
10,radial,15.748015748023622,223,772.2548861716477,132.36489820469282,114,0.10369300145773064,0.1254710449136736,0.10369300145773666,0.1254710449136231,5.0872941581707385e-14,0.00010538847449769313,0.002253674921251494
10,radial,20.97617696340303,397,1374.7704101720392,173.4745311063768,150,0.05403284298934441,-0.09983357848152585,0.05403284298937863,-0.09983357848156314,5.061327388298219e-14,4.128609467808159e-05,0.0014271234697773012
11,rhombus,2,4,13.712918393474029,16.03427974772817,14,0.0914724179700559,0.01983880924594683,0.09147241797005669,0.0198388092459473,9.19298698279983e-16,0.0034128055139856224,0.01811108433198627
11,rhombus,4,16,55.52460856027925,34.84480684949346,30,-0.052305868014887125,-0.01594158831155032,-0.05230586801488526,-0.015941588311549078,2.242046710340332e-15,0.000492405457283177,0.007993613089613225
11,rhombus,7,49,169.57425985455424,62.315722075954724,54,0.05462761718479259,-0.05385338782857807,0.0546276171847878,-0.0538533878285672,1.1880693413829254e-14,0.00022618293583582153,0.00544678182736617
11,rhombus,10,100,346.5702358724147,90.05957587823463,78,-0.07734802848917255,0.0065397948045768095,-0.07734802848918818,0.0065397948045847615,1.7533336838379135e-14,0.00011198885353788098,0.0034522067563172473
11,rhombus,15,225,780.2450836954515,136.28363293646487,118,0.15847523353640502,0.0020089371336246553,0.15847523353639092,0.0020089371336184554,1.540272882303493e-14,0.0001015629381372024,0.0022774952962868905
11,rhombus,20,400,1385.7149382122984,182.34253265846672,158,-0.038236039780479736,0.014568153573211173,-0.03823603978045406,0.014568153573235307,3.5235976535375866e-14,1.4763969026759143e-05,0.0017747637835024976
11,radial,2.8284271247461903,7,24.22108435831113,20.93379374394138,18,-0.03345880897607678,0.1417906794700781,-0.033458808976073985,0.14179067947007665,3.1468706259232994e-15,0.003007398286172115,0.00844091530384118
11,radial,4.69041575982343,19,65.77761524661253,34.5364304812095,30,0.12292937054587494,-0.10008442855278674,0.1229293705458766,-0.10008442855278607,1.793620188084545e-15,0.0012049675771601716,0.006273157416473767
11,radial,7.615773105863909,55,190.35981144205456,62.58510658752205,54,-0.18235085310296562,-0.06407890605687731,-0.1823508531029701,-0.06407890605687237,6.6802775337096226e-15,0.0005076754910070262,0.004741586624529438
11,radial,10.488088481701515,97,336.3520475675222,90.12443924955348,78,-0.1633147581275014,0.017501338591967758,-0.16331475812750498,0.01750133859196854,3.664578605144863e-15,0.0002441635668127356,0.003317704591768732
11,radial,15.748015748023622,223,773.0809567730131,131.15177100736736,114,-0.042789584058796404,0.28615697331005263,-0.04278958405880851,0.28615697331005086,1.2237976317331948e-14,0.00018713337044943737,0.0020334738505092846
11,radial,20.97617696340303,397,1374.9672566959957,173.15912842966287,150,-0.1765251133609227,-0.027775222891872342,-0.17652511336093624,-0.027775222891860712,1.78523594815108e-14,6.498223487583038e-05,0.0015285275183332277
12,rhombus,2,4,13.536119330820746,15.997654632596173,14,0.004714729450040256,0.01992483400184375,0.00471472945004172,0.019924834001845006,1.9289875450747105e-15,0.0007563116789674686,0.01411799542342045
12,rhombus,4,16,55.14819126516073,34.397616327226395,30,-0.0737123390380523,0.05184463535119532,-0.07371233903804762,0.051844635351200236,6.782888579100683e-15,0.0008170591861396218,0.009901359732004959
12,rhombus,7,49,170.1299768216269,62.360676891988646,54,-0.019657908744691976,-0.04935883024756155,-0.019657908744686623,-0.04935883024755703,7.0045487575973735e-15,0.00015614340244439438,0.0041790376970843425
12,rhombus,10,100,346.32522968449865,90.27288401793139,78,-0.010461313769722924,0.12476096784279117,-0.010461313769734125,0.12476096784278595,1.2356896085299368e-14,0.00018075321103263532,0.0035581003294391602
12,rhombus,15,225,779.4049832547812,136.10960808604727,118,0.16368796805802743,0.06786505130755685,0.1636879680580081,0.06786505130753237,3.120167448333704e-14,0.00011367569340011674,0.0021442092716949645
12,rhombus,20,400,1384.0612373012343,182.53920243143094,158,-0.14401359849707873,-0.061530933826076835,-0.14401359849709966,-0.061530933826162176,8.786997740238912e-14,5.657542380329151e-05,0.002006013927139357
12,radial,2.8284271247461903,7,23.9489377965392,20.635233144260962,18,-0.02517634045317374,-0.03586901819495811,-0.025176340453171575,-0.0358690181949578,2.1863572722611278e-15,0.0009149208138367782,0.013618562684402298
12,radial,4.69041575982343,19,65.75760688317257,34.71541707301151,30,-0.051324449573279196,0.09586295143186704,-0.051324449573273055,0.09586295143186783,6.191659442851224e-15,0.0008268076056228531,0.0051470621304972874
12,radial,7.615773105863909,55,190.58960805785753,62.488593254771004,54,-0.19773413973760734,0.18962470509799803,-0.19773413973760154,0.1896247050979989,5.864379407143947e-15,0.0007187277570940626,0.005170271478716727
12,radial,10.488088481701515,97,335.7441509317559,90.2743542702264,78,-0.008227407897945405,0.2892021888214811,-0.008227407897948494,0.28920218882146287,1.8467919978834743e-14,0.0004308625982271201,0.002862054813628886
12,radial,15.748015748023622,223,772.9776900259161,132.25560675085663,114,-0.05040780216743723,-0.39217128148896674,-0.05040780216745904,-0.3921712814889803,2.5672738120436535e-14,0.00025576261977054856,0.0021903507727444003
12,radial,20.97617696340303,397,1374.7901969208665,173.80600110076472,150,-0.09893632513508877,-0.26865716191041134,-0.09893632513510162,-0.26865716191043976,3.119194507313795e-14,0.00010412331273520747,0.001661062425280375
13,rhombus,2,4,13.892618563761072,16.201247934730283,14,0.05209213315664085,0.09602921493296093,0.05209213315663769,0.09602921493296201,3.3441725435551023e-15,0.003931884494658927,0.020920538918821372
13,rhombus,4,16,55.3675006120526,34.34780165304702,30,-0.00355200023555291,0.0728872121667184,-0.003552000235554195,0.07288721216672264,4.436761590776522e-15,0.0006589940809070405,0.007566584848184559
13,rhombus,7,49,168.65021155838576,61.923834369039,54,-0.1412650532777775,-0.04004499163820724,-0.1412650532777808,-0.040044991638201216,6.869154506741516e-15,0.00043531297968190524,0.005000318876919347
13,rhombus,10,100,345.22730713215344,89.92779384231187,78,-0.032759455751663946,0.018788751618115218,-0.032759455751665736,0.01878875161811716,2.641924054823261e-15,5.469592193517315e-05,0.004143637269374819
13,rhombus,15,225,778.93339326293,136.30817314352353,118,-0.18183392215191185,-0.04005348982450324,-0.18183392215196098,-0.040053489824503366,4.912752761070781e-14,0.00011951796275255311,0.002444732117499068
13,rhombus,20,400,1385.6516518972476,181.66075078296825,158,-0.04851726004732049,0.11176620420700377,-0.04851726004736015,0.1117662042069865,4.3257089084545515e-14,4.396579680509337e-05,0.001771435487665464
13,radial,2.8284271247461903,7,24.557379729577196,21.12268906734529,18,-0.1949674309171554,-0.03337888347710616,-0.19496743091715718,-0.03337888347710547,1.904558900508863e-15,0.004027385440283358,0.013789102774149202
13,radial,4.69041575982343,19,65.68030554173447,34.632609853563714,30,0.06708121464676076,-0.011632365314175164,0.06708121464675905,-0.011632365314174442,1.8532433379957844e-15,0.000518285595522692,0.008463805902210261
13,radial,7.615773105863909,55,189.78437243671559,62.48081461984883,54,-0.00963500521339089,-0.04769310787235015,-0.009635005213393616,-0.047693107872333794,1.6580474369520718e-14,0.00012818919464865268,0.0046921064931935924
13,radial,10.488088481701515,97,335.451620202356,90.2583461610428,78,0.09527151424561264,-0.34314757387190375,0.09527151424559949,-0.343147573871896,1.5280093505278112e-14,0.0005308182323713292,0.0037657827107606696
13,radial,15.748015748023622,223,772.189497056879,130.5218490485979,114,0.2600666789860595,0.3397383061943281,0.26006667898600155,0.3397383061943286,5.795579529525781e-14,0.00027703780673909615,0.0023079907539795136
13,radial,20.97617696340303,397,1375.5625639123828,173.5932645467264,150,-0.010314313068566339,0.03901432778029501,-0.010314313068631398,0.03901432778029739,6.51025889198778e-14,1.4668439525746545e-05,0.0014552563863436338
14,rhombus,2,4,14.050880809615025,16.329234002117218,14,-0.03432373333794114,-0.028935421408423548,-0.03432373333794055,-0.02893542140842524,1.792881821378896e-15,0.0015975138570194565,0.011221647041443501
14,rhombus,4,16,55.44086945273716,34.55640632481947,30,-0.09890916444084397,-0.13771638543590528,-0.09890916444084191,-0.1377163854359085,3.818989693997047e-15,0.0015291497786931933,0.006561876238294862
14,rhombus,7,49,169.51327755193105,62.35522465008751,54,-0.00584463692800874,-0.10373233015177707,-0.005844636928005243,-0.10373233015178009,4.614474087797365e-15,0.0003064563870005559,0.00525238419363468
14,rhombus,10,100,346.4866285289183,89.97809460604095,78,0.03578968008336947,0.13191583577276828,0.03578968008336621,0.13191583577276408,5.310480164982057e-15,0.00019724373446842986,0.003920690872272783
14,rhombus,15,225,780.0338995406289,136.11448809906884,118,0.1321870245976755,-0.08062204064502776,0.13218702459770107,-0.08062204064505574,3.7897339352365335e-14,9.924774427216432e-05,0.0021808510120401416
14,rhombus,20,400,1386.7630364025395,182.5875678415837,158,0.14098106255326526,0.05886809054542477,0.14098106255324971,0.058868090545387546,4.034167231675352e-14,5.5084386794467674e-05,0.0018776685444095334
14,radial,2.8284271247461903,7,24.423771600522898,20.735327972197606,18,0.04743779414657068,-0.049240857113145645,0.047437794146572274,-0.04924085711314497,1.7320707903029273e-15,0.001399743229886443,0.00826939083664155
14,radial,4.69041575982343,19,66.03279975713318,34.66105410315993,30,-0.0708241575603128,0.07803286995727417,-0.07082415756030945,0.07803286995726699,7.916058526850814e-15,0.0007979456126705095,0.006626667372798794
14,radial,7.615773105863909,55,190.39031164513256,62.56899302671708,54,0.3595009328361991,-0.23134825246523025,0.35950093283620554,-0.23134825246523513,8.082545620880531e-15,0.0011227142140631942,0.0050968079662718265
14,radial,10.488088481701515,97,335.78457436198994,89.96938932214768,78,0.27700367012283333,-0.1027833707931286,0.2770036701228354,-0.10278337079313381,5.594814276911371e-15,0.0004399517794192204,0.003721319466059627
14,radial,15.748015748023622,223,772.8267986222345,132.2446776777129,114,-0.019492466470512504,-0.15862264601254047,-0.01949246647050113,-0.1586226460125341,1.3042021659874687e-14,0.000103396926732061,0.0024738663990943777
14,radial,20.97617696340303,397,1376.0213520992843,173.97346155135216,150,0.17482608100278485,-0.06086520173000562,0.17482608100280564,-0.060865201730045566,4.503286813903051e-14,6.726572771060906e-05,0.0016830979918126003
15,rhombus,2,4,13.962950571207816,16.269699557130274,14,0.15328204158778247,-0.005841460708254059,0.15328204158778413,-0.005841460708252916,2.0199519714764065e-15,0.005492868688786989,0.013636974813626593
15,rhombus,4,16,55.684312561256476,34.76855205179038,30,-0.031174152439923386,-0.0558725978576374,-0.031174152439916752,-0.05587259785763912,6.8531545746340156e-15,0.0005744979934078884,0.006466947136177512
15,rhombus,7,49,169.74596103173516,62.05204582658301,54,0.029304626899007147,0.01503844152279786,0.029304626899007372,0.015038441522794753,3.1150634789885647e-15,9.702163481073628e-05,0.004848205376252147
15,rhombus,10,100,347.62955142875165,89.9259622404594,78,0.02111054406014068,-0.07914849666581315,0.021110544060149547,-0.07914849666581658,9.507348214929658e-15,0.00011782002047921802,0.003001867131288181
15,rhombus,15,225,779.0861369480826,136.18006013075149,118,0.053983043756100635,0.060605062927401185,0.053983043756163376,0.060605062927380986,6.591280301921938e-14,5.208744591777963e-05,0.002440645794256275
15,rhombus,20,400,1385.1889613463395,182.49028518039663,158,0.1282438327454578,-0.20485635484766346,0.1282438327455096,-0.20485635484770331,6.535275284191154e-14,8.723972265807357e-05,0.001854451834585667
15,radial,2.8284271247461903,7,24.449514343894986,20.87423301175192,18,-0.21663487555566308,-0.09107916830856377,-0.21663487555565983,-0.09107916830856404,3.2580896357342793e-15,0.0048058686055318465,0.01324135240451968
15,radial,4.69041575982343,19,65.84448080813071,34.853868371340056,30,0.0940513792170461,0.11548641200372979,0.09405137921705058,0.11548641200372867,4.621324177474467e-15,0.0011309894326549793,0.004842425905615798
15,radial,7.615773105863909,55,190.85483715508659,62.56108207876404,54,0.004669230794787982,-0.07417363946296694,0.0046692307947930785,-0.07417363946297982,1.3850397683901233e-14,0.00019470415135952355,0.004017069482688907
15,radial,10.488088481701515,97,336.14656748639646,89.75060069729616,78,-0.05014654657060458,-0.24214901695280194,-0.05014654657059096,-0.24214901695282637,2.79662122599795e-14,0.00036782604292154655,0.0037050535616621498
15,radial,15.748015748023622,223,772.6897513592914,131.55375755524724,114,-0.24547459440835961,0.33967428420717694,-0.24547459440830896,0.339674284207131,6.836182497494932e-14,0.00027118902560079446,0.0021668684352377887
15,radial,20.97617696340303,397,1375.1935898019128,173.39562699589547,150,0.33944774838136604,0.2778754910103273,0.3394477483813586,0.2778754910102918,3.629750191519916e-14,0.00015949730356579444,0.0018068739415572751
16,rhombus,2,4,13.779207355887,15.937469200764774,14,-0.06210034603475556,-0.031562504594371904,-0.06210034603475208,-0.03156250459437265,3.56302573866894e-15,0.0025277552130195994,0.008819374408265938
16,rhombus,4,16,55.3360260196418,34.47431621976792,30,-0.003765505172126815,-0.05177820890755068,-0.0037655051721268706,-0.05177820890755027,4.1314106709611766e-16,0.0004690881591971733,0.006827469098308591
16,rhombus,7,49,169.32062900358787,62.28926636815413,54,-0.0748187564253131,0.08841572775966922,-0.07481875642531068,0.08841572775967126,3.171734930840263e-15,0.0003420255109138584,0.004710318105965565
16,rhombus,10,100,345.5665387208068,89.74506202052326,78,0.04695090183105899,-0.011381229714540364,0.04695090183106203,-0.011381229714519782,2.080567263066434e-14,6.990065806753898e-05,0.0034175806192726635
16,rhombus,15,225,779.098235962559,135.87791650178224,118,-0.050108882452108094,0.06643694311083825,-0.0501088824521029,0.06643694311081132,2.7433586402424243e-14,5.3404810933104215e-05,0.002309912371081915
16,rhombus,20,400,1385.68971294239,182.7642655188461,158,-0.06266671359963993,-0.09811427559761868,-0.0626667135997021,-0.09811427559759847,6.537356696587244e-14,4.200782453327447e-05,0.0017474700229006923
16,radial,2.8284271247461903,7,24.43531898544578,20.90156296288376,18,-0.022747179951792873,-0.06362233488323746,-0.022747179951794066,-0.06362233488323654,1.5044443727316339e-15,0.0013825587448849997,0.009114754280844285
16,radial,4.69041575982343,19,65.72677408442105,34.762471690731026,30,-0.002529253698136724,0.017404928729682467,-0.0025292536981352098,0.01740492872968184,1.6394495199504946e-15,0.00013379434968751122,0.005545466290114145
16,radial,7.615773105863909,55,190.02506518948272,62.512949602031505,54,-0.17002339545343803,-0.031814057151877434,-0.1700233954534322,-0.03181405715186719,1.1784227725314672e-14,0.0004551353376758582,0.004184914352042815
16,radial,10.488088481701515,97,335.52775016812205,90.15231927080737,78,-0.2831987872629278,-0.29103677437945324,-0.2831987872629128,-0.29103677437944475,1.7227159348609524e-14,0.0006051417241076064,0.004047349736502119
16,radial,15.748015748023622,223,772.1127371056889,132.04211556649562,114,0.16138027923085518,0.020152710318305317,0.16138027923085282,0.020152710318279275,2.614831643798262e-14,0.00010531733920979566,0.002210400010054358
16,radial,20.97617696340303,397,1375.1404938098194,173.71933625893453,150,-0.03781939540618762,0.6034774193648722,-0.03781939540622843,0.6034774193648575,4.3365848632043e-14,0.0002198543766339757,0.0016280423852617324
17,rhombus,2,4,13.616989449109827,15.943269570341961,14,0.06477939003994981,-0.11247524565919191,0.06477939003995029,-0.11247524565919231,6.20167888473864e-16,0.004765964895231581,0.018755558076084387
17,rhombus,4,16,55.3517471149217,34.773318560289745,30,-0.07249122543321507,0.08432160696208893,-0.07249122543321954,0.08432160696208693,4.895142527860245e-15,0.0010044716491677192,0.010644794356896038
17,rhombus,7,49,169.75878615337624,62.290826136228404,54,-0.00731382595333141,-0.02943241163152227,-0.007313825953341298,-0.029432411631527555,1.1211215459100516e-14,8.932535352587865e-05,0.0037405124814344883
17,rhombus,10,100,346.7216160642608,90.5034058955587,78,-0.007478915622419979,0.02300754183127124,-0.00747891562242251,0.023007541831265365,6.39585676295454e-15,3.4887621211910444e-05,0.0032724758935872033
17,rhombus,15,225,779.6964620894885,136.5702197141554,118,0.01982371801388272,0.007111373931113385,0.01982371801389686,0.007111373931076527,3.947744760716216e-14,1.3505679367258191e-05,0.002105328696616822
17,rhombus,20,400,1385.3858188151612,182.2745083999296,158,-0.23755291255182032,0.001007472326399493,-0.23755291255186498,0.0010074723262749182,1.3233778580073576e-13,8.573606199915986e-05,0.0016731443855142348
17,radial,2.8284271247461903,7,24.336135587367167,20.809099322564794,18,-0.23688747239076102,0.06197745266465604,-0.236887472390762,0.06197745266465411,2.1598136304552584e-15,0.005030809794023942,0.01747268342499003
17,radial,4.69041575982343,19,65.77071762642342,34.52067032004357,30,0.23028263642838498,0.04163015493187891,0.23028263642837885,0.041630154931873775,7.99948240226754e-15,0.0017790234948314,0.007529299982354101
17,radial,7.615773105863909,55,190.5103773376452,62.45032239176575,54,0.2432470358044938,-0.08391989970171199,0.24324703580448695,-0.08391989970171683,8.393905128513147e-15,0.0006753340357650782,0.0036616778545799566
17,radial,10.488088481701515,97,336.22080502143075,90.06903566413914,78,0.1860409482095533,-0.07367008579416501,0.18604094820955133,-0.07367008579417612,1.1289433243734688e-14,0.00029756675333955033,0.003104439508768597
17,radial,15.748015748023622,223,772.1691065660386,132.60045618151824,114,0.18655590293943813,0.009579536852591691,0.18655590293944735,0.009579536852573583,2.0318497355239945e-14,0.0001209590562815028,0.001956834691458979
17,radial,20.97617696340303,397,1375.5948653798373,173.23717887814422,150,0.10216570044393514,0.33470340577691365,0.10216570044390347,0.3347034057767874,1.3014430768087781e-13,0.0001271990985422448,0.001660338410933356
18,rhombus,2,4,14.04655661721717,16.342896675303805,14,0.04048013508054815,0.07097199766791244,0.04048013508054714,0.07097199766791144,1.4229301284793645e-15,0.002908355046720154,0.021165412991543325
18,rhombus,4,16,55.255426641391566,34.583059708407504,30,-0.02008186068382445,-0.10432887254073567,-0.02008186068382658,-0.10432887254073908,4.024038013571394e-15,0.0009613900436721353,0.008178096508077147
18,rhombus,7,49,169.527872932594,62.232336574999216,54,-0.03621610587288737,-0.11499503528605448,-0.03621610587289181,-0.11499503528606174,8.50889486398527e-15,0.00035558493109774685,0.005405473132038062
18,rhombus,10,100,345.98314628825665,90.2420968356505,78,0.16693396587510545,0.12089102684772524,0.16693396587510995,0.1208910268477338,9.671384422309078e-15,0.000297862231490212,0.004249577953089041
18,rhombus,15,225,778.6187530558703,136.68596246575365,118,-0.008731691804987562,0.0048705701622812625,-0.008731691804977322,0.004870570162271239,1.432914069600567e-14,6.420500778359887e-06,0.0023493687858194474
18,rhombus,20,400,1385.9414333004556,182.39498861365934,158,0.017387886850162904,-0.09149666596081511,0.017387886850165648,-0.09149666596077366,4.154369513756498e-14,3.3599614638996764e-05,0.0018852515303173685
18,radial,2.8284271247461903,7,24.28340038484604,21.02142769460149,18,-0.04427246108069349,-0.0019049649724656864,-0.04427246108069693,-0.0019049649724674454,3.858968697049061e-15,0.0009124221700332342,0.01115120929422157
18,radial,4.69041575982343,19,65.68297804232533,34.64834110628895,30,-0.07209842937349009,-0.04663307448393847,-0.07209842937349481,-0.04663307448394328,6.736979917119175e-15,0.0006536333386140255,0.00892906475866028
18,radial,7.615773105863909,55,190.2994317572735,62.51535241785115,54,-0.24848813776594003,-0.23601090560115712,-0.24848813776593603,-0.23601090560116483,8.689756110474836e-15,0.000900439224514136,0.0051048907670555
18,radial,10.488088481701515,97,336.2907100384624,89.52684100098904,78,-0.37910893176108207,-0.12308610648324153,-0.37910893176106863,-0.12308610648324533,1.3961495968248966e-14,0.0005926267314378791,0.0031822834569065184
18,radial,15.748015748023622,223,772.4262205231494,132.41352210928633,114,-0.12735180399646584,-0.12088736667024194,-0.12735180399643764,-0.12088736667027038,4.00475182341414e-14,0.00011366205851382894,0.0025364591514012106
18,radial,20.97617696340303,397,1374.6550506393019,173.89156382501235,150,-0.4141517163485102,0.11980301382597391,-0.414151716348497,0.11980301382595103,2.6424361190056506e-14,0.00015681444647931396,0.0019010666374868908
19,rhombus,2,4,14.03647793798492,16.55607875470893,14,-0.05882115232698082,-0.06856673785906664,-0.058821152326980645,-0.068566737859066,6.615281034191894e-16,0.003218045694994664,0.015287162214128182
19,rhombus,4,16,55.22708100374821,34.60740235383058,30,-0.09362090426215808,0.10319877830668091,-0.09362090426215557,0.10319877830667866,3.371045777923653e-15,0.0012614936360310894,0.010149270368275213
19,rhombus,7,49,170.06680480576955,62.53696394665833,54,0.05972559918103215,0.16171527907324978,0.059725599181030244,0.16171527907325098,2.2506952454688123e-15,0.0005068359270474272,0.005702864793880034
19,rhombus,10,100,346.6025744195309,90.30383002223442,78,0.059331649220379035,-0.06421858419018198,0.05933164922038247,-0.0642185841901843,4.143519112721531e-15,0.00012612647613216744,0.003326730867693014
19,rhombus,15,225,778.7413541167956,136.49800468590257,118,-0.08548884818075253,-0.08762547088368025,-0.08548884818070164,-0.08762547088369915,5.42866935553338e-14,7.860095743034735e-05,0.002280831631319936
19,rhombus,20,400,1385.6624852967911,181.8910830708193,158,-0.06569371706280158,0.008132389389609862,-0.0656937170627667,0.008132389389620909,3.659583959747241e-14,2.3885747193513783e-05,0.0016360467795656175
19,radial,2.8284271247461903,7,24.426408900399604,20.76268580808107,18,0.1515051246803525,0.03401122243124849,0.1515051246803568,0.03401122243124889,4.320897762489215e-15,0.0031784404912005237,0.011350865978011581
19,radial,4.69041575982343,19,65.98342323458834,34.53536708864324,30,-0.12507181071308482,-0.007483114570019447,-0.12507181071308043,-0.007483114570020873,4.611385760107493e-15,0.0009494465731111569,0.0094337450140462
19,radial,7.615773105863909,55,190.6125075104039,62.745058533126084,54,-0.1399799335554044,0.1550574651297623,-0.139979933555404,0.15505746512975868,3.6290879476388655e-15,0.0005479577129035163,0.004663420049728105
19,radial,10.488088481701515,97,335.62140238039956,90.84210163135572,78,0.0736317289544246,-0.14880692905943643,0.0736317289544311,-0.14880692905943863,6.854952919394508e-15,0.0002473434463979552,0.003540063296556491
19,radial,15.748015748023622,223,772.3317815988435,131.77146585916958,114,-0.48443827949653917,-0.3492040088738919,-0.48443827949648904,-0.34920400887389175,5.01268461947065e-14,0.00038660842335803616,0.0021436499255356434
19,radial,20.97617696340303,397,1374.5121958563905,173.33759897664365,150,0.25895208632772615,0.40636926869124707,0.258952086327754,0.4063692686912612,3.125573596866063e-14,0.00017528517546731642,0.0016215419439214959
20,rhombus,2,4,13.7255028664482,16.05837298585654,14,0.06540317532608197,-0.12357008544266235,0.06540317532608012,-0.12357008544266264,1.8823212580984145e-15,0.0050931136384790585,0.015301672065586447
20,rhombus,4,16,55.31272352290972,34.47152228235045,30,-0.1382165496467782,-0.06608088111855319,-0.13821654964677782,-0.0660808811185547,1.561790726879384e-15,0.0013848607559670011,0.009334238835789481
20,rhombus,7,49,169.81113305244352,62.58947463945508,54,-0.07573258125179505,0.06080612280379116,-0.07573258125179007,0.06080612280379043,5.036126630420994e-15,0.0002859725525688503,0.004010245154432487
20,rhombus,10,100,345.7548804281315,90.06000371662873,78,0.051405778321251816,-0.0038879397308485553,0.051405778321249374,-0.003887939730851674,3.961239846656905e-15,7.455078523361557e-05,0.0028933101659759323
20,rhombus,15,225,778.7827670168981,136.39058605948046,118,-0.07600090812230231,-0.0805049507195153,-0.07600090812229579,-0.08050495071954672,3.208920275878012e-14,7.108026597794916e-05,0.002523643263685595
20,rhombus,20,400,1384.789031133811,183.0437599201097,158,0.029757714915455757,-0.013003260955459839,0.029757714915461496,-0.013003260955535122,7.550191907505515e-14,1.1725505891367775e-05,0.0018050173947027062
20,radial,2.8284271247461903,7,24.164212770445374,20.874480341651918,18,0.19914619950841894,0.06806625318858862,0.19914619950841814,0.06806625318858822,8.999186305521365e-16,0.004354728614491759,0.013381335626886181
20,radial,4.69041575982343,19,65.7510026439312,34.61139735225241,30,-0.032219533889832785,0.040253659489559904,-0.03221953388983792,0.04025365948956053,5.172618461901059e-15,0.0003920868882158685,0.007119624066794028
20,radial,7.615773105863909,55,190.3536775905348,62.05201942297761,54,-0.024089571699814627,-0.0166620204337537,-0.024089571699810446,-0.016662020433755018,4.383636269887986e-15,7.69369132993156e-05,0.004398994806923381
20,radial,10.488088481701515,97,335.91491373007494,89.82828592240955,78,0.14474974123518036,0.2285310056470261,0.1447497412351847,0.22853100564702883,5.11335750021462e-15,0.00040265554223138254,0.003296907217416567
20,radial,15.748015748023622,223,771.4602762914662,131.51159167866464,114,0.01497402411816573,0.36657300014366956,0.01497402411817778,0.36657300014367705,1.4191184113494621e-14,0.0002377819821213235,0.002274157307908971
20,radial,20.97617696340303,397,1374.9495733901845,173.07502506710546,150,0.17622847349587145,-0.09345064248759115,0.17622847349583823,-0.09345064248766402,8.008846815445363e-14,7.253831460378495e-05,0.001594642951327687
21,rhombus,2,4,13.81737029628139,16.16625884351583,14,0.004246159560997942,-0.004692167141593449,0.00424615956099667,-0.004692167141592366,1.6704668760200795e-15,0.00022899490782771114,0.012956977532900213
21,rhombus,4,16,55.12708536202959,34.55646663492369,30,-0.09035149210402249,-0.002034119720415728,-0.09035149210402524,-0.0020341197204154305,2.763860529096729e-15,0.0008196913195231006,0.008474918703610508
21,rhombus,7,49,169.6229982031515,62.54984616185235,54,0.015000292730676712,-0.10149543816784562,0.015000292730668524,-0.10149543816784704,8.309353697987598e-15,0.00030242926653530045,0.004252596712480457
21,rhombus,10,100,346.5257620941157,90.1993588380567,78,-0.049339983045722846,-0.11285031534199567,-0.049339983045730326,-0.11285031534200463,1.1665153657312123e-14,0.00017771412055041217,0.004005137041371508
21,rhombus,15,225,779.6012224119165,136.1950466714782,118,0.1204274210596763,0.01880904317529919,0.12042742105969481,0.01880904317527779,2.829612531142726e-14,7.817292953299236e-05,0.0027137488537611267
21,rhombus,20,400,1385.4795456340098,182.9390939113485,158,0.03841379305335657,0.0623313089245192,0.038413793053400654,0.0623313089244998,4.8163234472708986e-14,2.642318447993643e-05,0.0017717859858956842
21,radial,2.8284271247461903,7,24.08223901813451,20.83678009448866,18,-0.029439083477146077,-0.12906859165804774,-0.029439083477146966,-0.1290685916580489,1.4655364458042814e-15,0.00274856889920048,0.01179686241892446
21,radial,4.69041575982343,19,65.78102914047406,34.49221005382848,30,0.08777266507535408,0.19846873386352418,0.08777266507535672,0.19846873386352387,2.654396750402295e-15,0.0016494971620882328,0.006207320644521448
21,radial,7.615773105863909,55,190.64845212068178,61.91806829883142,54,0.23914413869521667,0.05536950248288322,0.23914413869521367,0.055369502482882776,3.0303191209571215e-15,0.0006437774969241564,0.004989901778194099
21,radial,10.488088481701515,97,335.6476257914803,90.26053206907281,78,-0.12005041369776404,0.2447684622931538,-0.12005041369777444,0.24476846229314267,1.523844295742668e-14,0.00040611599193112266,0.003989170297233386
21,radial,15.748015748023622,223,772.8110815548446,131.7970171089505,114,-0.05633300317959744,-0.005347962100695512,-0.056333003179582834,-0.005347962100736224,4.325310831292234e-14,3.6610685951553625e-05,0.002269592038775124
21,radial,20.97617696340303,397,1375.3519176721347,174.06091770228332,150,-0.4412492660145966,0.0501202147953137,-0.4412492660145684,0.050120214795268146,5.357586486893077e-14,0.00016144473353365635,0.0016714347491138155
22,rhombus,2,4,13.777999201290342,16.051728417952127,14,-0.10026567017422527,0.07720347522622392,-0.100265670174225,0.07720347522622495,1.0638028178764803e-15,0.004592277063860502,0.02043724971522164
22,rhombus,4,16,54.91886896265832,34.48383574299802,30,0.0681820081338449,0.0030664914794712866,0.06818200813384352,0.0030664914794747648,3.7396425809580665e-15,0.0006213796136143729,0.010450354441884583
22,rhombus,7,49,168.66350229311368,62.48154491418845,54,0.16742221321170003,-0.07696411117953422,0.1674222132116912,-0.07696411117953646,9.104685545768843e-15,0.0005462510237288177,0.005609110304264237
22,rhombus,10,100,346.438596194924,90.01364795813876,78,0.0973355636477562,-0.00834232889790891,0.09733556364775092,-0.008342328897898443,1.1720718698921265e-14,0.000140995270385612,0.004199108897144137
22,rhombus,15,225,779.3561401069597,136.53839067601132,118,0.017135600902995485,-0.1669625839012844,0.01713560090298013,-0.16696258390126514,2.46340946256058e-14,0.00010767837517535722,0.002416777214906174
22,rhombus,20,400,1385.8300368121813,182.5345336019238,158,-0.016200861791974663,0.01758204594363258,-0.01620086179196341,0.01758204594367938,4.813370423309502e-14,8.625906064213954e-06,0.001817772470756235
22,radial,2.8284271247461903,7,23.866700551635923,20.582355080212505,18,-0.08847189840957803,0.029343975823106327,-0.0884718984095803,0.02934397582310758,2.585669206609384e-15,0.0019527478447079936,0.012787051294877677
22,radial,4.69041575982343,19,65.10647898833612,34.42702425107141,30,0.050164350007870784,-0.005666735592604236,0.05016435000787126,-0.005666735592602888,1.4303896971403696e-15,0.0003876987593773702,0.00854515561100059
22,radial,7.615773105863909,55,189.9500750875169,62.28909397657034,54,-0.10207626123537183,-0.022672378213924305,-0.10207626123537379,-0.022672378213922276,2.8192773750640918e-15,0.00027524036324479205,0.004325874215807001
22,radial,10.488088481701515,97,336.06719226351294,90.59467246252467,78,-0.13195534204989956,-0.30223648559853267,-0.13195534204991324,-0.30223648559853317,1.3692616234384936e-14,0.0004906555326096573,0.0036522190966271663
22,radial,15.748015748023622,223,772.8783680025074,131.6089994165139,114,0.20593298023661166,0.36323716700345965,0.205932980236599,0.3632371670034623,1.2933979113692383e-14,0.00027012785475450686,0.002172901084235372
22,radial,20.97617696340303,397,1375.0688343696545,174.4890687985337,150,-0.14947736091537056,-0.24148862644589378,-0.14947736091537872,-0.24148862644586291,3.1924703900430623e-14,0.00010327027065768838,0.0016479379678204901
23,rhombus,2,4,13.732705030905603,16.098460342767417,14,0.1274284613661525,-0.12542957354681958,0.12742846136615207,-0.12542957354682097,1.4488835837920474e-15,0.006510123729136001,0.017523013372042477
23,rhombus,4,16,55.327030060310236,34.84052852932026,30,-0.1511398594937554,0.08987788264694249,-0.1511398594937592,0.08987788264693779,6.031731062841502e-15,0.0015891374215255814,0.011391844709648942
23,rhombus,7,49,169.32527452848527,62.56669364509688,54,0.014706825589354988,0.10076250607907249,0.014706825589349028,0.10076250607906691,8.16403552819532e-15,0.0003006937987779837,0.005679420444827073
23,rhombus,10,100,346.3130516584691,90.18950183570425,78,-0.11559274669546049,0.04918684050181457,-0.11559274669547197,0.04918684050180343,1.5997050673312276e-14,0.00018137139580447556,0.003329189430234394
23,rhombus,15,225,779.8894262935636,136.4869052222225,118,0.12206881695723615,0.03849832140130649,0.12206881695719898,0.03849832140127323,4.987302418796099e-14,8.206020267664216e-05,0.00249424349574834
23,rhombus,20,400,1386.652091563852,182.70571558680112,158,-0.019868576229287616,0.043912259039801754,-0.019868576229333752,0.04391225903979424,4.674471255390189e-14,1.7379267756310753e-05,0.0018527624287576568
23,radial,2.8284271247461903,7,24.415365690416422,20.810675784599784,18,0.015656043931534747,-0.0688494433160786,0.01565604393153288,-0.0688494433160804,2.5863092309505294e-15,0.0014459554976508319,0.01600184972056745
23,radial,4.69041575982343,19,66.10689476202292,34.54714480911076,30,0.13646929544282171,-0.01728621787086239,0.13646929544282022,-0.017286217870862788,1.5509980122808118e-15,0.0010404341330758264,0.009598857328741852
23,radial,7.615773105863909,55,189.96048861765954,62.95681113946138,54,0.3879147438845245,0.00033382761649440595,0.38791474388451297,0.0003338276164901628,1.2301287571572675e-14,0.0010210409815964658,0.0048172867055887615
23,radial,10.488088481701515,97,336.77560497607885,90.70129306974489,78,0.17305494644077113,-0.09048183583013622,0.17305494644075978,-0.09048183583015712,2.378395340446246e-14,0.000289928644004003,0.0032954188326044537
23,radial,15.748015748023622,223,773.4006819705962,132.46421520787007,114,0.2022574038732392,0.2589637593036804,0.20225740387323654,0.2589637593036445,3.595905945964153e-14,0.0002124308464708825,0.002419525481807498
23,radial,20.97617696340303,397,1375.749343640301,173.36298881839824,150,-0.14419229946901435,-0.16766622865168834,-0.14419229946900405,-0.16766622865168573,1.0622700983535385e-14,8.037114283367267e-05,0.0017074605918946117
24,rhombus,2,4,13.552399495138552,15.736155891088629,14,-0.14091476287041127,-0.18415579094195555,-0.140914762870412,-0.18415579094195544,7.301351988545593e-16,0.008555101033171269,0.020877897707023457
24,rhombus,4,16,55.06531024849059,34.50782408290319,30,0.05111251006313644,0.03559422457753127,0.0511125100631327,0.03559422457753225,3.8676787120052655e-15,0.0005655568853992892,0.008401804357776587
24,rhombus,7,49,169.63785492543906,62.20268100952818,54,-0.09412561772109163,-0.022082150717185778,-0.0941256177210969,-0.0220821507171847,5.3828120053923416e-15,0.00028496350103487673,0.0044986142584018595
24,rhombus,10,100,345.760939804255,90.04725376532942,78,-0.07452103609045668,-0.015398723453442925,-0.07452103609045034,-0.015398723453441458,6.5097337725442645e-15,0.00011004043885147484,0.003870615405317584
24,rhombus,15,225,778.7727514530688,136.51913770864553,118,0.0041007323194310885,0.03246616415090639,0.004100732319456995,0.03246616415090919,2.605684588697034e-14,2.1010055075276256e-05,0.0022286033342308414
24,rhombus,20,400,1385.353185309843,182.93591063824832,158,0.0004961680393558154,0.09310603057586284,0.000496168039354622,0.09310603057584625,1.6626846624367084e-14,3.360419336004457e-05,0.001753252206737786
24,radial,2.8284271247461903,7,23.898287280600524,20.76734145427084,18,0.04391076283213202,0.15450509947348087,0.04391076283213238,0.15450509947348146,6.855121490028353e-16,0.003360569788179027,0.015887208978045582
24,radial,4.69041575982343,19,65.10448390043936,34.247958677293056,30,0.08599348771051796,0.11365299438487084,0.08599348771051382,0.1136529943848701,4.200478782176478e-15,0.0010945464522432175,0.006192916712085634
24,radial,7.615773105863909,55,190.5581059816137,62.55301421344729,54,0.025163287618386043,-0.21165225119641579,0.025163287618381706,-0.21165225119641012,7.132160250541507e-15,0.0005592594187338763,0.004270790401646675
24,radial,10.488088481701515,97,335.75244764655815,90.2329375067543,78,-0.16564032558839425,0.011759142233396053,-0.16564032558839176,0.011759142233394047,3.203342456239077e-15,0.0002472911289599149,0.003931568779668888
24,radial,15.748015748023622,223,772.1534030915893,131.29447932436048,114,-0.06431693560189489,-0.056721007423998326,-0.06431693560186615,-0.05672100742398947,3.007379377944813e-14,5.552984763261763e-05,0.0020319714247049947
24,radial,20.97617696340303,397,1374.5012921184848,174.30190265695305,150,-0.5659648401959037,-0.4341418842728218,-0.5659648401958981,-0.43414188427281925,6.11026247635183e-15,0.00025947554317968104,0.0018209556144545241
25,rhombus,2,4,13.95292982950276,16.136125459433593,14,0.08721750916200977,-0.01703573295054528,0.08721750916200864,-0.017035732950545904,1.285925133999208e-15,0.0031844812101595272,0.020750182455857316
25,rhombus,4,16,55.32932178168483,34.65778308682579,30,0.0005833564832435911,-0.02606176948238262,0.0005833564832396394,-0.026061769482384596,4.418911065178987e-15,0.00023557398353505466,0.010352399440162495
25,rhombus,7,49,169.02707351775666,62.47378654530136,54,0.0028989595818020852,0.12652633645089295,0.002898959581789099,0.12652633645088143,1.735848911744019e-14,0.00037437654159466874,0.005479764618338074
25,rhombus,10,100,346.10074089636464,89.77995216339603,78,-0.00848428471381002,0.030520226691861274,-0.008484284713808538,0.030520226691852212,9.182488315854822e-15,4.576348535440199e-05,0.003395619781160059
25,rhombus,15,225,779.5880073462826,136.33368192328354,118,0.004574696400250655,-0.009848333231157552,0.004574696400242648,-0.009848333231178025,2.1983447771941927e-14,6.9645652743721094e-06,0.0022193258919484113
25,rhombus,20,400,1384.9603604805397,182.65649500947364,158,-0.024718100194876858,-0.1964439933740788,-0.02471810019485584,-0.19644399337407875,2.1017982941048464e-14,7.147966217151151e-05,0.001694852751048336
25,radial,2.8284271247461903,7,24.29618552529209,20.976107797678125,18,-0.22863460253277657,0.16162844383300964,-0.22863460253277829,0.16162844383300906,1.8168775205499466e-15,0.005762130818429354,0.01717762017598333
25,radial,4.69041575982343,19,65.78217771929428,34.8343455661007,30,-0.005446956386863988,-0.1280952439195498,-0.0054469563868695565,-0.12809524391955027,5.5884175338605e-15,0.0009745116817584845,0.007840399513427415
25,radial,7.615773105863909,55,190.0102689695249,62.40213838724871,54,0.16774870535761588,0.045995878305838234,0.1677487053576056,0.04599587830583157,1.2240806741115022e-14,0.0004577130523698822,0.004597179149935782
25,radial,10.488088481701515,97,335.731178854983,90.95115218610128,78,-0.22305743140394751,0.4351389890485429,-0.223057431403946,0.43513898904853776,5.3835085376654585e-15,0.0007282300959710882,0.004260574965099133
25,radial,15.748015748023622,223,772.3050667613941,131.6261708749614,114,-0.2103590843797578,0.2726909726990344,-0.2103590843797326,0.27269097269901293,3.3115786646450096e-14,0.00022296883941618436,0.0021075634886602974
25,radial,20.97617696340303,397,1374.3980619551903,173.8870974649126,150,0.0033763028418021257,0.1282053439867257,0.003376302841839887,0.12820534398671504,3.923676692708026e-14,4.6656713763580495e-05,0.0015894326389801626
26,rhombus,2,4,13.613495862568811,15.937648083044191,14,-0.09722158798146108,-0.037931455018143684,-0.09722158798146172,-0.03793145501814296,9.634823471110655e-16,0.0038329299212567507,0.014863743405174558
26,rhombus,4,16,55.69986433501555,34.840329836297606,30,0.16882191655373857,0.06374217195637888,0.16882191655374035,0.0637421719563804,2.3421824979263683e-15,0.0016198846862574361,0.008600330266755243
26,rhombus,7,49,170.0613300214646,62.50836393086638,54,-0.03785925851066896,0.04533257112670924,-0.03785925851066737,0.045332571126717236,8.150010774731665e-15,0.00017365025359146732,0.004250446558795168
26,rhombus,10,100,346.39095397430077,90.1727782126481,78,-0.0412829735450555,-0.02716361020502689,-0.04128297354505023,-0.027163610205027024,5.2752949461130146e-15,7.13327949914806e-05,0.0037527989817364845
26,rhombus,15,225,778.4624211207895,136.90821172891134,118,0.016774751615252104,-0.036843516734300086,0.01677475161525642,-0.03684351673425894,4.1373374705838e-14,2.6001609653814232e-05,0.0020278625700667634
26,rhombus,20,400,1385.7792814519223,182.63674167513759,158,0.012365485675628562,-0.08356217695105256,0.012365485675571775,-0.08356217695101183,6.98849472315056e-14,3.0478209052763438e-05,0.001585506871429173
26,radial,2.8284271247461903,7,24.137294438875237,20.530450160834825,18,0.10972245705970618,-0.11411213210556152,0.10972245705970508,-0.11411213210556329,2.0756457514697075e-15,0.0032792695487596285,0.011898137364560201
26,radial,4.69041575982343,19,65.75804852972053,34.7958306807655,30,-0.013074809327510373,-0.0004942187709918999,-0.013074809327509956,-0.0004942187709941481,2.286426084754264e-15,9.94870350495867e-05,0.006354469160972449
26,radial,7.615773105863909,55,190.6181240233801,62.120508997442386,54,-0.10211604351005699,-0.2794929924661578,-0.1021160435100519,-0.2794929924661509,8.562775014432777e-15,0.0007805225037415724,0.0037669028960093686
26,radial,10.488088481701515,97,336.0277142451316,89.97366355756871,78,-0.06964238544387458,-0.16292969925861478,-0.06964238544387587,-0.1629296992586034,1.1452740557154792e-14,0.00026365322962015024,0.003623758909157011
26,radial,15.748015748023622,223,771.8072997146576,131.43985129514817,114,-0.21119942868773522,-0.11558829421679112,-0.21119942868775096,-0.11558829421677796,2.051219664566674e-14,0.00015597221366657585,0.0021250197126088943
26,radial,20.97617696340303,397,1376.3604497381702,173.78892614692612,150,0.10346294210622364,0.23176893810193563,0.10346294210623642,0.23176893810202703,9.228847530868158e-14,9.220468110129297e-05,0.0015717763292070095
27,rhombus,2,4,13.798672970889179,16.161946115570085,14,-0.04246863028658998,-0.012136025456421645,-0.04246863028658908,-0.012136025456423529,2.088736733071585e-15,0.0016004665008857418,0.01701757457562483
27,rhombus,4,16,55.751838265377955,34.92567997868131,30,0.04064146153238557,0.07533732486494865,0.04064146153238407,0.07533732486494987,1.9333506759164896e-15,0.0007676919298662942,0.009388214927528647
27,rhombus,7,49,169.1891940819072,62.32807034427735,54,-0.033714044762318096,-0.08247333076430838,-0.033714044762314044,-0.08247333076430424,5.790015315693019e-15,0.0002633093338644619,0.004534078079422678
27,rhombus,10,100,346.1019999760716,89.7569406954895,78,-0.08413785558252407,0.056742840592891364,-0.08413785558250814,0.05674284059289292,1.6007340949233603e-14,0.0001466094353792406,0.003077050817164815
27,rhombus,15,225,778.6443157216893,136.45281687534936,118,0.06760802286607825,0.005470866899757704,0.0676080228661023,0.005470866899708734,5.455662410472249e-14,4.355583970276422e-05,0.001940083040183068
27,rhombus,20,400,1385.1153718264566,182.9073845476873,158,-0.03744044091656473,0.028845127081090244,-0.037440440916575085,0.02884512708102588,6.519246475135144e-14,1.7061174219156034e-05,0.001850008892906009
27,radial,2.8284271247461903,7,24.47918947887605,20.836708094784598,18,0.0014365309519193126,-0.12519334384151412,0.0014365309519190034,-0.12519334384151456,5.411365893437267e-16,0.00255730659332243,0.01311081073731521
27,radial,4.69041575982343,19,65.95767588645525,34.84965389488742,30,-0.13032194166386502,0.13577262290581993,-0.1303219416638642,0.13577262290582034,9.062099802400752e-16,0.0014266477648924322,0.006654123809287844
27,radial,7.615773105863909,55,190.53102038124263,62.22026548607485,54,-0.12094095291528006,0.4473354497109603,-0.12094095291527307,0.4473354497109615,7.100221279951793e-15,0.0012160640674674357,0.004485746662358269
27,radial,10.488088481701515,97,335.355244428565,89.516723747416,78,0.13225081691568752,-0.16237301693532374,0.13225081691570065,-0.16237301693531708,1.4721683943415123e-14,0.00031223085783736043,0.003187620712926469
27,radial,15.748015748023622,223,772.6357337982777,132.20810380633444,114,-0.2324752694769039,0.07064885812874516,-0.23247526947689376,0.07064885812873606,1.362029755883396e-14,0.00015723662767108356,0.0024596008433916956
27,radial,20.97617696340303,397,1374.6200802492979,172.29948856050424,150,-0.1880699928842522,-0.13364213128971186,-0.1880699928842669,-0.13364213128979707,8.647008928926496e-14,8.39204420048725e-05,0.001664557113943373
28,rhombus,2,4,13.835287674253529,16.295002678650015,14,0.010343256037010029,-0.09269135706524195,0.01034325603700827,-0.09269135706524348,2.3290534605126653e-15,0.0033706080505875005,0.017015233800914614
28,rhombus,4,16,55.250260611334845,34.621161598295515,30,0.10559314026885236,0.1186348784818976,0.10559314026884867,0.11863487848189724,3.709083819320736e-15,0.001437288352957007,0.01019491792848083
28,rhombus,7,49,169.79697987719618,62.68422930469827,54,0.059376754524938846,-0.11818339593946003,0.059376754524944286,-0.11818339593945587,6.850399944303774e-15,0.00038946741154530326,0.004345829199655299
28,rhombus,10,100,346.5936950886889,90.24146762194782,78,-0.01721776971913691,-0.022882953964781655,-0.017217769719140845,-0.022882953964777613,5.6405792235457736e-15,4.13121471858451e-05,0.0033304526436931173
28,rhombus,15,225,779.1405119036218,136.24543532181784,118,0.09182294454793061,-0.0593099638504046,0.09182294454792364,-0.05930996385038735,1.8603758180407837e-14,7.014912679439953e-05,0.0021128635829566764
28,rhombus,20,400,1386.5524387018809,182.88572020293145,158,0.14044446005128375,0.019326056162436073,0.1404444600512829,0.019326056162474438,3.8374791620242556e-14,5.112245121806744e-05,0.0017363562288096994
28,radial,2.8284271247461903,7,24.40339070183588,20.75030136331051,18,-0.05210352890255532,0.040976097467850345,-0.052103528902556775,0.04097609746785046,1.4619345428353231e-15,0.001358128545133147,0.012089573432270302
28,radial,4.69041575982343,19,65.61159287705081,34.659450381671114,30,-0.002214036270070441,0.17051428259297036,-0.0022140362700742546,0.17051428259296975,3.862363377513541e-15,0.0012995314436424108,0.007953528084773138
28,radial,7.615773105863909,55,190.69317152865824,62.534481242100746,54,-0.059808086400019445,-0.003754577491130881,-0.05980808640001718,-0.0037545774911255277,5.811663329699165e-15,0.00015712629025190248,0.0045895475185689545
28,radial,10.488088481701515,97,335.5568027426946,90.36464900252962,78,0.3229682554350588,0.00880742617226099,0.3229682554350536,0.008807426172270327,1.0695521682196673e-14,0.0004814212092373298,0.003570138471518535
28,radial,15.748015748023622,223,772.5298545605956,131.72543450538896,114,-0.4086741131697442,0.008032317079503581,-0.40867411316975527,0.008032317079514937,1.5842265625436606e-14,0.00026455485120389943,0.002103642976530495
28,radial,20.97617696340303,397,1376.1267555815414,174.02612150205363,150,-0.2895435110133673,-0.23395139195699394,-0.2895435110132871,-0.23395139195698678,8.047732859109449e-14,0.00013525213664935726,0.001727109369769287
29,rhombus,2,4,14.040954398469953,16.518824174222463,14,0.09852707914159664,0.07549766276016218,0.09852707914159342,0.07549766276016107,3.4056894305085554e-15,0.004420172473709663,0.020071669362912832
29,rhombus,4,16,55.53105142410001,34.8413584663586,30,-0.0088019265246424,0.06032836949130124,-0.008801926524646337,0.06032836949129941,4.341488877116283e-15,0.0005489459369375042,0.008259530507269264
29,rhombus,7,49,170.2851470511148,62.68459574821642,54,-0.04131008836196992,0.022870460079589344,-0.041310088361978664,0.022870460079580428,1.2487744043791486e-14,0.00013864521851406967,0.004904583125439892
29,rhombus,10,100,347.1616398076351,90.41537165057183,78,0.15292938721795446,0.02425793687030342,0.15292938721794913,0.02425793687028411,2.003275975156846e-14,0.00022301046034895163,0.003393263802639983
29,rhombus,15,225,779.396038134701,136.2573362222064,118,-0.11339025413048898,-0.09223886577819118,-0.11339025413050219,-0.09223886577819536,1.3856295288457725e-14,9.377064397987858e-05,0.0021471932441299063
29,rhombus,20,400,1385.7306939293017,182.78570817358835,158,0.03660130542125506,-0.10999579031926668,0.036601305421211705,-0.1099957903192018,7.803094073361694e-14,4.182830566042984e-05,0.0018418637592320065
29,radial,2.8284271247461903,7,24.231893580279763,20.691876400679316,18,-0.07656293173827633,0.014174641361678675,-0.0765629317382786,0.014174641361676479,3.162767708070736e-15,0.0016066429726608947,0.012412301875410736
29,radial,4.69041575982343,19,66.22706473522035,34.91403958273547,30,0.05623595134833215,-0.08584819575612282,0.05623595134832695,-0.0858481957561246,5.4924183416017794e-15,0.0007748150808961233,0.007005432177197208
29,radial,7.615773105863909,55,191.1687870292721,62.30398569739,54,0.2436328848603213,-0.11487789228599626,0.24363288486031268,-0.11487789228599472,8.76835710637464e-15,0.0007045039604742336,0.004987598023385886
29,radial,10.488088481701515,97,336.3042421537133,89.74490434741858,78,0.037675118774062266,0.3359061934872437,0.03767511877403072,0.3359061934872397,3.1796410556778725e-14,0.0005025396082461648,0.003208071889904048
29,radial,15.748015748023622,223,772.90748664544,132.0615769532804,114,-0.07347651402098743,0.11526302024461708,-0.07347651402102505,0.1152630202446091,3.8459619289152945e-14,8.842633519259855e-05,0.001971883992445652
29,radial,20.97617696340303,397,1374.1719308452693,173.9891708638701,150,0.40000137966461446,0.19512084882100544,0.40000137966464,0.19512084882102823,3.4224335497269036e-14,0.00016193541706563963,0.0016903835096704603
30,rhombus,2,4,14.012304143102089,16.190380888401315,14,-0.019713519051703265,0.026364769091394874,-0.01971351905170303,0.02636476909139486,2.3633021048361517e-16,0.0011746805318147118,0.015050928543633133
30,rhombus,4,16,56.018014176551425,34.90531960908349,30,-0.03192330009961175,0.05254011187998574,-0.031923300099615005,0.05254011187998745,3.678071969369556e-15,0.0005487353552175066,0.006656031076503697
30,rhombus,7,49,169.46293269089006,62.585638736877485,54,-0.06783803565008206,-0.04304820572564355,-0.06783803565008473,-0.043048205725644155,2.7320655630339072e-15,0.00023705458409566859,0.005119130382443806
30,rhombus,10,100,346.59599538072575,89.87921565882054,78,-0.013057950912004568,0.14529311515052007,-0.013057950911996697,0.1452931151504964,2.4949417159877684e-14,0.00021044489349082455,0.004217985434023415
30,rhombus,15,225,778.4358192245458,136.30032892034023,118,0.026437288061989417,-0.21510337460811985,0.02643728806197131,-0.21510337460817003,5.3348910524526864e-14,0.00013920346275441163,0.002433234313386169
30,rhombus,20,400,1384.6280110090534,182.23935470131693,158,0.05195951116042652,0.0076386439506979514,0.05195951116040012,0.007638643950676857,3.379435457925484e-14,1.8964658184318926e-05,0.0018423889048779305
30,radial,2.8284271247461903,7,24.47703270892557,20.796652134487804,18,-0.05893902915395666,0.005209546678309557,-0.05893902915395882,0.005209546678312693,3.8110133687266205e-15,0.001208659860219443,0.010368882555010917
30,radial,4.69041575982343,19,66.14924529140474,34.8684868459845,30,0.07745185174394953,-0.008349651670242805,0.07745185174395049,-0.008349651670237455,5.434908306338763e-15,0.000588824679461499,0.007566928551306121
30,radial,7.615773105863909,55,190.51303407633975,62.52951049019496,54,-0.23626584260619277,0.13090460850567887,-0.23626584260619252,0.13090460850567934,5.338891568193822e-16,0.0007088926538794576,0.004246129004655325
30,radial,10.488088481701515,97,336.0402352269884,90.96176457446794,78,-0.43074078071403665,-0.13731852938533384,-0.43074078071403654,-0.13731852938533895,5.108232534890496e-15,0.0006726866275373275,0.003522799442678115
30,radial,15.748015748023622,223,771.6765441811572,131.22167443121805,114,-0.03836845602354,0.1732722837106543,-0.03836845602356555,0.1732722837106522,2.563594050016078e-14,0.00011498956352696181,0.0019806659973347117
30,radial,20.97617696340303,397,1375.2766498021101,172.83852883904336,150,-0.47904676166457927,-0.6143758873625798,-0.4790467616645899,-0.6143758873626611,8.207432121709577e-14,0.00028323966912291524,0.0016610365844671473
31,rhombus,2,4,13.9062126932227,16.217822789719833,14,0.010370064439157112,0.04345453290833351,0.010370064439154765,0.043454532908334564,2.573170362281329e-15,0.0016062880103108184,0.011111988570357436
31,rhombus,4,16,55.28976799419798,34.74472424399796,30,-0.0077124649480802,-0.02009723729058846,-0.007712464948082601,-0.02009723729058862,2.4061558873171704e-15,0.00019466791491745588,0.010343874327926944
31,rhombus,7,49,169.29341262637365,62.47946476956484,54,0.05053996480963807,0.04253245506270098,0.0505399648096343,0.042532455062696775,5.6507141430954814e-15,0.00019509106120950843,0.005943414742376597
31,rhombus,10,100,346.09833907692837,89.97354142082568,78,-0.02631654361674185,0.027359893687361747,-0.02631654361673244,0.027359893687364113,9.702094853801034e-15,5.4842999874413505e-05,0.0027808285837383627
31,rhombus,15,225,779.027042258782,136.11570274255115,118,0.010529104999816408,-0.13124879693032618,0.010529104999813209,-0.13124879693032243,4.926717288150492e-15,8.450955356053625e-05,0.002338534023127094
31,rhombus,20,400,1384.5436630914935,182.17071758135685,158,-0.05611731895942551,-0.12675259697336982,-0.056117318959390865,-0.12675259697333577,4.858143215674971e-14,5.005964583213112e-05,0.0018693529549926402
31,radial,2.8284271247461903,7,24.332937124889877,20.864338530017324,18,-0.01997307451868302,0.01656610113916457,-0.01997307451868408,0.01656610113916586,1.6689770866100624e-15,0.0005332108009552428,0.006808813859333993
31,radial,4.69041575982343,19,65.77516021953325,34.556952484880526,30,0.19261303260400453,-0.1040169432451046,0.19261303260400137,-0.1040169432451032,3.4606929015981794e-15,0.0016640384004796716,0.006821599891789043
31,radial,7.615773105863909,55,190.3203008153777,62.72379307943931,54,0.12111342812659709,-0.006170547287610066,0.12111342812660628,-0.006170547287612439,9.488642474305094e-15,0.000318595850762453,0.00463495207629084
31,radial,10.488088481701515,97,335.56336476718434,90.07172042157868,78,0.3690286100088427,0.33932187412505876,0.36902861000884146,0.339321874125067,8.305922667103655e-15,0.0007469821802275303,0.0034048507406560695
31,radial,15.748015748023622,223,772.3942370398756,132.3256441537778,114,-0.2288785403258835,-0.3675101751088787,-0.22887854032586874,-0.3675101751088676,1.8474124473784525e-14,0.00028026745944048355,0.002379000313683559
31,radial,20.97617696340303,397,1375.329339779533,172.64298810752229,150,-0.2998226040803882,-0.11387402600704165,-0.2998226040803766,-0.11387402600700869,3.494205678973651e-14,0.00011659728302553875,0.001827573692164131
32,rhombus,2,4,13.870640500346184,16.32676071217644,14,0.05762277543804517,0.03965583071144304,0.05762277543804456,0.039655830711442505,8.113759937539235e-16,0.0025215043845576587,0.009729014886150458
32,rhombus,4,16,55.60012792450489,34.53273615061919,30,0.048100241676434674,0.05103251619046456,0.04810024167643826,0.0510325161904609,5.127617240301218e-15,0.0006306469654672002,0.006809760443860126
32,rhombus,7,49,170.11134817768317,62.450899703541005,54,-0.11137212888770742,0.02183580968995677,-0.11137212888771213,0.021835809689961797,6.885202048319004e-15,0.00033358305658243983,0.005743984360426903
32,rhombus,10,100,346.60977670699947,89.81300299187662,78,0.01891884685714862,0.07596425088260778,0.01891884685713719,0.07596425088260822,1.1436983332118795e-14,0.00011292911976339061,0.003944384800092581
32,rhombus,15,225,778.9850237317069,136.2374037413805,118,-0.1658706986899965,-0.11169049326577937,-0.1658706986899982,-0.1116904932658005,2.1191977255836275e-14,0.00012835268267523148,0.0023509936462928678
32,rhombus,20,400,1385.4068331234473,182.75164182118024,158,-0.18116774135146585,-0.0726458615575179,-0.18116774135147384,-0.07264586155749293,2.62146122061224e-14,7.044504420884032e-05,0.00184792951939721
32,radial,2.8284271247461903,7,24.377271808210654,20.939993583006014,18,0.009864806525901049,-0.04138700425831039,0.009864806525899286,-0.04138700425831067,1.7841999902134465e-15,0.0008726659049633717,0.009021415431382943
32,radial,4.69041575982343,19,66.22555492107567,34.860250704711554,30,0.00395085340330148,0.04207137226730556,0.0039508534032996435,0.04207137226730251,3.5627445875175154e-15,0.0003190345040837639,0.005611206170456116
32,radial,7.615773105863909,55,190.77703694757676,62.32726793212873,54,-0.1482387452014602,-0.0534826319483544,-0.14823874520146688,-0.053482631948354745,6.698085208588065e-15,0.00041302564168462094,0.005531920751568384
32,radial,10.488088481701515,97,336.4414171985949,90.14111574898669,78,-0.07279888038013205,-0.2515693875892493,-0.07279888038014043,-0.2515693875892318,1.9391277519288795e-14,0.00038920725571382775,0.00356048557066071
32,radial,15.748015748023622,223,772.2998100964987,131.3987767740618,114,0.5149887603411512,0.5624850601988546,0.5149887603411379,0.5624850601988715,2.143190584191192e-14,0.0004937389002325212,0.0024833417296546306
32,radial,20.97617696340303,397,1375.1389807232495,174.28921218174088,150,-0.29260939382811024,-0.1437391190915169,-0.2926093938281691,-0.1437391190915489,6.698133514193901e-14,0.00011853636876845112,0.0016158248868506878
33,rhombus,2,4,13.648491445378804,16.040377889337734,14,-0.03761818239100512,0.015406828155178007,-0.03761818239100455,0.015406828155179637,1.7270598869527143e-15,0.0014892095882500674,0.008799634116775383
33,rhombus,4,16,54.983750265355184,34.76292182924526,30,-0.05678087202240567,0.001253915497592073,-0.05678087202240684,0.001253915497593787,2.076689343153934e-15,0.000516468187675081,0.007444127325627732
33,rhombus,7,49,169.78015382282115,62.44729025485103,54,-0.0700370533118484,-0.11311879407501191,-0.07003705331185164,-0.1131187940750168,5.865889905753632e-15,0.00039181639191399054,0.004253886342828291
33,rhombus,10,100,346.5042573356361,90.25184279899858,78,-0.06867212329981243,-0.021829159218956423,-0.06867212329981681,-0.021829159218972157,1.6333661396586247e-14,0.00010397869411516621,0.002966935653353698
33,rhombus,15,225,779.6344809177963,136.84726274504922,118,-0.043768336688446485,-0.0545740338221975,-0.04376833668839277,-0.05457403382219429,5.380955636522467e-14,4.4865303921877145e-05,0.002475606318323452
33,rhombus,20,400,1385.9204286346046,182.32848692611543,158,0.08280746736573041,0.1670643139923399,0.08280746736580187,0.16706431399237015,7.75973139130596e-14,6.726959681992967e-05,0.0017987015964282213
33,radial,2.8284271247461903,7,23.64210860361606,20.41780017918215,18,-0.07996888236593191,0.09514571148518784,-0.07996888236593279,0.09514571148518994,2.2706198407317397e-15,0.0026285492048613744,0.00814075380245592
33,radial,4.69041575982343,19,65.52972857357369,34.49892568417369,30,0.17594027039878934,-0.03498222831029854,0.17594027039878532,-0.034982228310296015,4.751475684467399e-15,0.0013687247459218874,0.006454815742980341
33,radial,7.615773105863909,55,190.50541165391903,62.108652191854446,54,0.03812385032541421,0.41714147529725687,0.03812385032541142,0.4171414752972507,6.76372398313171e-15,0.0010993912908750403,0.0037570502008603657
33,radial,10.488088481701515,97,336.2405395976495,89.99285511816701,78,0.010046875513676667,-0.04614015359499521,0.01004687551368473,-0.0461401535950103,1.7110908578298865e-14,7.021955843144091e-05,0.003925035327036188
33,radial,15.748015748023622,223,772.319247509861,132.02420693497805,114,0.7193558780985563,0.385874421552013,0.7193558780986188,0.3858744215520115,6.25235233440902e-14,0.0005284835813467918,0.0025315962501962896
33,radial,20.97617696340303,397,1375.0342005776868,173.23672402720064,150,0.3727185855869042,-0.1013770512172836,0.37271858558699467,-0.1013770512172778,9.066893541422126e-14,0.0001404545296200999,0.0016602854903179718
34,rhombus,2,4,13.91617045483101,16.07847515851147,14,0.022386277092431683,0.0736023884044286,0.022386277092431354,0.07360238840442829,4.588204223698824e-16,0.002764104845689475,0.014611071376775154
34,rhombus,4,16,55.48075488839995,34.74209519445466,30,-0.04110153879741407,-0.14556327285690854,-0.04110153879741581,-0.1455632728569065,2.667316593050193e-15,0.0013631281862517975,0.007913328105308018
34,rhombus,7,49,169.7020281580369,62.04037962783095,54,-0.0022517324748316803,0.008860943443766756,-0.0022517324748348878,0.00886094344376281,5.0842129019801325e-15,2.6937131600549746e-05,0.005226307249982245
34,rhombus,10,100,346.7485520480383,90.08640485347838,78,0.049858195395979354,0.08496556193818494,0.049858195395978494,0.08496556193817414,1.0831148854875499e-14,0.00014205378596325146,0.0031310588855384207
34,rhombus,15,225,778.4401349332569,136.375836556157,118,0.008338816125241344,0.005407994228070617,0.008338816125242132,0.005407994228088577,1.7976852000687358e-14,6.383873242908436e-06,0.0022744667485853102
34,rhombus,20,400,1386.2886285249272,182.55310560207275,158,0.003457054681738292,-0.04219421902841193,0.003457054681750154,-0.042194219028387575,2.7090574190807346e-14,1.526940454459995e-05,0.0017318747926958432
34,radial,2.8284271247461903,7,24.292148701833348,20.853650742670073,18,-0.03887912225689094,0.1499410408805269,-0.03887912225689325,0.14994104088052676,2.3148154223442477e-15,0.0031882657422920026,0.010040723242122495
34,radial,4.69041575982343,19,65.5342246509396,34.427285479421386,30,-0.0909303914617503,-0.07497268927052333,-0.09093039146175104,-0.07497268927052714,3.872996949632156e-15,0.000899168498757674,0.005184373505424245
34,radial,7.615773105863909,55,190.51384994320682,62.722334123262485,54,-0.15089054757748244,0.17028286095821243,-0.15089054757748493,0.17028286095821465,3.3422138886441674e-15,0.0005971153648043922,0.004704119283570445
34,radial,10.488088481701515,97,336.3619727140987,89.66761360522557,78,-0.09558934150300491,-0.0014460034662645838,-0.09558934150299628,-0.0014460034662698538,1.01136044922422e-14,0.00014210922407627136,0.0035235099906274006
34,radial,15.748015748023622,223,772.8006035944668,132.17881762464745,114,-0.16195402471864195,-0.39883406794732174,-0.16195402471867126,-0.39883406794734827,3.9536568005418465e-14,0.00027850794535407724,0.002705124917905533
34,radial,20.97617696340303,397,1375.0498544685188,173.56290429394411,150,-0.031570556731248534,-0.08417414949562248,-0.031570556731271154,-0.0841741494955505,7.545468091454152e-14,3.268967832127289e-05,0.0017471180498918179
35,rhombus,2,4,13.735111687172928,16.08817072851118,14,0.06879157139030267,0.1012478886910175,0.06879157139030398,0.10124788869101674,1.5114051432483946e-15,0.004455979837623054,0.016487816650154714
35,rhombus,4,16,55.29093381900539,34.528243968813065,30,-0.08043683710010496,-0.08558427322753938,-0.0804368371001063,-0.0855842732275403,1.6167473892115479e-15,0.001062118656114575,0.007662926245790809
35,rhombus,7,49,170.24790006453995,62.518457829754354,54,-0.03361331327805184,0.05624704536439673,-0.033613313278051615,0.056247045364391415,5.31982871602068e-15,0.0001924412947251595,0.005119841586599566
35,rhombus,10,100,347.35291121816624,90.19086530104374,78,-0.04091857699979107,0.009623794692648013,-0.040918576999790485,0.009623794692626586,2.1435230505699323e-14,6.050773105984886e-05,0.0032578900125322316
35,rhombus,15,225,779.8323061665842,136.60102925614567,118,0.02689604721327754,-0.001359816288970972,0.02689604721329718,-0.0013598162889852962,2.4309160191869604e-14,1.7266789287638164e-05,0.0023984963935545513
35,rhombus,20,400,1384.514506520471,182.7787419573831,158,-0.03452222642154723,-0.04143913977558486,-0.034522226421510975,-0.04143913977566705,8.983245714294224e-14,1.9477954227703066e-05,0.0019440088168450398
35,radial,2.8284271247461903,7,23.932789544627692,20.81944973936563,18,-0.13131727793255,-0.11183132814176633,-0.13131727793254708,-0.1118313281417673,3.0719792850046133e-15,0.0036034925056782864,0.013049588285180528
35,radial,4.69041575982343,19,65.79930667806657,34.69173105561369,30,-0.022047272839190946,-0.002917383292765155,-0.022047272839187917,-0.002917383292767238,3.675942720815112e-15,0.00016899460087609766,0.007076441729071845
35,radial,7.615773105863909,55,190.85288764633444,62.70264279999658,54,-0.007744948557276032,0.129285786992203,-0.007744948557274578,0.12928578699220244,1.5568911254420847e-15,0.0003393125561415463,0.0036176417732204824
35,radial,10.488088481701515,97,337.1229247124147,90.11032630959102,78,-0.3487209363672985,0.11487231224981645,-0.3487209363673053,0.11487231224981082,8.809717640135627e-15,0.0005445400023036181,0.0035145475238211672
35,radial,15.748015748023622,223,772.8622830298343,132.81850341655516,114,-0.2017751012147313,-0.24789877300896423,-0.20177510121472592,-0.24789877300899868,3.4863002820002734e-14,0.0002067869829069694,0.0020849488515270044
35,radial,20.97617696340303,397,1374.9286124317146,172.87188256882618,150,0.197406364252104,0.34803421383261457,0.197406364252116,0.34803421383256117,5.473129267888829e-14,0.00014550622348122368,0.0018340033332345628
36,rhombus,2,4,13.967700827084936,16.554140040407205,14,-0.04310365910946157,-0.037809161856657475,-0.04310365910946365,-0.037809161856657,2.1344741451801295e-15,0.002052462336351763,0.016193735375812562
36,rhombus,4,16,55.48948231053882,34.72198298867836,30,0.057147897879965104,-0.03185838316909399,0.057147897879962946,-0.0318583831690937,2.177585879896456e-15,0.0005895542424538393,0.0064435201763893704
36,rhombus,7,49,170.02671565108187,62.42083042298932,54,-0.1521359440082679,0.024658816392536143,-0.15213594400826558,0.02465881639253935,3.9639247534840096e-15,0.00045322697923420017,0.005491169860709152
36,rhombus,10,100,346.3045713733283,90.35069518314664,78,0.04473271134312107,0.14661366576069418,0.04473271134311775,0.14661366576069335,3.419713323557069e-15,0.00022131667124915112,0.00355470025589062
36,rhombus,15,225,779.7389254271604,136.1133776685372,118,0.004655877828166233,0.007761010318354564,0.004655877828152341,0.007761010318330833,2.749799170955703e-14,5.803507142691496e-06,0.0019530357603139228
36,rhombus,20,400,1385.112229206226,182.52148868312332,158,-0.02075239284445063,0.038111536896686296,-0.020752392844392526,0.03811153689670418,6.07921683625192e-14,1.56648997326129e-05,0.0015885720235376609
36,radial,2.8284271247461903,7,24.471326567133914,20.625681022310168,18,0.14884587403261929,-0.08795439466712894,0.14884587403261956,-0.08795439466712951,6.33076631559706e-16,0.0035325085420512465,0.009294488026396824
36,radial,4.69041575982343,19,66.45105870720765,34.7518648959652,30,-0.017199408295966556,0.09539897753318839,-0.017199408295968055,0.0953989775331899,2.129460507748323e-15,0.0007293865233361419,0.006265416568260407
36,radial,7.615773105863909,55,190.52243124568312,62.302919805234694,54,0.24248629243173658,0.28881388978287775,0.24248629243173792,0.2888138897828806,3.128879526812945e-15,0.0009896773650948784,0.005439046067154029
36,radial,10.488088481701515,97,336.16650743042965,90.13011491689647,78,-0.16655771201068603,0.221148596706026,-0.1665577120106777,0.22114859670602627,8.331297329690976e-15,0.0004117811542600561,0.0034841725374026764
36,radial,15.748015748023622,223,772.9999335230327,130.39608195912058,114,-0.07671510256124892,-0.3063710335235754,-0.07671510256121919,-0.3063710335235841,3.096190132305386e-14,0.00020428832810322518,0.0018642708748934866
36,radial,20.97617696340303,397,1375.6565727312911,173.6180778840262,150,-0.042365833596654134,0.038240714326555736,-0.042365833596579534,0.0382407143265441,7.550215845466817e-14,2.0743558595078678e-05,0.0015510548832416786
37,rhombus,2,4,13.75435597407131,16.02967725693817,14,0.00890911314146603,-0.08281158463075669,0.0089091131414677,-0.08281158463075694,1.6891121049252753e-15,0.0030277477309796426,0.01449221332482129
37,rhombus,4,16,55.27747074281629,34.44187788885432,30,-0.07340477417378777,-0.0037142663322434627,-0.07340477417378477,-0.0037142663322411156,3.807152128031929e-15,0.0006648159156568451,0.008280322265369166
37,rhombus,7,49,169.57439777475687,62.57675011736476,54,-0.059980521486863836,-0.010445688172005228,-0.059980521486875674,-0.010445688172000115,1.2894467515926738e-14,0.00017951793943833384,0.004808442114112431
37,rhombus,10,100,346.5540423633226,90.41835871403342,78,-0.007350375642552809,0.07710747577500529,-0.007350375642542952,0.07710747577502405,2.11942448781071e-14,0.00011175317022774578,0.003912349263836253
37,rhombus,15,225,780.0848984347399,136.39679314265882,118,-0.060507336710099224,-0.07295948649896541,-0.06050733671011309,-0.07295948649899962,3.691133116911762e-14,6.075309826133011e-05,0.002081996903147573
37,rhombus,20,400,1384.8952394767061,182.21863975425083,158,-0.08137258840123307,-0.011584188533537092,-0.08137258840123907,-0.011584188533571516,3.494201062853302e-14,2.9674812851766244e-05,0.0017655877405931613
37,radial,2.8284271247461903,7,24.277695539055113,20.84245872666901,18,-0.04683471982365539,0.06466702627150589,-0.04683471982365522,0.06466702627150564,3.04126265848902e-16,0.0016444223720450872,0.01195528109534939
37,radial,4.69041575982343,19,65.79484285030499,34.63740682413668,30,0.14488764809983223,0.044754324667530515,0.14488764809982702,0.044754324667533874,6.205404362978966e-15,0.001152387256713059,0.007146292465909165
37,radial,7.615773105863909,55,190.56851546562174,62.306637028335416,54,0.07909520334685327,0.03741969641953047,0.07909520334685147,0.03741969641954096,1.0645593044802377e-14,0.00022957674581773843,0.004046221980701528
37,radial,10.488088481701515,97,336.21434744741504,90.43388857364172,78,-0.1504768999237447,-0.10060391625802323,-0.15047689992374613,-0.10060391625799492,2.83474529981803e-14,0.0002691876755711924,0.0036890616534441963
37,radial,15.748015748023622,223,772.7672843238197,131.9073338389037,114,0.11998450570111441,0.19319196265198937,0.11998450570111585,0.19319196265197863,1.0837939221282891e-14,0.00014714587201758436,0.0022350128677854986
37,radial,20.97617696340303,397,1374.6327761043685,173.3537424857794,150,0.2070629437653153,0.029771452611572602,0.20706294376530132,0.029771452611549044,2.7397896369662844e-14,7.60902346641681e-05,0.0016912985281342626
38,rhombus,2,4,13.980225349185387,16.188886110867756,14,0.09874173390347796,0.005764608414837044,0.09874173390347765,0.005764608414837416,4.813232479664164e-16,0.0035374916763936588,0.013860381800143675
38,rhombus,4,16,55.66590184846336,34.95529732062012,30,-0.0695628376721178,-0.06615408939016684,-0.06956283767211739,-0.06615408939016587,1.0515114745321194e-15,0.000862256977594577,0.006918023194182616
38,rhombus,7,49,169.26198512856203,62.45240322439423,54,0.08476183028165218,-0.05508856285185565,0.08476183028165593,-0.055088562851856746,3.904100686825972e-15,0.00029862180981401077,0.004622840817906273
38,rhombus,10,100,346.19121468182414,90.05184370916072,78,0.17570544005325983,0.09176878330033857,0.1757054400532522,0.09176878330032778,1.3211107325171877e-14,0.00028629686453739654,0.0036008070368519465
38,rhombus,15,225,779.5526565488992,135.89508076604983,118,0.15569717586543863,-0.045848919498375135,0.15569717586541754,-0.04584891949836713,2.2562948552809246e-14,0.00010410299272466376,0.0027184869941035833
38,rhombus,20,400,1386.056341743345,182.10825071607297,158,-0.05828099616526217,-0.030552178688315862,-0.058280996165320814,-0.030552178688256822,8.321781532480438e-14,2.373769751919407e-05,0.0016531460686201407
38,radial,2.8284271247461903,7,24.486307654216773,20.734252873562003,18,0.011363263091131781,-0.015644807095662766,0.011363263091131573,-0.015644807095662284,5.252632688429907e-16,0.0003948344058342362,0.010965567288295598
38,radial,4.69041575982343,19,66.04978912473132,34.718600054198625,30,-0.03568838299404442,0.08214057929850385,-0.03568838299404302,0.08214057929850427,1.4621815315699588e-15,0.0006779624882432541,0.007187817699580355
38,radial,7.615773105863909,55,190.01273102458285,62.1560882758599,54,-0.0027142846789218744,0.15924729178657032,-0.0027142846789232553,0.15924729178656907,1.861913544755941e-15,0.0004191046068631076,0.004705592654399856
38,radial,10.488088481701515,97,335.9659622207978,90.53875270686024,78,0.37000943248208085,-0.04769579579569401,0.37000943248207424,-0.04769579579570058,9.317549731305304e-15,0.0005552212207142164,0.003859893532392825
38,radial,15.748015748023622,223,773.1345485355461,132.47783036717118,114,0.43990696378765115,-0.5407194324237301,0.4399069637876411,-0.5407194324237568,2.847678774285862e-14,0.0004508026136114112,0.001987719178786818
38,radial,20.97617696340303,397,1375.9745929569197,173.6543155465573,150,-0.1582175038171103,0.5053607907729389,-0.1582175038171421,0.5053607907729132,4.09288879109611e-14,0.00019242693779560757,0.0014600173005424669
39,rhombus,2,4,13.958555991670321,15.936047225640039,14,0.17847336178332407,0.009963811827186371,0.17847336178332152,0.009963811827186322,2.5539748792615992e-15,0.006402928618886973,0.01601879031643261
39,rhombus,4,16,55.67577733612522,34.95102654348271,30,-0.15732333305714974,0.047040583836907734,-0.15732333305715243,0.0470405838369066,2.920219299300382e-15,0.0014746583899279929,0.00803375002983584
39,rhombus,7,49,169.05844708636238,62.25592610536843,54,0.09430324853828109,-0.08547149376847397,0.094303248538279,-0.08547149376846684,7.434622493774001e-15,0.00037641788194239475,0.004661751906218825
39,rhombus,10,100,345.91823284717395,90.04356787345235,78,0.04799943814525731,0.005073494408375651,0.047999438145264486,0.005073494408376332,7.2071330599363e-15,6.976623453615083e-05,0.0034765106961024777
39,rhombus,15,225,778.9597166984688,135.8916232527734,118,0.08005658691113426,0.011548499262552955,0.08005658691115551,0.011548499262562892,2.3455584025868196e-14,5.1918768166561874e-05,0.0021217835267432943
39,rhombus,20,400,1385.5203013996706,182.49624329699802,158,0.150206009044779,0.1331924571691654,0.1502060090448568,0.1331924571691557,7.839960181936498e-14,7.244706875728584e-05,0.0016271425357079873
39,radial,2.8284271247461903,7,24.298703645946325,21.291048816198003,18,0.08527658499960733,0.1078487701787369,0.08527658499960705,0.10784877017873809,1.225338722412823e-15,0.0028291597643711466,0.010028744202933393
39,radial,4.69041575982343,19,65.57069456864508,34.6742562401001,30,-0.1759476853289148,-0.023203654345773914,-0.17594768532891633,-0.02320365434577181,2.5982335902136955e-15,0.001353280750417777,0.007467699954957417
39,radial,7.615773105863909,55,189.99664535470092,61.995370823151454,54,-0.09753514287323872,-0.08845326564396921,-0.09753514287322634,-0.08845326564397042,1.2437726830172757e-14,0.00034650707126135925,0.00459480468239072
39,radial,10.488088481701515,97,335.6482744485589,89.75182305058071,78,-0.02257061564386742,-0.31353426247093164,-0.02257061564386163,-0.3135342624709375,8.255517491627875e-15,0.0004682663969175399,0.0036973399451656302
39,radial,15.748015748023622,223,772.3837508462636,131.76009232969344,114,-0.1831458619909374,-0.2171053890538074,-0.18314586199089372,-0.21710538905381485,4.431601609904203e-14,0.00018387054685839026,0.0024465210490747097
39,radial,20.97617696340303,397,1375.29252462973,173.27121124781414,150,-0.39510923032947076,-0.05793122735790582,-0.39510923032939455,-0.0579312273578408,1.0018118182858354e-13,0.00014518133469610146,0.0016609905360945325
40,rhombus,2,4,13.704348344935422,16.177017650244643,14,0.1339863993587489,0.11464200859375501,0.13398639935874726,0.11464200859375452,1.7080958031539752e-15,0.006433657106693649,0.022939927269898547
40,rhombus,4,16,55.59914158080599,34.88098458499529,30,0.07143296143189692,0.051044976981129406,0.07143296143189629,0.05104497698112955,6.547977961700913e-16,0.0007895507117516432,0.007231671278347625
40,rhombus,7,49,169.41367525867898,62.40651027750669,54,0.062417204749046995,0.09468831613138529,0.06241720474905879,0.09468831613137937,1.3194674863017261e-14,0.00033471267390691007,0.004850463953283638
40,rhombus,10,100,345.78628464300147,90.18523463868539,78,-0.027552029178869564,-0.03711733058247296,-0.027552029178851856,-0.037117330582478514,1.855775229987347e-14,6.684135569289669e-05,0.003162874145185589
40,rhombus,15,225,778.9578336213369,136.11913905410648,118,0.06803243048295338,0.058075359255218784,0.06803243048296984,0.05807535925522457,1.7446785916480032e-14,5.741594328489236e-05,0.002477992228052926
40,rhombus,20,400,1387.2484430116654,182.49345369658917,158,0.06307668684696344,0.15789070338315864,0.06307668684695028,0.15789070338314082,2.214957539803928e-14,6.12810012894051e-05,0.0018371913267542068
40,radial,2.8284271247461903,7,24.274406373081845,20.524357067382066,18,-0.047673172504353545,-0.18833135830370518,-0.047673172504356195,-0.18833135830370365,3.0588168076607056e-15,0.004001571421964516,0.011338157999056596
40,radial,4.69041575982343,19,65.99266053270595,34.52077187647496,30,0.09732816231662067,-0.031446007959211986,0.09732816231662178,-0.031446007959210404,1.9327528864636273e-15,0.0007749503721734792,0.008130154354943063
40,radial,7.615773105863909,55,190.1476412667267,62.2888339660539,54,0.020764078214314363,-0.019986948266109708,0.020764078214326374,-0.019986948266111575,1.2155393443652787e-14,7.578470646291656e-05,0.003345333995295926
40,radial,10.488088481701515,97,335.49016048231607,89.98774673740017,78,-0.15929823218155237,0.18080240141925868,-0.15929823218153424,0.18080240141924886,2.0616340107468617e-14,0.00035912782842732294,0.003241443407325973
40,radial,15.748015748023622,223,772.2436974188339,131.4660480825208,114,-0.0031712895685234166,0.12072629455332173,-0.0031712895684991686,0.12072629455331536,2.50706896403546e-14,7.81928943962903e-05,0.0024439344816194553
40,radial,20.97617696340303,397,1375.285381279954,173.66583160309324,150,0.08251096242974088,0.09104224511430292,0.08251096242974874,0.09104224511432811,2.6388656394254238e-14,4.467030312091394e-05,0.0018285033253753252
41,rhombus,2,4,13.617768199267097,16.027136674798978,14,-0.06779830315609958,-0.10850941412973489,-0.0677983031561,-0.1085094141297354,6.610548421889547e-16,0.004697863380335902,0.018064449450652435
41,rhombus,4,16,54.81226581281115,34.61649866551619,30,0.2000256245583505,-0.10882632406538303,0.2000256245583524,-0.1088263240653817,2.3329547837106334e-15,0.002077212603413695,0.007253812606830626
41,rhombus,7,49,169.63004230370163,62.449188467305355,54,0.0014311494495338195,0.0745198779255385,0.0014311494495363201,0.07451987792553935,2.640011051130887e-15,0.00021969463136607077,0.004680790099288516
41,rhombus,10,100,346.675542292775,90.24652372864466,78,0.10308715443711414,-0.057950326043153616,0.1030871544371136,-0.05795032604314306,1.0567926303507708e-14,0.00017056156328267832,0.0029096632149693213
41,rhombus,15,225,780.3895492910073,136.73458414716225,118,-0.0015538969272079761,0.0930181205164134,-0.0015538969272052214,0.09301812051645446,4.1156669197778396e-14,5.960555139655949e-05,0.0022747159254764508
41,rhombus,20,400,1385.8189772363733,182.355622936394,158,0.013620768572476738,-0.07565914409314116,0.01362076857243603,-0.07565914409305895,9.173885875495127e-14,2.7736460968465103e-05,0.0017238991183347945
41,radial,2.8284271247461903,7,24.06465128633134,20.69173001902359,18,-0.06980898833646743,0.0355702174028385,-0.06980898833646718,0.035570217402838514,2.5018537765542007e-16,0.0016278815740990804,0.0076260407555577125
41,radial,4.69041575982343,19,65.6958696559279,34.703136998126524,30,0.11738773605695219,-0.01835399384921886,0.11738773605695275,-0.01835399384921904,5.969062235490921e-16,0.00090427244041198,0.006143915487871816
41,radial,7.615773105863909,55,190.30886508174933,62.64792825055775,54,-0.23082048204784744,0.07126012035681123,-0.2308204820478494,0.07126012035680761,4.123478205838211e-15,0.0006346789780292027,0.0049228928183215484
41,radial,10.488088481701515,97,335.30409166703345,90.57561682291232,78,0.13028916981905825,-0.1556934146698252,0.13028916981904612,-0.15569341466982461,1.2143183283721955e-14,0.0003027349269388079,0.004376859643290704
41,radial,15.748015748023622,223,773.1752221655814,132.0864354700204,114,0.03627535252093583,-0.27783349361680537,0.03627535252092333,-0.27783349361677345,3.428066694303362e-14,0.00018119542975217942,0.0019687433287603564
41,radial,20.97617696340303,397,1375.4241290628688,172.8616299105455,150,0.2745029853083416,0.2080657596476536,0.27450298530834505,0.20806575964774168,8.816340037735969e-14,0.00012521457435416702,0.0014935046763643468
42,rhombus,2,4,14.029890940943229,16.170213738463797,14,0.11462628613997827,0.09444368669793468,0.11462628613997809,0.09444368669793553,8.655557453836436e-16,0.00529305742572961,0.013055167477975822
42,rhombus,4,16,55.99187203518268,34.66799843111508,30,-0.08864041544442314,-0.028851237501285543,-0.08864041544442203,-0.028851237501284217,1.7288989044873618e-15,0.0008324206376764696,0.006235219550289701
42,rhombus,7,49,169.24411320277437,62.19430912245551,54,-0.12022036636748412,-0.07106644083906002,-0.1202203663674854,-0.07106644083905997,1.2779626727101132e-15,0.00041258299479854995,0.004554367794073011
42,rhombus,10,100,346.2226603747235,89.83358816720072,78,0.10913004907335555,-0.026616741549855577,0.1091300490733621,-0.026616741549850956,8.01642577670075e-15,0.00016222084298709831,0.0033974370480378694
42,rhombus,15,225,779.4359864032721,136.25772091856317,118,-0.009651628402994827,0.0664497157477117,-0.009651628402993911,0.0664497157476984,1.334027933748671e-14,4.307409079028956e-05,0.0022477899179495476
42,rhombus,20,400,1386.714519085247,183.23297388193632,158,0.032494593106036085,0.019975581740197285,0.03249459310601982,0.019975581740197902,1.627648727306838e-14,1.3753171664840548e-05,0.0017510432373684338
42,radial,2.8284271247461903,7,24.422670676045225,21.06955481828299,18,-0.07981388383598542,-0.08962385948035469,-0.07981388383598431,-0.08962385948035272,2.2618665531525623e-15,0.002456963424251024,0.01008009268649109
42,radial,4.69041575982343,19,66.33208549367899,34.866009497237435,30,0.09150580478983983,0.03129883111956261,0.09150580478984008,0.03129883111956327,7.049383475882955e-16,0.000728987656154538,0.005844648938419225
42,radial,7.615773105863909,55,190.37419991602823,62.40250060476522,54,0.27807979608427447,0.532368690990868,0.2780797960842705,0.5323686909908708,4.820529051566709e-15,0.0015774730583905567,0.0049305866398223
42,radial,10.488088481701515,97,335.1655991603717,89.6536489547142,78,0.1371945257331455,0.08238592254263438,0.13719452573314217,0.08238592254264283,9.084186196357862e-15,0.0002387335605476636,0.0033226358623530267
42,radial,15.748015748023622,223,772.3493317433833,131.92359720675728,114,-0.10849267711379795,0.31249663907553515,-0.10849267711378913,0.31249663907552794,1.1400887753798684e-14,0.00021414805321470927,0.002185056711442956
42,radial,20.97617696340303,397,1374.6043092003774,173.49053441209443,150,0.6340469082898355,-0.31887816469650976,0.63404690828991,-0.31887816469649716,7.555418442911279e-14,0.0002581533390114763,0.001598289517756779
43,rhombus,2,4,13.77472105862849,16.043849723451636,14,0.08511905981671752,-0.040847604726210726,0.08511905981671711,-0.04084760472620948,1.3165625507162628e-15,0.0034270321208851448,0.015177420985215824
43,rhombus,4,16,55.1226104915393,34.63795739551306,30,0.02957834355669542,0.05520219398452894,0.029578343556698382,0.05520219398453045,3.3235635843978933e-15,0.0005680713877582919,0.006925707578092179
43,rhombus,7,49,169.8892686783912,62.27007565918185,54,0.21145669141927392,-0.026664757065743533,0.21145669141927143,-0.026664757065730616,1.3156081083311552e-14,0.000627265275637445,0.0043458055307133555
43,rhombus,10,100,346.05618521193134,90.11233570782875,78,0.0187986964251583,-0.1355527792998969,0.01879869642518459,-0.135552779299889,2.745236573584007e-14,0.0001977281366836676,0.0037452254675006437
43,rhombus,15,225,779.3289554908222,136.0024912340871,118,0.01778503537144971,0.027294040419442167,0.01778503537147639,0.027294040419442857,2.6688978827411804e-14,2.0900783692162238e-05,0.002321368873444588
43,rhombus,20,400,1385.3500490109436,182.41491787762794,158,0.199007284622164,-0.2005400386006862,0.19900728462213346,-0.2005400386007007,3.3794439351319125e-14,0.00010196870485575315,0.001562625249804454
43,radial,2.8284271247461903,7,24.122028057393187,20.603812588547314,18,0.024284844588141397,-0.06818499660386022,0.02428484458814039,-0.06818499660386029,1.0085294997567046e-15,0.0015003003365750278,0.011610834753898083
43,radial,4.69041575982343,19,65.74300923419744,34.80717994687512,30,-0.045704686315668486,0.034295207210136014,-0.04570468631566813,0.03429520721013634,4.812411825816293e-16,0.000434577574137907,0.006468069954539421
43,radial,7.615773105863909,55,190.4365257017016,62.19529288606693,54,0.026603550234943096,0.08441824442703702,0.02660355023494243,0.08441824442705033,1.3325458790510237e-14,0.00023238964559125114,0.00425669265485909
43,radial,10.488088481701515,97,335.7720011531809,90.20168086227824,78,0.3823512758596168,0.04458189527356196,0.3823512758596196,0.04458189527356306,2.984240716805703e-15,0.000573218745509194,0.003966749007939161
43,radial,15.748015748023622,223,772.6641987097516,131.65405414101255,114,-0.19586664877583537,0.23417765099762003,-0.1958666487758261,0.23417765099762838,1.247942658566475e-14,0.00019755770184464157,0.002116693466188584
43,radial,20.97617696340303,397,1375.023905268452,172.90749911316354,150,-0.21922909837850035,0.12423521080970915,-0.21922909837854823,0.12423521080971126,4.7924813873925686e-14,9.162884341969972e-05,0.0015007620748142044
44,rhombus,2,4,13.50930274269918,15.85768014944733,14,-0.05493046206397256,-0.04122314462110598,-0.05493046206397126,-0.0412231446211072,1.782215422594036e-15,0.002541887642681756,0.008979048437601984
44,rhombus,4,16,55.200718798106564,34.530235247726495,30,-0.1443029390677073,-0.05795392840039839,-0.14430293906770955,-0.05795392840040081,3.3043782130618167e-15,0.0014085470041243183,0.005819613296423984
44,rhombus,7,49,169.57453005936856,62.52079413707194,54,0.044324565344007194,-0.08885156185285588,0.04432456534400709,-0.08885156185286114,5.260711327388139e-15,0.00029277345588256485,0.0042672392331905605
44,rhombus,10,100,345.8179409317909,89.89896930124503,78,-0.03162243524893338,0.09022892238921375,-0.0316224352489181,0.09022892238921743,1.5715796622700183e-14,0.0001382372114381055,0.0034629175157465013
44,rhombus,15,225,779.0144197141606,136.14387330938445,118,-0.06256496918812626,-0.08253307729037146,-0.06256496918811082,-0.08253307729035433,2.3061881297227167e-14,6.647297391393879e-05,0.002250257729072654
44,rhombus,20,400,1385.6703044368314,182.6712101463055,158,0.15622548427525995,-0.09836620639747007,0.1562254842753564,-0.09836620639742237,1.0760027038441056e-13,6.661539715711629e-05,0.0016880346808182496
44,radial,2.8284271247461903,7,24.085611912080502,20.604979213800586,18,0.020069045866959012,0.12489880683251234,0.02006904586695742,0.12489880683251185,1.66490441453e-15,0.0026260678744429557,0.00825896371985531
44,radial,4.69041575982343,19,65.80976325171869,34.790456884713734,30,-0.06993025541329478,-0.019023589091274495,-0.06993025541329856,-0.019023589091276237,4.1571850946539576e-15,0.0005506145991298353,0.004432600494904427
44,radial,7.615773105863909,55,190.60026595276753,61.959538232495106,54,0.09562029398150074,0.058626604691226825,0.09562029398150591,0.058626604691230565,6.386184154688798e-15,0.0002942336476244543,0.004250646815377011
44,radial,10.488088481701515,97,335.395815769602,90.90667944760561,78,-0.3076704265079542,-0.3073171827712141,-0.3076704265079416,-0.3073171827712085,1.3792035699897188e-14,0.0006482817616630505,0.003122173825077264
44,radial,15.748015748023622,223,772.4357589647523,131.2946706778897,114,-0.412144151771233,-0.03310336191163457,-0.41214415177120745,-0.03310336191159336,4.848004160034359e-14,0.00026764131416922123,0.002261526616745784
44,radial,20.97617696340303,397,1374.8133597212357,173.07246995860888,150,0.380344646753664,-0.3311396090630304,0.38034464675369073,-0.33113960906300005,4.047113185726301e-14,0.0001834056321177735,0.0015386415927544867
45,rhombus,2,4,13.854504486547517,16.21756997626118,14,-0.041776217491427126,-0.06784994050391602,-0.04177621749142984,-0.06784994050391534,2.7970284545109657e-15,0.002875590986384929,0.018246380182744153
45,rhombus,4,16,55.32890045650534,34.6088168371268,30,-0.06365220994011933,0.07342142401126288,-0.06365220994012429,0.07342142401126359,5.004669712054533e-15,0.0008781264863933206,0.007785867048985497
45,rhombus,7,49,170.0271549265429,62.23623170493833,54,0.06741694674049592,0.06345585084871108,0.06741694674048954,0.06345585084870532,8.59779076800797e-15,0.00027226068783427513,0.004642366028451528
45,rhombus,10,100,346.8962837581101,90.22745823253938,78,0.07454173707231115,0.051345506021698864,0.07454173707231582,0.05134550602168781,1.199693017551833e-14,0.00013046300269792778,0.003678442368463438
45,rhombus,15,225,779.3871468083571,136.19704647303274,118,-0.0386223786287867,-0.01212865435224797,-0.038622378628765566,-0.012128654352262513,2.5656396706503546e-14,2.5970405688700455e-05,0.0023564167721579782
45,rhombus,20,400,1386.5844632570456,182.636070666769,158,-0.1023234901688066,0.008421232676004045,-0.10232349016877162,0.008421232675930477,8.145720766682717e-14,3.7022425314100804e-05,0.00163066686104989
45,radial,2.8284271247461903,7,24.2335078138868,20.687649370530316,18,0.18576112342768702,0.08527854123219397,0.18576112342768702,0.0852785412321936,3.7470027081099033e-16,0.004217314487858729,0.012956460612099112
45,radial,4.69041575982343,19,65.6446078849444,34.74278024980089,30,-0.13224219657958836,0.007694617769778117,-0.1322421965795942,0.007694617769777257,5.9192954219440765e-15,0.0010089622775801674,0.0055101424731700535
45,radial,7.615773105863909,55,190.7138962277385,62.68092245280921,54,0.02203694330194894,0.17655958288036822,0.02203694330194617,0.17655958288036555,3.8450254436292525e-15,0.0004664828336081971,0.00407849791697004
45,radial,10.488088481701515,97,336.7956442946213,89.62181018986621,78,0.4567438964392063,-0.15162319207722086,0.4567438964392102,-0.15162319207722444,5.283848109646522e-15,0.0007144586672816586,0.0035479121847878836
45,radial,15.748015748023622,223,772.380279018511,132.47704050760882,114,0.1114540135590687,-0.18564828827411659,0.11145401355907711,-0.18564828827414248,2.722732843026615e-14,0.00014017364492061344,0.0019926808086775227
45,radial,20.97617696340303,397,1375.6271435027954,172.54196754353308,150,0.3241999047174686,0.3228376711519413,0.3241999047174805,0.32283767115190104,4.196220804012484e-14,0.0001662971226316187,0.001572509339753275
46,rhombus,2,4,13.943043982834615,16.248851282509964,14,-0.031869489993501254,-0.022187644686660568,-0.03186948999350299,-0.022187644686658375,2.795917926419399e-15,0.0013925369810210766,0.009605552123219993
46,rhombus,4,16,55.08248300667513,34.52470657153483,30,-0.07244156361142284,-0.01698891291733734,-0.07244156361142894,-0.01698891291733661,6.135759848800064e-15,0.000675414460612375,0.007361087200048394
46,rhombus,7,49,169.10541380890947,62.12431511794415,54,-0.1012036572616708,-0.12726117114347543,-0.10120365726167807,-0.1272611711434743,7.360462576198112e-15,0.0004807545364091241,0.005693466691436584
46,rhombus,10,100,346.5459497255887,89.78013849665972,78,0.025208224238753463,-0.11405531759004024,0.025208224238737094,-0.11405531759002809,2.0389470703569027e-14,0.00016853152360376335,0.004120082571090985
46,rhombus,15,225,780.0192619678853,136.48083801490486,118,0.2140156306963643,0.05551294653525632,0.21401563069634438,0.05551294653529402,4.264224011664532e-14,0.00014172606238629758,0.002105743067369
46,rhombus,20,400,1386.12348854107,182.32325063318098,158,-0.06688419006108415,0.01268970750875592,-0.06688419006107173,0.012689707508748097,1.4679256293896134e-14,2.4556735269587887e-05,0.00183208778000943
46,radial,2.8284271247461903,7,24.28076798873,20.870073595328883,18,-0.021567390138833353,-0.021339610257998944,-0.021567390138835463,-0.02133961025799705,2.835155968221709e-15,0.0006247796295645435,0.006429006504029875
46,radial,4.69041575982343,19,65.54968847149725,34.63743474211757,30,0.0507012428699225,-0.02099343295003514,0.050701242869918346,-0.02099343295003475,4.1745218477140676e-15,0.00041858078414022974,0.004681095619892005
46,radial,7.615773105863909,55,190.3955350687769,62.348798787273815,54,0.09206807790283422,-0.09004362839576809,0.0920680779028317,-0.09004362839576519,3.846050563612778e-15,0.0003381916987425462,0.00454243080609104
46,radial,10.488088481701515,97,336.11935916991104,90.28207942503148,78,-0.15727023631730663,-0.04274677657994569,-0.15727023631731799,-0.042746776579943066,1.1651103345398757e-14,0.0002424378584503348,0.004043445354385715
46,radial,15.748015748023622,223,772.6504573261761,131.95156485271235,114,0.3370432032868922,-0.13881549132453241,0.337043203286856,-0.1388154913244715,7.086341993616023e-14,0.00023588314575362734,0.0021649783009726757
46,radial,20.97617696340303,397,1374.7554402034903,172.9265643843283,150,0.24002607889532657,0.09589993627757105,0.24002607889525224,0.09589993627762639,9.266258778345845e-14,9.400762290390734e-05,0.0018025752885809402
47,rhombus,2,4,14.083085607643733,16.24481276578707,14,-0.0640371146077241,-0.03367449142487826,-0.06403711460772459,-0.033674491424878654,6.263865243763547e-16,0.0025687335336314326,0.013911096518311024
47,rhombus,4,16,55.90961166323112,34.71153242120901,30,0.022747386246293022,0.06079281884749414,0.022747386246292058,0.06079281884749539,1.5780606979268273e-15,0.000580483798031831,0.008567549498139763
47,rhombus,7,49,170.16748428805658,62.14884015572202,54,-0.016889937022683377,0.021142590321201055,-0.016889937022684466,0.02114259032120958,8.593761271862042e-15,7.951182924363266e-05,0.004013859220897236
47,rhombus,10,100,347.3093052265151,90.32257161568089,78,-0.08526974045479196,0.03514890357589162,-0.08526974045480029,0.03514890357588735,9.359680540615452e-15,0.00013277790848055486,0.003387475357787503
47,rhombus,15,225,779.3940106215575,136.32203929012982,118,-0.07967487392367767,-0.021316795533546262,-0.07967487392371937,-0.021316795533550325,4.190018219231847e-14,5.2911117977531765e-05,0.0018569082812490464
47,rhombus,20,400,1385.9060551487576,182.4606234877194,158,-0.01881531081531085,-0.10897947702610679,-0.01881531081532293,-0.10897947702616562,6.005554147924928e-14,3.989872978298734e-05,0.00182479718812083
47,radial,2.8284271247461903,7,24.422637417715777,20.85608778233121,18,0.09865986604443222,0.1853166821323628,0.09865986604443244,0.18531668213236407,1.2959208739370123e-15,0.004298121972499573,0.011418060252927352
47,radial,4.69041575982343,19,66.09061455935496,34.8384990248854,30,-0.15536824732967158,-0.1587676656847265,-0.155368247329673,-0.15876766568472223,4.50265247810394e-15,0.0016805762928202303,0.0075403542972256035
47,radial,7.615773105863909,55,191.07047972042866,62.55759257399235,54,-0.10712598112474447,-0.08548444664787906,-0.1071259811247511,-0.08548444664787237,9.410869581055214e-15,0.00035864554304370326,0.003791281241547984
47,radial,10.488088481701515,97,336.2297018250215,89.7949532640815,78,-0.2549711211223089,-0.1561605563860572,-0.25497112112232634,-0.15616055638605247,1.8057855139301642e-14,0.00044462504733223506,0.0035025898830222304
47,radial,15.748015748023622,223,773.4266252028121,131.2932092799215,114,-0.04010350050229494,-0.02496874653823747,-0.04010350050233541,-0.02496874653826794,5.065748809128356e-14,3.054018191676446e-05,0.0019522708253485778
47,radial,20.97617696340303,397,1374.3610476967472,173.099682149497,150,0.008077911542466953,0.4163181076043952,0.008077911542431409,0.41631810760432203,8.134086888143347e-14,0.00015148729283038107,0.0014694210998314587
48,rhombus,2,4,13.783304978430863,16.099686611494416,14,-0.07869772497666672,-0.05032083841110335,-0.07869772497666376,-0.05032083841110278,3.0102326136599386e-15,0.0033885372585312013,0.012997193007018935
48,rhombus,4,16,55.048930927180734,34.63475998729636,30,-0.0656565345789959,0.008041952178852813,-0.06565653457898891,0.008041952178852549,6.985505493587375e-15,0.000600803775126545,0.007136762110640166
48,rhombus,7,49,169.07047018553533,62.324069595633084,54,0.09936634841941094,0.055251412494939756,0.0993663484194147,0.055251412494938895,3.858049970541692e-15,0.0003362334119297649,0.004328029485445228
48,rhombus,10,100,346.5020260996324,89.8467171490884,78,0.016571412756850368,0.017415328921219206,0.01657141275687053,0.017415328921213145,2.1052348525647477e-14,3.468906571109787e-05,0.0025521724485838477
48,rhombus,15,225,780.0263805514289,136.35335683232603,118,0.06662295030776688,0.0057244114503367735,0.06662295030780042,0.005724411450349534,3.588788749390163e-14,4.2862925957139927e-05,0.002365668312989763
48,rhombus,20,400,1385.7213449199394,182.384849138751,158,0.014674253608881305,0.09656382992750408,0.014674253608946607,0.09656382992753793,7.355286616694475e-14,3.524245610322528e-05,0.0018637159623389656
48,radial,2.8284271247461903,7,24.16162569025292,20.785766761728222,18,0.06061502520751283,0.06512718339024903,0.0606150252075164,0.0651271833902492,3.577408647149748e-15,0.0018411508555602368,0.01045431271731669
48,radial,4.69041575982343,19,65.95321122241245,34.68802146816167,30,0.029047950083660456,-0.07024515696035066,0.0290479500836659,-0.07024515696035519,7.078162419609623e-15,0.0005762740269802902,0.007229701500435132
48,radial,7.615773105863909,55,189.53301404849003,62.041746543246454,54,-0.008644634226057768,0.040206973538903415,-0.008644634226057483,0.04020697353889892,4.505394476637126e-15,0.00010849241227213946,0.0036315696357600677
48,radial,10.488088481701515,97,335.87388962377116,89.74371052861645,78,0.014168848959036584,0.27120788316265215,0.014168848959050424,0.2712078831626398,1.8568104420778218e-14,0.00040428529051854623,0.0030339758565286847
48,radial,15.748015748023622,223,773.0776472156151,131.77578866019007,114,0.1835087875767516,-0.1824773330496708,0.18350878757678318,-0.18247733304967742,3.227491325009173e-14,0.00016737794476559583,0.0025397983085778835
48,radial,20.97617696340303,397,1375.7419271495892,172.94448013130378,150,0.16385770355621876,-0.14748830294532964,0.1638577035562177,-0.14748830294532533,4.429515086489649e-15,8.012365577192916e-05,0.001846853040558992
49,rhombus,2,4,13.981360712776452,16.320232524540224,14,0.06528441872709578,-0.008107403918942428,0.06528441872709514,-0.008107403918942654,6.770401493458971e-16,0.0023526288528266334,0.007654557285020149
49,rhombus,4,16,55.85118125767141,34.69958144900247,30,0.02438705073829972,0.0505296049277168,0.024387050738298627,0.05052960492771498,2.1211944440896577e-15,0.000502288089313057,0.005893809548051636
49,rhombus,7,49,169.68785136013557,62.50163051510584,54,0.00901938154862858,-0.02036065532639328,0.00901938154863625,-0.020360655326395624,8.019817247881798e-15,6.56173563153373e-05,0.0037682231146563675
49,rhombus,10,100,346.2455700268647,90.25099323396734,78,-0.019645998065862535,-0.04244529321822611,-0.019645998065857862,-0.04244529321823294,8.274054901239526e-15,6.754085828126935e-05,0.003490585927914317
49,rhombus,15,225,780.1081763914033,136.58702608733174,118,-0.1257874202569984,-0.02222047891709221,-0.12578742025697348,-0.022220478917096456,2.5283684106093442e-14,8.18700422230084e-05,0.0022766018273028014
49,rhombus,20,400,1385.637117192537,182.3881920240737,158,-0.10142530553783091,0.07927817213534244,-0.10142530553778323,0.07927817213534186,4.768764111709895e-14,4.6452548580290225e-05,0.0018478512124969302
49,radial,2.8284271247461903,7,24.553963427231285,21.009267050278872,18,0.014269582256257962,-0.07550096310091532,0.014269582256257626,-0.07550096310091421,1.1601085648334611e-15,0.001564667916865958,0.00779748929218499
49,radial,4.69041575982343,19,65.70399671281797,34.82874678410561,30,0.008963405440818306,-0.07032485060776465,0.008963405440818174,-0.07032485060776472,1.4898437035160061e-16,0.000539493622586618,0.005419234744768429
49,radial,7.615773105863909,55,190.78008550265278,62.385001416000215,54,-0.10842158604097296,-0.08212259867156199,-0.10842158604096515,-0.08212259867157086,1.1818873590002638e-14,0.0003564637201374455,0.0035813185273050447
49,radial,10.488088481701515,97,335.6356415166196,90.16841677729794,78,-0.25171195565061577,-0.20372603328988986,-0.2517119556505968,-0.20372603328989344,1.9319495648342197e-14,0.00048240688294200976,0.0032284764080476383
49,radial,15.748015748023622,223,772.1426959135322,131.91560764335028,114,0.23989328775104157,0.11704071727121286,0.23989328775107518,0.11704071727120927,3.3803639062222716e-14,0.00017284495191553542,0.0024605372494501186
49,radial,20.97617696340303,397,1375.4045161911463,172.85664298605684,150,-0.09132166072463432,-0.2475866160438282,-0.09132166072458223,-0.24758661604379933,5.955966912899464e-14,9.593236024232892e-05,0.0017189531356655084
50,rhombus,2,4,13.693181182425288,16.10757043038873,14,-0.04627029675535388,-0.04429756460955294,-0.046270296755351895,-0.044297564609551664,2.3597544889684635e-15,0.002338986768312432,0.010244694720286569
50,rhombus,4,16,55.516140565618954,35.02926615494862,30,-0.030891715098783745,-0.006210372511505954,-0.03089171509878766,-0.00621037251150585,3.9149200050169906e-15,0.0002837894389927375,0.007312858160547438
50,rhombus,7,49,169.90124087112525,62.474363793889616,54,-0.09463893398787793,-0.05995121043721481,-0.09463893398789373,-0.05995121043721704,1.5962962752046672e-14,0.0003296909328597024,0.004285771147808927
50,rhombus,10,100,346.97577972375564,90.53624631939965,78,-0.006022051581433985,0.04039061229650687,-0.006022051581450444,0.04039061229651848,2.0145104048539264e-14,5.8847154539642694e-05,0.0034183015734220246
50,rhombus,15,225,779.2326843546009,136.2099837049156,118,-0.02192771460220877,-0.021258722683457548,-0.021927714602204017,-0.02125872268342461,3.3280105610689764e-14,1.9596897693077683e-05,0.00245096199445094
50,rhombus,20,400,1385.4578907440405,182.71872755303406,158,0.16857223281814315,-0.009439505681464094,0.16857223281818895,-0.009439505681446319,4.9125488570472854e-14,6.0931594582463936e-05,0.0019361619324135882
50,radial,2.8284271247461903,7,24.27173015275715,20.694320211168883,18,-0.009473124918167208,-0.003823043495629841,-0.009473124918167854,-0.0038230434956291453,9.488556845052682e-16,0.00021043960417650576,0.009757831363018353
50,radial,4.69041575982343,19,66.17208312417264,34.656046378882586,30,0.06568705302981614,-0.07953090691459483,0.06568705302980858,-0.07953090691459402,7.606103930821202e-15,0.0007794083868780193,0.006006691320425716
50,radial,7.615773105863909,55,191.4029728261447,62.414571395724586,54,0.11571926280938705,-0.11194749720808794,0.11571926280936883,-0.11194749720808408,1.8625485470498054e-14,0.0004205963952945362,0.004580173003498613
50,radial,10.488088481701515,97,336.24475285700413,89.97203536661969,78,0.15743971990213446,-0.19303110307428756,0.1574397199021172,-0.19303110307428228,1.805145480670952e-14,0.00037040712725892796,0.0034529481665742314
50,radial,15.748015748023622,223,772.7867123150738,132.08636838174567,114,0.10724804189663839,0.5235491150036521,0.10724804189665202,0.5235491150036337,2.2921081350436973e-14,0.0003457752337821114,0.0022865501214321877
50,radial,20.97617696340303,397,1375.0802633237777,173.7538041150187,150,0.5466758269852949,0.42603247272714784,0.5466758269853019,0.4260324727271542,9.469655732843762e-15,0.00025201391863294325,0.0016070383419100895
51,rhombus,2,4,14.242679503869438,16.46929104323396,14,-0.013977721085473238,0.03691148119677846,-0.013977721085470437,0.03691148119677909,2.871856064440004e-15,0.0013856033031117347,0.015894032547710303
51,rhombus,4,16,55.759969143959204,34.66331779326361,30,-0.060504945231038665,0.020499517633066018,-0.06050494523103585,0.02049951763306679,2.920582010309801e-15,0.0005728421423445381,0.006184725777326382
51,rhombus,7,49,169.36671108173175,62.027832061460806,54,0.09010333835906348,-0.023869565530572567,0.09010333835907139,-0.023869565530563873,1.1754430974937825e-14,0.00027517631307522684,0.004378404934032429
51,rhombus,10,100,346.6788827706876,90.28961738627592,78,0.20284259253283032,-0.02402411591949724,0.2028425925328222,-0.02402411591949192,9.719091981487802e-15,0.0002945958395662945,0.0029608171244264155
51,rhombus,15,225,779.0098857459898,136.21709478839463,118,0.010467819871455397,-0.03883695044552818,0.010467819871464282,-0.038836950445515585,1.5412945746793822e-14,2.5816699622144284e-05,0.002121529986402032
51,rhombus,20,400,1385.4243337835956,182.79932447474482,158,0.03725063630301717,0.05221886401047275,0.03725063630305103,0.05221886401043409,5.1395419888866473e-14,2.3149493132415556e-05,0.0019756621978542616
51,radial,2.8284271247461903,7,24.38001645905513,20.76695520641468,18,0.034022920485858865,-0.05748924997681426,0.03402292048586399,-0.057489249976813546,5.1774100135557785e-15,0.0013700255789526304,0.009625155840708279
51,radial,4.69041575982343,19,66.11693756110877,34.747505156399264,30,-0.049312728740047884,0.07018300401844636,-0.04931272874004443,0.07018300401844536,3.5971322371252415e-15,0.000648663464450025,0.006407216148841029
51,radial,7.615773105863909,55,190.87905124028418,62.45832115474033,54,-0.13410199327422667,-0.046249821324194584,-0.13410199327422345,-0.04624982132419504,3.2520545972682607e-15,0.00037157930990400814,0.003460794274077236
51,radial,10.488088481701515,97,335.9829080982344,90.05336924789414,78,-0.15446378200434108,0.07125515329430526,-0.15446378200433153,0.07125515329431248,1.1968286596494672e-14,0.0002531481425394585,0.0034418386290680373
51,radial,15.748015748023622,223,771.8803557963811,132.01683114656112,114,-0.1339544077864523,0.12771794418121984,-0.1339544077864299,0.12771794418125315,4.013775813505215e-14,0.00011989088452921291,0.0021021163802793313
51,radial,20.97617696340303,397,1374.3703075597261,173.0483850664798,150,-0.11654182042994288,-0.005605305111959807,-0.11654182042995603,-0.005605305111967135,1.505908163984988e-14,4.2447272374803066e-05,0.001796772737922553
52,rhombus,2,4,13.900094712821973,16.15915619616318,14,0.03377772915662813,-0.047720669351034806,0.03377772915662825,-0.04772066935103621,1.4066115242374552e-15,0.0021030558507442697,0.015925519194521752
52,rhombus,4,16,55.65024836231471,34.85549260582069,30,0.0544834019180529,0.0393561158218388,0.0544834019180547,0.039356115821840405,2.413308993907662e-15,0.0006038714874969446,0.007280348726299095
52,rhombus,7,49,169.78208235394283,62.15993810936638,54,0.0796486015351312,0.0026958345954245927,0.07964860153513899,0.0026958345954263066,7.971859024228763e-15,0.00023469558681682467,0.004078243569204166
52,rhombus,10,100,346.39465387727074,90.26392244695614,78,0.0031896363035888164,0.08044386225525765,0.0031896363035963556,0.0804438622552643,1.0051212966071838e-14,0.00011620715244330381,0.003389494002445347
52,rhombus,15,225,779.5539964244615,136.27027316547765,118,0.010415919160911447,0.025701555795321518,0.010415919160915726,0.025701555795370763,4.943093351583621e-14,1.7787065028350137e-05,0.0024114908365722152
52,rhombus,20,400,1385.2675669717876,182.12214973986045,158,0.09320725760073456,-0.11525006601322313,0.09320725760075932,-0.1152500660131281,9.820705551631071e-14,5.349991013717142e-05,0.0017721107344009135
52,radial,2.8284271247461903,7,24.412577903792737,20.682798086305105,18,-0.186734265097944,0.06596158447138528,-0.1867342650979439,0.06596158447138387,1.417981262901691e-15,0.004056145911957308,0.006797187034181472
52,radial,4.69041575982343,19,66.28850113421414,34.850704255822485,30,0.08729007794940369,-0.18026024896332604,0.08729007794940559,-0.18026024896332907,3.573173292792599e-15,0.0015106925325574165,0.00465046026790159
52,radial,7.615773105863909,55,190.69948229351928,63.10429653893238,54,-0.10022764743198431,0.035650750824870917,-0.10022764743196946,0.0356507508248624,1.711690111889354e-14,0.00027891871424187513,0.004409834922412194
52,radial,10.488088481701515,97,336.12008494707067,89.4978782030219,78,-0.10826498744193236,-0.22885053850041936,-0.10826498744192202,-0.22885053850042816,1.3576002224917471e-14,0.0003766030294575894,0.0029772546452646056
52,radial,15.748015748023622,223,772.1044403502133,131.21877234750806,114,0.22353842769776167,-0.03362644214160729,0.22353842769776616,-0.03362644214160056,8.09446287909508e-15,0.0001463878764710924,0.0025960535360521984
52,radial,20.97617696340303,397,1375.7127104110066,173.15797601482333,150,0.05117325970126574,0.20648932670196926,0.0511732597012654,0.20648932670202982,6.056362040169994e-14,7.731841636606365e-05,0.001699523732140461
53,rhombus,2,4,13.744094146362308,16.154457641159784,14,0.09382495183871287,-0.03224599479527937,0.09382495183871349,-0.03224599479527966,6.891547897866577e-16,0.0036092418780740592,0.016187636441456627
53,rhombus,4,16,55.58791038603779,34.55070807094819,30,-0.02070527801658395,0.032444667508169364,-0.020705278016581487,0.03244466750816516,4.873361597240637e-15,0.00034619492212607344,0.008021525639349677
53,rhombus,7,49,169.82187408871138,62.52787604179026,54,0.022468741037083184,-0.03912592995600872,0.022468741037094345,-0.039125929956016305,1.349417965521562e-14,0.00013284078091943741,0.003984367079588233
53,rhombus,10,100,346.3145623537511,90.07025984732972,78,-0.05353676237668292,-0.16108523556009302,-0.053536762376669,-0.16108523556007825,2.0292462747887627e-14,0.00024507885056137353,0.003303598611930062
53,rhombus,15,225,778.6561153444501,136.17172704804693,118,0.1972168565035175,-0.008494445732094763,0.19721685650357018,-0.008494445732065821,6.010688628553867e-14,0.00012675666609230493,0.002261630167036773
53,rhombus,20,400,1385.0955673739325,182.1634257246578,158,-0.10042422867352441,0.01330692630217864,-0.10042422867347502,0.013306926302184508,4.9738472161830904e-14,3.656860436921666e-05,0.0015145419142200424
53,radial,2.8284271247461903,7,24.310656844969134,20.776010932498046,18,-0.17008338865602113,-0.10426617017425822,-0.17008338865601771,-0.10426617017425895,3.4893737415782944e-15,0.004103115287185803,0.008942597260420676
53,radial,4.69041575982343,19,66.07956344382931,34.810963512092854,30,0.08534485407189685,0.010378038748011409,0.08534485407190162,0.010378038748010514,4.857151386874255e-15,0.0006505303999795549,0.005612147862084971
53,radial,7.615773105863909,55,190.02272198732095,62.19900410500785,54,0.04501258416050424,-0.19954390411419057,0.04501258416051335,-0.19954390411419481,1.0045563024641619e-14,0.0005382456885150991,0.004526400662843452
53,radial,10.488088481701515,97,335.92953939049016,90.71028243727882,78,0.15123083290534556,0.05653588072362603,0.15123083290535802,0.05653588072362675,1.2483129917786115e-14,0.00024030783137025255,0.0031566135491100968
53,radial,15.748015748023622,223,772.3223167695601,130.42781330849039,114,-0.06369507417385156,-0.07758414199220076,-0.06369507417383415,-0.07758414199219651,1.7926863046643574e-14,6.49865215063077e-05,0.0023101696228400134
53,radial,20.97617696340303,397,1375.4033096707449,172.7523995332692,150,0.6038118467598412,-0.024017287162880152,0.6038118467599279,-0.024017287162908393,9.119167020165905e-14,0.0002196771342895455,0.001687282050580805
54,rhombus,2,4,13.779744307199733,16.13688167079998,14,-0.101667372928405,-0.015528563745540569,-0.10166737292840299,-0.015528563745537995,3.267482332769261e-15,0.003731797976267877,0.010130918890032072
54,rhombus,4,16,55.81234155815652,34.63941685044732,30,0.19050988483024556,0.12703907964756728,0.19050988483024542,0.12703907964756514,2.1416803579322102e-15,0.0020513599981572634,0.006768088336942107
54,rhombus,7,49,169.6914365061838,62.45459766669523,54,0.10549549845533956,-0.07190366916329467,0.10549549845534587,-0.0719036691632918,6.924515496439936e-15,0.0003761805968046429,0.0044618890631969175
54,rhombus,10,100,346.4432873708961,90.1809700076523,78,-0.050085755115542696,-0.08359856860922177,-0.05008575511553759,-0.08359856860921773,6.510812625236212e-15,0.00014064944172092643,0.003561736852643361
54,rhombus,15,225,779.9670457739721,136.5693083619785,118,0.052336810071436535,0.06713414015293823,0.05233681007146652,0.06713414015297625,4.842405485827995e-14,5.45691193280147e-05,0.0023609565985509805
54,rhombus,20,400,1385.9900309806178,182.73498448275848,158,-0.013321531962266153,-0.03252421900387095,-0.01332153196222278,-0.03252421900385189,4.737688777845855e-14,1.267926314723923e-05,0.001885925730145247
54,radial,2.8284271247461903,7,24.3094441253116,20.800640960043477,18,0.02947810722258737,0.06757698330512407,0.02947810722258677,0.06757698330512671,2.7042308208430927e-15,0.0015164183109509291,0.00844143977289395
54,radial,4.69041575982343,19,65.75938745855098,34.68079530824451,30,-0.02237742730085923,-0.06150115619027257,-0.02237742730085729,-0.061501156190269406,3.71302799799592e-15,0.0004976149901174435,0.0073997630941600116
54,radial,7.615773105863909,55,190.2917603997332,62.468261611160074,54,0.3521716914548305,0.1543167161153982,0.35217169145484056,0.15431671611540224,1.0823571327672258e-14,0.0010102849103861588,0.004320934507273262
54,radial,10.488088481701515,97,335.8968214641279,90.06904919453132,78,0.26303300640888283,0.13717115671866525,0.2630330064088888,0.13717115671866675,6.179715178005021e-15,0.00044158172703459293,0.0037541465890276143
54,radial,15.748015748023622,223,772.3596346755728,131.87880648853758,114,-0.1641792060484346,0.1969937836818897,-0.1641792060484069,0.19699378368193388,5.2151448834719506e-14,0.00016601060690034266,0.0024130181760957563
54,radial,20.97617696340303,397,1375.5640323484436,172.9999017784771,150,0.15607179381232505,-0.18161587668574647,0.15607179381232375,-0.181615876685687,5.949450201966016e-14,8.704190371443688e-05,0.0016108516636697604
55,rhombus,2,4,13.806313290940894,16.264541829445037,14,0.0210169810857197,-0.1905059555457591,0.021016981085719078,-0.19050595554575908,6.216509313139097e-16,0.0069410914442337105,0.018286939873903854
55,rhombus,4,16,55.07819397290812,34.95619844297315,30,0.11334742059419689,0.06815050883925218,0.11334742059419814,0.06815050883925075,1.8982155654598557e-15,0.0012006368164175192,0.006020318990734664
55,rhombus,7,49,168.98292044670362,62.283988310558264,54,-0.07687284767700175,-0.012123310405780907,-0.07687284767700489,-0.012123310405776022,5.805163405700812e-15,0.0002302686442459833,0.0046643354685586835
55,rhombus,10,100,345.87617938173634,89.98517139040356,78,0.05810459108423105,-0.12668636997130228,0.0581045910842468,-0.12668636997129057,1.962890810889203e-14,0.00020148204344590685,0.0033559585418415183
55,rhombus,15,225,778.9904912340373,135.99024250835774,118,0.035870106644724675,-0.056074109063460276,0.035870106644745436,-0.05607410906344566,2.5388482597673714e-14,4.27255109708258e-05,0.0019952949642551773
55,rhombus,20,400,1385.2153778696788,182.58345854376003,158,0.13394169192907812,-0.04177854731080949,0.1339416919290797,-0.04177854731081786,8.516541825799689e-15,5.0644174614992514e-05,0.001696028456807201
55,radial,2.8284271247461903,7,24.291995931929677,20.731465492660362,18,-0.130506217804768,-0.014486314247056709,-0.13050621780476768,-0.014486314247055952,8.264277987388393e-16,0.0027026958609085916,0.009942880538208347
55,radial,4.69041575982343,19,65.89329119323698,34.85215333547496,30,-0.039758574657142276,0.1172531879680138,-0.03975857465714289,0.11725318796801484,1.2067293113831241e-15,0.0009394777227050231,0.005790289121669931
55,radial,7.615773105863909,55,190.15886955094044,61.98956627156085,54,-0.09627343457478243,0.17283959441178465,-0.09627343457478571,0.17283959441179286,8.844409003502268e-15,0.0005202061428370526,0.004432825960025498
55,radial,10.488088481701515,97,335.3117472970322,89.69260418620328,78,-0.31934510512159653,0.04082821318938143,-0.31934510512159947,0.040828213189400685,1.9478899006154786e-14,0.00048006738288710455,0.0037654246935380836
55,radial,15.748015748023622,223,771.5114117727055,131.1891925374647,114,0.1251480356469008,0.3498416929074333,0.1251480356469127,0.34984169290745054,2.0971996123395432e-14,0.00024079519000821858,0.002303679696463937
55,radial,20.97617696340303,397,1375.3103868475962,173.44896339579205,150,0.416251458745887,0.3205944139880567,0.4162514587458959,0.3205944139880208,3.701099594830613e-14,0.0001910117370359321,0.0016461589362601124
56,rhombus,2,4,13.76556609985693,16.309991898538414,14,-0.03746080402247909,0.024594664095399565,-0.03746080402247869,0.024594664095400297,8.320671269920198e-16,0.0016277226974887407,0.007931294889344518
56,rhombus,4,16,55.8466039270577,34.64300835835726,30,-0.05397561378037352,0.006838468204160383,-0.05397561378037112,0.006838468204163025,3.5699011771885e-15,0.00048711190102542894,0.008162618497110969
56,rhombus,7,49,169.59345321114762,62.18889095765196,54,-0.09641220430362507,-0.08491700391586515,-0.09641220430363077,-0.08491700391587179,8.748566680029418e-15,0.00037877788372196595,0.004641700612292306
56,rhombus,10,100,346.6257007929955,90.19901410497754,78,0.09665852309622824,-0.02025487550337965,0.09665852309622067,-0.02025487550338835,1.1538151690838332e-14,0.00014245616599164847,0.004119003666449257
56,rhombus,15,225,780.1038737149111,136.28348885288133,118,0.10231551258258875,-0.009814649265067754,0.10231551258255417,-0.009814649265097165,4.539815456858088e-14,6.587915714908087e-05,0.002444786855991343
56,rhombus,20,400,1385.157222962239,182.8923915266767,158,0.04919333544226889,0.030266048650751956,0.04919333544217228,0.030266048650719805,1.0181966823573598e-13,2.084899489000491e-05,0.0017040121799127674
56,radial,2.8284271247461903,7,24.473195122808765,20.66922166476118,18,0.05344027898118808,-0.01697517902155509,0.053440278981187264,-0.016975179021554654,9.2817919195219e-16,0.0011455709442837359,0.009713117770495043
56,radial,4.69041575982343,19,66.29178846769184,34.93576736152789,30,-0.21336415259862296,-0.009307036447080058,-0.21336415259862207,-0.009307036447076648,3.5242221348009545e-15,0.0016108107017632394,0.007292909786999114
56,radial,7.615773105863909,55,190.57287670498474,62.13296217058638,54,-0.29397641972296773,-0.17631863607914444,-0.2939764197229664,-0.17631863607915077,6.4669895568461916e-15,0.0008993879424939481,0.0042462801656124
56,radial,10.488088481701515,97,335.4288056558941,89.51347868537152,78,-0.32572439872683967,-0.029293337594425095,-0.32572439872685366,-0.029293337594436912,1.831193032570355e-14,0.00048749385539078243,0.00407526882738751
56,radial,15.748015748023622,223,773.384971939551,131.51069744889068,114,-0.03332347544146552,-0.04936594583461976,-0.03332347544150552,-0.04936594583462567,4.043035717130412e-14,3.8506358971694465e-05,0.0023552455952916005
56,radial,20.97617696340303,397,1375.0625100172879,173.9065674699663,150,0.48705701272212965,0.3309734158527858,0.4870570127220611,0.33097341585274254,8.105513928490818e-14,0.0002141248290851818,0.001854792666895151
57,rhombus,2,4,13.805317550853655,16.12729537600194,14,0.06339615484002925,-0.04948934212639926,0.06339615484002689,-0.049489342126398814,2.4006567363087053e-15,0.002912846422489332,0.013685739183487674
57,rhombus,4,16,55.06176898093756,34.56476384190526,30,0.029308719658130755,-0.1377430814658661,0.029308719658128687,-0.13774308146586645,2.0944427980565158e-15,0.0012788064739355947,0.00957046852679175
57,rhombus,7,49,169.77014563769802,62.669969915311874,54,0.04136146020376552,0.06491195588608109,0.041361460203770344,0.06491195588607648,6.6697209839471536e-15,0.00022668792766488143,0.005042790824714233
57,rhombus,10,100,346.05076841630716,89.90595870897276,78,-0.042073787308854804,0.08311371455705097,-0.042073787308842266,0.08311371455703986,1.6747403890313717e-14,0.0001345991568920933,0.0035142519483362536
57,rhombus,15,225,779.6352908872005,136.1649105042713,118,0.09412391242015872,-0.06503045647452024,0.09412391242018397,-0.0650304564744925,3.751728712405738e-14,7.337019219388697e-05,0.002154796549313332
57,rhombus,20,400,1385.5138858908476,182.51364683880186,158,0.0710558897767064,-0.15473728597574862,0.0710558897768178,-0.15473728597573216,1.1260636195870247e-13,6.144725086314258e-05,0.0016167657868119791
57,radial,2.8284271247461903,7,24.16326003991985,20.95982151392455,18,-0.02493534475924708,-0.05019199372008284,-0.024935344759247455,-0.05019199372008326,5.652963170076841e-16,0.0011597088565439674,0.009513823619982776
57,radial,4.69041575982343,19,65.30785586647113,34.53430025571716,30,0.060978309399692954,0.05168200320253229,0.060978309399695826,0.051682003202533786,3.2401885602288858e-15,0.0006119755376448733,0.006772096399713245
57,radial,7.615773105863909,55,190.78022774594612,62.159208960210265,54,-0.05396656707931369,-0.3911099050569494,-0.05396656707930399,-0.3911099050569528,1.0274597130430888e-14,0.0010347392710568471,0.004183268365998967
57,radial,10.488088481701515,97,335.472229633203,90.33456196879456,78,0.01064894935411953,0.12473349313096616,0.010648949354136586,0.12473349313095818,1.8830199518308962e-14,0.000186583607277061,0.003799874272832918
57,radial,15.748015748023622,223,773.5904051304695,132.05376536724756,114,0.07915968295845133,0.07285112688563528,0.07915968295849683,0.07285112688562331,4.7051400859897545e-14,6.953317774424048e-05,0.0021758932912722766
57,radial,20.97617696340303,397,1375.6139171706304,173.7316582904641,150,0.12936126637155398,-0.632844000397514,0.12936126637164097,-0.6328440003975256,8.776362165508847e-14,0.00023477889583380578,0.0016965458401371825
58,rhombus,2,4,13.598246589552545,15.916749874262871,14,-0.11977720472529452,0.08727116114885221,-0.11977720472529195,0.08727116114885328,2.78089537715688e-15,0.005449181642444569,0.010623378119889173
58,rhombus,4,16,55.01392418563286,34.41454668704508,30,-0.07521136058817834,-0.09879357975631625,-0.07521136058817657,-0.09879357975631571,1.85698076603538e-15,0.0011284860411282791,0.00568503008665897
58,rhombus,7,49,169.55094502365426,62.584112595567696,54,0.031106046098427598,0.13381183255394397,0.031106046098420468,0.1338118325539414,7.573192379435626e-15,0.00040512820140923753,0.005205230235543164
58,rhombus,10,100,346.06209879144825,90.22612755202563,78,0.08569601918776737,0.11583452351252474,0.08569601918775523,0.11583452351252152,1.2562648474737228e-14,0.00020818275465782222,0.002835401933792892
58,rhombus,15,225,779.3162066137331,136.44704390957935,118,0.07886888903013922,-0.09662308964812466,0.07886888903011786,-0.0966230896481486,3.208184971066548e-14,8.002206861561543e-05,0.0022798954281287188
58,rhombus,20,400,1386.246855623473,182.51270941589348,158,-0.03424489359435823,-0.09319669171313275,-0.03424489359436592,-0.09319669171313005,8.152609771540569e-15,3.581221970105473e-05,0.0015396850904470212
58,radial,2.8284271247461903,7,23.869705743470433,20.70871016761168,18,0.08916381404180163,-0.08493351976668571,0.08916381404180113,-0.08493351976668605,6.004449063730082e-16,0.0025794566318380905,0.009172263296955332
58,radial,4.69041575982343,19,65.66532858721031,34.60524494398238,30,-0.0670307450274712,-0.07925942867953478,-0.06703074502747318,-0.07925942867953298,2.6820059189516878e-15,0.0007903984963422688,0.005997914838174781
58,radial,7.615773105863909,55,190.5195122305115,62.168727385142155,54,0.014742505479799828,-0.31820236158311194,0.01474250547979477,-0.31820236158311493,5.879929603142414e-15,0.0008359870580322372,0.004306351824496577
58,radial,10.488088481701515,97,335.25814300759015,90.53722007787793,78,-0.30904913043725424,-0.20003429796050573,-0.30904913043727245,-0.20003429796050523,1.8214510587438874e-14,0.0005490356108129802,0.003213257106702036
58,radial,15.748015748023622,223,773.2200274327896,132.44951053658815,114,0.13250135115874295,-0.2692921080950028,0.13250135115875444,-0.2692921080950056,1.1821268767641941e-14,0.00019407459023872215,0.002086489048470958
58,radial,20.97617696340303,397,1375.2970210304115,172.40904843690095,150,0.0949194500719659,-0.5431350873755264,0.09491945007199643,-0.5431350873755184,3.156022538586067e-14,0.00020045374249836177,0.0017190323112932788
59,rhombus,2,4,13.89096515059455,16.01816827400258,14,0.07681909458201952,-0.06124557519470546,0.0768190945820197,-0.06124557519470393,1.537180356616848e-15,0.0035363121940978483,0.0126389150647541
59,rhombus,4,16,55.4415029170202,34.79851490323082,30,-0.0481960525619205,-0.1447166880830793,-0.048196052561922366,-0.14471668808307792,2.3259375232435532e-15,0.0013756052086979777,0.007986239647757097
59,rhombus,7,49,169.6410926312893,62.15443458612108,54,-0.10968929281107043,0.084372137860357,-0.10968929281107308,0.08437213786036322,6.771478812043953e-15,0.00040787571894781007,0.005111593810374642
59,rhombus,10,100,345.90168378692744,89.73860477138741,78,0.09555397175016545,-0.09629219997470712,0.0955539717501366,-0.09629219997469171,3.270668380199641e-14,0.00019609146134820925,0.003708729206488861
59,rhombus,15,225,779.2863092884147,135.97113703114806,118,0.1086336564747179,0.016586083275957203,0.10863365647470069,0.016586083275922116,3.907933808551647e-14,7.0508447749622e-05,0.0024834836596859013
59,rhombus,20,400,1385.5668990526785,182.4716688560573,158,0.014430882511752063,-0.07953295568764303,0.014430882511686944,-0.07953295568767242,7.144609070996546e-14,2.9169129987546404e-05,0.001677565850159757
59,radial,2.8284271247461903,7,24.343141085784946,20.960408367547867,18,0.08446885073314858,0.09394777020654727,0.08446885073314767,0.09394777020654924,2.1731038225629032e-15,0.00259493063660323,0.010008554373563606
59,radial,4.69041575982343,19,66.04348199083913,34.79396088805675,30,-0.12830637703054348,-0.05223231069444756,-0.1283063770305501,-0.052232310694446234,6.737465886034452e-15,0.0010487836548060993,0.008156083936377343
59,radial,7.615773105863909,55,189.94869245580722,62.46751648654279,54,0.004554805607967616,0.04914318113700733,0.004554805607955982,0.049143181137016205,1.463253372896447e-14,0.00012991352770963353,0.004067266593547477
59,radial,10.488088481701515,97,335.55359110574784,89.95657795470294,78,-0.15181513034419947,0.32635725565697454,-0.15181513034421149,0.3263572556569859,1.6551006047907938e-14,0.0005363377602080243,0.003469140776135487
59,radial,15.748015748023622,223,771.8370469149409,131.59670418961431,114,-0.21709692056132956,0.34005492344835087,-0.2170969205613826,0.3400549234483694,5.618804204433833e-14,0.0002613541877110454,0.00227992296235139
59,radial,20.97617696340303,397,1374.903806154824,173.0618828320928,150,0.28981697641027093,0.20845451324195619,0.2898169764102298,0.2084545132419437,4.2988216864228115e-14,0.00012982632924323263,0.0017500969538059741
60,rhombus,2,4,13.843479283205104,16.021013048759322,14,0.02271489837356855,0.004507776050920224,0.022714898373567615,0.00450777605092364,3.540878278660338e-15,0.0008364177555095093,0.009728795568969556
60,rhombus,4,16,55.69096319046088,34.771694808061135,30,-0.002334703419597961,0.10832636051830297,-0.0023347034195977156,0.1083263605183071,4.142858982038458e-15,0.0009727926285763891,0.004754569359694729
60,rhombus,7,49,169.91253033806333,62.41303464798073,54,-0.030343273977496477,0.037980841957768394,-0.030343273977494395,0.03798084195777261,4.704467722167978e-15,0.0001430540716263788,0.004431460366903765
60,rhombus,10,100,346.22968042418415,89.875557327465,78,-0.06247580429446442,-0.15137671180524304,-0.06247580429444639,-0.1513767118052471,1.8483860174074692e-14,0.0002364939285957923,0.0032030913776081604
60,rhombus,15,225,780.38223154713,136.52415077153364,118,-0.00853694622443335,0.10252874290482648,-0.008536946224402944,0.10252874290486133,4.6247823129577433e-14,6.591868364050333e-05,0.002134977191578085
60,rhombus,20,400,1385.8084482801687,182.6389653754025,158,0.19078318031680652,-6.438599771035891e-05,0.19078318031681468,-6.438599759983274e-05,1.1082699341501842e-13,6.883461831184173e-05,0.0017754218889365037
60,radial,2.8284271247461903,7,24.28923862756745,20.831311421512112,18,0.019234792405581125,0.14193406223345284,0.019234792405577295,0.1419340622334556,4.713955843910709e-15,0.002948455416898884,0.007774361330943734
60,radial,4.69041575982343,19,65.99059992739949,34.91980995107213,30,0.016554692029338014,-0.07956938611273762,0.016554692029335148,-0.07956938611273381,4.761481940277236e-15,0.0006157943244319434,0.004589254625398986
60,radial,7.615773105863909,55,190.31432076605225,62.25932292857654,54,-0.09896930448238273,0.06739364685956373,-0.09896930448237427,0.06739364685956681,8.995600897569117e-15,0.0003145756157628164,0.0038218283509063524
60,radial,10.488088481701515,97,336.18643202822796,89.95578588721426,78,0.15824067773404815,0.09297505991975008,0.1582406777340635,0.09297505991975992,1.8231827203621103e-14,0.0002729635806272299,0.0034552673520461606
60,radial,15.748015748023622,223,772.7818563141902,131.1885049360706,114,-0.3111605111288118,-0.0895232876113917,-0.31116051112876997,-0.08952328761137404,4.542562674014691e-14,0.00020949170080925865,0.0019483118535662486
60,radial,20.97617696340303,397,1374.8705429023898,173.7035471149688,150,0.32340081471702176,0.240752432221312,0.32340081471705473,0.24075243222136214,5.999944036913232e-14,0.00014662277826262137,0.0017679689032503482
61,rhombus,2,4,13.838428559255096,16.10389719335231,14,0.08506794941941243,-0.11372958821440049,0.08506794941941179,-0.11372958821440214,1.770546856335382e-15,0.005131527688318736,0.012810138562141258
61,rhombus,4,16,55.66898637658802,34.66647656125588,30,0.028675895033258847,0.041930977621189816,0.02867589503326223,0.0419309776211868,4.5336061310849826e-15,0.0004562572588544566,0.00781993365632502
61,rhombus,7,49,169.67591285575065,62.22271567553506,54,0.10739157038598579,-0.019875107245016843,0.10739157038599083,-0.01987510724501614,5.086631653504631e-15,0.0003218348469288649,0.0048961106637392185
61,rhombus,10,100,346.73734564323615,89.8048303785395,78,-0.12556910193543525,0.15950475378433704,-0.12556910193541435,0.15950475378432538,2.3931181784667224e-14,0.00029273007888263984,0.003657611874633645
61,rhombus,15,225,779.6583044822294,136.4530320955944,118,0.02375575786926465,-0.11696519875802622,0.023755757869307642,-0.11696519875804764,4.803707595792384e-14,7.654201226583012e-05,0.0026236658643679902
61,rhombus,20,400,1385.856503924703,182.53709244542435,158,-0.0012875235523153172,-0.013117546328580754,-0.0012875235522310608,-0.013117546328588024,8.456946770886045e-14,4.755392004260408e-06,0.0017497457796751357
61,radial,2.8284271247461903,7,24.29196879801256,20.739024653085583,18,-0.004053796527045073,0.08889852907238374,-0.004053796527045229,0.08889852907238309,6.706809789861283e-16,0.0018316940243357817,0.008781355187221875
61,radial,4.69041575982343,19,65.89550971775746,34.71577044635428,30,-0.1303334200495927,0.0689362181764147,-0.13033342004958826,0.06893621817641114,5.687116766346677e-15,0.0011187524243722589,0.006267668857210313
61,radial,7.615773105863909,55,190.58747312500302,62.66991554104117,54,-0.14673987805845323,0.24901484136457053,-0.14673987805844896,0.2490148413645675,5.236690872310583e-15,0.000758272739319018,0.004189211073754719
61,radial,10.488088481701515,97,336.0467397414725,89.21976719323312,78,-0.1739887727878222,0.2021527094968424,-0.17398877278780112,0.2021527094968409,2.1147417313666467e-14,0.0003968446837035641,0.003654729458929418
61,radial,15.748015748023622,223,773.1068134085272,131.72186987802482,114,-0.11874421820360848,-0.37487464626917777,-0.1187442182035667,-0.37487464626920947,5.243665882673126e-14,0.00025431914353033527,0.002492829324158749
61,radial,20.97617696340303,397,1375.7297977943217,173.4397577148226,150,-0.25473128054094607,-0.19413100702067543,-0.2547312805409306,-0.19413100702068287,1.71813066270276e-14,0.00011640117241401647,0.001574496407030777
62,rhombus,2,4,14.038906197206174,16.574736005929086,14,0.01749626672838822,0.212012904754045,0.017496266728388478,0.2120129047540457,7.398631214241335e-16,0.007576573717226964,0.016522795070271042
62,rhombus,4,16,54.99181901354858,34.46076989158784,30,-0.12490215637229696,0.031153240454510706,-0.12490215637229829,0.031153240454510636,1.3340734093775516e-15,0.0011704348239404891,0.0103462927869184
62,rhombus,7,49,169.19597120278806,62.094696579731576,54,-0.026603740299541823,-0.0901549087119517,-0.02660374029954988,-0.09015490871195146,8.059509587413026e-15,0.0002777791507470461,0.004344272727869651
62,rhombus,10,100,346.49342901263105,89.86989690276361,78,-0.008246674278040267,0.03990222073625688,-0.008246674278030358,0.03990222073624801,1.3297477289888394e-14,5.879691413075812e-05,0.00395511742509687
62,rhombus,15,225,779.3370212926386,136.46167569835046,118,-0.050375413739148556,-0.04066843961542141,-0.05037541373912005,-0.040668439615428605,2.939916324803456e-14,4.1536972134262836e-05,0.00233840733540444
62,rhombus,20,400,1385.1750538058664,182.4272199070038,158,0.10967482633442982,-0.003991362287102146,0.10967482633446023,-0.00399136228710454,3.050032550362316e-14,3.961500397091324e-05,0.00169493261304153
62,radial,2.8284271247461903,7,23.996852811911566,20.87780489890998,18,-0.05300525873510065,-0.22788012970523686,-0.0530052587351014,-0.22788012970523638,8.914520981537836e-16,0.004874878467580865,0.016459283588875908
62,radial,4.69041575982343,19,65.34383471895363,34.39769081776423,30,0.021987875576421345,0.14136578449084442,0.02198787557642206,0.14136578449084608,1.8122207065966675e-15,0.001094713456638845,0.004772992489759244
62,radial,7.615773105863909,55,190.37678485261043,62.05510500641512,54,-0.05951515870821611,0.12111894901757093,-0.059515158708219155,0.12111894901757704,6.82386857608228e-15,0.0003544321387783991,0.0051048650527460585
62,radial,10.488088481701515,97,336.0361411651098,89.56118944766315,78,-0.154024978160189,0.09250740787383549,-0.1540249781601871,0.09250740787384393,8.652308228576197e-15,0.000267337338637631,0.0032138147709559832
62,radial,15.748015748023622,223,772.309049118482,131.13245398490133,114,-0.17945983945636357,0.10951619578028576,-0.17945983945635738,0.10951619578028939,7.171433291604505e-15,0.00013610942624136705,0.0021277327472662933
62,radial,20.97617696340303,397,1375.691661265842,173.7846406981682,150,-0.24588924779388055,0.17399942770788884,-0.24588924779377233,0.17399942770786989,1.0986682713234389e-13,0.0001094817878046424,0.0015698884821948543
63,rhombus,2,4,13.694086198034098,16.136067570513298,14,-0.08878647240571347,-0.04939308834623224,-0.08878647240571563,-0.049393088346231705,2.2298910463669688e-15,0.0037096583381839923,0.018483248773718854
63,rhombus,4,16,55.203599682223114,34.39281383207257,30,-0.018983263600774514,-0.10232691347827791,-0.018983263600774403,-0.10232691347827902,1.1157603309187458e-15,0.0009426275368863244,0.009283969909275772
63,rhombus,7,49,169.83218141293767,62.30976750817736,54,0.008429250237866892,-0.027667482554046607,0.00842925023786812,-0.027667482554055437,8.914751200592886e-15,8.515180390434524e-05,0.004904141953929894
63,rhombus,10,100,346.0773324119295,89.97033521240596,78,-0.03613323165494586,-0.010008526217386994,-0.03613323165493697,-0.010008526217407547,2.2395507697372934e-14,5.416960747221622e-05,0.003340349023292326
63,rhombus,15,225,779.1135699608021,135.77713621721716,118,0.09634222119600766,0.1550930040891748,0.0963422211960235,0.15509300408919802,2.8091690122843527e-14,0.00011717198505699507,0.002430946982294365
63,rhombus,20,400,1386.156753372979,182.6664506699911,158,-0.019801614515454702,0.06543547409754003,-0.01980161451545112,0.06543547409757064,3.082306346822495e-14,2.4660257617770877e-05,0.0017021266867707162
63,radial,2.8284271247461903,7,24.264839751993108,20.795158052622707,18,-0.11979872812118764,0.02079957221977735,-0.11979872812118883,0.02079957221977701,1.2409761205521415e-15,0.0025054965214099402,0.012394285852198412
63,radial,4.69041575982343,19,65.95927077190302,34.72232053140114,30,0.1371189892343212,0.20515026483568066,0.13711898923431914,0.20515026483567975,2.248886843298453e-15,0.0018705137241988492,0.008577876061674641
63,radial,7.615773105863909,55,190.34277278054734,62.62315697156334,54,0.07769826753859466,-0.005156039924677308,0.07769826753860122,-0.005156039924679792,7.018511963913172e-15,0.0002045498111440801,0.00478888840816879
63,radial,10.488088481701515,97,336.49681236734585,90.24777228494396,78,0.1760778920570445,-0.08597105091176332,0.1760778920570516,-0.08597105091176774,8.364381142903893e-15,0.00029115432826975297,0.003525502825286835
63,radial,15.748015748023622,223,772.2907093268796,131.72436747285474,114,-0.45685233030314354,-0.342248152027074,-0.4568523303031325,-0.3422481520270974,2.5899685247320994e-14,0.0003695699263955031,0.0022107701019555277
63,radial,20.97617696340303,397,1374.926137748365,172.8160299345505,150,0.035686143889763766,0.023710236609922303,0.03568614388974005,0.02371023660994886,3.560706117593127e-14,1.5580761264346933e-05,0.0017260589989039144
64,rhombus,2,4,13.622959837827935,16.027094743956145,14,-0.12955199102300385,-0.005372095324541776,-0.12955199102300455,-0.005372095324542249,8.400952549480569e-16,0.0047589997437164555,0.016607912919243104
64,rhombus,4,16,55.14228875243722,34.526077441243835,30,0.006062150180449866,0.051460450947422576,0.00606215018044796,0.05146045094741898,4.0682450953233934e-15,0.0004698416489913078,0.00986908281624471
64,rhombus,7,49,169.22843042691963,62.52926123385047,54,-0.04689175267705625,-0.09460443491413728,-0.04689175267706086,-0.09460443491414615,9.993404540056804e-15,0.0003119689944682181,0.0052331385083065705
64,rhombus,10,100,346.6712051595367,90.10059696996218,78,-0.029438441677568594,0.1476840105089654,-0.029438441677569156,0.1476840105089643,1.2443857213645403e-15,0.00021719350910343182,0.003576436122183926
64,rhombus,15,225,779.9078615557471,136.55868114658705,118,0.08872500203298062,-0.12970483763290974,0.08872500203295558,-0.12970483763295404,5.088301828978116e-14,0.00010074775144985784,0.0020598376510948535
64,rhombus,20,400,1385.57781112948,182.2183475713128,158,-0.004263222319139448,-0.09910135662244919,-0.004263222319191619,-0.09910135662251315,8.254112408806533e-14,3.5794818888132566e-05,0.0016341796765849276
64,radial,2.8284271247461903,7,23.750515280769427,20.476413443125345,18,0.05843931234688071,0.02023490799273331,0.05843931234687779,0.02023490799273241,3.0563543475969787e-15,0.0013019378315457587,0.013096049444988943
64,radial,4.69041575982343,19,65.29552995824642,34.39311254639346,30,-0.08502407020891223,-0.10311370966967026,-0.0850240702089183,-0.10311370966967323,6.7651902558921636e-15,0.001023401095450133,0.009144435223540847
64,radial,7.615773105863909,55,190.70455506968415,62.07462330262553,54,-0.028018896968772466,-0.09016419422863767,-0.028018896968778025,-0.09016419422864333,7.934214811968955e-15,0.0002475488169121843,0.004701538324125462
64,radial,10.488088481701515,97,335.85438711261884,90.05914416265838,78,0.3208285885373332,0.03232330127667356,0.3208285885373228,0.03232330127667455,1.0427901720684894e-14,0.00048004844822022467,0.0037296913303233995
64,radial,15.748015748023622,223,773.0434339604799,131.574649672439,114,0.026377253103715415,-0.10641073762835046,0.026377253103698,-0.10641073762837999,3.428342129262054e-14,7.090883638442815e-05,0.0019103044225058045
64,radial,20.97617696340303,397,1374.9564756022305,172.9235387809904,150,0.37043272340162403,0.18437220823007008,0.37043272340158084,0.1843722082300314,5.798439349771699e-14,0.0001504700529095725,0.0018265956526016573
65,rhombus,2,4,14.06529573862711,16.35874443765491,14,0.03759645589604377,0.0732190846748515,0.03759645589604399,0.07321908467485033,1.1866928732135989e-15,0.002925907907597553,0.014502786748066392
65,rhombus,4,16,55.41477423657051,34.55175856341646,30,-0.01989933140303579,-0.0133147121987097,-0.019899331403035663,-0.013314712198713007,3.30887396533535e-15,0.00021603401209762353,0.008643517177398752
65,rhombus,7,49,168.9258453505003,62.532379005771105,54,-0.09531451667967472,-0.019218010282160414,-0.0953145166796701,-0.019218010282161555,4.760183631411265e-15,0.00028779685496023986,0.005998850639911895
65,rhombus,10,100,346.19930406637377,89.94624854575368,78,-0.15739755252140775,0.04143056036379933,-0.1573975525213946,0.04143056036380746,1.5466730695022093e-14,0.00023506541413178606,0.003544168012263536
65,rhombus,15,225,779.5407577841532,136.37283882883884,118,-0.11396859464967113,-0.042287084380501105,-0.11396859464965296,-0.04228708438043312,7.037240236360492e-14,7.796952232179692e-05,0.0026043840302186288
65,rhombus,20,400,1385.3195887704042,182.2835780470136,158,-0.032010380157722285,-0.021100968277969173,-0.032010380157709226,-0.02110096827793588,3.576239409624769e-14,1.3837772434549535e-05,0.0016370586896351826
65,radial,2.8284271247461903,7,24.68281149919649,21.316183585867744,18,0.12478203895598217,-0.01009848825744613,0.1247820389559826,-0.010098488257447961,1.8817072574542335e-15,0.0025359753374277812,0.010186078768047932
65,radial,4.69041575982343,19,65.65966794853843,34.712224047497976,30,0.12087942396901274,-0.14935061103003136,0.12087942396901254,-0.1493506110300349,3.558807090484802e-15,0.0014631441391008868,0.005214559539237264
65,radial,7.615773105863909,55,190.2507301410636,61.912036181192974,54,0.24341789918716294,-0.1298460996686247,0.24341789918717077,-0.12984609966862726,8.233072912266576e-15,0.000725055159425378,0.004740275558415223
65,radial,10.488088481701515,97,335.4454133023714,90.66534551646059,78,0.7121640198288262,-0.24499541773601202,0.7121640198288366,-0.24499541773600786,1.1235901309043305e-14,0.001122577646159781,0.004141527068266292
65,radial,15.748015748023622,223,772.3620916561947,131.0910814975358,114,0.3052520591248409,0.15659449880944518,0.3052520591248663,0.15659449880944626,2.544714062415021e-14,0.0002220948546621441,0.0021687456833781
65,radial,20.97617696340303,397,1374.7529592359301,174.01733788769727,150,-0.13727632478610374,-0.14943424138735975,-0.13727632478606921,-0.14943424138737987,3.996379786474647e-14,7.380132496050122e-05,0.0017003727795061048
66,rhombus,2,4,13.762263756399696,16.177239635040426,14,-0.0022197176470113433,0.09247405385394361,-0.00221971764700848,0.09247405385394503,3.1939675925227785e-15,0.0033606640721168396,0.016443067526050917
66,rhombus,4,16,55.05465430391581,34.351375438859435,30,-0.11598814853432104,-0.06545587900936876,-0.11598814853431909,-0.06545587900936836,1.9977267157344694e-15,0.0012095529775138592,0.008908288190598584
66,rhombus,7,49,169.50060322630193,62.36847331379101,54,-0.12085379717751055,-0.005337284638467554,-0.12085379717751166,-0.00533728463847178,4.369195092578825e-15,0.0003568470941160358,0.004580122723369063
66,rhombus,10,100,345.1682104939408,89.90204199500675,78,-0.013022642835773368,0.13179457095391364,-0.01302264283579709,0.13179457095391103,2.386538475574487e-14,0.00019184326489912133,0.0035779278141776904
66,rhombus,15,225,779.6303517844674,136.53884887228074,118,0.11897991136662167,-0.02815206520276256,0.11897991136661666,-0.02815206520277467,1.3103874707541372e-14,7.841223321335433e-05,0.002094082378370626
66,rhombus,20,400,1385.9746248312647,182.58314097156662,158,0.10810156422988104,0.05290222097306187,0.1081015642299343,0.05290222097305505,5.369704193403323e-14,4.34178062358861e-05,0.0018291253736284548
66,radial,2.8284271247461903,7,24.03289891951386,20.682209526234296,18,0.06531411468692738,0.07563439290180321,0.06531411468692971,0.07563439290180207,2.5943669689626623e-15,0.00207907611053984,0.012031970382982874
66,radial,4.69041575982343,19,65.25905704927925,34.475418090934085,30,0.046250765777029024,0.028046842627660287,0.04625076577703358,0.0280468426276572,5.506151132601811e-15,0.00041442740255484615,0.006538876844138522
66,radial,7.615773105863909,55,189.8836224282402,62.64543357583634,54,0.07067874897630233,0.05571579053501892,0.07067874897629359,0.05571579053501362,1.0224680905202162e-14,0.00023698338461891028,0.0040984850316373505
66,radial,10.488088481701515,97,336.1690638084308,89.78256722038907,78,-0.21772352382482252,0.1433903708400584,-0.2177235238248395,0.14339037084005096,1.854371588885293e-14,0.00038775087247495623,0.0033807798691139934
66,radial,15.748015748023622,223,772.8638979079208,130.5121533816017,114,-0.21333162783950765,-0.17743263642543367,-0.21333162783952014,-0.17743263642544999,2.055119983291132e-14,0.0001795113139191958,0.002202064452458106
66,radial,20.97617696340303,397,1374.467258951003,172.6413561357233,150,-0.4022445972179489,-0.4657216823829311,-0.40224459721794353,-0.4657216823829324,5.533879910127483e-15,0.00022386271566250644,0.001757506113563933
67,rhombus,2,4,13.983126286948096,16.183627091479224,14,-0.032175136706440455,0.03257741349540824,-0.03217513670643893,0.03257741349540499,3.5945948513208796e-15,0.0016372537150559359,0.011564206824974938
67,rhombus,4,16,55.63074126583734,34.72699022171102,30,0.20573244696840076,0.054995566658895066,0.20573244696840043,0.05499556665889044,4.640211174128719e-15,0.0019140156702333678,0.008734155785670605
67,rhombus,7,49,169.61667922354127,62.33757285129195,54,0.025891777178599806,0.004729599503346366,0.025891777178608466,0.004729599503343798,9.03230784668225e-15,7.758731626034829e-05,0.005788188481586086
67,rhombus,10,100,346.52514590149104,89.90190128925353,78,-0.039704032947851964,-0.011220180612110942,-0.039704032947847384,-0.011220180612121886,1.1863920969236788e-14,5.953243430589938e-05,0.0035173583576787243
67,rhombus,15,225,780.3922399830568,136.38337789378593,118,-0.012011291501897503,-0.012105105918704673,-0.012011291501902919,-0.012105105918681754,2.3550353673379126e-14,1.0925914115393224e-05,0.0020528377936112814
67,rhombus,20,400,1385.3463357478429,182.48670793017496,158,0.05288191578961143,0.14654781972702166,0.05288191578965779,0.14654781972706832,6.577249278948568e-14,5.623040729058369e-05,0.0018381673561773937
67,radial,2.8284271247461903,7,24.252364684416424,20.767231112231038,18,0.10528329283942517,0.07314007099665551,0.10528329283942592,0.07314007099665362,2.0307144547971162e-15,0.0026429448874037403,0.010350312842449617
67,radial,4.69041575982343,19,65.5560073855037,34.667420198321025,30,-0.16131909276766665,-0.1463946903753577,-0.16131909276766174,-0.14639469037536157,6.2465462996191265e-15,0.001661497395509782,0.0069783663854850264
67,radial,7.615773105863909,55,190.18261114759454,62.74890911795525,54,-0.15493111621777444,0.08774983834460337,-0.1549311162177727,0.08774983834459424,9.297496416986495e-15,0.0004681166301384668,0.004994099253666131
67,radial,10.488088481701515,97,336.1492263422252,89.6782495711091,78,0.28298139815736034,-0.09989673238426994,0.2829813981573567,-0.09989673238427241,4.418719019828914e-15,0.0004463737269234016,0.00373707541349529
67,radial,15.748015748023622,223,772.8628323589239,131.18088088494807,114,-0.06443398704479053,-0.26667946448475577,-0.06443398704480822,-0.2666794644847583,1.7877483463960117e-14,0.0001774915180635645,0.0022076574312223166
67,radial,20.97617696340303,397,1375.3381145368808,172.0012993717759,150,-0.2154320380358863,-0.20179571703655597,-0.2154320380359079,-0.20179571703653443,3.0518728961562097e-14,0.00010731255853329423,0.001859423717119189
68,rhombus,2,4,13.679787540552294,16.088864730958665,14,0.10549540154347747,0.050487333572912046,0.10549540154347838,0.05048733357291197,9.052797024043887e-16,0.004274702842301906,0.02471932510929447
68,rhombus,4,16,55.508213435176756,34.69846321542952,30,0.10946235232641577,0.061478078912957645,0.10946235232642118,0.06147807891295576,5.731979978966124e-15,0.001130869171844993,0.00849467420691057
68,rhombus,7,49,169.87240873771017,62.42323384218435,54,0.14211619551846688,-0.01151178107778586,0.1421161955184794,-0.011511781077782557,1.2946183538955036e-14,0.00041967284847066434,0.005254563130752418
68,rhombus,10,100,345.89854236383024,90.13597739910874,78,-0.00612030747070591,-0.0278286802441024,-0.006120307470681931,-0.027828680244104682,2.408750749495568e-14,4.1188012273999945e-05,0.003863090523919788
68,rhombus,15,225,780.4860451276226,136.86647557175965,118,0.06030099461837812,-0.00381159196178274,0.060300994618396955,-0.003811591961677593,1.0681993482435473e-13,3.870750745698708e-05,0.002062436722508874
68,rhombus,20,400,1385.340477170401,182.2382729772679,158,0.0257430776335843,-0.0129101187569024,0.02574307763359035,-0.012910118756816209,8.640359232567798e-14,1.0394163164532548e-05,0.0018169830587832637
68,radial,2.8284271247461903,7,24.18092076239936,20.590698524551954,18,-0.20253606706680882,0.028441955431570187,-0.20253606706680594,0.028441955431569826,2.9090438593526763e-15,0.004229023335322423,0.012528892369070108
68,radial,4.69041575982343,19,65.71720336063751,34.48454511801896,30,-0.017659817041987047,0.07367034188992436,-0.017659817041984088,0.07367034188992981,6.205164796661467e-15,0.0005763896477989527,0.005511935549629512
68,radial,7.615773105863909,55,190.13011987067568,62.252630772578236,54,-0.20364856481588944,0.14564921123395363,-0.2036485648158812,0.14564921123395547,8.44449418975949e-15,0.0006584243041089823,0.005420388650252843
68,radial,10.488088481701515,97,335.33079219032714,89.58756311296163,78,0.17326397372996327,0.0026064829758697394,0.17326397372999047,0.0026064829758771207,2.8184181294386236e-14,0.00025837707402289584,0.004052915324719817
68,radial,15.748015748023622,223,772.4789327826286,131.308823065066,114,0.27424197717587306,0.0518340020383868,0.27424197717585896,0.05183400203840554,2.3453487056782275e-14,0.00018065057078638712,0.0022512126872700437
68,radial,20.97617696340303,397,1376.337378703106,172.59272993060188,150,-0.4684120403513079,0.3143058562419536,-0.4684120403512809,0.3143058562420234,7.481134279606103e-14,0.00020492447440506568,0.001717619011901753
69,rhombus,2,4,13.927955895895568,16.303400525006538,14,-0.08080495126093945,-0.035978107781905605,-0.08080495126093688,-0.03597810778190629,2.657705066272177e-15,0.0031753622582387686,0.019637809914760964
69,rhombus,4,16,55.31455688560753,34.56991263282793,30,0.04600121108838362,0.0745263302014826,0.04600121108838765,0.07452633020148122,4.259175376458033e-15,0.0007916556690314526,0.007012357986453009
69,rhombus,7,49,169.49354065364622,62.15927562639905,54,-0.030417493623634773,0.11518608659542455,-0.030417493623630942,0.11518608659541757,7.962331622980245e-15,0.00035144296006276083,0.005346139230747917
69,rhombus,10,100,346.4024325901785,90.16660716217147,78,-0.06048320155622111,-0.03261485274769814,-0.060483201556235114,-0.03261485274769521,1.4305582863923322e-14,9.918582102677445e-05,0.0033151169519548755
69,rhombus,15,225,779.5835981859218,136.26176471662544,118,-0.038726204869397485,-0.122638162055061,-0.038726204869416164,-0.12263816205506048,1.86869450097258e-14,8.248461151291434e-05,0.002664349655491304
69,rhombus,20,400,1386.0478521298398,182.38207467416768,158,0.07135700814541979,-0.09593792186231569,0.07135700814539542,-0.09593792186235775,4.861287648845082e-14,4.313180611506968e-05,0.0018214121940771269
69,radial,2.8284271247461903,7,24.36475741970678,20.720978843066344,18,0.11619377388685415,0.09407947447942683,0.1161937738868556,0.09407947447942533,2.090392893888658e-15,0.0030680718778844556,0.008052809543821687
69,radial,4.69041575982343,19,65.73244953710689,34.81204283140969,30,0.0314562655680537,-0.10746597486579343,0.0314562655680578,-0.10746597486579602,4.8530457287321824e-15,0.0008517493464866595,0.00706155510265297
69,radial,7.615773105863909,55,189.79468325917324,62.36538992406372,54,-0.06980933081431973,0.15149045313164505,-0.06980933081431813,0.15149045313164258,2.940945220035327e-15,0.0004394258474553489,0.003893067481129782
69,radial,10.488088481701515,97,336.17051772266115,90.08539106087471,78,-0.1514678066499049,-0.18829978195765132,-0.15146780664991397,-0.18829978195765237,9.137150668848094e-15,0.0003594299133769119,0.003424135188574335
69,radial,15.748015748023622,223,771.6430000990227,132.23830471127644,114,0.42046974865461983,0.39365344567483274,0.4204697486545968,0.3936534456748195,2.655667631137488e-14,0.0003732193773612041,0.0023016686223131
69,radial,20.97617696340303,397,1375.816460932353,173.12878586599538,150,-0.29016142424256763,-0.18988091571143142,-0.2901614242426136,-0.1898809157115046,8.640338774568055e-14,0.00012602281667048964,0.0016493954513332595
70,rhombus,2,4,13.78612366602444,16.142799057553113,14,-0.11645934755397436,-0.009833012141173048,-0.11645934755397361,-0.009833012141173804,1.0647302538741616e-15,0.004238817543553176,0.015097722629457036
70,rhombus,4,16,55.152000650531846,34.54981588238387,30,0.10268370381018421,-0.07176818580095007,0.1026837038101818,-0.07176818580095504,5.523987150498394e-15,0.0011357534734204042,0.010231296628373876
70,rhombus,7,49,169.91177342524622,62.251365136979786,54,0.0035835582519569975,-0.0602056322336848,0.003583558251952279,-0.06020563223369963,1.5561030792081234e-14,0.0001774808977586514,0.004145545743450488
70,rhombus,10,100,346.1376785968548,90.12893021502848,78,0.0697522558538517,0.053407014027215385,0.06975225585386201,0.053407014027201535,1.7266851560717413e-14,0.0001269008963785361,0.003401378788257242
70,rhombus,15,225,779.9895440476214,136.49996369429195,118,-0.17030487682191087,0.11211426586914164,-0.17030487682186818,0.11211426586912938,4.441209758375957e-14,0.00013070397172950638,0.0022054652897324947
70,rhombus,20,400,1386.154129482431,182.80094072990212,158,-0.01977396427676492,0.13239042899716386,-0.01977396427670288,0.13239042899709927,8.95575338234948e-14,4.8284317783573606e-05,0.0015703894263363158
70,radial,2.8284271247461903,7,24.102939274919958,20.60467285700602,18,-0.03187418237766515,0.1943035071074659,-0.031874182377666344,0.19430350710746547,1.2734335527125286e-15,0.004084574951994455,0.013288368927727579
70,radial,4.69041575982343,19,65.45382085990772,34.425653269011356,30,0.06042591980225831,-0.10046403824763186,0.060425919802256825,-0.1004640382476352,3.646690783847655e-15,0.0008955638343599172,0.007621059655585098
70,radial,7.615773105863909,55,190.28457162253608,62.64934344150441,54,-0.0602540928350348,-0.018265792363029346,-0.060254092835032365,-0.018265792363044524,1.537298946653284e-14,0.0001654412966674936,0.004490625419957342
70,radial,10.488088481701515,97,336.1729634641706,89.86570444930861,78,-0.4206394752268676,0.026664304397570046,-0.42063947522685724,0.026664304397543803,2.822137807242908e-14,0.0006268852612563437,0.0037785445444554985
70,radial,15.748015748023622,223,772.9039795302973,131.43664598109302,114,-0.2930486729384376,-0.2718934098647526,-0.29304867293837045,-0.2718934098647635,6.805289056948662e-14,0.00025860545033021064,0.002377544276989799
70,radial,20.97617696340303,397,1376.5697310546611,173.51809019471412,150,-0.38336629393704325,0.1676848570249556,-0.38336629393695976,0.1676848570249318,8.681874840819127e-14,0.00015198470626693431,0.001577533935415823
71,rhombus,2,4,13.734005376589987,15.98312666814991,14,0.04005614583575001,0.0028517217485937857,0.04005614583574943,0.0028517217485945594,9.686718257323342e-16,0.0014619744170887622,0.020926740601876163
71,rhombus,4,16,55.49960749378146,34.751132556433845,30,0.03787865300145299,-0.07961607104454001,0.03787865300145446,-0.07961607104453894,1.818202065101866e-15,0.0007943075759097529,0.008828435081847047
71,rhombus,7,49,169.72511825231314,62.52613275038851,54,0.0852629806008749,0.07414844497763223,0.08526298060087815,0.0741484449776285,4.9570323570115e-15,0.00033287514722050445,0.004429216633466714
71,rhombus,10,100,346.47840915308717,90.29431027266054,78,0.14669077215692994,-0.027029254732807706,0.1466907721569363,-0.027029254732819225,1.3155850058216728e-14,0.00021525178669089834,0.0033579648487766334
71,rhombus,15,225,780.0127028748927,136.63711402579162,118,-0.1530079012656893,0.14783427702805724,-0.15300790126570873,0.14783427702807195,2.4369648287393234e-14,0.0001363817521263773,0.002582857127826954
71,rhombus,20,400,1385.9693806183632,182.62505176023072,158,0.13126846211351717,0.06526608592770097,0.13126846211344964,0.06526608592771037,6.817975801347822e-14,5.288656973212402e-05,0.00165239014210547
71,radial,2.8284271247461903,7,24.282815582699847,20.749924288234258,18,-0.042344223894207556,-0.022655413928416954,-0.04234422389420734,-0.022655413928416288,7.000033757780904e-16,0.0009888466889605525,0.011180433809740311
71,radial,4.69041575982343,19,66.1197965574211,34.88343073440939,30,0.0027573656442996253,0.07453703834273845,0.0027573656443034824,0.07453703834274428,6.989354000689391e-15,0.0005640369958539916,0.009332825090096569
71,radial,7.615773105863909,55,190.37101043638097,62.384567037993904,54,0.058765370852660315,0.3300354031233502,0.05876537085266767,0.3300354031233518,7.517663111637606e-15,0.0008804554710352584,0.004361151943841545
71,radial,10.488088481701515,97,335.6960944719444,90.69930249771389,78,-0.11018461959758374,0.06408586317277451,-0.11018461959757148,0.06408586317276516,1.542703232004629e-14,0.00018985365826440804,0.0036348422846916245
71,radial,15.748015748023622,223,772.4114768138045,131.95925607192638,114,0.29885202787410226,0.09782744239518519,0.29885202787411247,0.09782744239518766,1.0508518979916976e-14,0.0002035548895624281,0.0025758087725267437
71,radial,20.97617696340303,397,1375.4225714908343,172.68415402724966,150,0.14428390071171915,0.6875080025457609,0.14428390071168568,0.6875080025458106,5.986061150614451e-14,0.0002553705891151144,0.0017081497991986744
72,rhombus,2,4,13.780408928108049,16.009059115461735,14,-0.037505516732462496,0.015162061693658462,-0.037505516732465556,0.015162061693659318,3.1777804616927764e-15,0.0014678199643733273,0.01721554599945232
72,rhombus,4,16,55.56146566283314,34.43767350633267,30,-0.027462454037800565,0.07149291178390288,-0.027462454037803445,0.07149291178390252,2.90215867606216e-15,0.0006892011175003668,0.008215107208811937
72,rhombus,7,49,169.6967226161325,62.0810722647106,54,0.006040148673793322,-0.10459866038816112,0.006040148673795314,-0.10459866038815047,1.084275559213204e-14,0.0003087063517810886,0.0052580631941081864
72,rhombus,10,100,346.57136379499985,90.19700369437582,78,-0.0130497021926681,0.15134708439950517,-0.013049702192647606,0.15134708439951924,2.4860175606489612e-14,0.0002191592484766399,0.0035968912525133354
72,rhombus,15,225,779.7015379672432,136.40295671149605,118,0.00874840415182021,0.049794199115096416,0.008748404151845236,0.04979419911506318,4.160498654254416e-14,3.242065388637915e-05,0.002698960308453631
72,rhombus,20,400,1384.2743134048583,182.4910500527672,158,-0.06481946878860922,-0.16073465456961372,-0.06481946878861042,-0.16073465456972663,1.1291598920342938e-13,6.260045857183516e-05,0.0016863857654155529
72,radial,2.8284271247461903,7,23.889547257729376,20.75503953434539,18,0.05463045251081322,-0.0010279238280044845,0.05463045251081276,-0.001027923828005063,7.378557141740348e-16,0.001143598950345982,0.009503330859296655
72,radial,4.69041575982343,19,65.6122934381924,34.7299866682871,30,-0.13031301544850304,0.024471378494638825,-0.13031301544850477,0.02447137849463889,1.7221077962563313e-15,0.0010104115494194894,0.006602067359151636
72,radial,7.615773105863909,55,191.01355210236048,62.4969099617313,54,-0.12081282946302485,-0.27504270243812456,-0.12081282946302625,-0.2750427024381104,1.422457003041981e-14,0.0007863493649230541,0.0039559300841490175
72,radial,10.488088481701515,97,336.23359552693984,89.24046149597626,78,0.04330597082680665,-0.5555814487225026,0.0433059708268002,-0.5555814487224853,1.848263453712167e-14,0.000828689768042016,0.003880736765378515
72,radial,15.748015748023622,223,773.3930308086058,131.91719056218398,114,-0.28567988405927736,-0.13631085849285401,-0.28567988405927847,-0.13631085849287064,1.6662617776173157e-14,0.0002046396767273685,0.0021631998009139118
72,radial,20.97617696340303,397,1374.262299746453,173.2326649620387,150,-0.09661797665665839,0.02710057851903,-0.09661797665665883,0.027100578518987756,4.2246320262762225e-14,3.6509323077854263e-05,0.0017260297701659144
73,rhombus,2,4,13.987436024865325,16.11728440949895,14,-0.04897659049922787,-0.0032652126146750157,-0.048976590499228034,-0.0032652126146764395,1.4334805992216115e-15,0.0017546215656566804,0.012404822591849165
73,rhombus,4,16,55.57839827429787,34.94218669965631,30,-0.0656283248811298,-0.05752799354764718,-0.06562832488112985,-0.057527993547651146,3.969435483922223e-15,0.0007851326587760335,0.008010596266535518
73,rhombus,7,49,169.8355629372456,62.28905923789117,54,0.09140206412229057,-0.06818640891376868,0.09140206412229457,-0.06818640891377471,7.240016761264643e-15,0.00033571847030601347,0.0040687659309939965
73,rhombus,10,100,346.3789821793135,89.83988110559365,78,-0.07744908523202554,-0.06361456372019036,-0.0774490852320335,-0.06361456372020688,1.83353677045313e-14,0.0001446762336242258,0.003987955031067961
73,rhombus,15,225,779.7830124307698,136.2544165146087,118,0.13036297822885778,-0.03260034746735119,0.13036297822885412,-0.03260034746737446,2.3559665209787306e-14,8.616333611755903e-05,0.0022054841130314967
73,rhombus,20,400,1385.4775339242697,182.6519397589631,158,-8.339382330779799e-05,-0.0028302393246856378,-8.339382332686607e-05,-0.002830239324762172,7.887385762510104e-14,1.0218381750718608e-06,0.0017389617809550875
73,radial,2.8284271247461903,7,24.37263886785228,20.716849719687023,18,0.057369929833494204,-0.019420022900497436,0.05736992983349322,-0.019420022900498143,1.2131758584396269e-15,0.0012425346950238668,0.011653935268466985
73,radial,4.69041575982343,19,66.12021801000888,34.54325032735514,30,-0.062402658917666276,0.04351079702894671,-0.06240265891766593,0.04351079702894571,1.0577205229617819e-15,0.0005752717183288216,0.006604255796494868
73,radial,7.615773105863909,55,189.88816269099834,62.387139799843155,54,-0.33263547428827156,0.12173627948089892,-0.33263547428827506,0.12173627948089273,7.109166871062308e-15,0.0009326856125574822,0.004916674910448424
73,radial,10.488088481701515,97,336.35294654779153,90.24019994705229,78,0.12114668919452276,0.10868631611081842,0.12114668919450906,0.10868631611081152,1.5335916267464802e-14,0.0002419410053040561,0.0036445211115948535
73,radial,15.748015748023622,223,773.2810305510584,132.5006241618125,114,-0.06876448454378359,-0.007559405949403186,-0.06876448454380034,-0.00755940594945282,5.23841936475409e-14,4.473066302066037e-05,0.002219072385024221
73,radial,20.97617696340303,397,1375.7906275879368,172.63367853882454,150,0.3769608616937967,-0.03786991197536782,0.3769608616937967,-0.03786991197543353,6.571132527000145e-14,0.00013768748878083612,0.0017531561085403899
74,rhombus,2,4,13.91355913763937,15.98428755730404,14,-0.08015302649935707,-0.08302874671961301,-0.08015302649935736,-0.08302874671961222,8.430113578587717e-16,0.004147208250021967,0.012697787072866444
74,rhombus,4,16,55.51695729870631,34.72034234579168,30,0.12962677463216776,0.0004720541673546158,0.12962677463216402,0.0004720541673549241,3.759664054036993e-15,0.001167459821850016,0.008702175419680392
74,rhombus,7,49,169.61035349907795,62.81707191918592,54,-0.06420567782648856,-0.06929569055183915,-0.06420567782650594,-0.0692956905518433,1.7863602532817766e-14,0.0002784862748925659,0.005354024829208805
74,rhombus,10,100,346.6561732772786,90.59230327441068,78,0.029042962270899864,0.05918058317484845,0.029042962270889938,0.0591805831748585,1.4123733326122483e-14,9.508405323906318e-05,0.0035355429589422806
74,rhombus,15,225,779.1021034378634,136.11699604079004,118,-0.0037501503143957393,-0.001485795520556249,-0.003750150314427031,-0.0014857955205266884,4.3046530312811814e-14,2.5887232770250276e-06,0.0022176898036912053
74,rhombus,20,400,1385.1357386223908,182.69073143339475,158,-0.025897993368526162,-0.08308875293575586,-0.02589799336859504,-0.08308875293572394,7.591524211229757e-14,3.141616236939258e-05,0.0018687592016894334
74,radial,2.8284271247461903,7,24.243738302872433,20.64341490945891,18,0.18284150042653424,0.07018452450133186,0.18284150042653227,0.07018452450133113,2.103435014741553e-15,0.0040391693649937,0.012450487667769114
74,radial,4.69041575982343,19,65.77540696058921,34.627215569892286,30,0.04496354977208483,0.023353826015313328,0.04496354977207963,0.02335382601531368,5.215954362718518e-15,0.00038514983366018434,0.010402294097874545
74,radial,7.615773105863909,55,190.91361451744547,61.835445301013294,54,0.22625203037173236,0.05553754637323695,0.2262520303717204,0.055537546373230565,1.3559415421874235e-14,0.0006101415780732397,0.0038900469681902835
74,radial,10.488088481701515,97,335.9897973632861,89.9545596133001,78,0.15259173462222053,-0.04518025047349078,0.15259173462220854,-0.045180250473497996,1.3994536279304158e-14,0.00023682244712577854,0.003828896799843067
74,radial,15.748015748023622,223,772.3865120090466,131.37069934405537,114,-0.14994838994548454,-0.11269335457252665,-0.14994838994551912,-0.11269335457253984,3.7016160230087256e-14,0.00012142548688750964,0.0019287223176799888
74,radial,20.97617696340303,397,1374.502768306185,172.86383578233085,150,-0.26882863433253723,-0.21822226687344723,-0.26882863433257476,-0.218222266873447,3.752619516328106e-14,0.00012595502242139037,0.0015277388757217445
75,rhombus,2,4,14.087248448645454,16.396629036743946,14,-0.1644539778805103,0.024372114113426588,-0.16445397788051078,0.02437211411342628,5.638998766452118e-16,0.005900731637917081,0.016384420929034537
75,rhombus,4,16,55.82717283302278,34.71271670987145,30,0.04264270232708611,0.059864496079717944,0.042642702327084565,0.05986449607971743,1.6303447685987875e-15,0.0006582759800914165,0.008525073908481005
75,rhombus,7,49,170.1478329188636,62.59195035818314,54,-0.11083646658814006,0.033573471893157264,-0.11083646658813402,0.03357347189315815,6.10182515956402e-15,0.00034032099403485965,0.0050735186996067804
75,rhombus,10,100,346.7432194469653,90.44055237421519,78,0.09382341097986435,0.09849986754144768,0.09382341097985727,0.09849986754145591,1.0854426366920305e-14,0.0001961585457386215,0.0026185635289000587
75,rhombus,15,225,779.642411285866,135.68506682008936,118,-0.01631905166323877,-0.03427015848475129,-0.016319051663284973,-0.03427015848476896,4.946746722920893e-14,2.4342750490802928e-05,0.0026995907890305904
75,rhombus,20,400,1385.9181126120939,182.28531211737558,158,0.08124088100167093,0.030432372374083166,0.08124088100165262,0.030432372374077532,1.9152337701414145e-14,3.129828931308485e-05,0.0017266046869798962
75,radial,2.8284271247461903,7,24.456555377925437,20.950638692558428,18,0.012981009966717139,-0.0007584895724368143,0.0129810099667148,-0.00075848957243681,2.3384112671346894e-15,0.00026584182491133326,0.007283610338690003
75,radial,4.69041575982343,19,65.96516679505477,34.854053482322676,30,0.0481360630424299,0.028409876610608426,0.04813606304243141,0.028409876610609876,2.095557447183433e-15,0.0004236672252615947,0.007154503046721262
75,radial,7.615773105863909,55,191.0308939684062,62.36723531081207,54,-0.1777100810785579,0.004197918412155978,-0.17771008107855685,0.004197918412153136,3.030908936655407e-15,0.0004652641588126937,0.0039008646110261862
75,radial,10.488088481701515,97,336.2031818471002,90.07959589808075,78,-0.06994473633425669,0.3516079274583346,-0.06994473633426024,0.3516079274583256,9.669143872149901e-15,0.0005331559013377865,0.002896073533278618
75,radial,15.748015748023622,223,772.9141708616678,132.47858499437845,114,-0.24251445081429068,-0.10679809329022538,-0.24251445081430506,-0.10679809329022477,1.4390349217317058e-14,0.00017142191319620875,0.002218952143949749
75,radial,20.97617696340303,397,1376.643767673949,172.951586092254,150,-0.11852737714641126,0.2833183039683902,-0.11852737714643302,0.2833183039684339,4.880667827581792e-14,0.0001115438740616497,0.001785710527022315
76,rhombus,2,4,13.973570327968904,16.16711783369032,14,-0.042583254424433115,0.12325579095067701,-0.04258325442443262,0.12325579095067717,5.157703690291707e-16,0.004666111035584987,0.01430105778944859
76,rhombus,4,16,55.38126046769126,34.390184640386884,30,-0.1299508248071093,-0.06003062497286142,-0.1299508248071076,-0.0600306249728618,1.7355698145768283e-15,0.0012923722047701737,0.007875968479758697
76,rhombus,7,49,169.58166516534803,62.36770734552411,54,-0.007740408328051451,0.06719894347450286,-0.007740408328042689,0.06719894347450815,1.023382541586694e-14,0.00019944157747298888,0.005687429314121228
76,rhombus,10,100,346.80915788953786,90.02224624411579,78,0.06106094767128578,0.00041138294774095696,0.06106094767128807,0.0004113829477304688,1.0735193795562747e-14,8.803448822155213e-05,0.0028500707782495504
76,rhombus,15,225,779.9059948375626,136.20097445332314,118,0.015251719573336597,-0.02667749015230436,0.015251719573383404,-0.02667749015229141,4.856511593708513e-14,1.9700784910831986e-05,0.002517419552282723
76,rhombus,20,400,1385.5541744981233,183.05337639043648,158,0.038266608072484054,0.00013443729384138292,0.0382666080725527,0.00013443729388400855,8.080397754034295e-14,1.3809219778970985e-05,0.0018320272826008758
76,radial,2.8284271247461903,7,24.196849936251777,21.0247530479828,18,0.040527431904099576,-0.009833403948584243,0.040527431904099784,-0.009833403948584883,6.731107105689489e-16,0.0008617514292865188,0.008322116564674418
76,radial,4.69041575982343,19,65.51470241635737,34.551210938077304,30,0.0764264735360003,0.030276409383704454,0.0764264735360003,0.030276409383705565,1.1102230246251565e-15,0.0006273784825928296,0.006519668376823285
76,radial,7.615773105863909,55,190.50079183594374,62.53904114363945,54,0.07029181014916253,0.06743926167974423,0.0702918101491679,0.06743926167974602,5.66121896807993e-15,0.0002556720613102017,0.004549218884126926
76,radial,10.488088481701515,97,336.54616937642476,89.82783865901673,78,0.103825092741201,0.04966932134459913,0.1038250927412003,0.04966932134460119,2.1745324434710446e-15,0.0001709932872784002,0.0035780756846943954
76,radial,15.748015748023622,223,773.257379426505,131.90983361560458,114,0.10474999423757891,0.265936034902007,0.10474999423761082,0.2659360349019935,3.463942818606016e-14,0.0001848172211880617,0.0018933293804387092
76,radial,20.97617696340303,397,1375.1953612067282,172.5292326632596,150,-0.2245517363908296,-0.21441279171273728,-0.22455173639073,-0.21441279171271035,1.0316207937153935e-13,0.00011288489932804572,0.0017794189255007271
77,rhombus,2,4,13.978277607556054,16.310396572294383,14,-0.006989803718730148,0.09918908139860252,-0.006989803718732215,0.09918908139860275,2.079678070305694e-15,0.0035567708386967027,0.01688575242364683
77,rhombus,4,16,55.750343977757666,34.965669100650636,30,-0.098384110971939,-0.005322899400795736,-0.09838411097193961,-0.005322899400796097,7.092622233518052e-16,0.0008836537300169944,0.008052474916520926
77,rhombus,7,49,170.0428781997392,62.68288356762665,54,-0.09085275242043744,-0.12666478599968234,-0.09085275242043206,-0.12666478599967357,1.0291743485215512e-14,0.0004583513602028147,0.005114538902311802
77,rhombus,10,100,346.5062706961622,90.24250003414818,78,0.012451885338290225,-0.11515544762530783,0.012451885338301147,-0.11515544762529506,1.6801691607259474e-14,0.00016713508384224164,0.003627194850017951
77,rhombus,15,225,778.3416875213547,135.94730085341197,118,-0.14119382366221878,0.018022383279040377,-0.14119382366225128,0.01802238327909354,6.231050932513232e-14,9.143759929793719e-05,0.002360959519636306
77,rhombus,20,400,1385.4400948990642,182.35024821751819,158,0.1228586562947922,-0.011780786056221626,0.12285865629473053,-0.011780786056122153,1.1703984874244739e-13,4.454259259237556e-05,0.001570823706807922
77,radial,2.8284271247461903,7,24.407656438907125,20.80015804932764,18,-0.017254205105765585,-0.16445819437949136,-0.017254205105767684,-0.16445819437949075,2.1860296685024614e-15,0.0033874787205503986,0.015598325726663117
77,radial,4.69041575982343,19,66.34807092824487,34.63945901973523,30,-0.07773955130148691,0.08499948547287292,-0.07773955130148694,0.08499948547287517,2.2483729490517396e-15,0.0008680608497239311,0.007704387311389313
77,radial,7.615773105863909,55,191.17108833136788,62.309342399456696,54,-0.013529699751217095,0.22151956233375392,-0.013529699751204684,0.2215195623337673,1.8247993176476477e-14,0.0005804548032224123,0.004566020620792981
77,radial,10.488088481701515,97,335.7993183915844,90.16043618296145,78,-0.34946632655872856,0.3503572514088407,-0.349466326558715,0.35035725140885315,1.8386848606919563e-14,0.0007368246025469392,0.004074132098782883
77,radial,15.748015748023622,223,771.5395644598728,131.09458200386007,114,-0.04605883333105387,0.1987890161813139,-0.04605883333106801,0.1987890161813492,3.802938842843884e-14,0.000132238917000693,0.0020496967836907093
77,radial,20.97617696340303,397,1374.482471773636,174.74437148931736,150,0.3385057789214647,-0.18276191086698382,0.33850577892145767,-0.18276191086695473,2.9929984015581203e-14,0.00013994073933087332,0.0018182951318688244
78,rhombus,2,4,13.594822959547047,16.04041993025491,14,0.030419307374128568,-0.06406462644190884,0.030419307374128273,-0.06406462644190955,7.667477763817487e-16,0.0026083365693864847,0.011383431527056615
78,rhombus,4,16,55.40276967616852,34.610101916565405,30,0.07875035436291267,0.09724218511404473,0.07875035436291059,0.09724218511404145,3.8807218134169874e-15,0.001129280864872806,0.0053580469199887544
78,rhombus,7,49,169.99211810082588,62.47071404796539,54,0.02520961588310433,0.07242397812861259,0.025209615883108313,0.07242397812861,4.7537855211873985e-15,0.0002255577993707702,0.005911947396909607
78,rhombus,10,100,345.4362983211536,90.187937160967,78,0.004068990733431921,-0.10020706346422814,0.00406899073344464,-0.10020706346422796,1.2720271973860947e-14,0.00014516372815204617,0.0037103043487901792
78,rhombus,15,225,779.3447148365208,136.61781098651156,118,-0.0859214043405756,0.056396223625920006,-0.08592140434060315,0.05639622362589243,3.8977550227951223e-14,6.59378067030796e-05,0.0024536428662024204
78,rhombus,20,400,1387.2885615529744,183.23257434947604,158,0.09714322767048023,0.18932990375877778,0.09714322767044073,0.189329903758782,3.972086646483545e-14,7.66953384158804e-05,0.0017123012853896098
78,radial,2.8284271247461903,7,24.31326937247452,20.912301109774603,18,0.08328359826251308,0.001855952624682168,0.08328359826251268,0.001855952624682111,4.0647634503504334e-16,0.0017131442530920157,0.00960500648058492
78,radial,4.69041575982343,19,65.75650941733838,34.70958167791011,30,-0.23687206322962373,-0.05824616214276554,-0.23687206322962603,-0.05824616214276454,2.5110743991215813e-15,0.001854784030367419,0.006617059892070154
78,radial,7.615773105863909,55,190.28373632098683,62.33000660548458,54,0.004137626336436551,-0.17484109221431846,0.004137626336439777,-0.17484109221432434,6.710771432841698e-15,0.00045955068821773717,0.0043480242630598714
78,radial,10.488088481701515,97,335.63443111681886,90.04400473357273,78,0.07107007160165679,0.1192851721170819,0.07107007160167012,0.11928517211707583,1.4638066649311865e-14,0.0002068502114395516,0.003638386695624713
78,radial,15.748015748023622,223,772.3094853630489,131.26652782394223,114,0.019655681494295862,0.014249755946274797,0.019655681494295554,0.014249755946274813,3.091752251036734e-16,1.5717526533533444e-05,0.002407795040012147
78,radial,20.97617696340303,397,1375.7965531911132,173.39574197196828,150,0.038788783426453755,0.10287677103506736,0.03878878342642676,0.10287677103505825,2.848620388260491e-14,3.9957342932802825e-05,0.0017805963264505968
79,rhombus,2,4,13.885282159311128,15.936733357263961,14,0.008575523404009466,-0.11084381412854544,0.008575523404010512,-0.1108438141285433,2.379439322435773e-15,0.0040033412422150584,0.01596085686527085
79,rhombus,4,16,55.638941046300204,34.59578246175982,30,-0.10367956368520348,0.0566510996728275,-0.1036795636852023,0.056651099672830274,3.0158256186936143e-15,0.0010617326573690003,0.009805488202034694
79,rhombus,7,49,169.67652708561616,62.36906350505118,54,0.08042973080657756,0.14230043000611714,0.08042973080657825,0.142300430006131,1.3867403337288608e-14,0.00048167387028155207,0.005760391912857312
79,rhombus,10,100,346.8333902297482,90.27320508015266,78,0.09119208303172455,0.09311701774910436,0.09119208303173748,0.09311701774914141,3.924623670182351e-14,0.00018789039111663538,0.0037566307524786085
79,rhombus,15,225,779.0836421774314,136.65150719866062,118,0.02462286796483415,0.01719442843745736,0.024622867964854505,0.01719442843750238,4.9407441951673505e-14,1.9274064005926056e-05,0.002112633180634083
79,rhombus,20,400,1385.7660144116937,182.83058700463832,158,0.048161570684870814,-0.08943459501130506,0.048161570684904606,-0.08943459501121834,9.307353986432498e-14,3.6650476126458785e-05,0.0015529648465672774
79,radial,2.8284271247461903,7,24.190468183203393,20.796934846952986,18,0.06883891382047924,-0.0057301346400132624,0.06883891382047974,-0.005730134640013177,5.06926004143926e-16,0.0014277728964547562,0.007722372480174155
79,radial,4.69041575982343,19,65.7876226306425,34.98250162936309,30,0.006117982685773349,-0.04776536139538132,0.006117982685777713,-0.04776536139537583,7.012479273875718e-15,0.00036599267213562384,0.0073339011385485835
79,radial,7.615773105863909,55,190.78456482555868,61.90453171368941,54,-0.09291756517119332,-0.08199008780429301,-0.09291756517118821,-0.08199008780428185,1.2270978232071462e-14,0.0003247629703726371,0.004936484700421185
79,radial,10.488088481701515,97,336.4121778787826,89.51251864753588,78,0.0633714490876578,0.20106243017025385,0.06337144908765929,0.20106243017026829,1.4510512998238785e-14,0.0003133251783203162,0.003191859992776534
79,radial,15.748015748023622,223,772.0955066859246,131.20187689062777,114,-0.3301710311766679,0.4311917324930391,-0.33017103117664537,0.4311917324930789,4.57394707007959e-14,0.0003516942298254098,0.0023128740143024055
79,radial,20.97617696340303,397,1376.130816493891,173.5705537656638,150,-0.40525443400786987,0.0488842607788089,-0.4052544340078107,0.04888426077888057,9.294363468259735e-14,0.00014831153408589024,0.0017437701264889818
80,rhombus,2,4,13.86538123404803,16.173316585809363,14,-0.028057084414665034,-0.04041074642088893,-0.028057084414666204,-0.04041074642088828,1.3388334610037773e-15,0.0017740520865726877,0.014989627278087987
80,rhombus,4,16,55.47331363336959,34.60664802252258,30,-0.05976181934195912,0.024637778621226125,-0.05976181934195678,0.024637778621227062,2.5190574184135392e-15,0.0005826340323773708,0.008592717825798063
80,rhombus,7,49,169.1949939380161,62.368030927348926,54,0.12632710505747635,-0.11578893498148699,0.12632710505748013,-0.11578893498148785,3.871579467242921e-15,0.0005064097340877024,0.005142038574914208
80,rhombus,10,100,345.80326439020035,90.02211286418023,78,-0.0824391563313811,-0.22658661986549614,-0.08243915633135998,-0.22658661986550396,2.2525577712644185e-14,0.00034863411277728497,0.00430611032505532
80,rhombus,15,225,779.5736625724901,135.99337336214188,118,0.0652597070621308,-0.17393552314791988,0.065259707062153,-0.17393552314795266,3.959195443304771e-14,0.00011915174274630487,0.0022453253096931572
80,rhombus,20,400,1385.8324782327427,182.73402783535516,158,0.06125467236494053,-0.22763307839357935,0.06125467236491129,-0.227633078393546,4.4362633956024064e-14,8.505020744551193e-05,0.0016182881619578539
80,radial,2.8284271247461903,7,24.231643080953287,20.69394845586739,18,0.020590321902393516,0.0005752812261135554,0.020590321902392066,0.0005752812261134947,1.4514992241829308e-15,0.0004250301304744314,0.010700663689085815
80,radial,4.69041575982343,19,65.85666672845771,34.576523191342474,30,-0.12526421512799413,0.0683127563266456,-0.12526421512799393,0.06831275632664464,9.770790517827884e-16,0.0010832662536850437,0.00644410827385016
80,radial,7.615773105863909,55,189.7318153418563,61.91003611210876,54,-0.22946463681130114,0.1864891148985381,-0.22946463681128437,0.18648911489854286,1.7430855057240604e-14,0.0007792298292165298,0.005365516030334154
80,radial,10.488088481701515,97,335.243690431498,90.37713192500564,78,0.16026843541137303,-0.09347014164752732,0.16026843541140967,-0.0934701416475355,3.754114749716966e-14,0.00027671421595434084,0.004254407566143962
80,radial,15.748015748023622,223,773.4019549914555,132.12829457995187,114,-0.25853039649468634,0.5064436443137331,-0.2585303964946752,0.5064436443137007,3.4284911172027194e-14,0.0003676064530875126,0.0021610625532839187
80,radial,20.97617696340303,397,1375.800342192724,173.97665256281718,150,0.3417836299240373,-0.26246634271388936,0.34178362992398814,-0.26246634271386915,5.317180179810699e-14,0.00015661233256430952,0.0016239267137560945
81,rhombus,2,4,13.746512415573907,16.140092202587418,14,0.033979628131854955,0.006823615593127205,0.03397962813185386,0.006823615593128478,1.6795906328480214e-15,0.0012606105977754389,0.01645135877732938
81,rhombus,4,16,55.116891589997074,34.377506965934124,30,-0.1494594900280628,-0.0223758275006911,-0.14945949002806816,-0.022375827500687756,6.31518641921104e-15,0.0013709514906048651,0.008265599530196876
81,rhombus,7,49,169.411125764186,62.704085709218795,54,0.1293333494191522,-0.0012711432456284297,0.12933334941913824,-0.0012711432456258415,1.4198938742054082e-14,0.00038173288605897833,0.004676363711284845
81,rhombus,10,100,345.9799210257231,90.13811962190972,78,-0.06643780150512102,0.08182367377890878,-0.06643780150515204,0.08182367377892265,3.397430413839279e-14,0.0001523205329665335,0.00340189027962901
81,rhombus,15,225,778.8176876939489,136.52613767468503,118,-0.07104801059048071,-0.14510861325311133,-0.07104801059050456,-0.1451086132530793,3.9929431927409084e-14,0.00010372667796324086,0.0020569296269645995
81,rhombus,20,400,1385.209083011538,182.67383090144517,158,0.01023325691916721,0.01602082807221364,0.010233256919206353,0.01602082807218496,4.852394355379953e-14,6.861840577075663e-06,0.001762662400207281
81,radial,2.8284271247461903,7,24.111756110778163,20.720953509985748,18,0.07437008618011642,0.07490182275323598,0.07437008618011151,0.07490182275323669,4.9634582772113845e-15,0.0021888046694828267,0.013960434434349838
81,radial,4.69041575982343,19,65.83148242570043,34.81939024795358,30,-0.14568132815477242,-0.04030815418146853,-0.1456813281547841,-0.040308154181465515,1.206865162528201e-14,0.0011480439969858546,0.00631299499700601
81,radial,7.615773105863909,55,190.05582720607703,62.56186498952205,54,-0.19040293480088177,-0.10524924436179461,-0.19040293480089987,-0.10524924436179331,1.8143592834121284e-14,0.0005723480285030747,0.004980892495102811
81,radial,10.488088481701515,97,335.53001831742824,90.2582543907085,78,0.1707045495374393,0.36930777535102494,0.17070454953743178,0.3693077753510318,1.0195972074213142e-14,0.0006062820632743,0.0036079262964214564
81,radial,15.748015748023622,223,773.1339704144358,131.92144933077117,114,-0.09516415234828113,-0.06697346304596177,-0.09516415234828428,-0.06697346304595164,1.0609285138350688e-14,7.525774678727445e-05,0.0023309906317255857
81,radial,20.97617696340303,397,1374.4581193325887,173.7714162899278,150,-0.4279419701680589,-0.15148000486916863,-0.42794197016806157,-0.15148000486919555,2.7054440338261834e-14,0.00016514178166753503,0.0015553911807493128
82,rhombus,2,4,13.722089043286447,16.366507412553375,14,0.028685664316636217,0.03349057771160348,0.028685664316636165,0.03349057771160527,1.7909908875924227e-15,0.001606764383457053,0.01844392456785032
82,rhombus,4,16,54.83931214323704,34.527616464227144,30,-0.07793338018892282,-0.13569505364930887,-0.07793338018892705,-0.13569505364930487,5.8215458976450365e-15,0.0014267361390267275,0.007327730841998052
82,rhombus,7,49,169.38952876580342,62.07467471483984,54,0.013793553003906833,0.008407693223063936,0.013793553003901164,0.00840769322307204,9.890572411520003e-15,4.768296671085731e-05,0.006306259318705161
82,rhombus,10,100,346.7001742784006,90.05483721543186,78,0.018165068998698963,0.049579897624654756,0.01816506899868964,0.04957989762466583,1.4475883559289367e-14,7.61505281592404e-05,0.0033967734832017447
82,rhombus,15,225,779.0077444655665,136.2654787534386,118,-0.09021490877978255,-0.04746821659939447,-0.09021490877979889,-0.04746821659941391,2.5388119422934096e-14,6.543001059293827e-05,0.002146054212555487
82,rhombus,20,400,1385.4217945502212,182.62712944654763,158,0.001743719786610587,-0.11091185185395472,0.0017437197866176854,-0.11091185185403733,8.291887196124031e-14,4.003313595141884e-05,0.001805958925650294
82,radial,2.8284271247461903,7,24.114748245270373,20.818200219883334,18,-0.26909580316705917,0.005292196226814094,-0.2690958031670595,0.005292196226816636,2.563102513423181e-15,0.005580564953848472,0.010434771812138052
82,radial,4.69041575982343,19,65.32922813277516,34.5171709993844,30,0.12178321828230176,-0.011123315578595,0.12178321828229424,-0.011123315578593349,7.700921880693503e-15,0.0009359528034534464,0.006150103189408595
82,radial,7.615773105863909,55,190.91816787873398,62.63196469724514,54,0.1649422422260569,-0.14414507946167743,0.16494224222605,-0.14414507946166966,1.0400047886849605e-14,0.0005736801545189046,0.004780153329221305
82,radial,10.488088481701515,97,336.09384380282984,90.33008217501443,78,-0.19933810339271174,-0.1434212314100888,-0.19933810339272098,-0.14342123141008156,1.1743265633455783e-14,0.00036533164515967844,0.003502999360141947
82,radial,15.748015748023622,223,772.1179595316946,131.33448181667953,114,-0.023013447542665322,0.27526986504673123,-0.02301344754268381,0.2752698650467533,2.8808877156070374e-14,0.0001788782307746764,0.0020553252049070737
82,radial,20.97617696340303,397,1374.2326025875277,173.57460630430938,150,-0.11857229968272653,0.08754806225740389,-0.11857229968278879,0.08754806225738913,6.397970992154242e-14,5.362659075705056e-05,0.001758591404496604
83,rhombus,2,4,13.923672257993925,16.343049451909625,14,0.07583760045612609,-0.021702246928867353,0.07583760045612761,-0.021702246928865465,2.4274627201766016e-15,0.0028326486066980482,0.01731763491859475
83,rhombus,4,16,55.48981363086301,34.65811392675219,30,0.011990835500947039,0.02006093075025278,0.011990835500946095,0.02006093075025398,1.5269508632971125e-15,0.00021059156201748975,0.011145953412227348
83,rhombus,7,49,169.3387055365468,61.97985859910461,54,0.05896167272607444,0.05908080315708708,0.058961672726072,0.05908080315709401,7.349677602211137e-15,0.00024645481199267564,0.005784703995114849
83,rhombus,10,100,345.73185907684433,90.11129610274865,78,-0.10395284968203056,-0.023786924558240052,-0.10395284968203927,-0.023786924558247297,1.1332877172870212e-14,0.0001542230442668943,0.0031478121895384186
83,rhombus,15,225,779.9392002089148,136.276604036052,118,0.06290016680507993,0.01602675251965663,0.06290016680510167,0.016026752519712743,6.018126524508542e-14,4.16121176249014e-05,0.002062579351697875
83,rhombus,20,400,1386.800762793935,182.64172319856777,158,-0.033336492289415265,0.10089581981476275,-0.03333649228937094,0.10089581981487085,1.168293445713553e-13,3.8311369627075935e-05,0.001601522809663641
83,radial,2.8284271247461903,7,24.325000366026256,20.98654199364404,18,-0.06391951168835508,-0.1430141888075244,-0.06391951168835606,-0.14301418880752345,1.364335476065276e-15,0.003219908085437398,0.008546663310187216
83,radial,4.69041575982343,19,65.79243697738657,34.85872957076515,30,0.14496583884581593,0.05594743964441243,0.14496583884581035,0.055947439644414364,5.905227014544119e-15,0.00118089022751812,0.005753220115205251
83,radial,7.615773105863909,55,190.5440369031792,62.13521840702815,54,-0.1383650050358156,-0.24309617072417156,-0.13836500503581745,-0.24309617072416567,6.162737906427329e-15,0.0007339910964581538,0.005074573082428028
83,radial,10.488088481701515,97,336.03461060669645,90.23001024776393,78,0.0026996393435840815,0.10165660814471639,0.002699639343580716,0.10165660814471998,4.923921449328391e-15,0.000151312461640916,0.003578067462300328
83,radial,15.748015748023622,223,772.8311994844851,131.53190379493503,114,-0.5018321466905973,0.31031401406821635,-0.5018321466905685,0.3103140140682404,3.747775672563083e-14,0.00038172997543774417,0.002206420863972536
83,radial,20.97617696340303,397,1374.9962036421628,173.75121910463852,150,0.011874588697822652,-0.14595504892425581,0.011874588697849478,-0.14595504892418254,7.803080251642849e-14,5.325007346603771e-05,0.0013703976378306607
84,rhombus,2,4,13.70821955690975,15.968123228055578,14,0.003763464727247978,-0.07042960895228152,0.0037634647272483824,-0.07042960895228192,5.703864699667691e-16,0.0025725474018295246,0.014480035501304745
84,rhombus,4,16,55.35037924718026,34.65727488404594,30,0.09121754770338963,0.03373788740429002,0.09121754770339205,0.03373788740429131,2.7380069957045974e-15,0.000878555901490172,0.009455406021008701
84,rhombus,7,49,169.43392819494449,62.70421124653747,54,0.15777898163698945,-0.08004687239652222,0.1577789816369919,-0.08004687239652385,2.932944952876816e-15,0.0005220999459161995,0.005325370115412813
84,rhombus,10,100,346.03790343427556,90.138567388287,78,-0.027387073734425282,-0.030895636067264365,-0.027387073734426125,-0.030895636067271866,7.548174748017932e-15,5.965633549952764e-05,0.0032202933591541165
84,rhombus,15,225,779.8580641508763,136.08993286600523,118,-0.11139187139646989,-0.011923879161730239,-0.11139187139648753,-0.01192387916170539,3.047219425342544e-14,7.182604833812101e-05,0.002156627088901469
84,rhombus,20,400,1387.0333335047847,182.72019178809364,158,0.05058968991293877,0.08570368902685051,0.050589689912942104,0.08570368902681061,4.003741782554471e-14,3.587550703124418e-05,0.001723696795857223
84,radial,2.8284271247461903,7,24.16957513767757,20.803655429902513,18,0.0807168616984657,0.05347569916686179,0.08071686169846647,0.05347569916686304,1.4637612725888057e-15,0.0020030114579616893,0.012477138992471134
84,radial,4.69041575982343,19,65.39674002089144,34.44493778815835,30,-0.009158245584692803,0.024257367878509906,-0.009158245584687155,0.02425736787850729,6.224636484359987e-15,0.00019824092488761438,0.007128595044786005
84,radial,7.615773105863909,55,190.33172403591686,61.82915526132469,54,0.001116010586181826,0.2503228888462425,0.0011160105861806185,0.2503228888462476,5.247804307877381e-15,0.0006576028716390907,0.005093216754369632
84,radial,10.488088481701515,97,336.2749603375301,89.80013959899806,78,0.340991913362088,0.24749347255821863,0.340991913362095,0.24749347255820478,1.5515962584006616e-14,0.0006264833320147797,0.003865731047455461
84,radial,15.748015748023622,223,772.6850357103394,131.83084269794458,114,0.47592595078293254,0.025385142800813346,0.47592595078292593,0.025385142800761196,5.2565977304916325e-14,0.00030840669208673677,0.0024470593142282026
84,radial,20.97617696340303,397,1375.3502165584523,174.0325640821536,150,0.5671032213909264,0.4264035864884257,0.5671032213909297,0.4264035864883866,3.9221525582102865e-14,0.00025794348333712586,0.0015480878449952524
85,rhombus,2,4,14.00841686355788,16.40035593728704,14,-0.06651040298953736,0.030585665340248203,-0.0665104029895376,0.030585665340247863,4.138397277988605e-16,0.002612928654925913,0.013315243223712237
85,rhombus,4,16,55.711244149990534,34.64409147959963,30,0.0629934084398438,0.10754623129324772,0.06299340843984336,0.10754623129324827,7.001065424966057e-16,0.0011185975118397577,0.006097216152218168
85,rhombus,7,49,169.33076249575603,62.37591645156575,54,0.06035633342172764,-0.02357361619858038,0.06035633342173263,-0.023573616198582576,5.457395942759668e-15,0.00019133151632374926,0.004981075331892774
85,rhombus,10,100,346.7485500787694,90.27146483109804,78,0.11500274507802022,-0.03397012011060069,0.11500274507801822,-0.033970120110598044,3.3140392648716853e-15,0.0001729134435665375,0.0027170230906151263
85,rhombus,15,225,779.7065789504924,136.59201875313607,118,0.056428134292440646,-0.033489232114084444,0.05642813429242047,-0.03348923211410289,2.7337329315813974e-14,4.207836180495325e-05,0.002285297615997199
85,rhombus,20,400,1385.6612686637613,183.25653909631728,158,0.1906273058810597,-0.08409727998311675,0.19062730588103996,-0.08409727998322195,1.070286846515256e-13,7.518192353762802e-05,0.0017774230340348494
85,radial,2.8284271247461903,7,24.2946341196086,20.704801908808726,18,0.1477450479192597,-0.040544281821954756,0.1477450479192589,-0.04054428182195656,1.9643811332260005e-15,0.0031531072379872706,0.008246667702411767
85,radial,4.69041575982343,19,65.71667349030248,34.691527242120564,30,-0.13779323325575676,0.03669563253451435,-0.13779323325575848,0.0366956325345145,1.7276034367923964e-15,0.0010849281522902785,0.004002271365672911
85,radial,7.615773105863909,55,190.64288530349077,62.42346822262372,54,-0.1754693936456082,-0.008897051560801866,-0.17546939364560998,-0.00889705156080229,1.826089607319605e-15,0.0004607956072759341,0.0043082970519815154
85,radial,10.488088481701515,97,336.05463877751737,90.21518195204865,78,0.12425421202450115,0.03986361229874785,0.12425421202449755,0.039863612298749344,3.9044768171984596e-15,0.00019415326354467035,0.003546499072234175
85,radial,15.748015748023622,223,772.4427416201577,131.55953967117193,114,-0.11045262651639254,0.05233637770260352,-0.11045262651641122,0.05233637770259969,1.9068161250023842e-14,7.911570719952613e-05,0.00254889900754284
85,radial,20.97617696340303,397,1375.2580674570047,172.89237596108688,150,-0.18489107754501788,0.04633354078119768,-0.18489107754504036,0.04633354078112993,7.13840867910345e-14,6.929908695024732e-05,0.0016513315062431178
86,rhombus,2,4,13.945284391629333,16.302915000487634,14,0.1703474035245196,-0.009396498368194374,0.17034740352452038,-0.00939649836819242,2.102224341965035e-15,0.006116991273197731,0.02127620389868071
86,rhombus,4,16,55.543724301992675,34.624919834348034,30,-0.03191685503568831,0.0016294322399911243,-0.031916855035688044,0.0016294322399941774,3.064478259317008e-15,0.0002876870572603488,0.008459631867549616
86,rhombus,7,49,170.43026315515638,62.76802260832644,54,-0.14364370259006787,0.0777164554250073,-0.14364370259007853,0.0777164554250197,1.6356137222921963e-14,0.0004791397026518173,0.0036063888180704567
86,rhombus,10,100,346.5799264072157,89.8780645662717,78,0.12690421975575727,-0.16293089964845875,0.1269042197557547,-0.16293089964845753,2.855588798222804e-15,0.00029794219845469386,0.0031381585275484123
86,rhombus,15,225,779.3669623227385,136.36410988747795,118,0.07882641254060241,0.0027190130945288354,0.07882641254063527,0.0027190130945272117,3.2902689627877485e-14,5.060087019181731e-05,0.0023477778297333073
86,rhombus,20,400,1385.877057181252,182.52560532362196,158,-0.01367327068473756,-0.12603979452126582,-0.01367327068469459,-0.12603979452126748,4.300135970983168e-14,4.573973153014261e-05,0.0017698723720628864
86,radial,2.8284271247461903,7,24.280980689159495,20.896156429875163,18,0.12092909328372903,-0.15909707508787202,0.12092909328372926,-0.15909707508786983,2.2053459793331946e-15,0.004115139545121063,0.011346781603946149
86,radial,4.69041575982343,19,65.87162923911855,34.905747611602756,30,-0.10378273735476062,-0.029987528299260505,-0.1037827373547643,-0.029987528299256695,5.294976233531723e-15,0.0008199909224797039,0.0056168849215141176
86,radial,7.615773105863909,55,191.23135766326288,62.430019849193776,54,0.1745628689526324,0.04721584765051551,0.1745628689526255,0.047215847650525306,1.1989958914393361e-14,0.00047281902385089747,0.0036743564901052838
86,radial,10.488088481701515,97,336.6600990765509,90.15194702680067,78,0.03748488350391499,0.21766324667650966,0.037484883503930595,0.21766324667651196,1.5774694360613395e-14,0.0003280272802679397,0.003484027783395668
86,radial,15.748015748023622,223,771.6743650765427,131.74696565383965,114,-0.1031474008976021,-0.5590483395796871,-0.10314740089756108,-0.5590483395797355,6.345060569597924e-14,0.0003683447025781127,0.002068996756256779
86,radial,20.97617696340303,397,1374.8290323117042,173.8596020190598,150,0.46567434179032885,-0.1753213706635196,0.4656743417904067,-0.17532137066348932,8.351014364677981e-14,0.0001809622609453715,0.0016304198540294263
87,rhombus,2,4,13.771834125161185,16.178359532410866,14,-0.0506373589906981,-0.06505355550470598,-0.050637358990696914,-0.0650535555047062,1.2071481865007263e-15,0.002993011129592556,0.015210980668246886
87,rhombus,4,16,55.54848996546126,34.45806047114798,30,0.05993534726596872,-0.1391045609205233,0.05993534726597069,-0.1391045609205194,4.381690362132801e-15,0.0013633785531800393,0.008512780691886136
87,rhombus,7,49,169.6860739239558,62.58095208780685,54,0.0353736139289782,-0.05358952349784979,0.035373613928968595,-0.053589523497836855,1.6109523546345087e-14,0.00018920704169791852,0.004620045286856122
87,rhombus,10,100,345.85749062228444,90.09048955154867,78,-0.1730370820114535,0.12861861510439193,-0.17303708201145432,0.12861861510439224,8.608703982599288e-16,0.000311693161077323,0.0035541498294060286
87,rhombus,15,225,779.2964756636156,136.36136506757398,118,-0.015264389243255572,-0.025148769075859445,-0.0152643892432558,-0.025148769075878485,1.9041701727689103e-14,1.8875190155430662e-05,0.002530243549376008
87,rhombus,20,400,1384.5356684896628,182.5610808212683,158,0.09583588266824572,0.02742476387382077,0.09583588266820828,0.027424763873809235,3.9179088054077845e-14,3.599859114100751e-05,0.001842217776155438
87,radial,2.8284271247461903,7,24.194278224833646,20.70774265789758,18,0.037493041553546824,0.02205936517212747,0.03749304155354933,0.02205936517212715,2.5251949629920277e-15,0.0008989951517876116,0.013359029696178432
87,radial,4.69041575982343,19,66.37785564409025,34.59394248454664,30,-0.0014131401746668715,-0.013388339818072088,-0.0014131401746674647,-0.013388339818069143,3.0047133259140662e-15,0.00010140966170629045,0.007644711885678552
87,radial,7.615773105863909,55,190.30967560454266,62.18579587755417,54,-0.14479799080594136,-0.18088117340759802,-0.1447979908059468,-0.18088117340758134,1.7545761272583118e-14,0.0006087422117113839,0.003947677297932684
87,radial,10.488088481701515,97,335.8931334181394,90.43403195727015,78,0.11956146833478742,-0.4306183102409892,0.11956146833479267,-0.43061831024098096,9.747582706515261e-15,0.0006652537758661734,0.0036184474591208562
87,radial,15.748015748023622,223,772.9226877520623,131.0550993019978,114,-0.24508820402448528,0.057261459768880564,-0.2450882040244848,0.05726145976887336,7.218010742343085e-15,0.0001628160920603,0.0023564493275206547
87,radial,20.97617696340303,397,1374.610239515965,174.00596820489451,150,0.4070087469807646,-0.18583097866573828,0.40700874698075357,-0.1858309786657727,3.61462855043255e-14,0.00016274619014326034,0.0017634042162137358
88,rhombus,2,4,13.75749580004088,15.881023652850384,14,0.024023612417114037,0.033081860023755794,0.02402361241711391,0.03308186002375578,1.2911750880923164e-16,0.0014858995326124287,0.01374613044759298
88,rhombus,4,16,55.624444809582855,34.50565770357475,30,-0.0013331771732874031,-0.19929223130107634,-0.0013331771732850465,-0.1992922313010741,3.257004306533991e-15,0.0017914488056215863,0.00796611795250199
88,rhombus,7,49,170.17930029666752,62.21393774266886,54,0.16624671023753423,0.05322392038907131,0.1662467102375327,0.05322392038906104,1.038240333387957e-14,0.00051286713946618,0.005254723263017495
88,rhombus,10,100,347.1013897753642,89.90807961745952,78,-0.09403791012228391,0.05216735650164203,-0.09403791012229964,0.05216735650162685,2.1867060750098705e-14,0.00015490956668269353,0.0030898866654080147
88,rhombus,15,225,778.6798734420794,136.1071978007294,118,0.05334375203592989,-0.04423795120725307,0.05334375203592692,-0.044237951207245635,8.009443532704586e-15,4.449867730974185e-05,0.002321760245812418
88,rhombus,20,400,1384.9820799999613,182.2658970876122,158,0.0747415240204381,0.08721029590809229,0.07474152402042841,0.08721029590809623,1.0457813242833015e-14,4.146484418515447e-05,0.0017215957379635102
88,radial,2.8284271247461903,7,24.45847661810163,21.04100549101976,18,0.21284708441930222,0.033315604551703126,0.21284708441930406,0.03331560455170485,2.5133742693021536e-15,0.004404171422868912,0.009781418173978228
88,radial,4.69041575982343,19,66.05680672245173,34.51806842065361,30,-0.19741060056301407,0.013371125485788712,-0.19741060056301457,0.013371125485790966,2.308124389857833e-15,0.001497672401152089,0.005721806567668368
88,radial,7.615773105863909,55,191.01664230527672,62.72186288402268,54,-0.27216238936095083,-0.01699774241553685,-0.2721623893609564,-0.016997742415545802,1.0532728973137292e-14,0.0007137929488716646,0.004646862537077418
88,radial,10.488088481701515,97,335.8320616536841,89.88479841146952,78,0.11209485859713153,0.1090395419581676,0.11209485859711482,0.10903954195815457,2.118960060680216e-14,0.00023282553427797915,0.004190889680672405
88,radial,15.748015748023622,223,772.4361075099421,132.00938492659168,114,-0.3982980673493426,0.04910044340078393,-0.39829806734937023,0.049100443400778904,2.809732165612458e-14,0.00025977106443185856,0.002234583639439099
88,radial,20.97617696340303,397,1375.0129246218967,173.35094047347735,150,9.730094515703058e-05,-0.25104746312810966,9.730094512131957e-05,-0.2510474631280546,6.563275164788916e-14,9.128913535597733e-05,0.0017321012400586843
89,rhombus,2,4,13.711830735266954,16.097453688711543,14,-0.08312574385744842,0.04667832318076087,-0.08312574385744592,0.04667832318076136,2.544786717585991e-15,0.0034763761571285487,0.016257232913853545
89,rhombus,4,16,55.259216792877,34.670827614634156,30,0.09512914692558816,0.0012462372391853493,0.09512914692559495,0.0012462372391874657,7.108587781697402e-15,0.0008608275256900552,0.00891572752763784
89,rhombus,7,49,169.63265161551027,62.45397063215179,54,0.10617351555729515,-0.07386021923989804,0.1061735155572971,-0.07386021923990116,3.677613769070831e-15,0.0003812277243795074,0.003986548186797982
89,rhombus,10,100,345.8512831486977,90.1348327953556,78,-0.026938873698993948,0.0654962204063822,-0.026938873698990444,0.06549622040637054,1.2172617794773942e-14,0.00010238489836296777,0.0028843256047552343
89,rhombus,15,225,778.837325033812,136.47842709984124,118,0.033670193153662265,-0.015573158857491831,0.033670193153654784,-0.015573158857479404,1.4505051933236304e-14,2.3815781793473012e-05,0.0020861096936460708
89,rhombus,20,400,1385.042285708284,182.19245401461677,158,-0.08007640344153133,-0.0998044780073554,-0.08007640344155277,-0.09980447800731061,4.965175752513279e-14,4.61926928325321e-05,0.0016182124361355105
89,radial,2.8284271247461903,7,24.370075330272968,20.77712680017935,18,0.03309606195755155,0.06534448601565634,0.033096061957554414,0.06534448601565704,2.948572723064749e-15,0.0015028241368833803,0.011477940720195087
89,radial,4.69041575982343,19,65.9321684834318,34.884812173589566,30,0.016546484302749853,-0.12725781846134188,0.016546484302754794,-0.1272578184613417,4.9432984063664664e-15,0.000973189774789726,0.007673942958501052
89,radial,7.615773105863909,55,190.67474460926675,62.43449930999442,54,-0.04922877348941812,-0.13608033832314775,-0.04922877348941471,-0.13608033832314437,4.808448207931291e-15,0.00037947132844937814,0.0031357518896485033
89,radial,10.488088481701515,97,335.51184023791075,90.5257634232851,78,0.3208101588561214,-0.09660880259087584,0.3208101588561228,-0.0966088025908685,7.471368422258006e-15,0.0004992982077629302,0.0030057006643203123
89,radial,15.748015748023622,223,771.7949265048957,131.49520097691385,114,0.04245185695552012,0.1448109067790679,0.042451856955477305,0.14481090677905503,4.4708040292768356e-14,9.776245403711315e-05,0.0021564743116105614
89,radial,20.97617696340303,397,1375.3646069970625,172.70221171441833,150,0.41121342191831545,0.07149195843226737,0.41121342191832283,0.07149195843227209,8.761974082085712e-15,0.00015173496964766288,0.0014007167725043116
90,rhombus,2,4,14.03545170985422,16.285053365595928,14,0.012803121120373184,-0.12512798629617883,0.012803121120374798,-0.1251279862961797,1.8283985436795547e-15,0.004480842241667644,0.00990888361884618
90,rhombus,4,16,55.34099230013901,34.879156653482404,30,0.08971405569364199,0.037977293810268584,0.08971405569364876,0.03797729381026191,9.509120561542634e-15,0.0008801900508216946,0.006736662270660315
90,rhombus,7,49,169.5588244561093,62.34671148191991,54,0.1143921060176587,0.04117485377194002,0.11439210601766563,0.04117485377193203,1.057608535948621e-14,0.00035850925977958176,0.004440439014205596
90,rhombus,10,100,346.52537086489644,90.05943214906412,78,-0.07334421129142621,-0.013794860593442676,-0.07334421129140531,-0.013794860593423962,2.805403729957881e-14,0.00010768364763925072,0.0032986758975052047
90,rhombus,15,225,778.5331256121212,136.12181279189053,118,0.02923845019209237,-0.013175855468063977,0.029238450192143356,-0.013175855468059723,5.1164108648858206e-14,2.059647855281061e-05,0.0023658018020864323
90,rhombus,20,400,1385.2178006270442,182.51071758376318,158,0.05111778489424701,0.015713439067500626,0.05111778489422884,0.015713439067474508,3.181437074559609e-14,1.9303248834384536e-05,0.001515234858214888
90,radial,2.8284271247461903,7,24.272038233259465,20.698671496669977,18,0.0033286239616296953,0.06577451168146918,0.003328623961630684,0.0657745116814655,3.808221817041347e-15,0.001356678049681826,0.007846802156267561
90,radial,4.69041575982343,19,65.78448120149689,34.63368850090926,30,0.021954667506255632,-0.03718740745299666,0.021954667506258484,-0.037187407453005514,9.30199296558064e-15,0.0003282279576825903,0.005613082419120862
90,radial,7.615773105863909,55,190.58177857517163,62.68726014712428,54,0.29692689573197706,-0.2127649734152834,0.29692689573198383,-0.21276497341529788,1.599308925924507e-14,0.0009583468505469381,0.003806084151845983
90,radial,10.488088481701515,97,336.17935147761915,90.16091211509885,78,0.13417307903063147,-0.679495553134354,0.13417307903066206,-0.6794955531343605,3.1280176613096214e-14,0.0010301283812310178,0.003528366024402276
90,radial,15.748015748023622,223,772.209586579577,131.5848108048656,114,-0.03198511338406185,0.30117060743684976,-0.03198511338403104,0.3011706074368716,3.7750603176119825e-14,0.00019610239372852868,0.002478421345346185
90,radial,20.97617696340303,397,1375.1427951828255,173.37771279658335,150,-0.10185195114429035,0.5015816022050954,-0.10185195114427885,0.5015816022051056,1.5384559038417112e-14,0.00018609640188735016,0.0017461532230610194
91,rhombus,2,4,14.10983505140603,16.34500982578401,14,0.04848378939414433,0.020337465524210625,0.04848378939414208,0.0203374655242104,2.259483820177484e-15,0.0018631160000273867,0.015430361547060555
91,rhombus,4,16,55.60085414909253,34.71483941285711,30,-0.04367163594214052,0.06636373463925002,-0.043671635942142704,0.06636373463924831,2.7733101848078655e-15,0.0007144139338730911,0.007848390644549907
91,rhombus,7,49,169.9755261857676,62.37378390234346,54,-0.26452148442732515,-0.14722317023219955,-0.2645214844273289,-0.14722317023220477,6.44025056052352e-15,0.0008905145607041593,0.006190081765403403
91,rhombus,10,100,346.2631461050627,90.1433292351251,78,0.16454457602276706,0.04274799347383737,0.16454457602274591,0.0427479934738349,2.1293519743981016e-14,0.0002454878483597536,0.00343903615150676
91,rhombus,15,225,779.824484195113,135.98004443594547,118,0.019498260555560698,0.06035124275366563,0.01949826055551967,0.06035124275363104,5.366497390104871e-14,4.0664807131533595e-05,0.002345717457502356
91,rhombus,20,400,1386.7768050462141,182.59349342313425,158,0.052850415251145755,0.08314779302815214,0.05285041525104332,0.08314779302810604,1.1232853679603788e-13,3.55221896245643e-05,0.0016387483274759528
91,radial,2.8284271247461903,7,24.13127094819138,20.72286202124679,18,0.05912780826224395,0.1159953785282963,0.05912780826224226,0.1159953785282959,1.7402657376242653e-15,0.002697663634941142,0.009412197533301843
91,radial,4.69041575982343,19,66.10804758157637,34.58683908296477,30,-0.07374328896160032,-0.1261654392898614,-0.0737432889616026,-0.12616543928986212,2.3876248941963683e-15,0.0011052830287871633,0.0067466683074979515
91,radial,7.615773105863909,55,190.4803144237956,61.96188356536108,54,0.056896070192087755,0.024210069278007146,0.05689607019207781,0.024210069278002507,1.0972191123197986e-14,0.0001623074819555093,0.0049421322570164725
91,radial,10.488088481701515,97,336.3091286790138,90.15675355641604,78,-0.17126356607346382,-0.05683386644378774,-0.17126356607347154,-0.056833866443797204,1.2211349306040104e-14,0.00026827623279645536,0.0034388867521280104
91,radial,15.748015748023622,223,772.2873989085672,132.51774577262861,114,0.009104447253714287,-0.08766464590587386,0.009104447253653867,-0.08766464590589297,6.337040440143488e-14,5.706175645189591e-05,0.002324415171758878
91,radial,20.97617696340303,397,1374.5457848797146,173.5992450360552,150,-0.07942092488951769,-0.03182127797718021,-0.0794209248896223,-0.03182127797720767,1.0815586506530671e-13,3.1122505529597585e-05,0.001600882682425393
92,rhombus,2,4,13.615366186844911,16.03011761312506,14,-0.11745556867289508,-0.025971334601604168,-0.11745556867289567,-0.025971334601602423,1.839896491738488e-15,0.00441753255032811,0.021028491632974145
92,rhombus,4,16,55.409004102818386,34.62787314390478,30,-0.13011929719656434,0.0356219499958392,-0.13011929719657112,0.035621949995836476,7.30077495319038e-15,0.001217376222374361,0.007456637086920655
92,rhombus,7,49,169.63005102350152,62.281945396951926,54,0.12103234597504198,0.002670354169084607,0.1210323459750271,0.002670354169072006,1.9496429885699534e-14,0.00035684066551243214,0.004501144615008742
92,rhombus,10,100,345.69206972635806,90.08156097694201,78,-0.012425094207772602,0.02480921971389058,-0.012425094207794807,0.024809219713876736,2.6166186174830247e-14,4.013212947836935e-05,0.0030320775703501033
92,rhombus,15,225,779.4172358659893,136.31677691604014,118,0.1309526960328813,0.05784319108735257,0.13095269603286974,0.05784319108734144,1.603727150662842e-14,9.183707908840098e-05,0.0022816001288471915
92,rhombus,20,400,1385.7122095059174,182.43273474842482,158,-0.05326320049997468,0.06626412318180373,-0.05326320050000574,0.06626412318173798,7.27191949562592e-14,3.067630909122346e-05,0.0018950193547716254
92,radial,2.8284271247461903,7,24.257264225972836,20.65647291619196,18,0.16871960232664884,0.09411130158721515,0.16871960232664762,0.09411130158721419,1.5518941315232294e-15,0.003982152262153744,0.014556914232347775
92,radial,4.69041575982343,19,65.65782257176306,34.57891450538653,30,-0.06089067377841406,0.0549993739696979,-0.06089067377842211,0.05499937396969409,8.905066738008932e-15,0.0006248490377139022,0.006456406140615927
92,radial,7.615773105863909,55,190.12637215149365,62.21401353122298,54,0.051019175749573265,0.08668683978636868,0.05101917574956092,0.08668683978636052,1.479761546828857e-14,0.0002645243363635496,0.003864746442109996
92,radial,10.488088481701515,97,336.12556931083986,89.44734009270171,78,-0.0567377385330623,0.24935123971850384,-0.05673773853308382,0.24935123971849316,2.40310275772283e-14,0.0003804008061354507,0.0035304631320624918
92,radial,15.748015748023622,223,772.3801343507304,131.29474569730058,114,-0.3294145482141331,0.03261109930936357,-0.3294145482141514,0.03261109930935604,1.98054375230532e-14,0.0002142887942229999,0.0023663267560478174
92,radial,20.97617696340303,397,1375.201223837677,173.78899851284328,150,0.12883585594462055,0.23201029023566605,0.12883585594462094,0.23201029023567335,7.31005145241593e-15,9.648831983114813e-05,0.0015756098043330667
93,rhombus,2,4,13.997286882564318,16.33953401562933,14,0.046124492150614316,-0.08558935238055086,0.0461244921506138,-0.08558935238055237,1.5974533408876416e-15,0.00347305057565701,0.015896099834953464
93,rhombus,4,16,55.65576958049784,34.70638046807711,30,0.017277789212926553,0.13278945343814452,0.01727778921292642,0.13278945343814025,4.276391392539178e-15,0.0012030089553499098,0.007740305917022733
93,rhombus,7,49,169.77341120902162,62.337204288429824,54,0.029698122938329075,-0.06560086076065957,0.029698122938344146,-0.06560086076066847,1.7500748824465485e-14,0.00021207702141485407,0.005084185487810546
93,rhombus,10,100,346.60606962187734,90.20865362620125,78,0.005148779512113677,0.0009607216306765365,0.005148779512129682,0.0009607216306503387,3.069967929899338e-14,7.555615200087218e-06,0.0030617341153636696
93,rhombus,15,225,778.5127577026528,136.40985010556483,118,-0.0934384247077138,0.12952427330926244,-0.09343842470770745,0.1295242733091943,6.843445056054535e-14,0.00010257376960278876,0.0023485803583782263
93,rhombus,20,400,1385.3646275924596,182.5703361889548,158,0.14399857152853945,-0.03767576250122649,0.14399857152855206,-0.037675762501308774,8.324070771193713e-14,5.372077797710348e-05,0.0015287285939087473
93,radial,2.8284271247461903,7,24.55898747819337,21.038672402397207,18,0.0635412796466075,0.0028672988565836693,0.06354127964660827,0.002867298856583385,8.275921921288956e-16,0.001294962591648278,0.011969481812780274
93,radial,4.69041575982343,19,66.12963536680054,34.81126687968057,30,-0.12371071201191164,0.07748474980750503,-0.12371071201190685,0.07748474980750074,6.427468620310241e-15,0.0011036910754034326,0.007422991262665091
93,radial,7.615773105863909,55,190.5030929523373,62.17751769161992,54,-0.28199791324151313,-0.023530920080704842,-0.2819979132414999,-0.023530920080712933,1.5492192921551688e-14,0.0007427122524241121,0.003410751919230406
93,radial,10.488088481701515,97,336.4964065725137,89.94994113847356,78,-0.2860281538255167,-0.10544510351242128,-0.2860281538255075,-0.10544510351243558,1.7006921787204683e-14,0.00045296990859351776,0.004046794437416644
93,radial,15.748015748023622,223,772.33182006327,131.63620519161253,114,-0.39290797879670647,0.037093938213758504,-0.39290797879668654,0.03709393821370895,5.340797041098451e-14,0.000255495811344914,0.002089059877598101
93,radial,20.97617696340303,397,1374.5032229244116,173.31047511375252,150,-0.2451235719238185,-0.19438596048360962,-0.2451235719238138,-0.19438596048364054,3.12776644438652e-14,0.00011380262799829282,0.0015648547103047877
94,rhombus,2,4,13.852402865581686,16.148498854972935,14,-0.05978493948468211,-0.15208109277275078,-0.05978493948468138,-0.15208109277275236,1.7417729463530497e-15,0.005898262372069685,0.015081381579329105
94,rhombus,4,16,55.18332852488028,35.08386325378334,30,-0.07910423241364617,0.0487850018697194,-0.07910423241364392,0.048785001869718854,2.3140664998272805e-15,0.00084208326326083,0.0066622562929098674
94,rhombus,7,49,169.59216027535476,62.40604302226544,54,0.00245509085290907,-0.048140357408585355,0.0024550908529171593,-0.048140357408584564,8.128033205931311e-15,0.0001421142338669287,0.0053567650337647535
94,rhombus,10,100,347.0919095993,90.21609998318945,78,0.03576276575606796,0.24057182527622234,0.03576276575607256,0.24057182527622775,7.103370463888159e-15,0.0003503618082197313,0.0031632497083823653
94,rhombus,15,225,779.9454516332651,135.90237637283977,118,-0.08296203565390714,0.06320803900752048,-0.08296203565386165,0.06320803900750674,4.752080402838212e-14,6.68620079094223e-05,0.002359993281846023
94,rhombus,20,400,1385.7629011490908,182.66144567024926,158,0.03580829870448943,-0.15613185926573198,0.035808298704477146,-0.1561318592657514,2.298534135420154e-14,5.779686103344756e-05,0.001734909862366878
94,radial,2.8284271247461903,7,24.378140716111453,20.91509432869862,18,0.13011560408142886,0.11076348190777927,0.13011560408142872,0.11076348190777661,2.6542879138411018e-15,0.003504697856707589,0.014103361347533245
94,radial,4.69041575982343,19,65.75370599754527,34.946193668120635,30,-0.02585184516814243,-0.01745940461674679,-0.025851845168142415,-0.017459404616750714,3.923969043321627e-15,0.0002372134850739077,0.006300758696012076
94,radial,7.615773105863909,55,190.76911236865786,62.20206367313138,54,0.18188140838277178,0.12281386755253483,0.18188140838277536,0.12281386755253745,4.438397732984826e-15,0.0005752063045851385,0.0047866166265499895
94,radial,10.488088481701515,97,336.36934541582275,89.85619847177996,78,-0.18576072671252541,-0.20132526427309785,-0.18576072671252086,-0.20132526427308509,1.3554727411742048e-14,0.00040718976357789944,0.0033847492841136426
94,radial,15.748015748023622,223,772.685137579542,130.99314217084307,114,0.09012819942774541,0.0631018607722541,0.0901281994277761,0.06310186077223509,3.60967129947953e-14,7.119487228331186e-05,0.00215068679732604
94,radial,20.97617696340303,397,1375.8680492758692,173.3039312255017,150,-0.22409637144189976,0.21865277649439185,-0.22409637144188976,0.21865277649435483,3.835049261173346e-14,0.00011378074630427558,0.0017287077281181976
95,rhombus,2,4,13.936556613047012,16.09797837022602,14,-0.026519402164981276,0.06238888844460433,-0.02651940216498095,0.06238888844460461,4.282483846487626e-16,0.0024321373254787026,0.02110516871954402
95,rhombus,4,16,55.73400368545157,34.487316105911354,30,0.04238624104344968,0.13989554820143502,0.04238624104345148,0.13989554820143826,3.711529963299873e-15,0.001311369787934953,0.0090850881956907
95,rhombus,7,49,169.63567666677264,62.04797909034019,54,-0.004483609812191869,-0.1305128227860265,-0.004483609812186221,-0.1305128227860288,6.099994220532802e-15,0.00038491258776616994,0.004832602348921866
95,rhombus,10,100,347.2541076725318,90.38780672650506,78,-0.010739804179111356,0.10301633043335587,-0.010739804179099416,0.10301633043335237,1.2441722299204378e-14,0.00014913379829786582,0.003383351053615563
95,rhombus,15,225,779.2997836106558,136.15316347092735,118,-0.03241806798182356,0.04647077464554644,-0.032418067981810836,0.04647077464558383,3.949328019153213e-14,3.635376142293136e-05,0.002150295613585944
95,rhombus,20,400,1385.0353288357503,182.388877997104,158,-0.04579053080335216,-0.050376908022912406,-0.04579053080328766,-0.05037690802291646,6.462419583959741e-14,2.4576245845475277e-05,0.0017313857465950575
95,radial,2.8284271247461903,7,24.606722038693306,20.96433013527637,18,0.28751411776318525,-0.0017665353484219298,0.28751411776318714,-0.0017665353484202194,2.547115220052327e-15,0.005842296755451086,0.013738553764514688
95,radial,4.69041575982343,19,65.95177070818306,34.76193905468129,30,-0.08021275843688125,0.176092372861438,-0.08021275843687452,0.17609237286144322,8.516496597698947e-15,0.001466988142818955,0.007139479320472827
95,radial,7.615773105863909,55,191.07601915564211,62.85189333890155,54,0.09204434947489215,-0.1270659491523453,0.09204434947489723,-0.12706594915234543,5.081165856619672e-15,0.0004105721410375358,0.0047531767792295685
95,radial,10.488088481701515,97,336.1522889602215,89.9971602508356,78,0.2846432543914901,0.1666131160252984,0.28464325439150134,0.1666131160252956,1.1612217698195442e-14,0.0004905823029603852,0.0035404193229404677
95,radial,15.748015748023622,223,772.3531571289952,132.41074039668106,114,0.27266445099017167,-0.07416503145532681,0.27266445099016406,-0.07416503145530551,2.2619214728263843e-14,0.0001829286060980262,0.0022526823754723813
95,radial,20.97617696340303,397,1375.4123591919197,173.0770013560151,150,-0.08273266823242054,0.0040474220575770214,-0.08273266823240613,0.004047422057567246,1.7408677491878355e-14,3.0111555955904506e-05,0.0016422867428952112
96,rhombus,2,4,14.03883063879993,16.333828033825732,14,0.057182783606517074,-0.10111927241896013,0.05718278360651739,-0.10111927241895999,3.480531475248531e-16,0.004137377609949573,0.01245375181829449
96,rhombus,4,16,55.35783955886741,34.90240193359068,30,0.019764636247229905,0.0024341844816039016,0.019764636247236303,0.002434184481610105,8.91133376083058e-15,0.00017986582948904966,0.00700381115155039
96,rhombus,7,49,169.33301166638128,62.45101198319111,54,0.10404598864535997,-0.05786444572019184,0.1040459886453627,-0.057864445720198984,7.652112026831735e-15,0.0003515381551203961,0.00395635517485435
96,rhombus,10,100,346.14284847434317,90.17060498987506,78,0.01489267261937588,-0.024282976896574673,0.014892672619385264,-0.024282976896579624,1.0610697594012767e-14,4.114781434524138e-05,0.0026301331069224668
96,rhombus,15,225,779.1716328855318,136.46510823384395,118,0.007348576004979623,-0.013050835797291993,0.007348576004959388,-0.013050835797301093,2.218769924474924e-14,9.611176786185514e-06,0.001868745073542037
96,rhombus,20,400,1385.2108330028134,182.4408927635186,158,0.2188450084044078,-0.015625104150545382,0.21884500840431614,-0.015625104150473308,1.1659428051837756e-13,7.919447891900141e-05,0.0017425389859316272
96,radial,2.8284271247461903,7,24.599512040175966,20.92483511011021,18,-0.057730103297081836,0.1565017152146606,-0.05773010329708082,0.15650171521466072,1.0191437675853375e-15,0.0033905129208647734,0.01009280568620085
96,radial,4.69041575982343,19,65.98864144363803,34.66508102045039,30,-0.0029765543340993794,-0.07465718072824261,-0.002976554334096451,-0.07465718072824021,3.7866275808379906e-15,0.0005661314780485912,0.00486199816298161
96,radial,7.615773105863909,55,190.43301069180782,62.527903734128465,54,0.0001473367891713373,0.00957321553780825,0.00014733678917813742,0.009573215537804363,7.832901968466713e-15,2.5138365535941175e-05,0.0028390387281950883
96,radial,10.488088481701515,97,335.8818117711482,90.37371114872788,78,0.35878730164210815,0.1338817024414811,0.3587873016421127,0.13388170244147377,8.626225714372465e-15,0.0005700703547383668,0.0035231189477910162
96,radial,15.748015748023622,223,772.1737073326514,131.5287658815688,114,-0.07941928561647593,-0.0831139858325014,-0.07941928561648512,-0.08311398583249961,9.359896595329393e-15,7.443795848650178e-05,0.0023175285826186305
96,radial,20.97617696340303,397,1374.9418529560976,173.7024404366838,150,0.13118416712646797,-0.2195160909105796,0.1311841671264402,-0.21951609091058052,2.777068441430044e-14,9.299578329111447e-05,0.0017255830747283673
97,rhombus,2,4,13.927252170661022,16.03378264249405,14,-0.02238660321650654,-0.0715525471869422,-0.022386603216504514,-0.07155254718694334,2.3238561840315783e-15,0.00269158772004272,0.019914626183919707
97,rhombus,4,16,55.40445979950639,34.91778107504031,30,0.023487152681362033,0.044485261642123464,0.023487152681367217,0.044485261642121104,5.695006022623553e-15,0.00045397896552389695,0.008132822510996297
97,rhombus,7,49,169.5492134530411,62.239389820378285,54,-0.09017273530873737,-0.15645327018520222,-0.09017273530873705,-0.15645327018520014,2.1059971673602427e-15,0.0005325265766274626,0.004333390198903417
97,rhombus,10,100,347.34434067836986,89.82440900850713,78,0.06624192509816185,0.05701335450993553,0.0662419250981586,0.057013354509934513,3.4017569094294063e-15,0.00012580973616883667,0.003481057203818787
97,rhombus,15,225,779.2931408792139,136.71921246420823,118,-0.043250595355486254,0.056914076820739706,-0.04325059535550448,0.05691407682073312,1.9381425015349252e-14,4.58640299544745e-05,0.0024691049274866944
97,rhombus,20,400,1385.0171361722348,182.47566199847358,158,0.06313440521007818,-0.043893064059062264,0.06313440521012188,-0.0438930640590743,4.532726419543667e-14,2.7758911021792694e-05,0.0019824141783400273
97,radial,2.8284271247461903,7,24.24012835532664,20.63716297080794,18,0.04230150432120139,0.11969266712363025,0.042301504321203706,0.11969266712362936,2.481952241104283e-15,0.002618547007642641,0.015509573993870302
97,radial,4.69041575982343,19,65.82500631713657,34.87218503967721,30,-0.09891598781785271,-0.11573827384788268,-0.0989159878178455,-0.11573827384788138,7.333409670480125e-15,0.001156466865330547,0.005036047403032007
97,radial,7.615773105863909,55,190.7224343585771,62.347387020792794,54,0.13981039724774025,0.07581919578737961,0.13981039724774305,0.07581919578738204,3.7090059314813165e-15,0.0004169556246154798,0.004146554967538341
97,radial,10.488088481701515,97,336.57620674231407,90.28114280523155,78,0.24177938596471815,-0.2913220336963347,0.24177938596472717,-0.2913220336963258,1.2659250794279331e-14,0.0005624044886686001,0.003573582334859724
97,radial,15.748015748023622,223,772.2204291876843,131.23253376844687,114,0.13478373914711472,-0.49270067616755364,0.13478373914710462,-0.4927006761675565,1.0492194985853741e-14,0.00033073709870790784,0.0023860999061397267
97,radial,20.97617696340303,397,1374.8346514692644,173.4852355342289,150,0.01900085938904672,0.006403721477273444,0.019000859389070774,0.006403721477276662,2.4267968054410343e-14,7.2921288230649895e-06,0.0016154250742941192
98,rhombus,2,4,14.196138451085583,16.390403158289217,14,0.17699117259598784,0.07472757518680356,0.17699117259598907,0.07472757518680506,1.9333506759164896e-15,0.0067666280496742545,0.015117884988052385
98,rhombus,4,16,55.57753725936939,34.572005839328824,30,0.039228430441247575,0.027952120298526922,0.039228430441253063,0.027952120298532862,8.087360473703202e-15,0.00043334376727564606,0.006970611024023438
98,rhombus,7,49,169.96253708484582,62.53638762430347,54,-0.03230319582553687,-0.025226043869684328,-0.032303195825523164,-0.025226043869671127,1.9028430019379694e-14,0.00012057354185746779,0.0048385657401004145
98,rhombus,10,100,346.2085971298358,90.32085398280078,78,-0.00398084160784018,0.09785077887759741,-0.00398084160782089,0.0978507788775943,1.9538998711398063e-14,0.00014143456006180177,0.00325378042022525
98,rhombus,15,225,778.2911881126133,136.23636985722152,118,0.014126064001946048,-0.055568544125879984,0.014126064001974675,-0.0555685441258892,3.007298866404425e-14,3.683449723181702e-05,0.0020629856667063965
98,rhombus,20,400,1386.5226488008127,182.64701896038844,158,-0.07188061530599077,-0.06120988951678398,-0.07188061530590602,-0.06120988951673356,9.861448797728527e-14,3.40460335936138e-05,0.0016267594915187983
98,radial,2.8284271247461903,7,24.45276866998136,21.00956979244303,18,-0.06580335766043222,0.09838097548284522,-0.06580335766042678,0.09838097548284651,5.59109530470842e-15,0.002420159310250046,0.009038678383637408
98,radial,4.69041575982343,19,65.9560307050137,34.633536504663354,30,-0.04618942788643565,0.07245426099308025,-0.04618942788642924,0.07245426099308531,8.171047716729959e-15,0.000651379930687966,0.005696959387262463
98,radial,7.615773105863909,55,190.55126606776457,62.73501121551196,54,0.16947926169996164,-0.23609631250035779,0.1694792616999685,-0.23609631250034674,1.3001139440646525e-14,0.000762598170629746,0.005034741911933692
98,radial,10.488088481701515,97,335.9070750276083,90.47777494729328,78,0.0070549243430608755,0.2395835590422557,0.007054924343078882,0.23958355904226117,1.8818312249734196e-14,0.00035677636192813324,0.0038839727912335477
98,radial,15.748015748023622,223,772.0501637445664,131.1894031029377,114,0.41440390109257885,0.21842963898850487,0.41440390109262,0.21842963898848405,4.610120064768019e-14,0.0003033782631755432,0.0023437219298315945
98,radial,20.97617696340303,397,1375.1734546683,174.28785958900272,150,-0.20007913490749285,0.0733494705303846,-0.200079134907401,0.07334947053039009,9.200747250291978e-14,7.748130133357441e-05,0.0015142785781103313
99,rhombus,2,4,13.784036664706582,16.1790694282127,14,-0.019279374511879332,0.09855685135546101,-0.019279374511879,0.09855685135545997,1.092826225213563e-15,0.003642794784200652,0.01521517303101646
99,rhombus,4,16,55.48690447725082,34.51833531879323,30,0.059147557554013463,0.14682349729199806,0.05914755755401288,0.14682349729199556,2.565101764453908e-15,0.001426368293154601,0.00725101644240762
99,rhombus,7,49,169.74843725459542,62.51695564382018,54,0.03100954323495797,0.03051735417039929,0.031009543234961752,0.030517354170396874,4.486889684727859e-15,0.0001281528098553695,0.005942811033077866
99,rhombus,10,100,346.5894814744266,90.16044827320141,78,-0.15916384530679295,0.12453405558132244,-0.15916384530676958,0.12453405558130942,2.6751033427439122e-14,0.00029154620027389063,0.0038380477020335127
99,rhombus,15,225,779.6775742549494,136.13900373803568,118,-0.020088268359164108,0.08689055198206902,-0.020088268359117034,0.08689055198202755,6.273283247635122e-14,5.7191868171111256e-05,0.002225032810193051
99,rhombus,20,400,1386.5815940785856,182.40087073154288,158,-0.07478834916982713,-0.12440670050633498,-0.07478834916977686,-0.12440670050642619,1.0413896779384817e-13,5.2343189603221954e-05,0.0017213607229349655
99,radial,2.8284271247461903,7,24.41346520114172,20.67146553833902,18,-0.0407020855760889,-0.1511848411175155,-0.04070208557608744,-0.15118484111751804,2.9159540653918414e-15,0.0032065896076873272,0.007175299292224024
99,radial,4.69041575982343,19,65.96570137226472,34.99471802902566,30,-0.048211887119503416,0.07482897603916608,-0.04821188711950026,0.07482897603916217,5.0282856380842405e-15,0.000674710584797744,0.004689423926741968
99,radial,7.615773105863909,55,190.25962987414405,62.6960355834227,54,-0.3732221020661637,-0.023803944443292924,-0.37322210206615586,-0.02380394444329259,7.834155648426762e-15,0.0009828160460281753,0.004689693808855523
99,radial,10.488088481701515,97,336.71827178285935,89.7838639145796,78,0.011661755924782469,-0.15396984934335844,0.011661755924792738,-0.15396984934336783,1.390950394447175e-14,0.00022928790094025456,0.0038386872203323404
99,radial,15.748015748023622,223,773.5341184610904,132.99071253022376,114,0.07282963966247147,0.06111305224992522,0.07282963966252154,0.06111305224990467,5.4125196103407194e-14,6.145394965417699e-05,0.002285245855736399
99,radial,20.97617696340303,397,1375.223851003726,173.06180938479687,150,0.11061666564749606,0.2662629108644353,0.11061666564752116,0.26626291086437937,6.13289967947954e-14,0.00010482881638651828,0.0014693198568185265
100,rhombus,2,4,13.808177020137931,16.04649376399187,14,-0.02191320418452891,0.006500064319065579,-0.021913204184531205,0.006500064319065177,2.3283504764147005e-15,0.0008276593013802737,0.019491255757399576
100,rhombus,4,16,55.59941695587169,34.938867626355886,30,0.003367272075268879,-0.08212213803346716,0.003367272075265511,-0.08212213803346521,3.888189188618579e-15,0.0007391367395566129,0.009297648101029333
100,rhombus,7,49,169.66400731812737,62.43168870077867,54,0.0025590144933493875,0.05635757081609609,0.002559014493361194,0.056357570816097706,1.1916711927046718e-14,0.00016625694531877876,0.004822894527284017
100,rhombus,10,100,346.98202543734703,90.22698627975446,78,0.09338570016201464,-0.06444693882148733,0.09338570016201156,-0.06444693882146467,2.287088482951028e-14,0.0001635026466360284,0.003151386748276126
100,rhombus,15,225,779.0756631947253,136.20295676114827,118,0.10188090936902894,0.0431366915519347,0.10188090936904337,0.04313669155193768,1.4738086509206457e-14,7.100514789410248e-05,0.002383527724193354
100,rhombus,20,400,1386.3553066843529,182.74789284740737,158,0.09947467636336338,0.053084777900567995,0.09947467636334947,0.05308477790052611,4.413120812153854e-14,4.0665206142531896e-05,0.00163338190090163
100,radial,2.8284271247461903,7,24.358882943947986,20.597322446827658,18,-0.02690538583325841,-0.0526842669340485,-0.02690538583325818,-0.052684266934047895,6.456527986949466e-16,0.0012142765446666102,0.01588783736544913
100,radial,4.69041575982343,19,65.95201728964769,34.68601040998174,30,-0.026625101201096957,-0.119012810946719,-0.02662510120109635,-0.11901281094671468,4.372231407309199e-15,0.0009245713017634686,0.005567458836436791
100,radial,7.615773105863909,55,190.17474083091147,62.446659114904435,54,0.12789637669929244,-0.22959589457856527,0.12789637669930265,-0.2295958945785569,1.3213169966916955e-14,0.0006909831007791603,0.004761617301417512
100,radial,10.488088481701515,97,336.66272949910194,90.77307107175027,78,0.019626233127055137,-0.28210786137278004,0.0196262331270712,-0.28210786137276533,2.1781523964281445e-14,0.0004199896672098659,0.0033628008973795986
100,radial,15.748015748023622,223,773.216592909007,132.31717775853355,114,0.2834702684465342,-0.011819525718895121,0.28347026844654055,-0.011819525718889397,8.533341584723682e-15,0.00018346513542213098,0.001987284694150156
100,radial,20.97617696340303,397,1374.3457675798259,173.1267795028065,150,0.3944301528963572,-0.02247270604547308,0.3944301528963019,-0.02247270604549819,6.07247122302528e-14,0.00014373014276977575,0.001589429639086616
101,rhombus,2,4,13.933391338716232,16.217846075077713,14,0.05538422431089396,-0.08488371876687839,0.05538422431089272,-0.08488371876687964,1.7614543106922888e-15,0.003637094493988533,0.01090079693186703
101,rhombus,4,16,55.34585179818288,34.62732244151984,30,0.07319281800247346,0.0035904472545335575,0.07319281800247354,0.003590447254529769,3.789550980040171e-15,0.0006620263918030854,0.008862103407959667
101,rhombus,7,49,169.54038693212965,62.40795985996263,54,0.08263609280331519,0.016405365901253854,0.08263609280332274,0.016405365901251974,7.780183540788846e-15,0.0002484623249046532,0.004301272881537193
101,rhombus,10,100,346.25103664365434,90.1618553596916,78,-0.0032426857718363955,-0.17663079826088862,-0.0032426857718204365,-0.17663079826089137,1.6193850946139757e-14,0.00025510473986464343,0.0029026852631676156
101,rhombus,15,225,779.2718021552339,135.824014047745,118,0.11376397455118026,-0.10534370913424562,0.11376397455121402,-0.10534370913427905,4.751550670482675e-14,9.948190884638333e-05,0.00217913985286664
101,rhombus,20,400,1385.1731740644689,182.38837328950723,158,-0.12962925193708763,0.036102694134791266,-0.12962925193702665,0.036102694134784175,6.138997044205151e-14,4.8572555321740966e-05,0.00186017683566276
101,radial,2.8284271247461903,7,24.341174937335943,20.863663228432266,18,-0.07269485341815596,0.00632500296219396,-0.07269485341815769,0.006325002962192934,2.0150297304307764e-15,0.001498890180727759,0.007104629297528307
101,radial,4.69041575982343,19,65.7807503128574,34.697668145505205,30,0.05871658826931281,0.0694562273792771,0.05871658826931519,0.069456227379275,3.180292729324239e-15,0.000691307601274332,0.00789109909544888
101,radial,7.615773105863909,55,190.01143140069823,62.2045886383106,54,-0.07692026665681384,-0.04982055610404973,-0.0769202666568041,-0.0498205561040608,1.4744522583000923e-14,0.0002411566755803402,0.004217487480217462
101,radial,10.488088481701515,97,335.5714059817077,90.45377248339057,78,-0.2343652599973014,-0.31646283619319493,-0.23436525999729493,-0.316462836193194,6.535539327907079e-15,0.0005867553719972595,0.0033073152899611357
101,radial,15.748015748023622,223,772.6086070503151,131.98614628975437,114,-0.3067290201895121,0.3433111441289175,-0.3067290201894868,0.3433111441289046,2.8400885119807173e-14,0.00029793552432506675,0.001947293704102093
101,radial,20.97617696340303,397,1375.8686036857189,173.42816403931454,150,-0.24742341799149914,0.17502312051554925,-0.24742341799141881,0.1750231205154886,1.0064778326908571e-13,0.00011013770679154668,0.0017063545385563614
102,rhombus,2,4,13.407322281714716,15.785912787605376,14,-0.07301555189641906,0.07343387201797134,-0.07301555189642056,0.07343387201797019,1.8902851176004215e-15,0.003861912208613569,0.011686599297001072
102,rhombus,4,16,55.15122915887447,34.31582838892216,30,-0.10617607621538916,-0.11796345190782093,-0.1061760762153954,-0.11796345190782108,6.246870026354688e-15,0.0014388581738330839,0.008854873526408936
102,rhombus,7,49,169.51167688599173,62.804723472498544,54,0.16155359734293429,0.025589622775537557,0.16155359734292785,0.025589622775532932,7.927989950903776e-15,0.0004824673628495584,0.004662099904001685
102,rhombus,10,100,346.0316098375223,90.29564175673575,78,0.08876149603868866,0.14881183172111467,0.08876149603868361,0.14881183172108198,3.308399415079709e-14,0.0002503717682932153,0.0034437306872936706
102,rhombus,15,225,779.5195220486423,136.32869655018374,118,-0.05052145406787245,0.0812691833297299,-0.05052145406787677,0.0812691833296813,4.8791280380653997e-14,6.137929941058897e-05,0.0024800923068690633
102,rhombus,20,400,1385.9879563723466,182.29280411947136,158,0.1052768935769901,0.039632075815083656,0.105276893576939,0.03963207581506857,5.327822274610006e-14,4.0581041497906494e-05,0.001748958468144575
102,radial,2.8284271247461903,7,24.06909843409774,20.65279430629845,18,-0.019891407961169172,0.0553505697781454,-0.019891407961171066,0.055350569778144794,1.9881838230801453e-15,0.0012218212232859402,0.01109142825515844
102,radial,4.69041575982343,19,65.49337251915148,34.70980172043946,30,-0.015175869648438312,-0.13434193112311332,-0.015175869648440306,-0.13434193112311457,2.3536688231562227e-15,0.0010321378786510723,0.008450381410806004
102,radial,7.615773105863909,55,190.15318632929583,62.35195581780707,54,-0.18323511115059166,-0.210069626243727,-0.18323511115059837,-0.21006962624373413,9.79787544644096e-15,0.0007329748509700371,0.0035587547112286887
102,radial,10.488088481701515,97,336.02466747727595,90.25860535385654,78,0.24201740999208443,0.02527904240572676,0.24201740999207483,0.02527904240570143,2.708978861002548e-14,0.00036207764942240434,0.003170721272950407
102,radial,15.748015748023622,223,772.569559335102,131.3607890488877,114,0.048818338659672555,-0.28691398985427996,0.04881833865966134,-0.2869139898543347,5.587080860219254e-14,0.000188356871905513,0.002490665786808097
102,radial,20.97617696340303,397,1375.7183554281062,173.14137196789696,150,0.2726136764488669,0.265579903145436,0.27261367644885764,0.26557990314537766,5.907414192648558e-14,0.00013832512576836815,0.001752185286339752
103,rhombus,2,4,13.62271598852925,16.074171530977384,14,-0.010242984954233147,-0.0008703694490197478,-0.010242984954232379,-0.0008703694490201901,8.867033575006133e-16,0.00037730717860206067,0.015355583476905509
103,rhombus,4,16,55.099828846116935,34.77624314013232,30,0.16396341194788144,0.11134491697576648,0.16396341194788716,0.11134491697576349,6.4557822141503335e-15,0.0017985182207250505,0.011044101266779524
103,rhombus,7,49,169.75784767874887,62.71314382081095,54,0.012290121021648392,-0.02470976248193385,0.012290121021645353,-0.024709762481932185,3.4655867794925062e-15,8.128476480530656e-05,0.0059683402706379035
103,rhombus,10,100,346.7313562008509,90.35636768553752,78,0.06731474088442235,-0.05615022653700513,0.06731474088443422,-0.05615022653701072,1.3114555370459815e-14,0.0001264078427226301,0.0041691921851188096
103,rhombus,15,225,778.9368515647302,136.14385755435285,118,0.11510134094985824,-0.04405205542634755,0.11510134094987491,-0.044052055426377315,3.411629390787982e-14,7.910992038616575e-05,0.0025097858014675196
103,rhombus,20,400,1385.2008387154235,182.33494808133824,158,0.10932839340362843,-0.27179322850466164,0.10932839340356863,-0.2717932285047169,8.140464872524949e-14,0.00010574559466336218,0.0017957840515077292
103,radial,2.8284271247461903,7,23.96576343182879,20.618847184137884,18,-0.05800837002506487,-0.2237913984771678,-0.05800837002506258,-0.22379139847716734,2.337943920449208e-15,0.004823282309834455,0.00866063856023711
103,radial,4.69041575982343,19,65.66020127559405,34.43178070903786,30,0.17691703058272523,0.18550244314612946,0.17691703058273026,0.18550244314612743,5.4169611991119084e-15,0.001952028462880037,0.009062467580900142
103,radial,7.615773105863909,55,190.02969289419917,61.58507644394304,54,0.16887374918253917,-0.08599211209023358,0.16887374918253328,-0.08599211209022894,7.490560877252265e-15,0.000498625286672966,0.004841377003397781
103,radial,10.488088481701515,97,336.2873654738829,90.14025089650929,78,0.0800166122144339,0.28232555035513995,0.08001661221444577,0.2823255503551453,1.3007278206739654e-14,0.00043630198888189374,0.004127560040603153
103,radial,15.748015748023622,223,772.7827135919686,131.68640632296982,114,-0.3257496647992455,0.06202801924137291,-0.32574966479920664,0.06202801924136034,4.0841355751036194e-14,0.00021455102895223067,0.0025253431739582512
103,radial,20.97617696340303,397,1374.7088551572033,173.4300978780491,150,-0.35672747448831865,0.39268126613725995,-0.3567274744882754,0.3926812661372117,6.478420098901032e-14,0.00019295776830850544,0.001781000248856181
104,rhombus,2,4,13.707795256920516,15.89239666787731,14,-0.024691600233302413,-0.11212563082650218,-0.024691600233302236,-0.11212563082650027,1.90947278359207e-15,0.00418784196870562,0.01601200421227549
104,rhombus,4,16,54.993407227131385,34.67333383688714,30,-0.14851295197397274,-0.018319110177258263,-0.14851295197397446,-0.01831911017725321,5.336582358930005e-15,0.0013605132656657202,0.006266539233178835
104,rhombus,7,49,169.18151456759824,62.33062496705795,54,0.0076135669424752805,-0.10273469789760897,0.007613566942480065,-0.10273469789760369,7.130719639300798e-15,0.00030445533256231907,0.004855751873489016
104,rhombus,10,100,346.30172058697843,89.8604824104003,78,0.03603357858744349,-0.1715792643145755,0.036033578587455935,-0.17157926431457016,1.354566110213806e-14,0.0002531349946682677,0.003428262026891161
104,rhombus,15,225,780.4541824725102,136.49178543838755,118,0.0388115333086998,-0.12852278276286125,0.03881153330869816,-0.12852278276289983,3.861498883950112e-14,8.601089998358364e-05,0.002029835455877832
104,rhombus,20,400,1385.8782632787165,182.11606654976913,158,0.07797095622013117,-0.08779779675861918,0.07797095622013969,-0.08779779675867432,5.5790994013775915e-14,4.236374526205514e-05,0.0017107501220522978
104,radial,2.8284271247461903,7,24.00478602788386,20.737443610955378,18,0.04290751615942412,0.21974274398938815,0.0429075161594234,0.21974274398939084,2.787328720416397e-15,0.004663500677006114,0.009909539503138779
104,radial,4.69041575982343,19,65.6716677208981,34.464487550114825,30,-0.04595862847370569,-0.0699436997169357,-0.04595862847370097,-0.06994369971693246,5.727946591982435e-15,0.0006371986472047965,0.006294866504404255
104,radial,7.615773105863909,55,189.94042312001727,62.342748455001,54,-0.2573906357869129,-0.033649326839155766,-0.25739063578690535,-0.033649326839146926,1.162512224291102e-14,0.0006833217585250774,0.0043875664370800795
104,radial,10.488088481701515,97,336.31718172084794,90.16463926459333,78,0.15728493470111804,0.2473235160068383,0.15728493470112587,0.24732351600685268,1.636986107815471e-14,0.0004357490204913383,0.0036641104958990965
104,radial,15.748015748023622,223,773.4168879885292,131.22757724741643,114,-0.11000041591542598,0.5510127470415005,-0.11000041591543622,0.5510127470414923,1.3129795507396793e-14,0.00036324869027753266,0.0020393375973079275
104,radial,20.97617696340303,397,1376.5263271090507,173.2844627269929,150,0.2842651781152341,-0.19397633160862326,0.28426517811520174,-0.19397633160864705,4.016419765510868e-14,0.0001250036747643442,0.0017091295865343525
105,rhombus,2,4,13.945465078782998,16.136533927080105,14,0.050752455294729604,-0.05669576387087952,0.05075245529472987,-0.05669576387088025,7.813576596992914e-16,0.0027282526479028837,0.01515694904341098
105,rhombus,4,16,55.166886331178034,34.4414067657718,30,-0.0005748619546053213,0.03374191301952746,-0.0005748619546064963,0.03374191301952233,5.2674935398944544e-15,0.00030586110508005354,0.009461446137095665
105,rhombus,7,49,169.8818628393997,62.478555922519675,54,-0.16507587667975887,0.05298144519028414,-0.16507587667976228,0.05298144519027677,8.12149437950866e-15,0.0005102656966233067,0.0064102048200781366
105,rhombus,10,100,346.33190571586147,89.98043111415971,78,-0.13462841099500977,-0.01259254856495709,-0.13462841099500902,-0.012592548564962523,5.4845932177002855e-15,0.00019521166259361196,0.0033712976421204047
105,rhombus,15,225,779.1243543816973,136.40844483248134,118,-0.012628677708026892,0.016629785839674865,-0.012628677708044534,0.016629785839683386,1.9592136507934378e-14,1.3400562915415907e-05,0.00233516150147166
105,rhombus,20,400,1385.3399739624526,182.51037021021773,158,-0.008689158725501578,-0.0200343762298935,-0.008689158725429993,-0.0200343762299477,8.978882950499271e-14,7.881650088769975e-06,0.0017056311893123087
105,radial,2.8284271247461903,7,23.94841616032122,20.710914754160296,18,-0.026552725824172452,0.1718629287654686,-0.026552725824174672,0.17186292876546497,4.2603678441987925e-15,0.0036307625028690177,0.011033510598142426
105,radial,4.69041575982343,19,65.5234778823319,34.47636411926262,30,-0.08441870520376682,-0.32304448363303956,-0.08441870520376889,-0.32304448363304605,6.816028541862269e-15,0.002547885068150679,0.00946327533944558
105,radial,7.615773105863909,55,190.82907585084172,62.13161517805947,54,0.16417585020114656,-0.0527176934072521,0.16417585020114134,-0.05271769340725583,6.411902173699631e-15,0.00045179751372667696,0.0046411458206127056
105,radial,10.488088481701515,97,335.98561555417837,89.53523466200467,78,-0.2630980763420152,0.1740355288583127,-0.26309807634201937,0.1740355288583109,4.537421195513984e-15,0.00046944035462382635,0.0035302513733080298
105,radial,15.748015748023622,223,772.2328255149403,131.5422648535096,114,-0.2139446819397981,-0.08417987655311714,-0.21394468193980445,-0.08417987655308824,2.9584397105752316e-14,0.00014886050432749226,0.0020020164567015157
105,radial,20.97617696340303,397,1374.6881021041563,173.169015332653,150,0.17686276811428936,0.27880970443342945,0.1768627681143262,0.27880970443344244,3.905509324623021e-14,0.00012009074463935869,0.001678491323218731
106,rhombus,2,4,14.037343304307942,16.365809579151254,14,-0.06605046689277483,-0.03416706483002112,-0.06605046689277734,-0.034167064830022534,2.8832753259006506e-15,0.002648803307114875,0.017144116333069073
106,rhombus,4,16,55.742535837416156,34.78627071129477,30,0.06813738740994779,-0.06779973045626153,0.06813738740994378,-0.06779973045626658,6.450066734512888e-15,0.0008621993325514791,0.0071479109225899016
106,rhombus,7,49,170.10904359122392,62.526799077675825,54,-0.046400246224822084,0.021711937746902433,-0.04640024622482503,0.021711937746899838,3.92830266497521e-15,0.00015057638928212818,0.004620121905543095
106,rhombus,10,100,346.1809474739655,90.53641104104875,78,-0.0726845691671425,0.007020390559894396,-0.07268456916714365,0.00702039055990817,1.382178374945753e-14,0.00010546915155441602,0.0034237598902390268
106,rhombus,15,225,780.4145571935912,136.3590555050183,118,0.054362917738666194,0.06966515438364723,0.054362917738670864,0.06966515438364161,7.307380105574486e-15,5.661482041046801e-05,0.0023084101810874236
106,rhombus,20,400,1385.1406676984043,182.42637012164957,158,-0.11205566931197453,0.13295257821941653,-0.11205566931197955,0.13295257821950104,8.466490650444286e-14,6.276474204130028e-05,0.0018320457304955963
106,radial,2.8284271247461903,7,24.09346012504024,20.732379558951536,18,-0.053970567313661455,0.11699992641263264,-0.053970567313664515,0.11699992641263153,3.2552288248704087e-15,0.0026739204506839916,0.01063234199303926
106,radial,4.69041575982343,19,66.34001316405109,34.501083178903116,30,-0.1240128249308654,0.01772491440107768,-0.12401282493086914,0.017724914401075882,4.143193736185466e-15,0.0009441746316395186,0.0058933608001646934
106,radial,7.615773105863909,55,190.6528737054941,62.62621255158632,54,-0.14643486444022402,-0.18516113470199835,-0.14643486444023013,-0.1851611347019968,6.30094359961873e-15,0.000619102642262834,0.004411053743557515
106,radial,10.488088481701515,97,335.48847158579645,90.21357140540397,78,-0.043691200179912126,0.11784418565201293,-0.04369120017991186,0.11784418565201862,5.695999336037691e-15,0.00018731318345203228,0.003275482901865596
106,radial,15.748015748023622,223,773.5304644975312,132.05311735463468,114,-0.08826964234852053,0.010157577679310192,-0.0882696423485015,0.010157577679302279,2.0606650712656226e-14,5.743287627150216e-05,0.0019561138224375775
106,radial,20.97617696340303,397,1375.3119958433354,172.65068635370562,150,0.6226754430410173,-0.09240071514799103,0.62267544304101,-0.09240071514796035,3.1546580529879756e-14,0.0002288549526383409,0.0018532660885744884
107,rhombus,2,4,13.779384900325962,16.068409332350214,14,0.05137101058774718,0.05738185978631302,0.05137101058774896,0.05738185978631436,2.230160932507521e-15,0.002794655276982975,0.015662392658014345
107,rhombus,4,16,55.54558289881412,34.885328315597995,30,0.07333335791385398,0.02353687228503351,0.07333335791385849,0.023536872285034312,4.580932733745986e-15,0.0006932860655749874,0.007530033918782657
107,rhombus,7,49,169.84823517212274,62.241538312474376,54,-0.006806371182214832,-0.021840351335382202,-0.006806371182211668,-0.02184035133537549,7.421672537949126e-15,6.734351802121605e-05,0.0052619823388688905
107,rhombus,10,100,346.1559846018705,90.26784580707528,78,-0.062158487074278845,0.16408803375499892,-0.062158487074280455,0.16408803375501388,1.5046619842426308e-14,0.00025345032407557097,0.003965043200094117
107,rhombus,15,225,779.5915512429558,136.05340935886528,118,-0.02779468948759556,-0.17316206992550642,-0.02779468948760887,-0.17316206992546104,4.729264327916259e-14,0.00011248106928002143,0.0024216991371224144
107,rhombus,20,400,1385.715184060956,182.44802285508553,158,0.027806338643550532,0.12677748538392317,0.0278063386435882,0.1267774853839649,5.622682463405259e-14,4.68318009908465e-05,0.0017761673170583825
107,radial,2.8284271247461903,7,24.215744064920244,20.699741780433495,18,0.11100101799431972,-0.11408344979894666,0.11100101799432398,-0.11408344979894589,4.330781541871524e-15,0.003286574155529431,0.007899154789886741
107,radial,4.69041575982343,19,65.76437427088156,34.547899716123354,30,-0.1848331008567632,0.13591425862991346,-0.18483310085675592,0.13591425862991943,9.407011146624999e-15,0.001744297626162108,0.0066532438055567356
107,radial,7.615773105863909,55,190.5536426131907,62.76958984408958,54,-0.23808185587512787,0.16864572588339344,-0.23808185587512348,0.16864572588339138,4.8425327053990024e-15,0.0007655607442880743,0.0053960520437101095
107,radial,10.488088481701515,97,336.1615962280304,89.74012535002011,78,0.22443672364940692,-0.023312606679583715,0.22443672364940534,-0.023312606679574036,9.808192191040096e-15,0.0003356186979845577,0.00344392782377764
107,radial,15.748015748023622,223,772.7589233135378,131.5822464857361,114,0.0014593759001950701,0.3866531861246822,0.0014593759001762102,0.3866531861247216,4.3692955932357713e-14,0.00025017889057575446,0.0021202284785485593
107,radial,20.97617696340303,397,1375.684372127845,173.4992554169184,150,-0.44545423737966283,-0.19650137968102774,-0.4454542373796099,-0.196501379680948,9.572492430918669e-14,0.00017695551368942844,0.001852719582133372
108,rhombus,2,4,13.951836046481684,16.368598298573914,14,-0.1324061786850539,-0.025165212436784823,-0.1324061786850541,-0.025165212436784688,2.600234183879298e-16,0.004830060433788921,0.02053054693562601
108,rhombus,4,16,55.58555598632685,34.893781108167666,30,0.08988022795254214,-0.04272211121934233,0.08988022795254397,-0.04272211121934035,2.695659813185197e-15,0.0008951696410116265,0.009247087775175529
108,rhombus,7,49,170.06417535028808,62.54661386342008,54,-0.04071702083810225,0.15202400369019875,-0.04071702083811773,0.15202400369020735,1.7711125371087384e-14,0.00046271430310410846,0.004903694604298175
108,rhombus,10,100,346.09539844539364,90.06996853521787,78,-0.04688663460747611,0.009387249620466803,-0.04688663460749475,0.009387249620481864,2.396786690510569e-14,6.908083748606845e-05,0.0034390756969617815
108,rhombus,15,225,779.3097408861431,136.3252748739744,118,-0.021534243822665555,0.14540061637365134,-0.02153424382266671,0.14540061637372434,7.30063059654291e-14,9.430564009268625e-05,0.002329022743659985
108,rhombus,20,400,1385.3869693423617,182.60513040086306,158,0.06192083116971636,0.034356985197403794,0.061920831169666686,0.034356985197502826,1.1079248804899428e-13,2.555740160472042e-05,0.0017981182044572446
108,radial,2.8284271247461903,7,24.493328599851313,20.860291380281026,18,0.17428560331200726,0.04966347441136748,0.17428560331200882,0.04966347441136734,1.56049537701437e-15,0.003699444748872409,0.013383276664799557
108,radial,4.69041575982343,19,65.89915897705713,34.80641372895397,30,0.005405088318301665,-0.23858267627280344,0.0054050883183041016,-0.23858267627280327,2.4421039145155874e-15,0.0018106748116065521,0.00781700987268141
108,radial,7.615773105863909,55,191.03005268826047,62.66093510755884,54,0.2292392049249492,-0.17126418220807701,0.22923920492494515,-0.17126418220806572,1.2001358124018457e-14,0.0007489668879452944,0.0044305117245021265
108,radial,10.488088481701515,97,336.0303332511007,89.60548401444125,78,0.0585936500242914,-0.17295593623064984,0.05859365002428055,-0.17295593623064556,1.166384928553096e-14,0.0002717188214164579,0.0035463801077941334
108,radial,15.748015748023622,223,772.6603045774237,131.3706249423658,114,-0.17610695141313348,0.16756127499961498,-0.17610695141315755,0.16756127499965823,4.9487911119763685e-14,0.00015730408918467403,0.0021994819142618144
108,radial,20.97617696340303,397,1374.7307536520557,173.6433708261144,150,-0.1930885032712233,0.18833781028862753,-0.1930885032712117,0.1883378102886856,5.92123948231647e-14,9.810286528828235e-05,0.001419425856398042
109,rhombus,2,4,13.860008617383416,16.1616400242761,14,0.0802288534635145,-0.08823819969294278,0.08022885346351498,-0.08823819969294203,8.930440022589897e-16,0.004302260937042993,0.013092171484479078
109,rhombus,4,16,55.26464775475314,34.64378145223432,30,-0.02157777140515993,-0.05863361068118126,-0.021577771405156126,-0.0586336106811803,3.921230278497346e-15,0.0005652619063815001,0.007500555680059085
109,rhombus,7,49,169.67473533371714,62.59307522683647,54,0.070997386233004,-0.07298574437218912,0.07099738623301065,-0.0729857443721829,9.101808259507818e-15,0.0003000480755960212,0.004786812749635246
109,rhombus,10,100,346.37865591582033,89.89696372271995,78,-0.0618757260128997,0.004371024214157859,-0.06187572601290257,0.004371024214157013,2.9881829176626973e-15,8.954062517769637e-05,0.003702803679602981
109,rhombus,15,225,779.3488374442595,136.2602871728967,118,-0.0486808923754114,-0.09841751265677948,-0.048680892375394524,-0.09841751265675597,2.8938738344543395e-14,7.044282747553273e-05,0.0022672919184827584
109,rhombus,20,400,1385.6158186067291,182.3825727917897,158,0.041421748976345985,0.0039856289347367235,0.04142174897635439,0.0039856289347550145,2.012879356967752e-14,1.5016087649246373e-05,0.001844738639204347
109,radial,2.8284271247461903,7,24.090006718413115,20.666622835000613,18,-0.002685685790973835,-0.051533081164800806,-0.002685685790972177,-0.0515330811648005,1.6862654352568355e-15,0.0010710461311515937,0.009139800282810358
109,radial,4.69041575982343,19,65.93076162808043,34.54120180344994,30,0.1887269356118031,0.08498645308703037,0.18872693561180584,0.08498645308703004,2.7679142542305073e-15,0.001569673939367382,0.006329792193705888
109,radial,7.615773105863909,55,189.98038710838196,62.12359299468751,54,-0.021337709453928433,0.18562445723110768,-0.021337709453930306,0.18562445723111232,4.999491115228827e-15,0.0004917529393380088,0.004082851156318512
109,radial,10.488088481701515,97,336.17982927250097,90.56881602438712,78,-0.4264089151535839,-0.2362337421483359,-0.42640891515359247,-0.2362337421483204,1.769029869107402e-14,0.0007250197689436014,0.0044040180192235654
109,radial,15.748015748023622,223,772.5459281574389,131.3222883751616,114,-0.36145992588720954,0.21416157661222587,-0.3614599258872007,0.21416157661223112,1.0267499856141636e-14,0.0002719197548925701,0.002587286738593382
109,radial,20.97617696340303,397,1375.2259107702105,174.2871915353964,150,-0.07194575578370666,0.14352900653164735,-0.0719457557837398,0.1435290065316467,3.314630524892343e-14,5.837275419836169e-05,0.0017550085677477108
110,rhombus,2,4,13.980060432557249,16.343828381738454,14,0.10378741135344205,0.06370192484707593,0.10378741135344133,0.06370192484707402,2.0465855572277842e-15,0.00435539999142,0.011503726173930874
110,rhombus,4,16,55.548218663828955,34.74254002959594,30,0.032408517725984964,0.03379010688334789,0.03240851772598403,0.03379010688334634,1.8088300323751417e-15,0.00042143286350611065,0.007658094925592494
110,rhombus,7,49,170.08819956440084,62.62952411649654,54,-0.007191913002349448,0.17792714293902967,-0.00719191300234338,0.1779271429390237,8.510689151475079e-15,0.0005234708657461104,0.004575060107357582
110,rhombus,10,100,346.01435263250534,89.76886754392505,78,-0.053051303929664506,-0.0647893990631227,-0.05305130392966475,-0.06478939906311902,3.685624050144863e-15,0.00012100412077923845,0.0033447057460597365
110,rhombus,15,225,779.8493024494605,136.78380177300963,118,-0.01351047531526195,0.045679314700576235,-0.013510475315239093,0.045679314700546765,3.7294502055376516e-14,3.0541422914729046e-05,0.0023851810796642644
110,rhombus,20,400,1386.177756961186,182.5832398572773,158,-0.04514064635322512,0.01930784492627602,-0.04514064635317989,0.01930784492623249,6.277605081476387e-14,1.7709325427759294e-05,0.002014591075880271
110,radial,2.8284271247461903,7,24.511554043038515,20.82383722103165,18,0.053865307538878415,-0.0919148592674824,0.053865307538879394,-0.09191485926748323,1.2847451539462878e-15,0.002173169020190843,0.010139435068032908
110,radial,4.69041575982343,19,65.84201247516121,34.79254998491791,30,-0.11501472625895115,0.0027164878779042945,-0.11501472625894857,0.0027164878779020046,3.450549450333429e-15,0.0008736579980952258,0.007567253242142931
110,radial,7.615773105863909,55,190.48041371480917,62.24200358899482,54,0.24213732101861218,-0.07528571057414934,0.24213732101861463,-0.07528571057415212,3.697226037623727e-15,0.0006656099887719226,0.004548899331615623
110,radial,10.488088481701515,97,336.04091483042134,90.2183061587061,78,0.07172181832955982,0.461720848452305,0.07172181832955611,0.46172084845229494,1.0708986293457216e-14,0.000695239940320385,0.003245818591739499
110,radial,15.748015748023622,223,770.8426662627692,131.3232268071006,114,-0.2742314770525538,-0.24785318790008193,-0.27423147705256506,-0.24785318790008973,1.370453855701497e-14,0.00023976391356833777,0.002125255045092694
110,radial,20.97617696340303,397,1375.0135155289463,173.0155092101404,150,0.5398961440700374,-0.1937195297286688,0.5398961440700795,-0.19371952972872475,7.001072027146449e-14,0.00020857917919704763,0.0016074796448022587
111,rhombus,2,4,13.750761942616752,16.009587096799624,14,-0.07950469335363453,0.0385000125401698,-0.07950469335363639,0.038500012540169,2.023600848983008e-15,0.003212039847083886,0.01732679527611455
111,rhombus,4,16,55.23084839566882,34.47885881477494,30,0.08570840627421639,-0.014579111054247557,0.08570840627421125,-0.014579111054251321,6.366813286962651e-15,0.0007870558727519477,0.006355933186871787
111,rhombus,7,49,170.0523265790524,62.28456708825632,54,-0.08772357465072744,-0.17034436767202793,-0.08772357465072259,-0.17034436767204106,1.399811394545238e-14,0.0005633718850885234,0.005957242949189218
111,rhombus,10,100,346.1975655457873,90.24419946575445,78,0.10018915532777761,0.05733127481903477,0.10018915532778351,0.05733127481901107,2.4426045913098236e-14,0.00016671527678146968,0.003608797704151621
111,rhombus,15,225,779.2670240877445,136.3811813850215,118,0.078525087906542,-0.06809840844719049,0.07852508790651214,-0.06809840844722183,4.328817269202555e-14,6.669105769337756e-05,0.0026842619226009183
111,rhombus,20,400,1386.781994972795,183.0627065155236,158,-0.11159051134838904,0.04526925990547019,-0.1115905113484348,0.045269259905414,7.246359694428622e-14,4.3418217376541683e-05,0.0019794849823237793
111,radial,2.8284271247461903,7,24.221064123858106,20.994584435119602,18,-0.013138114290379033,-0.010156848181793854,-0.013138114290379255,-0.010156848181796546,2.701431795413705e-15,0.0003428084858319784,0.009260773710249135
111,radial,4.69041575982343,19,65.80509652609142,34.665177635642564,30,0.06168835074208756,0.2848258425923048,0.061688350742081975,0.2848258425923018,6.339312861329811e-15,0.0022143391462521598,0.008256537010912038
111,radial,7.615773105863909,55,190.53514259764307,62.99896495308567,54,0.02736054770341756,0.39780975089097004,0.027360547703421327,0.3978097508909615,9.342217630308988e-15,0.0010463936910831263,0.0049995699950667995
111,radial,10.488088481701515,97,335.86772424713536,90.2069722003002,78,-0.044584634420212765,-0.3943822730322243,-0.04458463442020571,-0.3943822730322389,1.6215506196957632e-14,0.0005908492749744223,0.004155744531035083
111,radial,15.748015748023622,223,773.2994773156829,131.69344911909081,114,-0.07564435081705412,0.017972470955101377,-0.0756443508170779,0.017972470955076526,3.440063026595365e-14,5.027165987442193e-05,0.0023517193044464957
111,radial,20.97617696340303,397,1375.67857872192,173.4900581428417,150,-0.36752385561325074,-0.11592474637714761,-0.36752385561326606,-0.11592474637718592,4.1253264325944534e-14,0.00014006650346465627,0.0016616446659415245
112,rhombus,2,4,13.733697931974843,16.20558928877137,14,0.14814247688491822,-0.009183419382944716,0.1481424768849188,-0.009183419382945791,1.2233134165198598e-15,0.005403746567577328,0.019810544452902746
112,rhombus,4,16,55.13018938212888,34.438499982093184,30,-0.08329427139650392,0.08229153828055537,-0.08329427139650139,0.08229153828055114,4.929037802193298e-15,0.0010619317386533639,0.010435712626296681
112,rhombus,7,49,169.7623715770415,62.20224965140233,54,-0.05896155907960621,-0.10565827499861008,-0.058961559079594064,-0.10565827499861807,1.4537941556150572e-14,0.00035636999749693465,0.005191345418511516
112,rhombus,10,100,347.39006216735754,89.74730545493422,78,-0.0059481783627952645,-0.009903395377914515,-0.005948178362772165,-0.009903395377926748,2.6138924778064262e-14,1.6627426135065337e-05,0.0031857212232356013
112,rhombus,15,225,779.0907062810188,136.70985239357734,118,0.05165338924640395,0.1831706624065197,0.05165338924644132,0.1831706624065061,3.977057534389198e-14,0.00012213878369206506,0.002624887306109109
112,rhombus,20,400,1385.5593204586849,182.6472166416179,158,-0.02441393332565589,0.07626848476907254,-0.024413933325638813,0.07626848476902937,4.6428307112654183e-14,2.8898337309289017e-05,0.0019164294270079807
112,radial,2.8284271247461903,7,24.17030900325975,20.722161763772167,18,-0.11877645220118982,-0.10705154562443937,-0.1187764522011902,-0.10705154562444243,3.0760203549034018e-15,0.0033077688498611172,0.011554846417766452
112,radial,4.69041575982343,19,65.60373996206334,34.67200310947462,30,0.06777966958436377,0.07316662301888881,0.06777966958436737,0.07316662301888287,6.949765572831997e-15,0.0007601460333721852,0.009017163211772376
112,radial,7.615773105863909,55,191.40437915995946,62.763178392999315,54,0.1840447890988286,-0.09118788282189923,0.18404478909884728,-0.09118788282190185,1.8862752287693654e-14,0.0005365511536517564,0.004199934331737702
112,radial,10.488088481701515,97,337.0577936663524,90.28280910668573,78,0.12646051463532304,-0.22719696659543778,0.1264605146353396,-0.22719696659544203,1.7105588088309285e-14,0.0003857211225730207,0.003380175862322002
112,radial,15.748015748023622,223,772.166169040323,132.07484271643062,114,0.05660654075227578,0.09119056838902301,0.056606540752314596,0.09119056838899002,5.0939871520303654e-14,6.950016810713941e-05,0.0022308645573565207
112,radial,20.97617696340303,397,1375.22589263738,173.02257742423225,150,-0.033515973136362565,0.49906232350506463,-0.03351597313629846,0.4990623235050356,7.03695875406098e-14,0.00018185611945553657,0.0018486353326574066
113,rhombus,2,4,13.85661131256384,16.167707443486346,14,0.07115809606200285,-0.05606706827819527,0.07115809606200375,-0.05606706827819522,9.033629756003295e-16,0.003268924892322162,0.022873976253852752
113,rhombus,4,16,55.79215818391411,34.69835768614365,30,0.00594510884057442,0.1624980199215163,0.005945108840574781,0.16249801992151827,2.0034065997952087e-15,0.00145725440566604,0.00922196340267034
113,rhombus,7,49,169.67484709993204,62.70428959187189,54,0.05047489689603912,0.1811268437099669,0.05047489689603801,0.18112684370997162,4.847302891456679e-15,0.0005540842445673313,0.00523289517727804
113,rhombus,10,100,346.7891319428185,90.33017099179212,78,0.009191360720544495,0.12298184035481444,0.009191360720538364,0.12298184035482206,9.779105678314542e-15,0.0001778095398096346,0.0031058112237628737
113,rhombus,15,225,779.0987911483954,136.26629538314748,118,0.05754154661211652,0.0765714487944443,0.05754154661214202,0.07657144879446769,3.459383172308864e-14,6.146982303208113e-05,0.0025662818499941633
113,rhombus,20,400,1386.0116463771149,182.4850046367938,158,0.04511380379824326,-0.009551377123028296,0.04511380379826115,-0.009551377123001428,3.22816145400862e-14,1.663543625384793e-05,0.0017671617130832946
113,radial,2.8284271247461903,7,24.233065546144953,20.727177832651478,18,-0.08403698496462919,0.06185209815223261,-0.08403698496462708,0.0618520981522341,2.5836643233002945e-15,0.0021529485280363946,0.013976593182552543
113,radial,4.69041575982343,19,66.01609263005518,34.793358683428195,30,0.09427915864140513,-0.11278099369974609,0.09427915864140894,-0.11278099369974384,4.429362905709842e-15,0.0011133420254413595,0.008056961909506036
113,radial,7.615773105863909,55,190.4349620312233,62.73270502902032,54,0.1364512202744108,0.02095384453959212,0.1364512202744142,0.02095384453960164,1.0104440079875252e-14,0.0003624615738680041,0.004291427924668859
113,radial,10.488088481701515,97,336.06417870332433,90.4588822529072,78,0.11425317328154216,0.2857524658841624,0.11425317328153742,0.2857524658841523,1.1162331860598991e-14,0.00045786949330096384,0.0029017905716721046
113,radial,15.748015748023622,223,773.0026330451706,130.9021149109169,114,-0.2604194624115106,0.47877496447001416,-0.2604194624115048,0.478774964470002,1.345810591970496e-14,0.0003525325724623062,0.0023877974764631464
113,radial,20.97617696340303,397,1374.5789104188223,174.13535813894867,150,-0.3890999920551188,-0.29020885077109027,-0.3890999920551178,-0.2902088507710718,1.8512199087310516e-14,0.00017656571853153785,0.0016955163927699672
114,rhombus,2,4,13.983095678967493,16.27283271971395,14,0.07029134065084142,-0.07323496693487569,0.07029134065084085,-0.07323496693487666,1.125812815880704e-15,0.0036297315737220223,0.02001229879525856
114,rhombus,4,16,55.474289789114025,34.95588003754597,30,0.015999429845760194,-0.04272054491872622,0.015999429845757817,-0.04272054491873031,4.733761277198006e-15,0.0004111658921683615,0.006576381944767082
114,rhombus,7,49,170.0250320474975,61.98076148783302,54,0.10378452689289164,-0.04353110000222593,0.10378452689288725,-0.0435311000022257,4.391355086463531e-15,0.0003309634592038534,0.0034489490658278646
114,rhombus,10,100,346.69064937214534,89.94711872788035,78,0.11680402678646074,-0.18770533466606004,0.11680402678646293,-0.18770533466608405,2.410849361882289e-14,0.0003188436755483742,0.0037174071428890602
114,rhombus,15,225,779.6678782079966,136.59054458313088,118,0.01953781368209473,0.21934320695129214,0.019537813682082274,0.21934320695127205,2.364202534763586e-14,0.00014122144259600295,0.0022426665686824288
114,rhombus,20,400,1386.327291732091,182.48234632708522,158,-0.0964613574184523,-0.09569941560126163,-0.09646135741845392,-0.09569941560130901,4.7406582058929254e-14,4.900691728443252e-05,0.0017395966608908077
114,radial,2.8284271247461903,7,24.46512577436669,20.943994569312157,18,0.07054513686929553,0.16323742679618164,0.07054513686929444,0.16323742679618022,1.7904497737810334e-15,0.003634331954742612,0.01538009896604396
114,radial,4.69041575982343,19,66.03825483713584,34.73281046395986,30,-0.09362135255664228,-0.03277772797378767,-0.09362135255664056,-0.03277772797378804,1.7611672763924622e-15,0.0007510300886923951,0.005297233888560032
114,radial,7.615773105863909,55,190.33999219899528,62.213008299590484,54,-0.24406501341678588,0.13684948631358962,-0.24406501341679257,0.13684948631359206,7.121076845233165e-15,0.0007350356329628777,0.0035408075185808497
114,radial,10.488088481701515,97,335.26574224894057,89.12667191196951,78,0.1381054122375498,0.08827356226265598,0.13810541223753936,0.08827356226266006,1.1205314667352338e-14,0.00024444259651325013,0.003323499630594972
114,radial,15.748015748023622,223,773.4784202878784,132.0784611874343,114,0.27965381440034776,0.04557150042108141,0.27965381440035764,0.04557150042107381,1.2464542380768214e-14,0.00018316127019436408,0.002353420386407159
114,radial,20.97617696340303,397,1374.8685366809318,172.7019266773706,150,0.1798049365585035,0.3448321215306639,0.1798049365585207,0.3448321215306647,1.7228590279792505e-14,0.0001414297389916813,0.0017483156049684962
115,rhombus,2,4,13.92475936149264,16.09649470993054,14,-0.06439513731654323,0.10638252793409544,-0.06439513731654428,0.10638252793409654,1.5213119384827496e-15,0.004465220280104223,0.02172410133114233
115,rhombus,4,16,55.236613328843916,34.498079354872424,30,-0.12044696501693997,0.025029525504644837,-0.12044696501693973,0.02502952550464354,1.3188462689126138e-15,0.0011135740128889312,0.007844125413945524
115,rhombus,7,49,169.1043254999646,62.26273684336523,54,-0.027304117841077336,0.1654863696544215,-0.027304117841072218,0.16548636965441355,9.467993598490238e-15,0.0004959179512251012,0.004508824793499507
115,rhombus,10,100,346.3428472647142,90.38490080211487,78,-0.01920525025871056,0.02814579580347812,-0.019205250258705238,0.028145795803485862,9.396361537678256e-15,4.919092927509529e-05,0.002702975868505896
115,rhombus,15,225,779.5374901721382,136.2416525872011,118,-0.21736090046976075,0.012314946004375188,-0.21736090046973977,0.01231494600440472,3.62274806356518e-14,0.0001396401620530358,0.0022228253391533303
115,rhombus,20,400,1385.3670402694227,182.5980127001305,158,-0.03899338235789607,-0.04960648903638913,-0.03899338235788897,-0.04960648903627274,1.1660926405863395e-13,2.277282612304019e-05,0.0017926893502442896
115,radial,2.8284271247461903,7,24.27366214410896,20.803834323920544,18,0.23808741774753406,-0.03922129426125251,0.23808741774753406,-0.03922129426125192,5.898059818321144e-16,0.004970332625116598,0.016905098754470205
115,radial,4.69041575982343,19,65.87370436188341,34.82770814228349,30,-0.16601726685760143,-0.1505457332256193,-0.16601726685759957,-0.15054573322562026,2.0980718483625546e-15,0.001701065890392638,0.007062598803177868
115,radial,7.615773105863909,55,190.1958381145483,62.455276327327,54,-0.01597833260917403,0.20311420588173718,-0.015978332609169067,0.20311420588173276,6.640057406762806e-15,0.0005356103483689583,0.0038749064589802514
115,radial,10.488088481701515,97,335.67544958237147,90.27571518627722,78,-0.16602571963656132,-0.07091767032793458,-0.16602571963656482,-0.070917670327926,9.274942040841683e-15,0.00026891702205606414,0.003412900358040624
115,radial,15.748015748023622,223,772.5633772950077,131.4553995270541,114,-0.2042668447634961,-0.27730330510129386,-0.2042668447634614,-0.27730330510126167,4.733200554074387e-14,0.00022290439466606622,0.002094541348385023
115,radial,20.97617696340303,397,1374.6767366674367,172.74001095696278,150,0.2433071325996834,-0.051081381592028074,0.24330713259966935,-0.05108138159200871,2.392284383334389e-14,9.042543386210166e-05,0.0016302607462645368
116,rhombus,2,4,13.785184276538391,16.373281097473065,14,-0.004746772896021323,-0.0025913952955007036,-0.0047467728960233725,-0.0025913952954995916,2.331782781408246e-15,0.00019615502850132196,0.013552630381466412
116,rhombus,4,16,55.486254914428535,34.587617802871065,30,-0.05218717175528376,-0.03252072564036722,-0.05218717175528549,-0.03252072564036119,6.2744677149890806e-15,0.0005541069362893587,0.006637139657046042
116,rhombus,7,49,169.4985753263353,62.48951686669871,54,-0.09443225482820372,0.12290834944336695,-0.09443225482820157,0.12290834944338679,1.9947677500101004e-14,0.00045722063911375865,0.004773860004525079
116,rhombus,10,100,346.74288136811674,89.93244688815642,78,0.06740972072269802,0.1677147687555652,0.06740972072269942,0.16771476875558544,2.0282304981591916e-14,0.0002606468006016094,0.002834657466628011
116,rhombus,15,225,779.7578181392319,136.36477176480827,118,0.07096978186801417,-0.05567142087241897,0.07096978186803657,-0.05567142087238327,4.214543240724878e-14,5.7838389452995146e-05,0.001995961686594848
116,rhombus,20,400,1385.3525253694238,182.5470643815736,158,-0.1453356311092766,-0.13717643733641566,-0.14533563110927508,-0.1371764373363804,3.5282620908225876e-14,7.21294729270759e-05,0.0019099105840249897
116,radial,2.8284271247461903,7,24.116625281796644,20.55742811322557,18,0.05947179770980471,-0.0549086509504311,0.05947179770980365,-0.05490865095043022,1.3744090503571382e-15,0.0016781686228166165,0.007347081759792163
116,radial,4.69041575982343,19,65.93415326713524,34.674794311767194,30,0.12066215275629455,0.13574161629773768,0.12066215275629265,0.13574161629774134,4.127679645154367e-15,0.0013772689188728043,0.006281703038186088
116,radial,7.615773105863909,55,190.07106145708138,61.97215075623264,54,0.20126783758992461,-0.07654025555518591,0.20126783758992575,-0.0765402555551709,1.5058825854490988e-14,0.0005664469208073114,0.004313189863524211
116,radial,10.488088481701515,97,335.99406831887745,89.95425036673748,78,0.018686736162754514,0.30149327300333734,0.01868673616276722,0.30149327300335277,1.9989238410263595e-14,0.00044951958085778456,0.0029938639381014423
116,radial,15.748015748023622,223,772.6470025360005,132.18315474590187,114,-0.30452852960178145,0.146354602930855,-0.3045285296017702,0.14635460293087563,2.35003854281758e-14,0.00021864558648348038,0.002187438272689145
116,radial,20.97617696340303,397,1375.5232129603514,173.5504683907924,150,0.5661674382543929,-0.12832944705200608,0.566167438254353,-0.12832944705198016,4.754597344535923e-14,0.0002110211869173071,0.0018579445774306058
117,rhombus,2,4,13.581585436573462,15.822010319687964,14,0.015186276477479055,-0.12416370969816129,0.015186276477478756,-0.12416370969816184,6.302181390449324e-16,0.004605094453822025,0.011818187444145634
117,rhombus,4,16,54.72146677735053,34.43429941244069,30,-0.25590172041236414,-0.07169959601736216,-0.2559017204123637,-0.07169959601736238,4.965068306494546e-16,0.0024282655929895244,0.007329182422881492
117,rhombus,7,49,169.8182489383352,62.01804508270829,54,-0.03477519212590341,-0.06565492921979121,-0.03477519212590481,-0.06565492921979879,7.705822101915145e-15,0.00021875128378283883,0.005611603822596629
117,rhombus,10,100,346.63573362395306,90.24105450432211,78,-0.013497934289008029,0.025801097785158766,-0.013497934289019166,0.025801097785138394,2.321795894070082e-14,4.200167931712936e-05,0.003930768061723973
117,rhombus,15,225,779.3714320729391,136.0825358923691,118,-0.1377476892386933,0.0330762086451053,-0.13774768923870548,0.033076208645100254,1.3187668619370409e-14,9.088298048214615e-05,0.0021430923580117124
117,rhombus,20,400,1385.5870455899583,181.82823426193207,158,-0.047323984145041464,0.016241736952890926,-0.04732398414508681,0.01624173695300946,1.2691121831046302e-13,1.8054991155888453e-05,0.0016970317080337272
117,radial,2.8284271247461903,7,23.64658260891018,20.39607864390498,18,0.04430849452340668,0.1926969290713716,0.0443084945234069,0.19269692907137345,1.872023043409355e-15,0.00418084596197368,0.009354321762367467
117,radial,4.69041575982343,19,65.29405209716039,34.26228124652357,30,-0.1107253624398794,0.04647389974426653,-0.11072536243987868,0.046473899744266245,7.756988222726538e-16,0.0009195555027792144,0.005818588600109516
117,radial,7.615773105863909,55,191.02702453086403,62.51270311834071,54,-0.12928630236070981,0.08162775857923543,-0.12928630236071176,0.0816277585792229,1.268135969418438e-14,0.0004002019792537797,0.005624659588810923
117,radial,10.488088481701515,97,336.4279610242048,89.52800313493712,78,-0.4009464092194883,-0.18878372665476806,-0.40094640921948377,-0.1887837266547902,2.2611852680307364e-14,0.0006586363532647108,0.0034733694196315513
117,radial,15.748015748023622,223,772.8356567982133,131.74897132790883,114,-0.02556739259122187,0.6142863649472081,-0.0255673925912386,0.6142863649471855,2.815739279614499e-14,0.0003977677551956618,0.0021626532151287343
117,radial,20.97617696340303,397,1375.7175002670974,173.28015769230106,150,0.3977792846364072,0.14612075624865806,0.3977792846363936,0.14612075624871548,5.901478314562352e-14,0.00015401722148182734,0.0018533110583700547
118,rhombus,2,4,14.37986404762055,16.358506682638534,14,-0.06355084355619933,0.07034313192956992,-0.0635508435562,0.07034313192957095,1.224080674111502e-15,0.0032962440246906755,0.013581179063947148
118,rhombus,4,16,56.094573838335705,35.02911996762066,30,0.07088117164859131,-0.03069669329823424,0.07088117164859287,-0.03069669329823431,1.5558603237759862e-15,0.0006885037884846229,0.011227530540170023
118,rhombus,7,49,169.52995653527043,62.082045508444054,54,0.018999577221594066,-0.08833674929153373,0.018999577221594947,-0.08833674929154268,8.994447376753923e-15,0.0002664923615409324,0.004666945049380487
118,rhombus,10,100,346.45482932093176,90.02460512836295,78,-0.1344802616298577,-0.03846754555423043,-0.13448026162987115,-0.03846754555424729,2.155863750880967e-14,0.0002018644773927751,0.0028810080635924174
118,rhombus,15,225,779.3314536539838,136.36872524758684,118,-0.057461999669247366,-0.11054225729449824,-0.057461999669218944,-0.11054225729452442,3.8646768702711683e-14,7.993081723741823e-05,0.001985398866184495
118,rhombus,20,400,1385.744072057636,182.20669540813148,158,-0.10540484767825653,-0.10221906098731019,-0.10540484767820987,-0.10221906098739665,9.824448953546139e-14,5.297859769893324e-05,0.00183440738509349
118,radial,2.8284271247461903,7,24.493996585451228,20.9129538499675,18,0.10635990327748468,0.04288478749461189,0.10635990327748497,0.04288478749461338,1.5200612824915898e-15,0.0023409846057103126,0.014462880944396087
118,radial,4.69041575982343,19,66.06708406646986,34.469505095748595,30,-0.12277677707075263,-0.13850875955311218,-0.12277677707075127,-0.13850875955311034,2.281535328170445e-15,0.0014007835201616328,0.007541939806667682
118,radial,7.615773105863909,55,190.18745281582702,62.09544157566675,54,-0.10349365366421637,-0.09702072812837192,-0.10349365366422465,-0.09702072812837216,8.288397669652671e-15,0.0003729450471110469,0.004080114598026897
118,radial,10.488088481701515,97,335.7288986449901,89.4386274593649,78,-0.03668802937188653,0.238546053393633,-0.03668802937189475,0.23854605339362034,1.5089233869531432e-14,0.0003594430617055289,0.0036044828491649875
118,radial,15.748015748023622,223,772.9766047293285,131.7669907028382,114,0.2964415691336444,0.374691669802413,0.29644156913366215,0.37469166980237506,4.186913632034958e-14,0.00030905050301744655,0.002170457603526547
118,radial,20.97617696340303,397,1375.524531063315,173.12998775410415,150,0.2826226924284958,-0.3889900994799667,0.28262269242848637,-0.38899009948001995,5.406515406546866e-14,0.00017477734524291885,0.0017649092670592936
119,rhombus,2,4,13.89660798800081,16.16868399235294,14,0.11939654713303227,0.012262416333012324,0.11939654713303022,0.012262416333012557,2.0670247512277194e-15,0.004318485150866081,0.010879507580198362
119,rhombus,4,16,55.419810167176564,34.941789415753455,30,-0.11777445094117134,0.052929891288362396,-0.11777445094117411,0.05292989128836452,3.49458569566766e-15,0.0011649410842704264,0.0070822726602552556
119,rhombus,7,49,169.66118314642108,62.37240140348405,54,-0.03579300217958403,0.03421486218509384,-0.035793002179586156,0.03421486218510029,6.78692286939845e-15,0.00014592498636085334,0.004870720596410973
119,rhombus,10,100,346.6244466720269,90.23263047665928,78,-0.06918374409937789,0.04248721420698279,-0.06918374409938911,0.04248721420698483,1.1410968302912626e-14,0.00011711289485167612,0.0031928055968395977
119,rhombus,15,225,778.9294461141071,136.36280545167912,118,0.14735210283995892,0.034140330096409516,0.14735210283996267,0.034140330096415386,6.96423012231139e-15,9.709186644694721e-05,0.002118599840673767
119,rhombus,20,400,1386.5275103049466,182.69097991366263,158,-0.18662803979625986,0.043786374155110594,-0.18662803979618556,0.04378637415508112,7.993496392600203e-14,6.912801147872489e-05,0.0017959306672399296
119,radial,2.8284271247461903,7,23.991872904489274,20.90229386685657,18,0.0395980330185397,0.005493993472790892,0.03959803301853978,0.005493993472791391,5.045399317356035e-16,0.0008331434989305848,0.00598374329195419
119,radial,4.69041575982343,19,65.49215409069713,34.48309853844085,30,-0.07485131619507746,0.01730231763087843,-0.07485131619507791,0.017302317630880616,2.233213769266023e-15,0.0005865210904624667,0.00848482373387044
119,radial,7.615773105863909,55,190.17968612960016,62.42569120207141,54,0.0836702067559596,-0.13197987512153025,0.08367020675594977,-0.13197987512152196,1.286125810127445e-14,0.0004108405404492839,0.004304805959742462
119,radial,10.488088481701515,97,336.1526765763804,90.7258199193803,78,-0.07431452826045781,0.08464206716733033,-0.0743145282604624,0.08464206716734073,1.1364222082343312e-14,0.00016753736449857216,0.003297040144591972
119,radial,15.748015748023622,223,772.5698891427606,132.02857810424936,114,-0.004713969638081128,-0.6238872591419105,-0.004713969638088527,-0.6238872591418858,2.5733468830486736e-14,0.0004037855193234044,0.0024114938660004677
119,radial,20.97617696340303,397,1375.9656411999488,173.7759220635516,150,0.3555056749673411,0.47400449844288595,0.35550567496731833,0.4740044984428823,2.305257207304192e-14,0.00021530588627956626,0.0015233522836271668
120,rhombus,2,4,13.660321595452228,16.023319843591345,14,-0.11425140150279,-0.14053287480772086,-0.11425140150278901,-0.14053287480772214,1.6212677718685768e-15,0.0066292593967460815,0.01692322297495416
120,rhombus,4,16,55.672842372150015,34.724064967037876,30,-0.020463163093728642,0.07231956758624741,-0.020463163093731165,0.07231956758624604,2.8722013092487857e-15,0.0006750050933700733,0.008264024005709004
120,rhombus,7,49,170.40362602641125,62.75015682124603,54,-0.08381978805470869,-0.12000895723808847,-0.08381978805470744,-0.12000895723807882,9.725596865679665e-15,0.0004295176805009889,0.006196353439998282
120,rhombus,10,100,346.0260285828141,90.3150593896524,78,-0.10145659938217788,-0.01803028510708471,-0.1014565993821871,-0.018030285107065454,2.1346781673731977e-14,0.00014889958634712995,0.003219377047974413
120,rhombus,15,225,778.6420893751525,136.09521729355137,118,0.03800331423429748,-0.08257820878929842,0.038003314234257624,-0.08257820878925523,5.876866769439333e-14,5.8372977160758046e-05,0.002217481450550652
120,rhombus,20,400,1384.6979414219109,182.80333479754444,158,-0.0975803867459395,0.061911625505274986,-0.09758038674596772,0.06191162550531189,4.6459378512990734e-14,4.172886757223237e-05,0.0016990305888129728
120,radial,2.8284271247461903,7,24.334955914620338,20.853781561663357,18,0.10296883610832586,-0.028748461658462815,0.10296883610832466,-0.028748461658463634,1.4473541379047481e-15,0.002196567768962763,0.010053876300910793
120,radial,4.69041575982343,19,66.43450610845667,34.56645148612185,30,0.046512129995138096,0.09398838767524806,0.04651212999513557,0.09398838767524686,2.793540430109627e-15,0.0007892548541998286,0.007964344035404339
120,radial,7.615773105863909,55,190.6123988157729,62.685263370764595,54,0.09337014771993823,-0.15465369128520054,0.09337014771993146,-0.15465369128519912,6.9187140121380845e-15,0.00047387701890307956,0.0053816224579819666
120,radial,10.488088481701515,97,334.98818648203394,90.35760509045535,78,-0.10538370026203481,-0.2331997547894524,-0.1053837002620435,-0.23319975478942295,3.070336277118333e-14,0.00038196263317859475,0.0037929622336743095
120,radial,15.748015748023622,223,771.9659790878598,132.14370641694953,114,-0.05732658931186396,0.021886228094439172,-0.05732658931188658,0.021886228094485954,5.196400653183794e-14,3.974424215119668e-05,0.002378180033822547
120,radial,20.97617696340303,397,1375.1251777057987,173.27174054050093,150,-0.24183612040383906,-0.3278331634905258,-0.24183612040390834,-0.32783316349049835,7.452832564040472e-14,0.00014812506622232364,0.001680833553979791
121,rhombus,2,4,14.07934483176755,16.465296715676192,14,0.04398072123375396,0.14997367415008134,0.043980721233755245,0.14997367415007792,3.6473046843004664e-15,0.00555031141598315,0.013188111660656717
121,rhombus,4,16,55.66851534191794,34.734390468313855,30,-0.10096903784680045,0.0482206735285627,-0.10096903784679992,0.048220673528558786,3.948907389862995e-15,0.001004991022348954,0.006409353274174855
121,rhombus,7,49,169.33341134359262,62.41884146037489,54,-0.06205489126921071,0.031544850736421715,-0.062054891269210266,0.03154485073642398,2.3052588782060247e-15,0.00020554834968913112,0.004278841139275303
121,rhombus,10,100,346.10484496829156,89.67222783659686,78,0.12460902500281179,-0.09816433730978077,0.12460902500280893,-0.09816433730978083,2.859363180834623e-15,0.00022916543359140478,0.0031722740113651043
121,rhombus,15,225,778.6330897636885,136.64480821277908,118,0.07624783654357437,0.014955661083954061,0.07624783654358078,0.01495566108395239,6.625595722483063e-15,4.989560360876071e-05,0.002096553680465445
121,rhombus,20,400,1386.609607249016,182.38097535187018,158,-0.11194988341849488,-0.07047660718336196,-0.11194988341852341,-0.07047660718336862,2.930000351635491e-14,4.7701436259142855e-05,0.0016578432938374676
121,radial,2.8284271247461903,7,24.407161605396873,20.994891316143192,18,-0.03223900048167527,-0.13535799280493932,-0.03223900048167504,-0.13535799280494198,2.6749593496690556e-15,0.0028504812143568302,0.010468039176789465
121,radial,4.69041575982343,19,65.80572696019537,34.467871366502166,30,-0.1119191012785441,0.11462215924369283,-0.11191910127854322,0.11462215924368949,3.45693437960902e-15,0.0012172212929596796,0.004198679203284602
121,radial,7.615773105863909,55,190.43057945357984,62.487410891556294,54,0.06613343112626469,-0.025673080059799888,0.06613343112626159,-0.02567308005979588,5.063121454036598e-15,0.00018626680520426013,0.003812474116909979
121,radial,10.488088481701515,97,336.541537533856,89.75248566204047,78,-0.35277913066422784,-0.013796579158812744,-0.3527791306642154,-0.013796579158813035,1.2437912643762449e-14,0.0005245248629659476,0.0034911531883646224
121,radial,15.748015748023622,223,771.407283467785,131.847382591148,114,0.5575502793805405,0.09317431879702168,0.5575502793805348,0.09317431879704113,2.0263794325520097e-14,0.0003663966085458334,0.0021644179336902233
121,radial,20.97617696340303,397,1376.001945386465,173.18799204776863,150,0.09780191744715827,-0.18580635165520504,0.09780191744713373,-0.18580635165521237,2.5606711026799867e-14,7.62987005387843e-05,0.0017346377827468255
122,rhombus,2,4,13.992716914369156,16.216233291739258,14,0.10260076767759818,0.048167136836388486,0.10260076767759792,0.048167136836388985,5.649129063713848e-16,0.004050127166344961,0.022949373677635106
122,rhombus,4,16,55.13705069424966,34.66569751045317,30,-0.08704096873680633,0.05347921060463058,-0.08704096873680393,0.053479210604632454,3.0453444885927596e-15,0.0009263961851637862,0.011206226116527575
122,rhombus,7,49,169.06149709394023,62.29738254340581,54,-0.02588024558868174,-0.0616587255290203,-0.02588024558867833,-0.061658725529009716,1.1116762055381036e-14,0.00019776802007048113,0.004542742420388845
122,rhombus,10,100,345.69592366685,89.99762661525398,78,-0.024729821812680353,0.033480432487687506,-0.024729821812679895,0.03348043248770307,1.5570675380035068e-14,6.020226061025262e-05,0.0035854692759514813
122,rhombus,15,225,780.4029008868334,136.200131136121,118,-0.01879318453177392,0.1158338233872328,-0.01879318453175105,0.11583382338723075,2.2962635757209862e-14,7.518452880061432e-05,0.002446602178722499
122,rhombus,20,400,1386.1497119233225,182.26520599221843,158,-0.025733123801475077,-0.06155843720101481,-0.02573312380145561,-0.06155843720101397,1.9485164360340694e-14,2.4066871114059826e-05,0.0018112802078656912
122,radial,2.8284271247461903,7,24.07129450472192,20.9731078659731,18,0.07986243731998233,-0.04212151120502274,0.07986243731998154,-0.04212151120502294,8.162274903555715e-16,0.0018754642322852582,0.016549084387780084
122,radial,4.69041575982343,19,65.41825844988318,34.27729469753112,30,-0.07391630827001361,0.0050223430451354495,-0.07391630827001282,0.005022343045138357,3.0130863434517773e-15,0.0005662542727082403,0.008627419828120445
122,radial,7.615773105863909,55,190.19874263833566,62.410630160198,54,-0.24363735403808962,0.12963526538446257,-0.24363735403808065,0.1296352653844655,9.426849374098331e-15,0.0007255018981070931,0.005094735279849422
122,radial,10.488088481701515,97,335.397223595811,89.91841275935057,78,0.07847433631124856,0.11647215358529275,0.07847433631124869,0.11647215358530366,1.0908656270357739e-14,0.00020936682259331275,0.0030777704673955603
122,radial,15.748015748023622,223,773.2419923384336,132.20067592843606,114,-0.40008100520852663,0.22600664933882575,-0.40008100520850975,0.22600664933885067,3.009999719492085e-14,0.0002971281210406361,0.0021764216103912714
122,radial,20.97617696340303,397,1375.433287800564,174.26971947604923,150,0.025949814929641768,0.07700593692836073,0.025949814929693824,0.07700593692834606,5.4082880422454434e-14,2.954004993627776e-05,0.001555672534153473
123,rhombus,2,4,14.207572752175064,16.473573125202197,14,0.12277375733075901,0.07281721201140878,0.12277375733075915,0.07281721201140948,7.076311083754595e-16,0.005023504904900496,0.021529782421316635
123,rhombus,4,16,55.47150034089082,34.79990991589003,30,0.04753872679539617,0.0077954421721792705,0.04753872679540042,0.007795442172177116,4.7680817859315994e-15,0.0004342197199213642,0.007932781432020957
123,rhombus,7,49,169.57522703752446,63.07157198920437,54,-0.004822677595991642,0.000727146624235897,-0.00482267759599909,0.0007271466242207672,1.6863713045773686e-14,1.4380602473009869e-05,0.005962037063774181
123,rhombus,10,100,345.88531647453505,90.00028995666763,78,-0.06206077695957468,-0.05567639147354431,-0.06206077695958133,-0.055676391473569065,2.5634858660530692e-14,0.00012052413889076198,0.0031983489602596333
123,rhombus,15,225,779.4659676631129,136.59429933471355,118,-0.074382690511825,0.05146843352623018,-0.0743826905118508,0.05146843352621812,2.8478363514907796e-14,5.802255635436638e-05,0.002278196067495329
123,rhombus,20,400,1383.9027212568262,182.37004436138582,158,-0.038246745232800805,0.06719077176728899,-0.038246745232838004,0.06719077176731578,4.5838692887285016e-14,2.7933225345071106e-05,0.0016300732725708768
123,radial,2.8284271247461903,7,24.379676979225355,20.824690429019693,18,-0.03291207465858159,0.18012029404055965,-0.032912074658582036,0.1801202940405572,2.482534153247273e-15,0.003755228150249753,0.012372862690539574
123,radial,4.69041575982343,19,66.04339226533406,34.80176595813572,30,-0.0022962717206880257,-0.12328075087961257,-0.0022962717206894915,-0.12328075087961314,1.5723993288910286e-15,0.0009334933472392144,0.00642789910292261
123,radial,7.615773105863909,55,190.52403026987724,62.33910492943089,54,0.29114262557143844,-0.1202704653305966,0.29114262557143133,-0.12027046533060572,1.1559397535798539e-14,0.0008266840926474165,0.0050912072732019545
123,radial,10.488088481701515,97,336.2995390080925,90.92028169429419,78,0.03376123155833266,-0.04778550483631361,0.03376123155832673,-0.04778550483634619,3.3120730388262825e-14,8.698906063874544e-05,0.0032441156702981777
123,radial,15.748015748023622,223,772.0427975086213,131.9629074426379,114,-0.39644375071366245,0.07607839688443122,-0.39644375071366816,0.076078396884404,2.7808486291328435e-14,0.00026143470168503896,0.0024420541460462926
123,radial,20.97617696340303,397,1374.3450312211598,173.29467773208677,150,-0.05491197623192701,-0.11751627750389654,-0.054911976231960924,-0.11751627750389457,3.3974513882756325e-14,4.7190755960430526e-05,0.0017635992571404292
124,rhombus,2,4,14.045311925038629,16.132651096075556,14,-0.0647393486358796,0.028178274429225936,-0.06473934863588018,0.028178274429226602,8.851374477315529e-16,0.0025135054987177135,0.011254153851989225
124,rhombus,4,16,55.57179878912674,34.57862361251713,30,0.14561698281300428,0.023145770014270428,0.14561698281300434,0.02314577001427029,1.4946834900704541e-16,0.0013266172581217761,0.008143222447620023
124,rhombus,7,49,169.5176751778897,62.06022365375734,54,0.12562522342651095,-0.15128662358029632,0.1256252234265107,-0.15128662358029807,1.766354016019247e-15,0.0005800138875442208,0.004456195526291959
124,rhombus,10,100,346.3768914205381,90.338580342388,78,0.07370880700888804,-0.012418818393913233,0.07370880700889344,-0.012418818393918354,7.440901775136743e-15,0.00010789934213289982,0.0038407870556072463
124,rhombus,15,225,779.8392842213507,136.50232951342312,118,-0.08176504372724525,0.06487957368419059,-0.08176504372725046,0.06487957368417335,1.8008749180749457e-14,6.692311540862265e-05,0.002515717510158812
124,rhombus,20,400,1385.9804960435729,182.5023797855246,158,0.03094838266000055,-0.18194523952203195,0.03094838266002358,-0.18194523952213837,1.0887844427200294e-13,6.658051429507791e-05,0.0017159598296865952
124,radial,2.8284271247461903,7,24.70231100503441,21.212359388163687,18,0.13251329441031512,0.1521037190062191,0.132513294410316,0.1521037190062197,1.0623534945633305e-15,0.004083237336360606,0.009293880781526848
124,radial,4.69041575982343,19,65.79650182687607,34.973751967025244,30,-0.10668053787926635,-0.05524883782024431,-0.10668053787926399,-0.05524883782024077,4.2531514201421415e-15,0.0009129522897977413,0.006293188916832302
124,radial,7.615773105863909,55,190.48071485080456,62.167671797981725,54,-0.18440044467002137,0.16570752022834576,-0.18440044467001873,0.16570752022834484,2.7913334059214425e-15,0.0006507649063978554,0.004766652211332616
124,radial,10.488088481701515,97,334.9061173020225,89.62817334391553,78,0.3687602930582914,-0.05847738636574901,0.36876029305828784,-0.0584773863657486,3.576224061345498e-15,0.0005574220773666967,0.003979060103646077
124,radial,15.748015748023622,223,772.9755811494674,131.52373772200326,114,-0.3239782657279515,0.02711020551827878,-0.32397826572795363,0.027110205518271622,7.461838373704299e-15,0.00021029808288512022,0.002652253845108021
124,radial,20.97617696340303,397,1374.38109985446,173.511672660483,150,0.24025354143642863,0.009219345495362297,0.2402535414364048,0.009219345495353503,2.5411910674030496e-14,8.746859412312258e-05,0.0016918093881086078
125,rhombus,2,4,13.622989631430926,16.0470946663663,14,0.0056416577705582505,-0.10184990484196554,0.005641657770559635,-0.10184990484196428,1.8738129358808798e-15,0.003743893188918998,0.016306771626704273
125,rhombus,4,16,55.3097337476235,34.7916088528312,30,0.034165232203574813,0.031854593613158635,0.03416523220357317,0.03185459361316245,4.15563282552557e-15,0.0004222733199161576,0.008941922289164319
125,rhombus,7,49,169.78136458555184,62.4440925194059,54,0.06693161376123857,-0.14408208388499466,0.06693161376124539,-0.14408208388498742,9.945301462948374e-15,0.00046786467201670044,0.005465932717698949
125,rhombus,10,100,346.5647498248704,90.19153784027635,78,0.020641838219586983,-0.030348645418851128,0.020641838219601007,-0.03034864541882962,2.5675165088173808e-14,5.29528925250657e-05,0.003583650638369298
125,rhombus,15,225,778.3004612503003,136.48877440991652,118,-0.09394064812245695,-0.14514114044354995,-0.09394064812243064,-0.1451411404435538,2.6593622071437295e-14,0.00011106864072345513,0.0023419525347068496
125,rhombus,20,400,1386.2597314898462,182.51801420229955,158,-0.00557256098314296,-0.09330664579670392,-0.005572560983109001,-0.0933066457967168,3.631897673062743e-14,3.3714065562843284e-05,0.0019540106789032717
125,radial,2.8284271247461903,7,24.074994623696703,20.59709801552759,18,-0.007236774815687408,-0.002116781845274099,-0.007236774815687096,-0.002116781845270862,3.2520194340490543e-15,0.00015659411557198866,0.015421071735127363
125,radial,4.69041575982343,19,65.47091250616063,34.34042321261296,30,0.054847392885404744,0.06652973397253104,0.05484739288540574,0.06652973397253421,3.329317160797461e-15,0.0006584848681852738,0.009454298513999556
125,radial,7.615773105863909,55,190.77137072730736,62.659037397033025,54,-0.16447470299205058,0.25655235078639127,-0.16447470299204808,0.2565523507864023,1.132563533688512e-14,0.0007987243980333645,0.0045866869552271365
125,radial,10.488088481701515,97,335.917705272721,90.21792349107902,78,0.191742562932125,-0.1303169009500674,0.19174256293212574,-0.13031690095005222,1.5200783870045896e-14,0.00034507784111256675,0.0032146682357374803
125,radial,15.748015748023622,223,772.1295603429701,131.50838829786719,114,0.11302301633874379,0.5424235770877335,0.11302301633877283,0.5424235770877336,2.9046422059294055e-14,0.0003587957351387675,0.00238778108567011
125,radial,20.97617696340303,397,1374.486238854106,172.9992181315916,150,-0.363339554052696,0.4347828355409369,-0.3633395540526653,0.4347828355408629,8.011122711146454e-14,0.0002061185724937985,0.0019543635571665206
126,rhombus,2,4,13.644917560736536,15.850007483941415,14,-0.060855488727532325,0.06180021116593324,-0.06085548872753383,0.061800211165933774,1.5977245835212219e-15,0.003178225494663796,0.011254289161210969
126,rhombus,4,16,55.43287906467633,34.523085830882586,30,0.09312360369433836,-0.09715453510807306,0.09312360369433544,-0.09715453510807572,3.949736413423747e-15,0.0012138747987061622,0.007704667707392404
126,rhombus,7,49,169.5232741415614,62.282030167097055,54,0.04023114708463016,0.012424402308937404,0.040231147084633254,0.012424402308930712,7.373456367887939e-15,0.0001241892876870974,0.004898691751724714
126,rhombus,10,100,345.9971943250736,90.12933190697758,78,-0.06805780394435956,0.05306848366622091,-0.06805780394436607,0.053068483666206354,1.5946550452154283e-14,0.00012471566637580584,0.0028908808194835147
126,rhombus,15,225,779.122148381007,135.9402519335395,118,-0.04419275271107859,0.007558023540153572,-0.04419275271108848,0.007558023540156366,1.0281941355378361e-14,2.8772379671794582e-05,0.002412443903208957
126,rhombus,20,400,1384.7357761789776,181.9732068630173,158,0.0014269550698968736,0.031408228945043096,0.0014269550699418112,0.031408228945041826,4.4955515234464246e-14,1.1352572765228383e-05,0.0016940995039993031
126,radial,2.8284271247461903,7,23.997653104124556,20.763175432995812,18,-0.08118978569910595,0.09125133981191733,-0.08118978569910743,0.09125133981191663,1.6264862039409702e-15,0.0025448670463274893,0.008659181428058032
126,radial,4.69041575982343,19,65.88082025298303,34.839130564435926,30,0.10892690630043766,-0.13978006581867047,0.1089269063004307,-0.13978006581867328,7.509511935912598e-15,0.0013449318993717131,0.006629037897801187
126,radial,7.615773105863909,55,190.24030908460722,62.056050449899594,54,0.12136832147498744,-0.3495271903594923,0.12136832147499034,-0.34952719035950314,1.120652633096435e-14,0.0009724525827051408,0.004009795042930269
126,radial,10.488088481701515,97,335.7611148944402,89.69148090402366,78,0.051915885375283466,0.1412087958068248,0.05191588537529809,0.1412087958068031,2.617356667201612e-14,0.00022404312035717694,0.0034711394262984877
126,radial,15.748015748023622,223,772.1636370038209,131.57025496825196,114,-0.10845272252908922,0.040816154291415385,-0.10845272252909773,0.040816154291415774,8.515953841753998e-15,7.503528563418429e-05,0.0020414800607420442
126,radial,20.97617696340303,397,1375.9240466915548,173.65422342873865,150,-0.5685287995211099,0.6468693176220808,-0.5685287995211428,0.6468693176221171,4.8968890763394004e-14,0.0003129532092780402,0.0014193099972683307
127,rhombus,2,4,13.597852885459908,15.895192819854003,14,-0.09358343944985048,-0.09975627584723988,-0.0935834394498511,-0.0997562758472386,1.4213050055029609e-15,0.005029525117423033,0.012649255339272041
127,rhombus,4,16,54.957667733434754,34.479632258023926,30,-0.001997261005269202,0.07160445554081674,-0.001997261005270101,0.07160445554082037,3.7454761064985724e-15,0.0006517043740300862,0.010195371110990163
127,rhombus,7,49,169.53767652085094,62.36736637088407,54,-0.13805357033269017,0.035407579356390106,-0.13805357033268822,0.03540757935640311,1.3147832575195452e-14,0.0004203250813904197,0.00448958051860093
127,rhombus,10,100,346.5985509744042,90.42382653603964,78,-0.018752971065445045,0.04327266908760147,-0.018752971065448803,0.043272669087619495,1.841466125672114e-14,6.803462046200113e-05,0.0035475388797134443
127,rhombus,15,225,779.7783175659846,136.42844853420578,118,-0.028935444601637883,-0.014671638909139861,-0.028935444601663512,-0.014671638909081571,6.367558799254529e-14,2.0802397798238297e-05,0.0022985121585954002
127,rhombus,20,400,1385.4788348631841,181.99393789487985,158,-0.014840261158729273,-0.032488841761343895,-0.014840261158757658,-0.03248884176123901,1.0866132641988775e-13,1.2890040776219896e-05,0.0017410695181790136
127,radial,2.8284271247461903,7,24.054951356378872,20.72611403282428,18,0.1700908723562793,-0.0869347486770327,0.17009087235627723,-0.08693474867703166,2.302583884227374e-15,0.003970487710505808,0.015112328506603564
127,radial,4.69041575982343,19,65.79852616506409,34.68262063868586,30,-0.1064646773230491,0.22774468926136068,-0.10646467732304879,0.22774468926136324,2.5717004936473002e-15,0.0019103833480927526,0.008693486351340598
127,radial,7.615773105863909,55,190.3566750506964,62.26977489238632,54,-0.006748496284418426,0.18981870539510134,-0.006748496284420602,0.1898187053951096,8.525821623984485e-15,0.0004989019424391695,0.004516970130837154
127,radial,10.488088481701515,97,336.32248595847733,90.0082102814956,78,-0.021017299006219403,0.28666455680175984,-0.021017299006212114,0.28666455680177644,1.8127937348836375e-14,0.00042731901032091665,0.0037827271496091545
127,radial,15.748015748023622,223,771.8144156491213,131.99739079006164,114,-0.008997518377376945,0.11584942150503708,-0.008997518377401398,0.11584942150504816,2.684928760449506e-14,7.52760591226473e-05,0.0021557468319684313
127,radial,20.97617696340303,397,1375.527714537161,172.85078036002898,150,-0.5787581424860311,-0.0017213336538313695,-0.5787581424861127,-0.0017213336537987458,8.788110908301593e-14,0.00021037769582755457,0.0016002813212537723
128,rhombus,2,4,13.699472874189397,15.878112273221678,14,-0.14274557468415905,-0.022806489745362687,-0.14274557468416005,-0.022806489745363534,1.3095955923401825e-15,0.005275969162066672,0.014966897690744115
128,rhombus,4,16,55.51474411672885,34.96066320934325,30,-0.021666416538007383,-0.1467874680526438,-0.021666416538009124,-0.14678746805264561,2.5076302392244626e-15,0.0013363826075429395,0.00735295589138304
128,rhombus,7,49,169.54089320488634,62.35009489841321,54,0.026323525051871854,0.021457338536326115,0.026323525051871497,0.0214573385363265,5.253663818279542e-16,0.00010015559645544614,0.0033658980731010217
128,rhombus,10,100,346.7235483927327,90.06476214958253,78,0.08547457904727107,-0.059271303757862104,0.08547457904728593,-0.059271303757851244,1.8407551579040426e-14,0.00014999612780339038,0.003415678127602079
128,rhombus,15,225,778.4213307672726,135.84133734139834,118,-0.24150926157535357,0.05752992769943621,-0.24150926157534613,0.05752992769949386,5.812625235256838e-14,0.00015946815330347054,0.0020367959793685655
128,rhombus,20,400,1385.4516544166322,182.56761710846612,158,-0.17162070992124256,0.09944293417762479,-0.17162070992128525,0.09944293417767297,6.437343178998975e-14,7.158301154932689e-05,0.0016217127541752559
128,radial,2.8284271247461903,7,24.09363312749567,20.65444966979031,18,0.1461298191176046,0.13893598990693623,0.14612981911760445,0.13893598990693393,2.3078890472025165e-15,0.004184427891325244,0.010117895823627815
128,radial,4.69041575982343,19,65.94719737884077,34.564406918743984,30,-0.040078837233554765,-0.16401494717949675,-0.04007883723355293,-0.1640149471794962,1.914128816512169e-15,0.001280121125235897,0.007264343934736884
128,radial,7.615773105863909,55,190.3055081183691,62.74219883743046,54,0.08381577630130721,0.04533851542461537,0.08381577630131061,0.045338515424617865,4.2190529163544545e-15,0.0002503672280206662,0.0038783086476832733
128,radial,10.488088481701515,97,336.0297406291843,89.95310218887998,78,-0.28755647070254087,-0.2125303059533187,-0.28755647070253143,-0.21253030595331213,1.1503304927149433e-14,0.0005320543452195495,0.003486127266311503
128,radial,15.748015748023622,223,771.7169005227946,131.99346080484418,114,0.461282388235551,-0.20907538940848547,0.46128238823558165,-0.20907538940845405,4.3887524806736336e-14,0.00032813349511834165,0.0019519672622061743
128,radial,20.97617696340303,397,1374.5238939158876,172.80641243448255,150,0.1314524871449705,-0.14965834244763665,0.13145248714494173,-0.1496583424475947,5.084967652266973e-14,7.245847363674024e-05,0.0014764896829805244
129,rhombus,2,4,13.814691000845361,16.22178650379222,14,0.0629031797733477,0.03456364223995777,0.06290317977334847,0.034563642239956824,1.2225062931717345e-15,0.0025977287489590373,0.01584365782224149
129,rhombus,4,16,55.09800572092526,34.609074937997825,30,-0.044002854974626526,0.02211211651034621,-0.04400285497462056,0.022112116510343584,6.51983673883804e-15,0.0004468971968403761,0.00815670921019994
129,rhombus,7,49,169.63241817077193,62.717049350295646,54,-0.08415139006787697,0.06488040121089378,-0.084151390067874,0.06488040121088204,1.211040364236557e-14,0.000313202970468413,0.005272934203236928
129,rhombus,10,100,346.1907813561383,90.09553367561641,78,-0.021737976156431138,0.154452023497856,-0.0217379761564333,0.15445202349783244,2.3663406872930666e-14,0.00022527210432054094,0.002917901981864292
129,rhombus,15,225,780.3358718675286,136.75678282625896,118,-0.01698974312313517,-0.08741129775024634,-0.016989743123115172,-0.08741129775027595,3.57347969949083e-14,5.7056906550400324e-05,0.002241665845088199
129,rhombus,20,400,1386.011602846078,183.02250037357481,158,0.11912031377006116,-0.15890681853865324,0.11912031377002258,-0.1589068185386379,4.15213485133308e-14,7.164357370719155e-05,0.001793079817517163
129,radial,2.8284271247461903,7,24.21136599155667,20.87018498424616,18,-0.10352717587792926,-0.13260230365484899,-0.10352717587792601,-0.13260230365484982,3.3524553365356196e-15,0.003474189456937478,0.013779136698917265
129,radial,4.69041575982343,19,66.09259902930116,34.688794200587196,30,0.04911310785142664,-0.013332672610292015,0.04911310785143246,-0.01333267261029459,6.365511479563938e-15,0.0003849950185008925,0.006769504142561532
129,radial,7.615773105863909,55,190.3909052318648,62.182027821236154,54,0.07629794799985579,0.27831488293242385,0.07629794799985644,0.27831488293241363,1.023485674741928e-14,0.0007578715431791404,0.004138552732766768
129,radial,10.488088481701515,97,335.9150278783424,90.9618399899071,78,0.43670633214927523,-0.05972330675676779,0.43670633214928306,-0.05972330675678181,1.6053883479891156e-14,0.0006560755137144992,0.003226968193053101
129,radial,15.748015748023622,223,772.7893148496207,131.27451406668564,114,-0.15151570712516582,0.0877724262008853,-0.1515157071251453,0.08777242620087204,2.4420604837236475e-14,0.00011329274828750496,0.0020078268652568136
129,radial,20.97617696340303,397,1376.0900912820366,172.62372216389122,150,-0.07670074796623627,-0.4780222817436218,-0.07670074796627023,-0.4780222817436739,6.216460982762015e-14,0.00017591023441225953,0.0017625444951936751
130,rhombus,2,4,13.96572172532478,16.29630801291952,14,0.02128283523264507,0.05507729727102273,0.021282835232646742,0.055077297271022604,1.6769312627679206e-15,0.002113973049372511,0.014571248741835291
130,rhombus,4,16,55.42728604503992,34.47803911797731,30,-0.005295541307522189,-0.01813745910156421,-0.005295541307519608,-0.018137459101568075,4.647676109466641e-15,0.00017044595158767725,0.008989452264180546
130,rhombus,7,49,169.84436060017507,62.74469696839702,54,-0.09782272371852985,0.06449638605733643,-0.09782272371853103,0.0644963860573275,9.001048013565732e-15,0.0003449367111490224,0.004647573862085943
130,rhombus,10,100,347.49532621494313,90.26833469926936,78,-0.05564334554181238,-0.1045869077079424,-0.055643345541823507,-0.10458690770794381,1.121101307188351e-14,0.00017045945880549327,0.003430328051799121
130,rhombus,15,225,779.7568770398576,136.56524216812934,118,-0.12737892143600238,-0.050929938586981,-0.12737892143604368,-0.050929938586991984,4.2736034664839895e-14,8.796540903411176e-05,0.001985760881592708
130,rhombus,20,400,1385.8735164220504,182.31458519101332,158,0.053590133550438956,-0.08357048103754311,0.053590133550360936,-0.08357048103761885,1.0874081242486774e-13,3.5817491255209796e-05,0.0019474029780803875
130,radial,2.8284271247461903,7,24.35267061066469,20.976980279690437,18,0.04235001008545858,-0.038833771697313654,0.042350010085459744,-0.03883377169731441,1.3895990466646313e-15,0.0011797355397933297,0.011588288978320918
130,radial,4.69041575982343,19,65.90432596529403,34.84455694912312,30,0.024738023307933066,-0.1597571193017099,0.02473802330793617,-0.15975711930171635,7.148880264861194e-15,0.0012264831205575347,0.008031985529921693
130,radial,7.615773105863909,55,190.75175460451445,62.20233151576808,54,0.06915018395318961,0.09074036628300262,0.06915018395318567,0.09074036628299556,8.08894097837465e-15,0.000299042507579854,0.005298342366988346
130,radial,10.488088481701515,97,336.8932026900553,90.22848664654175,78,-0.24139912037704203,0.21888325555319946,-0.24139912037704248,0.21888325555319765,1.8579657780270554e-15,0.00048362205699052283,0.0031921183167900745
130,radial,15.748015748023622,223,771.869310554139,131.12098252943497,114,-0.03736978393241186,-0.22957694054392289,-0.037369783932422504,-0.22957694054391273,1.4713812855867675e-14,0.00015067221788673206,0.0021741208772102522
130,radial,20.97617696340303,397,1375.5118044847954,173.47300594973058,150,-0.3628818501264979,-0.22177253846505618,-0.3628818501265618,-0.22177253846504547,6.484009003589749e-14,0.000154591106190063,0.0016085284946385939
131,rhombus,2,4,13.726703889484224,16.296874825061156,14,0.19775801865503206,0.009724813325758294,0.1977580186550325,0.009724813325758162,4.632458786145298e-16,0.007212109558838348,0.021389315824662976
131,rhombus,4,16,55.12108773054024,34.34881681585214,30,-0.004552880565246387,-0.05774128958414744,-0.004552880565240523,-0.05774128958414734,5.8641700410420316e-15,0.0005253933690484207,0.00907768652188996
131,rhombus,7,49,169.78990078962627,62.24692327526337,54,-0.12423060045478174,0.0046960538152549525,-0.12423060045478093,0.00469605381525931,4.431340848205231e-15,0.000366097530538831,0.004678962495331356
131,rhombus,10,100,347.01427456504587,90.49635633932098,78,-0.03711877209221148,0.18290319471993818,-0.037118772092220774,0.18290319471994862,1.397276331913604e-14,0.000268910658804941,0.0038576835680183713
131,rhombus,15,225,779.6707886805103,136.38083692530338,118,-0.08627578322934415,-0.005465715631027074,-0.08627578322934112,-0.005465715631030255,4.3902873054041e-15,5.543925862532794e-05,0.00216456205648813
131,rhombus,20,400,1385.9490749300453,182.37257081892403,158,0.03176699682173867,-0.041457400506506134,0.031766996821791973,-0.04145740050649082,5.546080971441133e-14,1.8842287342124795e-05,0.00183194367014138
131,radial,2.8284271247461903,7,23.989865224148193,20.84201306933239,18,-0.11509333903762542,-0.14977689439703118,-0.11509333903762266,-0.14977689439703332,3.492049631502488e-15,0.003936879779682567,0.011161365949071567
131,radial,4.69041575982343,19,65.42348207960093,34.51297342659753,30,0.04364247806274024,0.16090211285702594,0.04364247806274508,0.16090211285702705,4.962201897668846e-15,0.001274128097691884,0.008110655327563589
131,radial,7.615773105863909,55,190.71433624428158,62.33678284797328,54,0.1147580575028222,-0.02797437435221238,0.11475805750282032,-0.02797437435220283,9.733396617337546e-15,0.00030967385846833543,0.004800592053137287
131,radial,10.488088481701515,97,336.18447803448015,90.8483658121041,78,-0.28817864173490637,-0.23870568049567958,-0.2881786417349072,-0.23870568049568697,7.429789663106534e-15,0.0005565430359445392,0.003755540332021033
131,radial,15.748015748023622,223,772.661265172432,132.07943416452096,114,0.24608432623029453,0.008419499273681436,0.24608432623029577,0.008419499273702195,2.0796975249446097e-14,0.00015933781533143416,0.0019519195109428441
131,radial,20.97617696340303,397,1375.9960820985602,172.3374743739573,150,0.44241355685608985,0.011819293465643282,0.442413556856165,0.011819293465694772,9.110745083622167e-14,0.00016081855665941267,0.0018156721563827027
132,rhombus,2,4,13.778922379676914,16.175430256070992,14,0.020016996328392267,0.04622353984856356,0.02001699632839154,0.046223539848565254,1.8432006320929075e-15,0.0018278489310750426,0.008074351289931137
132,rhombus,4,16,55.47978423830784,34.45201401294087,30,-0.07017827357916984,-0.1398473073577694,-0.070178273579175,-0.13984730735776774,5.424493346140812e-15,0.0014101359641830935,0.00794771567114963
132,rhombus,7,49,169.55792335259827,62.40513794831804,54,-0.08904016329239317,-0.043814227880343726,-0.08904016329239894,-0.043814227880344635,5.8442831331120916e-15,0.00029263235783438146,0.005314404109899637
132,rhombus,10,100,346.7619840443006,89.71848731384911,78,0.061082325754293176,0.14971515383236791,0.06108232575429816,0.149715153832358,1.1090749113975154e-14,0.00023315164164159981,0.003855569619977415
132,rhombus,15,225,779.8354550907458,136.14088288546,118,0.030674570453724126,-0.12766654784178527,0.030674570453765607,-0.1276665478417912,4.190380735877286e-14,8.418439334538089e-05,0.002805854532936388
132,rhombus,20,400,1385.6436588826825,182.55864605338923,158,-0.021471099754147627,0.056637414036983774,-0.02147109975405718,0.056637414037007096,9.340341735918779e-14,2.1856506585040005e-05,0.0017418562971576279
132,radial,2.8284271247461903,7,24.273770917836107,20.779223997207907,18,-0.048674337399644774,-0.12911162493929207,-0.048674337399647265,-0.12911162493929088,2.7622114719791247e-15,0.0028422014350210985,0.009621043340973268
132,radial,4.69041575982343,19,65.87316002281622,34.83231017185338,30,-0.0012298188651502784,0.07125076988453874,-0.001229818865151916,0.07125076988454301,4.577314352215703e-15,0.0005408984681329877,0.006292197764932885
132,radial,7.615773105863909,55,190.3139617737248,62.19285666378207,54,0.3260291850130552,0.14446120645107793,0.32602918501304445,0.14446120645108204,1.1526018689030311e-14,0.0009368748127340798,0.003711992913541281
132,radial,10.488088481701515,97,336.0133087197893,89.92391163004719,78,-0.020195261721162705,-0.2476533763652205,-0.020195261721155915,-0.24765337636522294,7.215669826365279e-15,0.0003697404713103249,0.0031892037538834915
132,radial,15.748015748023622,223,773.1441139248445,131.80882458437006,114,-0.0822923246588112,0.7621022099974177,-0.08229232465875855,0.7621022099973953,5.722949993999191e-14,0.000495724090202622,0.002636031968296941
132,radial,20.97617696340303,397,1374.5338675210285,173.71757002569794,150,0.3342591425295236,-0.4364100938432133,0.33425914252960814,-0.4364100938432138,8.454495947884842e-14,0.00019996294927169614,0.001478443122145481
133,rhombus,2,4,13.776440408340775,15.989991760696915,14,0.07392338646198793,-0.051585002603712814,0.07392338646198829,-0.05158500260371162,1.2468402668783907e-15,0.0032716198326466412,0.015664630807820493
133,rhombus,4,16,55.42436578806651,34.79872648453223,30,0.05098478086706493,0.0397223085838521,0.050984780867062804,0.03972230858385188,2.1348801402871297e-15,0.0005830658534507045,0.00908767141407745
133,rhombus,7,49,169.71836795634883,62.27504091255448,54,-0.1251323736546115,-0.01922686460117201,-0.1251323736546197,-0.019226864601169878,8.488205289433801e-15,0.0003729734243568174,0.00414600565770169
133,rhombus,10,100,346.95117491476225,90.11070775441358,78,0.047208768106196786,0.030753523751742368,0.0472087681061693,0.030753523751737902,2.7845300757491403e-14,8.119619590378808e-05,0.002806311844565513
133,rhombus,15,225,779.1356365523404,136.24457015481747,118,0.00261077400672427,-0.18528870817045717,0.0026107740066914683,-0.18528870817044701,3.4338894673609014e-14,0.00011891838330984518,0.0025648862038628152
133,rhombus,20,400,1385.2434279726144,181.79108758054127,158,0.006767988452934581,0.020216537052914818,0.006767988452831849,0.02021653705295996,1.1221222527159722e-13,7.695158270244919e-06,0.001750141222372821
133,radial,2.8284271247461903,7,24.04148779048404,20.720166148247653,18,-0.044700266677129896,-0.04392107390882463,-0.04470026667712903,-0.04392107390882324,1.642423141765234e-15,0.0013033131220095188,0.012333297679957304
133,radial,4.69041575982343,19,65.49193172281613,34.819520319886415,30,0.22728128233941547,0.17111142352691078,0.2272812823394141,0.1711114235269109,1.3645472033731848e-15,0.0021719649154651965,0.008176923889350424
133,radial,7.615773105863909,55,190.40229914348316,62.09958525858917,54,0.13977197114227913,0.21589262124263775,0.13977197114226964,0.21589262124263653,9.570644082560846e-15,0.0006753813193077606,0.003708030701161194
133,radial,10.488088481701515,97,336.3411830286958,89.50143124344575,78,-0.0741902049556935,0.015974374885088405,-0.07419020495570869,0.015974374885091115,1.542220371930084e-14,0.00011281772555347146,0.0024843388190225277
133,radial,15.748015748023622,223,772.3795365804726,131.95914820372437,114,-0.4420071478362031,0.48197304184437884,-0.44200714783622036,0.4819730418443813,1.7435892659610474e-14,0.00042334339818487745,0.002366725130833176
133,radial,20.97617696340303,397,1374.8142357731608,172.74704845691218,150,0.48919707380545274,-0.3660987645311021,0.4891970738053858,-0.3660987645311464,8.027534353112779e-14,0.0002222181136329988,0.0017738959662442638
134,rhombus,2,4,13.386414141272546,15.97186723457635,14,-0.03033576059464238,-0.10039063557307143,-0.030335760594641898,-0.1003906355730715,4.872195631415874e-16,0.0039171772984252,0.014319555786946683
134,rhombus,4,16,55.318684962272265,34.882721232821204,30,0.13616212377015335,0.11069809587805254,0.13616212377015371,0.11069809587805238,3.973993651728112e-16,0.001586107308011566,0.009311947584159859
134,rhombus,7,49,170.26370307396576,62.36281856012501,54,-0.03319891022305521,-0.007873833016434267,-0.03319891022305412,-0.007873833016441217,7.034174284807659e-15,0.00010019710592870034,0.0055319714963378815
134,rhombus,10,100,346.0949045814157,90.09967479951601,78,0.16424165534412527,0.06185819158351341,0.1642416553441394,0.06185819158350527,1.6304518206006133e-14,0.0002535493757454609,0.0029916435173545186
134,rhombus,15,225,779.2008783218229,136.33510606715723,118,0.0553496212852993,-0.033526534150462764,0.05534962128531157,-0.03352653415049069,3.050466638392098e-14,4.152442589572501e-05,0.0024670750932613353
134,rhombus,20,400,1385.1506689508153,182.42440271913938,158,-0.11117197870204176,0.08793164797064923,-0.11117197870207679,0.087931647970608,5.410098009984628e-14,5.116532640811984e-05,0.0015626537127797204
134,radial,2.8284271247461903,7,23.94592950293863,20.492614750370215,18,0.09861102816508893,-0.03659224969604699,0.09861102816509237,-0.036592249696047664,3.5068884215394912e-15,0.002196227199093806,0.011071905649025833
134,radial,4.69041575982343,19,65.6706776345258,34.72312975486748,30,-0.12396799271008252,0.06006273352527111,-0.12396799271007873,0.06006273352526868,4.500213743502584e-15,0.0010488085278940878,0.006512698339849173
134,radial,7.615773105863909,55,190.8320936548817,62.392934472046754,54,-0.22198033287105545,0.053646767910709756,-0.2219803328710549,0.05364676791071057,9.834887728489226e-16,0.0005983554519297128,0.003917487072905061
134,radial,10.488088481701515,97,336.21300481846566,89.48688751282582,78,0.24017769681444134,0.04637470030476262,0.2401776968144461,0.04637470030475288,1.0836837409175778e-14,0.00036377810073564415,0.003748873273504686
134,radial,15.748015748023622,223,771.8043758353631,131.12656633497798,114,-0.021603482432333898,0.3301737415491419,-0.021603482432313116,0.33017374154912826,2.486705282413486e-14,0.0002143546745939851,0.001990894992449815
134,radial,20.97617696340303,397,1375.1516455450737,173.84881832392747,150,-0.006929609955210747,-0.7636452748146663,-0.006929609955201546,-0.7636452748147087,4.339712061511591e-14,0.0002776700001087118,0.001676902383801566
135,rhombus,2,4,13.611797736533042,16.030173312957544,14,0.10731899188055039,-0.023232551098545023,0.1073189918805508,-0.02323255109854536,5.353413983496635e-16,0.004033446148372987,0.015024956560213066
135,rhombus,4,16,55.44596878931986,34.49435726699595,30,-0.1621266904399632,-0.03469175580900222,-0.16212669043996236,-0.03469175580900155,1.066334393690002e-15,0.0014951204931188337,0.007246072966313171
135,rhombus,7,49,169.8419618306861,62.43622492990779,54,-0.1415643377236706,-0.11657571437000111,-0.14156433772367064,-0.11657571437000266,1.554560032361923e-15,0.0005398719427234957,0.004633241433711697
135,rhombus,10,100,346.1144269853022,90.43653318649099,78,0.13957295588963037,-0.06288957975772849,0.13957295588961344,-0.06288957975774129,2.122205541428643e-14,0.00022115122678696196,0.0031887521337619295
135,rhombus,15,225,778.9242993896685,136.41177277071404,118,-0.0033219256075263104,0.0959108565864402,-0.003321925607528344,0.09591085658642877,1.1614700323495381e-14,6.160314152801091e-05,0.0023667390527834097
135,rhombus,20,400,1385.2545092434282,182.243595673143,158,0.03887295965152315,-0.0005985493753627585,0.03887295965158389,-0.0005985493754266866,8.817976786661315e-14,1.4032644262822008e-05,0.001711702308983257
135,radial,2.8284271247461903,7,24.20860355941664,20.708781341541933,18,-0.20051705534823405,0.010180036256928926,-0.20051705534823266,0.010180036256927948,1.697988596839302e-15,0.004146775821382932,0.012590835750915729
135,radial,4.69041575982343,19,66.07416936597804,34.435334141143116,30,0.16523725195243122,0.08844337376880282,0.16523725195243336,0.08844337376880441,2.667316593050193e-15,0.0014182410217432786,0.00616516909484033
135,radial,7.615773105863909,55,190.48306474135148,61.91175226787059,54,0.010669342123846182,0.047622052090981803,0.010669342123842436,0.04762205209097518,7.611796024261823e-15,0.00012810222708356568,0.004538924211632124
135,radial,10.488088481701515,97,335.464458826211,90.43832552446453,78,0.24866167619578583,0.04484116164706195,0.24866167619577703,0.04484116164705128,1.3831337442810424e-14,0.0003766008999106639,0.003340225355265642
135,radial,15.748015748023622,223,772.7722020519213,132.138299441495,114,-0.4353512863350173,-0.1240337376379439,-0.43535128633499537,-0.12403373763795353,2.3948880366027943e-14,0.0002928906483195992,0.0020975621309113628
135,radial,20.97617696340303,397,1375.6229086114759,173.15593570797117,150,0.03252939369943553,0.1223293894238974,0.032529393699489054,0.12232938942386941,6.040383944979884e-14,4.600845561422809e-05,0.0017387475716369655
136,rhombus,2,4,13.96481715056754,16.331947862608942,14,-0.07681567797524602,-0.028302140006434384,-0.07681567797524758,-0.028302140006436813,2.883408916009878e-15,0.0029310682442099897,0.018778674989207118
136,rhombus,4,16,55.57399613938895,34.705309666576994,30,0.09108167801791822,0.06771283669144766,0.09108167801791547,0.0677128366914442,4.414903623203005e-15,0.0010211075504408232,0.011206898606456319
136,rhombus,7,49,169.66102985636388,62.53156936530022,54,0.01714269768768517,0.038404893343379876,0.017142697687683922,0.03840489334337467,5.351952269770272e-15,0.00012394478034096247,0.006161488531323647
136,rhombus,10,100,347.2418321069411,90.14869041148155,78,-0.060749905117019054,0.09150598207797139,-0.06074990511701926,0.09150598207795893,1.2463991917163343e-14,0.00015815457256865672,0.0035987493976201066
136,rhombus,15,225,780.1494479529038,136.2727449517184,118,0.04585127817046075,-0.011748969236806323,0.04585127817042799,-0.011748969236830652,4.0804961972501145e-14,3.0335618032898804e-05,0.0026836770519946883
136,rhombus,20,400,1384.376771593796,181.97660151331993,158,-0.0020297569059213316,-0.02978274778066227,-0.0020297569059833653,-0.02978274778061002,8.110629070653736e-14,1.0781686881172675e-05,0.0016294809929505258
136,radial,2.8284271247461903,7,24.42801698374071,20.90653378202479,18,-0.015866276320040118,0.04909774129218744,-0.015866276320042966,0.04909774129218651,2.9963349883340664e-15,0.001056118093806948,0.015335863297271886
136,radial,4.69041575982343,19,65.82122206729123,34.60440500387806,30,0.1657660946751527,-0.106721584531287,0.16576609467514958,-0.10672158453128802,3.273863974954342e-15,0.0014976128989862276,0.01086291750537418
136,radial,7.615773105863909,55,190.49893513412405,62.55766224009587,54,0.33437957882944946,-0.053703894785760375,0.33437957882943886,-0.05370389478576453,1.1388213215044198e-14,0.0008888888198932053,0.004647323335081929
136,radial,10.488088481701515,97,336.06358706721346,90.22761582988221,78,0.04011464736992876,-0.3124541369456034,0.040114647369909544,-0.3124541369456092,2.006238711753313e-14,0.00046868910866847537,0.004045749536524829
136,radial,15.748015748023622,223,772.897311473414,131.41356073168217,114,-0.5062804938420249,-0.25624319345795754,-0.5062804938420705,-0.25624319345797925,5.052932842413341e-14,0.00036708192582645896,0.002874950160396421
136,radial,20.97617696340303,397,1375.9560991774556,173.4249566709024,150,-0.105068418738552,0.3077237577699839,-0.10506841873859633,0.3077237577699871,4.44562732062419e-14,0.0001181602188641654,0.001456586029942617
137,rhombus,2,4,13.668629941724364,16.212132422719733,14,0.10098545216277222,-0.0395636400259603,0.1009854521627724,-0.039563640025961175,8.927204551187557e-16,0.003967440312344207,0.012846944081271442
137,rhombus,4,16,55.33897532110568,34.653159941102736,30,0.015862696961827183,-0.013409746928888022,0.015862696961822662,-0.01340974692888826,4.526932003114596e-15,0.00018767323917767104,0.008698653979573952
137,rhombus,7,49,170.000358680738,62.43684894384606,54,0.03783566348465017,0.030754142134685913,0.037835663484645524,0.030754142134683176,5.395097104693533e-15,0.00014340594550690287,0.0053933994962044075
137,rhombus,10,100,345.631869991722,90.21713352776472,78,-0.06645002163039582,0.04396723732475827,-0.06645002163041624,0.04396723732473463,3.1244125666880634e-14,0.00011526552271987508,0.0033267828178839094
137,rhombus,15,225,778.8464837880972,136.685171814872,118,0.009583821483775345,-0.09373952188489867,0.009583821483767452,-0.09373952188492911,3.1440848997984405e-14,6.049213144757106e-05,0.0024628261615484053
137,rhombus,20,400,1386.038700299102,182.4843253770983,158,-0.22490340883574245,0.20524818270682404,-0.2249034088358044,0.2052481827068782,8.228123889566203e-14,0.00010983837434966841,0.001874607921031369
137,radial,2.8284271247461903,7,24.210176966023084,20.72101947800706,18,-0.17469123252889762,-0.14273901795920568,-0.1746912325288984,-0.14273901795920615,9.09180472805593e-16,0.004659018873964664,0.009598034045275443
137,radial,4.69041575982343,19,66.00214698665553,34.79299285592921,30,0.1802242095151545,0.05361765855352178,0.18022420951515278,0.05361765855352132,1.782539584553081e-15,0.001424430171229848,0.007532139987371181
137,radial,7.615773105863909,55,190.70733418914284,62.50554255044506,54,0.46838603985768046,-0.13507183654329974,0.46838603985767263,-0.13507183654329766,8.099160668479882e-15,0.0012780655726105745,0.004338592330479682
137,radial,10.488088481701515,97,335.64455672218054,89.94843688882636,78,0.4060379369300957,0.11845822843786522,0.40603793693007567,0.11845822843785765,2.1419325858325797e-14,0.0006300783313146994,0.0033089565441893937
137,radial,15.748015748023622,223,772.049308258876,131.02033941155133,114,-0.4214842501816869,0.22138699692464153,-0.4214842501816949,0.22138699692461383,2.883038856232582e-14,0.0003083284037850191,0.0023430802892436724
137,radial,20.97617696340303,397,1374.4714238389397,173.91106404332362,150,-0.19839523926917213,0.2097029679153626,-0.19839523926921077,0.20970296791534287,4.338388249651121e-14,0.0001050148290664419,0.0016301068051363331
138,rhombus,2,4,14.016264553813931,16.39892800101916,14,0.06705819048528339,-0.02511062962847424,0.06705819048528455,-0.025110629628473047,1.668338681331951e-15,0.0025543709875653756,0.015224991114760661
138,rhombus,4,16,55.21177027183266,34.95226033700659,30,-0.04375106663328232,0.05443852154971898,-0.04375106663327908,0.05443852154971674,3.940033251158687e-15,0.0006324792056764071,0.007060506791358612
138,rhombus,7,49,169.73818835910487,62.887608030950865,54,0.03838737788241886,-0.1219533934725674,0.0383873778824208,-0.12195339347257424,7.112268090864989e-15,0.0003766163103668957,0.0035951435178832158
138,rhombus,10,100,346.20257806882677,90.13274330753946,78,-0.05739625277378568,-0.03140495086703943,-0.05739625277379149,-0.03140495086705254,1.4342995825101417e-14,9.449135339876049e-05,0.003705176345843461
138,rhombus,15,225,779.1897379993138,135.90770658935963,118,0.06257705210907805,-0.0030355767708928755,0.06257705210907684,-0.0030355767709165774,2.3732691998368792e-14,4.02024262071625e-05,0.00222016419024365
138,rhombus,20,400,1385.9263561196924,182.5472123047061,158,-0.04967068120701601,-0.14443050623263906,-0.04967068120704474,-0.14443050623264025,2.875180237232712e-14,5.5101387118120464e-05,0.0015489064490244529
138,radial,2.8284271247461903,7,24.264339112007384,20.8867608003142,18,0.0012349826604367564,-0.03276401459855832,0.0012349826604386334,-0.03276401459855788,1.9287909721215923e-15,0.0006756269241394345,0.008603093443895427
138,radial,4.69041575982343,19,65.5750464239666,34.67018451125967,30,-0.13383502637545952,0.20304847951552812,-0.13383502637545752,0.20304847951552557,3.2425355437371536e-15,0.0018542739242098738,0.0072898743368335125
138,radial,7.615773105863909,55,190.0938740412224,62.042856900530055,54,0.11960271511246567,0.31859040445810455,0.11960271511245989,0.3185904044580936,1.2372520662690928e-14,0.0008950862626935339,0.004436440392345497
138,radial,10.488088481701515,97,335.85680903605976,90.02548269767107,78,0.3974545822178275,0.19448284405486946,0.39745458221782576,0.1944828440548653,4.5049616404554365e-15,0.0006587418081703523,0.003205580492700806
138,radial,15.748015748023622,223,772.5042426492265,132.5879132614959,114,0.38579529164389825,0.25421655072627,0.3857952916438635,0.2542165507262623,3.5584336615934896e-14,0.00029904153647179374,0.002310723270613184
138,radial,20.97617696340303,397,1375.916990252775,173.3117045903019,150,0.10170192066871397,0.07552561837545954,0.10170192066865838,0.0755256183754624,5.5667873898797655e-14,4.603414759185461e-05,0.0015870318675763556
139,rhombus,2,4,13.734597873956902,16.24881471627929,14,0.06783391888873291,0.10216541434229787,0.0678339188887331,0.10216541434229713,7.573255161675981e-16,0.004464436013842098,0.011631514904920722
139,rhombus,4,16,55.429067794401064,34.84183119003061,30,-0.12128481939995783,0.05095245276406195,-0.12128481939995758,0.05095245276406119,7.965233655893373e-16,0.0011866777108363385,0.010064731793248802
139,rhombus,7,49,169.91423175494288,62.48009618848444,54,0.062188428185524725,-0.1048880045792582,0.06218842818552625,-0.10488800457926105,3.228636836808363e-15,0.0003588224294632859,0.004320845017741813
139,rhombus,10,100,346.55916407655104,90.05486387912144,78,-0.05250276545017751,-0.02313595847588301,-0.05250276545018053,-0.023135958475880257,4.0864960122689544e-15,8.277709706783979e-05,0.0037213451745890884
139,rhombus,15,225,779.6375411396132,136.38230835000752,118,0.0585530052315133,-0.08532391161160657,0.05855300523154551,-0.08532391161161176,3.2625840909381736e-14,6.636576464544412e-05,0.0024619219419316813
139,rhombus,20,400,1385.87341660575,182.54309152369717,158,0.03735116657576398,0.14604114088610218,0.03735116657578414,0.1460411408861156,2.4223718371551937e-14,5.438516666148037e-05,0.001731852569246658
139,radial,2.8284271247461903,7,24.139635520808437,20.767168791010626,18,-0.14766062210955777,-0.2042640274392904,-0.14766062210955952,-0.2042640274392914,2.0139534410903143e-15,0.005220595142889144,0.0127203752679751
139,radial,4.69041575982343,19,65.53944129486838,34.63625987654408,30,0.1059007775938543,0.0641779364455673,0.10590077759385404,0.06417793644556388,3.4241033457601972e-15,0.000944695648625163,0.008196168452444629
139,radial,7.615773105863909,55,191.06549903867247,62.547547244636235,54,0.01866781776956783,-0.015792225239201825,0.018667817769575476,-0.015792225239200056,7.848711077013565e-15,6.398753754874859e-05,0.004413012677945424
139,radial,10.488088481701515,97,336.18945683904644,89.56395632454078,78,-0.16812630026654984,0.047276125464426555,-0.1681263002665365,0.04727612546442535,1.3404915796835756e-14,0.00025974452732076763,0.0035590676773591392
139,radial,15.748015748023622,223,772.4051827997055,131.28897922958998,114,0.017624176592718754,0.30372632177377656,0.017624176592745365,0.3037263217737942,3.193336044284187e-14,0.00019694147160198835,0.002231749497071677
139,radial,20.97617696340303,397,1376.2929886438417,174.48779136332644,150,-0.392469056846255,0.32116981986239346,-0.3924690568462333,0.3211698198623748,2.8617977086563096e-14,0.00018423808175625715,0.0015727847209299664
140,rhombus,2,4,13.672660968816006,16.016870005304767,14,-0.0030143553878949625,0.053009011787754745,-0.003014355387895021,0.05300901178775579,1.049407431875881e-15,0.001941635513983438,0.014917388011378735
140,rhombus,4,16,54.929516924828405,34.431272857553694,30,0.018325247709198855,-0.11402844993260977,0.018325247709196503,-0.11402844993261002,2.3655115744107625e-15,0.0010512705525195741,0.007833652616848949
140,rhombus,7,49,169.32866763185763,62.19714408603168,54,0.017942575770357738,0.05397521695375068,0.017942575770351365,0.053975216953749364,6.5083061210609976e-15,0.00016795545433280316,0.005366345205802
140,rhombus,10,100,346.50325522793986,89.98005490372445,78,0.09437790638006938,-0.024559242668788617,0.09437790638005394,-0.024559242668790428,1.5538005617156183e-14,0.00014072162297360837,0.0039216320265784066
140,rhombus,15,225,779.078412087966,136.0362289980475,118,0.021919667668965026,-0.021661836465397072,0.021919667668938325,-0.021661836465415876,3.265794967838241e-14,1.9778058226587986e-05,0.002404699844896228
140,rhombus,20,400,1386.097027862942,182.68812741237224,158,0.0007303999945875717,-0.009834980157951007,0.0007303999945370947,-0.009834980157908506,6.5986646551395e-14,3.5574943299332244e-06,0.0018289222912457185
140,radial,2.8284271247461903,7,23.868294289974404,20.562117603286513,18,0.00735479104889869,-0.03539516998742383,0.007354791048898173,-0.035395169987423175,8.322696327278929e-16,0.0007573064028407291,0.012394295310081217
140,radial,4.69041575982343,19,65.34506740662302,34.46677673974081,30,-0.033574340060153585,-0.053845933358082514,-0.03357434006015536,-0.05384593335808312,1.876133714480586e-15,0.0004855428498267881,0.006465864547971387
140,radial,7.615773105863909,55,190.467672303884,61.909238444158774,54,-0.03501411671324384,-0.046718987246981106,-0.035014116713250304,-0.04671898724698662,8.500213004852821e-15,0.0001532639701502415,0.004969518909176676
140,radial,10.488088481701515,97,336.2304880830722,89.66455903147235,78,0.3264265120798284,-0.0651925952704448,0.3264265120798023,-0.06519259527045533,2.8187754867987417e-14,0.0004950069577475681,0.004193087127081431
140,radial,15.748015748023622,223,772.7718610084596,132.68943013372973,114,-0.25330919701835564,0.5183457063052175,-0.25330919701837085,0.5183457063051994,2.363966995622448e-14,0.0003732858807806044,0.0023743609043991773
140,radial,20.97617696340303,397,1375.2183149846028,172.38562241469762,150,-0.2672983269643301,-0.06583419872268866,-0.26729832696438793,-0.06583419872269997,5.893804986552678e-14,0.00010008821125937346,0.0017562995569150404
141,rhombus,2,4,13.880053534055769,16.099074915651784,14,0.06657977812581928,-0.05643124481369743,0.06657977812582196,-0.056431244813697524,2.6801741560158946e-15,0.0031439880211449607,0.01074751810401828
141,rhombus,4,16,55.043504925592,34.616044086953536,30,-0.09661762409418495,0.10792765940848173,-0.09661762409418295,0.10792765940848115,2.0816681711721685e-15,0.0013158345465169097,0.007580971665294805
141,rhombus,7,49,169.5928932380006,62.33144751177324,54,-0.00047120919125775984,0.10256602457117703,-0.00047120919125250797,0.102566024571176,5.351339425914084e-15,0.00030239211391066195,0.005272028350382433
141,rhombus,10,100,346.3760180360328,90.47820554424996,78,0.05817443408646472,0.193696453606452,0.05817443408645346,0.19369645360647295,2.378991350513288e-14,0.00029194264967322456,0.0036385939384538197
141,rhombus,15,225,779.1882574304461,136.64180100924187,118,0.002054485861635147,-0.08317833085237752,0.0020544858616601933,-0.08317833085233223,5.176048614649648e-14,5.339126896300988e-05,0.0024620636331999647
141,rhombus,20,400,1385.311873579858,182.81483592154854,158,0.027676651644399808,-0.006768739635423113,0.02767665164441131,-0.006768739635253561,1.6994150601551532e-13,1.0283724114136795e-05,0.0018963594495674091
141,radial,2.8284271247461903,7,24.013976140080356,20.691599462891027,18,0.03128967727616727,0.0122765165351965,0.03128967727616981,0.012276516535196676,2.545791662610446e-15,0.0006998394246408779,0.007128483555881274
141,radial,4.69041575982343,19,65.44819359512151,34.47506514566836,30,-0.06710567801911971,0.010679695865396709,-0.06710567801911933,0.010679695865393309,3.420642451956973e-15,0.0005191143052388697,0.004684616818269697
141,radial,7.615773105863909,55,190.7761511706406,62.62936771495372,54,-0.4974924115426793,0.12212896887077024,-0.4974924115426784,0.1221289688707727,2.6120120267701262e-15,0.0013425781499267066,0.004196954675021598
141,radial,10.488088481701515,97,335.8187313259745,90.08910865497161,78,-0.337967018475958,-0.13423610191066934,-0.33796701847597055,-0.1342361019106635,1.3833418983108506e-14,0.0005414373485250517,0.0036654032717347435
141,radial,15.748015748023622,223,771.9222156291376,131.56015492321254,114,0.1780078982617015,-0.229499448487274,0.17800789826169872,-0.22949944848724907,2.5078571811947482e-14,0.00018812934142827475,0.0022688098363123506
141,radial,20.97617696340303,397,1374.3462681218543,172.8058735675026,150,-0.0449371791118498,-0.2980156275401163,-0.04493717911184284,-0.29801562753997013,1.463264669012205e-13,0.00010964652277514477,0.0016698915677633242
142,rhombus,2,4,13.849697358580945,16.46564495402579,14,-0.14458489377200756,-0.034300248414424805,-0.14458489377200748,-0.03430024841442273,2.076399509187448e-15,0.005364657816153438,0.017048831377022483
142,rhombus,4,16,55.098213796883755,34.87437833382453,30,-0.0362897341698436,0.028930557904439273,-0.03628973416984455,0.028930557904442444,3.310499668031753e-15,0.00042116034151523917,0.009867449603450802
142,rhombus,7,49,170.0522100492595,62.152756747696344,54,0.15520731150559053,-0.0617458452586187,0.15520731150558956,-0.061745845258627974,9.321122358556116e-15,0.0004911388548539594,0.004949050996256196
142,rhombus,10,100,347.18537008459316,90.42337486973723,78,-0.0426436244789139,0.10505779551013007,-0.04264362447891465,0.10505779551012433,5.7940719745790855e-15,0.00016328830700113858,0.0034856161408328866
142,rhombus,15,225,779.7094100915281,136.31248015596069,118,0.10108726858512762,0.06037814980488637,0.10108726858511285,0.06037814980488951,1.5095384672675734e-14,7.550643402505502e-05,0.002518806535458835
142,rhombus,20,400,1385.8634263061451,183.06168612082834,158,0.051609377888377495,0.05020168339034836,0.051609377888319076,0.05020168339033619,5.967290492001126e-14,2.5975926464149556e-05,0.0015887908599687853
142,radial,2.8284271247461903,7,24.198467351694006,20.60338047510215,18,0.09076866763443903,-0.05649011191717834,0.0907686676344402,-0.05649011191717648,2.2021998530926974e-15,0.0022090566377553538,0.013195087772619104
142,radial,4.69041575982343,19,65.87052749968193,34.74881601064157,30,-0.06830817332816119,0.07096905254504648,-0.06830817332816375,0.07096905254504837,3.175315487452555e-15,0.0007476928314628028,0.0062308140473659335
142,radial,7.615773105863909,55,191.34095445689508,63.07916925060473,54,-0.014927676014053315,0.18190741561903465,-0.01492767601404883,0.1819074156190344,4.4912124800060626e-15,0.0004769467296787598,0.004408888065945315
142,radial,10.488088481701515,97,336.586984251126,89.80026007503231,78,0.024588892428897058,-0.15239999737655918,0.024588892428902075,-0.15239999737657256,1.4287910456305987e-14,0.0002293179786412274,0.0036557167791426656
142,radial,15.748015748023622,223,772.5715521122606,131.49075303068483,114,-0.40281416841601025,0.36181304217106136,-0.4028141684160016,0.36181304217106136,8.659739592076221e-15,0.0003504205150008579,0.0023472534078023345
142,radial,20.97617696340303,397,1374.6336652857021,173.61315547899113,150,0.36317384736003033,-0.012193714790633359,0.363173847359998,-0.012193714790661905,4.311244398428428e-14,0.00013217284845813647,0.001686254448013773
143,rhombus,2,4,13.817832036496043,16.1622129439445,14,-0.03671859832420399,-0.07483809256789804,-0.036718598324203724,-0.07483809256789709,9.932075903430976e-16,0.0030164151419192825,0.011228255482824707
143,rhombus,4,16,55.39995903701646,34.77002782774028,30,0.0819827019644217,0.09087893680349429,0.08198270196441991,0.09087893680349836,4.442843233789009e-15,0.0011046343986080749,0.007497568421845957
143,rhombus,7,49,169.36636486260062,62.59791380427938,54,-0.053198990472468566,-0.20278388658398716,-0.0531989904724698,-0.20278388658398114,6.1482985589063055e-15,0.0006189126776202218,0.005067541022456771
143,rhombus,10,100,345.9727810403918,89.91910682887121,78,-0.09527737061234154,0.018221187943026462,-0.09527737061233556,0.01822118794303767,1.2702666372455694e-14,0.00014019031619183817,0.0027046900855572146
143,rhombus,15,225,779.242681223169,136.550258652839,118,-0.01520722917552586,0.04342137154031435,-0.015207229175501779,0.04342137154032856,2.7961826207896786e-14,2.9520546691737055e-05,0.0023000728235238947
143,rhombus,20,400,1386.0272158685234,182.79437744956027,158,0.064285882902269,0.058606561068425905,0.0642858829022997,0.05860656106843234,3.13643415826077e-14,3.1381355509047205e-05,0.0015351714594022425
143,radial,2.8284271247461903,7,24.134171991318983,20.754588614338733,18,0.030260094323498965,0.030333056616332177,0.030260094323497338,0.030333056616333863,2.3432435127962164e-15,0.0008876596015049418,0.006025037393195491
143,radial,4.69041575982343,19,65.59413308996038,34.63261333012924,30,0.017131314901757122,-0.06502297464120806,0.01713131490175245,-0.06502297464120484,5.675057641608628e-15,0.0005125600993462485,0.005898477781127551
143,radial,7.615773105863909,55,190.05820301144502,62.05174033032141,54,-0.06510481953178582,-0.09590459303339605,-0.06510481953178861,-0.09590459303338811,8.41393462422654e-15,0.000304946527340175,0.0038414804549457113
143,radial,10.488088481701515,97,336.3539725834129,90.27580645828927,78,-0.16853025231165297,-0.30898817897653774,-0.16853025231164856,-0.30898817897653313,6.379979952055912e-15,0.0005231994469852391,0.003127334305440395
143,radial,15.748015748023622,223,772.2133871774525,132.4475768749263,114,0.013417934921792884,0.09395969831020531,0.013417934921828086,0.09395969831020191,3.536483300165738e-14,6.145512368744879e-05,0.0017555913699351833
143,radial,20.97617696340303,397,1374.1670694084032,173.48202023193812,150,-0.06626527398832982,0.6890757574674893,-0.06626527398831063,0.6890757574675156,3.2568495203743176e-14,0.0002518815415622376,0.0018547349620613217
144,rhombus,2,4,13.707270043500431,16.250397868800057,14,0.09473737503677748,-0.02764472318829425,0.09473737503677924,-0.027644723188293235,2.03462580245737e-15,0.0035998562442623957,0.012347659569036279
144,rhombus,4,16,55.34712415683551,34.52350282837725,30,0.04249336585918373,0.0969855234182493,0.04249336585918362,0.09698552341824948,2.118352371637509e-16,0.0009565642024120071,0.008635526465179302
144,rhombus,7,49,169.8240332373584,62.42490872208353,54,0.07669107649136953,0.07093670312467044,0.07669107649136202,0.0709367031246699,7.527366348854116e-15,0.0003075768304343563,0.0041640703300446745
144,rhombus,10,100,346.0896341787155,90.2235461865152,78,0.02824004655219836,0.037381483241118285,0.028240046552192876,0.03738148324112121,6.2178616755418466e-15,6.768405344744312e-05,0.003259941306234804
144,rhombus,15,225,778.1465470264964,136.18656606771862,118,0.01802219953236417,0.04321632640789569,0.018022199532375296,0.043216326407915506,2.2727338590622332e-14,3.008662773608994e-05,0.0022220255550519947
144,rhombus,20,400,1385.9033087902105,183.00412980186735,158,-0.09417815643594984,-0.17864305252603796,-0.09417815643594757,-0.17864305252600343,3.460286621286338e-14,7.285778109180725e-05,0.001956919185719928
144,radial,2.8284271247461903,7,24.024615853379935,20.544780703298525,18,-0.10626395623776697,-0.12338002605825131,-0.10626395623776505,-0.12338002605825038,2.1289177856663424e-15,0.003388883014461317,0.01031765589998323
144,radial,4.69041575982343,19,65.83666724733347,34.84060168917098,30,0.16826302904243207,0.07250205597679632,0.1682630290424346,0.07250205597679368,3.651309004593586e-15,0.001391461954570945,0.006790857008429546
144,radial,7.615773105863909,55,190.43398560943442,62.50504053590386,54,0.1825533798496588,0.06658033123876969,0.18255337984966355,0.06658033123877383,6.295194618093016e-15,0.0005101923377485638,0.003656719400656789
144,radial,10.488088481701515,97,336.36209444697454,90.3590457543198,78,-0.12288110510485684,-0.1359725641222516,-0.12288110510486548,-0.13597256412223604,1.7785937663290126e-14,0.00027243129517013465,0.003081894311585265
144,radial,15.748015748023622,223,772.7445395601075,131.63721025151878,114,-0.3661524861097214,-0.021853450207320727,-0.3661524861097094,-0.021853450207286074,3.6668637193641663e-14,0.0002373384983074632,0.0018979666697111616
144,radial,20.97617696340303,397,1375.9075219285883,173.06959716364807,150,0.3716309835165794,-0.07315977189864065,0.37163098351661217,-0.07315977189858366,6.572394302699012e-14,0.00013764140887458816,0.0015777040166467995
145,rhombus,2,4,13.784887419322661,16.204317662906305,14,-0.01520063796761928,-0.0722196649835831,-0.015200637967619808,-0.07221966498358376,8.398659722821036e-16,0.0026769180703494866,0.01421664603855105
145,rhombus,4,16,55.5749347542409,34.75798567581546,30,0.11989074130391231,0.1582551492102648,0.11989074130390816,0.15825514921026115,5.5170970451921604e-15,0.0017862448563783432,0.007822350938591944
145,rhombus,7,49,170.91483418615866,62.871337894799204,54,0.1362750809514588,0.1392606824651907,0.13627508095144314,0.1392606824651783,1.995724322052055e-14,0.000570005070409559,0.005219637854508965
145,rhombus,10,100,345.7517328962186,90.30453186895714,78,-0.09437235149575729,-0.11409182140512358,-0.09437235149578446,-0.11409182140513743,3.049884393816141e-14,0.00021411962157940644,0.0034488654261975145
145,rhombus,15,225,778.841663768337,136.4432643352942,118,0.005250277069887677,-0.043981812425385444,0.0052502770698707795,-0.04398181242541108,3.070635687175509e-14,2.8435867514841634e-05,0.0024358519853491453
145,rhombus,20,400,1385.3312775924642,182.1970871252782,158,-0.03686708485716039,-0.04938262132934394,-0.03686708485715711,-0.04938262132941113,6.726942465675209e-14,2.224251297516352e-05,0.0018424461862983394
145,radial,2.8284271247461903,7,24.140830041251995,20.56373223460528,18,-0.0029455798051070126,0.06199443856121295,-0.002945579805106204,0.06199443856121192,1.3069503834266976e-15,0.0012854648447424484,0.009910970136671412
145,radial,4.69041575982343,19,66.17980205393961,34.487681458660106,30,-0.007558602622200095,-0.11017143777957544,-0.007558602622204123,-0.11017143777958192,7.630689511289214e-15,0.0008343211894178964,0.007907155546401527
145,radial,7.615773105863909,55,190.8426543203406,62.502741091887714,54,-0.16050450333957222,-0.014848375160906105,-0.1605045033395852,-0.01484837516091973,1.8824384391042073e-14,0.0004223108745528018,0.004272265880655031
145,radial,10.488088481701515,97,335.3884757737633,90.21494208400824,78,-0.20179570104052447,0.1717705189538465,-0.20179570104054703,0.171770518953837,2.4491334969240863e-14,0.00039506880594516525,0.0039207464226844535
145,radial,15.748015748023622,223,772.0548912259437,131.04355301492694,114,-0.020791806073592767,-0.09366066029602424,-0.02079180607362458,-0.09366066029605674,4.5481303375972506e-14,6.213334314890557e-05,0.0020194628277754485
145,radial,20.97617696340303,397,1373.9110452337318,173.1018339985924,150,-0.2892538379020757,0.4586859378624055,-0.2892538379020939,0.4586859378623558,5.296590029624932e-14,0.00019734666359162492,0.001448509206634005
146,rhombus,2,4,13.841261320819605,16.250473059040097,14,0.0893664457993455,-0.0635357996474728,0.08936644579934419,-0.06353579964747427,1.9661451076596713e-15,0.003960989032997972,0.017835083422575348
146,rhombus,4,16,55.133215525063,34.667274071437014,30,-0.03530707272958633,0.03514026909333583,-0.03530707272958561,0.03514026909333053,5.34333128318015e-15,0.00045175972671146074,0.008225937550514248
146,rhombus,7,49,169.93042862261512,62.4288100871243,54,-0.011511643651906489,-0.02732594528940338,-0.01151164365190945,-0.02732594528940261,3.059702591766356e-15,8.724668233955744e-05,0.005865070201118104
146,rhombus,10,100,346.9700926474178,90.37349396910138,78,0.03187326271864066,0.14370183660452326,0.031873262718607624,0.1437018366045445,3.9271148669924676e-14,0.00021211362283217342,0.003539846279176165
146,rhombus,15,225,778.9593052831751,136.38341535892067,118,0.10834673492594238,-0.05753601449718178,0.10834673492591129,-0.057536014497188946,3.190192902249636e-14,7.874354123796898e-05,0.0023422814118440483
146,rhombus,20,400,1385.2669987724669,182.75378716268122,158,-0.03322402870188146,-0.06615277979056418,-0.03322402870197058,-0.06615277979057785,9.01653757962705e-14,2.6719470031000496e-05,0.0018501600394816489
146,radial,2.8284271247461903,7,24.113422938187544,20.678112034061172,18,-0.18360848647468453,-0.033833847871005296,-0.18360848647468403,-0.033833847871007613,2.3708282398128607e-15,0.003871283109821537,0.011284160285112298
146,radial,4.69041575982343,19,65.8873797062695,34.572750588404006,30,-0.05429175757490867,-0.05711099801031691,-0.05429175757491135,-0.05711099801032411,7.68446081549363e-15,0.0005979814706093254,0.007625369579470891
146,radial,7.615773105863909,55,190.6286602517937,62.670667765490926,54,-0.07727279246967456,0.214273086253702,-0.07727279246968778,0.21427308625370947,1.5187480948745932e-14,0.0005974460597344865,0.004979905831794287
146,radial,10.488088481701515,97,336.3651489724939,89.7648724582203,78,-0.2964142035750701,0.16582293591006922,-0.2964142035750859,0.16582293591008607,2.3111396331774897e-14,0.0005048752137612338,0.0035199577118705033
146,radial,15.748015748023622,223,772.5838874517838,131.52112615006348,114,0.12648092314761517,-0.06752147777420649,0.12648092314760104,-0.06752147777420373,1.4394985847213733e-14,9.278969015980128e-05,0.0026850905686659618
146,radial,20.97617696340303,397,1375.5222697084728,172.73392420794943,150,0.18927955610776603,0.11883194299533256,0.18927955610769898,0.11883194299532933,6.713538602005023e-14,8.123823474785043e-05,0.001507642717255936
147,rhombus,2,4,13.922266530498513,15.916360246682563,14,-0.0013225643481793448,-0.09203333792685789,-0.0013225643481783733,-0.09203333792685828,1.046278443049318e-15,0.003305598272553756,0.012922354291070262
147,rhombus,4,16,55.50115793036673,34.56871745381405,30,0.0032042552713447137,0.0763267204381979,0.0032042552713447423,0.07632672043819717,7.222123853168524e-16,0.0006882194196228107,0.009596046581848077
147,rhombus,7,49,169.67399860045765,62.46641018132903,54,-0.08398468183757846,0.021837974100595424,-0.08398468183756921,0.02183797410059347,9.446753611408152e-15,0.0002557181406166516,0.004586887651947519
147,rhombus,10,100,346.1547232506789,90.35694361966132,78,0.009806911771957694,0.2056884932715161,0.009806911771964494,0.20568849327151445,6.994515195444379e-15,0.00029744235161271657,0.003281795978373927
147,rhombus,15,225,780.405592599087,136.30680319424874,118,0.009056641670851295,-0.016428221369340135,0.009056641670860548,-0.016428221369360112,2.201594500539689e-14,1.2018906355767647e-05,0.0021380457473043485
147,rhombus,20,400,1385.718862088385,182.46327505709147,158,0.04583703686406215,-0.060246119349051,0.045837036864096604,-0.060246119349072855,4.08002978746815e-14,2.7314673683151754e-05,0.0015461011222254334
147,radial,2.8284271247461903,7,24.521030170257966,20.978201806399028,18,-0.03082953230935681,0.16298781164511494,-0.030829532309356204,0.16298781164511492,6.077872986461828e-16,0.0033823604937200783,0.010717590890021398
147,radial,4.69041575982343,19,65.82028061364277,34.71957445212985,30,0.06118132359704065,0.027617254562382745,0.06118132359704041,0.02761725456238158,1.1893677077138192e-15,0.0005099169684888966,0.006074515399505912
147,radial,7.615773105863909,55,189.99842008420046,62.385561543686556,54,0.05643696579152735,0.37784583429334584,0.05643696579153003,0.37784583429334145,5.138624573027416e-15,0.0010053700443443713,0.004149828306085667
147,radial,10.488088481701515,97,336.30153767772714,90.52789718727205,78,-0.1316135600178452,-0.09771187801605064,-0.13161356001784036,-0.09771187801605152,4.910462595695867e-15,0.00024370973959437602,0.00324029352442808
147,radial,15.748015748023622,223,772.8693613752062,131.15089929321644,114,0.06299689066806513,-0.040536323209372754,0.06299689066808617,-0.04053632320938418,2.394233442126354e-14,4.846353318203776e-05,0.002190643375603497
147,radial,20.97617696340303,397,1375.5672597734165,173.18575678276835,150,-0.17136777634972278,0.1869367766824347,-0.17136777634967387,0.18693677668236336,8.648676554466682e-14,9.217966049540837e-05,0.0016005050517586034
148,rhombus,2,4,13.821887501236137,16.035120400881596,14,-0.05273875389360283,-0.03857030438817293,-0.052738753893601296,-0.03857030438817283,1.5370237364083232e-15,0.0023635674127681226,0.014334322883648071
148,rhombus,4,16,55.33138743067279,34.404743798174394,30,-0.03415930910419451,0.029472483053413268,-0.03415930910419721,0.02947248305341261,2.7785570124739014e-15,0.0004076922606620411,0.01040898574732152
148,rhombus,7,49,169.72492757707084,62.4400892748134,54,0.02862876483444099,-0.12450225205766308,0.028628764834436535,-0.12450225205766599,5.323375413655158e-15,0.0003763483333594977,0.005059641478614149
148,rhombus,10,100,347.5975176167658,89.67373037321516,78,-0.11515774967907078,-0.04451380486223236,-0.11515774967907587,-0.04451380486222248,1.1116385239847597e-14,0.00017759286610559237,0.003990241133810279
148,rhombus,15,225,779.2742610685156,136.2105192638363,118,-0.10511820875375122,0.008141593075666476,-0.10511820875375592,0.008141593075692774,2.671589858807317e-14,6.764821646201975e-05,0.0022984036197219605
148,rhombus,20,400,1385.5373863475147,182.69163973075294,158,-0.07426588996727324,-0.017189845079689403,-0.07426588996727197,-0.017189845079648214,4.120862983441126e-14,2.7508945885447087e-05,0.001916228239592164
148,radial,2.8284271247461903,7,24.092245173649427,20.550295427706715,18,0.22562266336667358,0.18813387623167205,0.22562266336667483,0.1881338762316706,1.9086877908141225e-15,0.0060967443036978744,0.012961056021882614
148,radial,4.69041575982343,19,65.6920941371166,34.545818924668175,30,-0.03505019776599916,-0.042400263029296614,-0.035050197766002884,-0.04240026302929676,3.729034148537921e-15,0.0004187094773884898,0.00775850856498423
148,radial,7.615773105863909,55,190.9539329370866,62.4871073568288,54,-0.06640107714141541,0.17088013222486642,-0.0664010771414199,0.1708801322248654,4.6121883549727125e-15,0.0004800317734123701,0.005083102480159327
148,radial,10.488088481701515,97,336.5178308631763,90.69816702697435,78,-0.07066236425243444,-0.018462355157984375,-0.07066236425244073,-0.018462355157975844,1.059745680852885e-14,0.0001085149514431058,0.003423285507239631
148,radial,15.748015748023622,223,772.9453995307599,131.6793718735247,114,0.3111860232283261,0.2763459246774688,0.3111860232283148,0.2763459246774862,2.0739563400893175e-14,0.00026921540638696456,0.002324576493640339
148,radial,20.97617696340303,397,1374.4171345121856,173.13218708589483,150,-0.16480618959383309,0.4611989515037015,-0.16480618959389104,0.4611989515037023,5.795962338184241e-14,0.0001781703304031333,0.0016752762047813965
149,rhombus,2,4,13.857752159048516,16.244243446443523,14,-0.051231244921264185,-0.05445718913040942,-0.05123124492126416,-0.054457189130407924,1.4990580572849828e-15,0.00269768907799293,0.015673336237840223
149,rhombus,4,16,55.40540799126589,34.541910870639576,30,0.09521895180899875,0.11486079007908075,0.0952189518089992,0.11486079007908453,3.8145744859458284e-15,0.0013464090174564985,0.01177699354148508
149,rhombus,7,49,169.4266302292677,62.40688699883654,54,0.014915670083054167,-0.13532896585027265,0.014915670083050725,-0.13532896585026735,6.320536341991521e-15,0.0004017918287793139,0.006845155840906777
149,rhombus,10,100,346.525032449778,90.45338537330534,78,-0.02201772787656653,-0.007430654996645664,-0.022017727876562327,-0.0074306549966328996,1.343780987279495e-14,3.3529744996662834e-05,0.003738637803974443
149,rhombus,15,225,779.9706621433179,136.45626131054894,118,0.07504577645589983,0.13491241666362264,0.07504577645589372,0.13491241666362414,6.287480291060176e-15,9.896535285224299e-05,0.0020378202829701843
149,rhombus,20,400,1386.9727855064893,182.22913778661717,158,-0.1523941618985476,0.02112347977089135,-0.15239416189858995,0.021123479770811807,9.011768031356022e-14,5.5462936936772204e-05,0.001947829499058074
149,radial,2.8284271247461903,7,24.161366491925868,20.45510073165423,18,0.018080700821710316,0.08155949183918737,0.018080700821711683,0.08155949183918794,1.4806533030877283e-15,0.001728784383137091,0.0145060706147511
149,radial,4.69041575982343,19,65.77919744336101,34.66497288042919,30,-0.046675700566324974,0.08269764255620013,-0.04667570056632692,0.08269764255620081,2.0650059656369976e-15,0.0007218135287571584,0.00919610622398325
149,radial,7.615773105863909,55,190.18186825142385,62.43228398441148,54,0.07823178598488978,0.1376351820977338,0.07823178598488191,0.13763518209774114,1.0771067789543814e-14,0.00041622015141252783,0.005445046074403106
149,radial,10.488088481701515,97,336.0739175095853,90.73275987748319,78,0.20214310447015427,-0.2682154178416205,0.2021431044701441,-0.26821541784160474,1.875463776251969e-14,0.0004996804235448905,0.004400387289098935
149,radial,15.748015748023622,223,771.8302107870859,131.44195504024697,114,0.539084647910598,-0.09347303628003695,0.5390846479105836,-0.09347303628004537,1.6615560704263352e-14,0.0003544357127452313,0.002177761809963509
149,radial,20.97617696340303,397,1376.196231495812,173.31712192750928,150,0.20530655661825747,0.7479078904903083,0.20530655661821587,0.7479078904902502,7.1432008453076e-14,0.0002817822230916715,0.0015582805689138956
150,rhombus,2,4,13.960973222926617,16.363888674441505,14,-0.13545505923571222,-0.07364053364269046,-0.1354550592357098,-0.07364053364269069,2.424922536124218e-15,0.005521766629952015,0.014122044924284805
150,rhombus,4,16,55.01595757632633,34.70124357048939,30,0.19213590156104132,0.06637755048226006,0.1921359015610476,0.06637755048225918,6.3333972503496315e-15,0.0018474511379738944,0.009209118481535099
150,rhombus,7,49,169.85931173266644,61.98280987205083,54,-0.014637941337234395,-0.08082421856274868,-0.01463794133722908,-0.080824218562746,5.951904754872169e-15,0.00024178553933396996,0.005427060146493626
150,rhombus,10,100,347.06614899608513,90.11487995480091,78,-0.028245205493954373,0.0700582410351254,-0.02824520549394379,0.07005824103513662,1.5428001369786672e-14,0.00010882324737154583,0.0034315525349167477
150,rhombus,15,225,778.672266992879,136.60064788716636,118,-0.06995521210648059,0.05664193518950646,-0.06995521210649283,0.05664193518956236,5.723092048898995e-14,5.779795900009951e-05,0.0022337409275635847
150,rhombus,20,400,1386.564303381352,182.6581344275814,158,-0.01225531608952668,-0.0540336813847703,-0.012255316089596294,-0.054033681384682924,1.1171608846980418e-13,1.9979621561964973e-05,0.0017344953659287831
150,radial,2.8284271247461903,7,24.351212955182856,20.724787588629514,18,0.038141529221841886,-0.017326915274281873,0.03814152922184433,-0.01732691527428265,2.5631488888267375e-15,0.0008601768473242203,0.009502063134586602
150,radial,4.69041575982343,19,65.93433907287323,34.66611182528871,30,0.059852299840108536,0.12591830025473474,0.05985229984011448,0.12591830025472894,8.307409427941003e-15,0.0010572579631917087,0.008082515840462788
150,radial,7.615773105863909,55,190.9996704373463,61.88399602776711,54,-0.03221860529911558,0.04151543896789353,-0.032218605299109554,0.04151543896788978,7.09705034587118e-15,0.00013756736863803772,0.004864094720829785
150,radial,10.488088481701515,97,335.4734047425154,89.66002364589963,78,0.00976980099143887,0.31587540024893956,0.009769800991454101,0.31587540024894883,1.7830285523739738e-14,0.00047101565452900806,0.0033332419546507094
150,radial,15.748015748023622,223,771.8201379393577,132.0065257187338,114,0.19048284931558968,0.1371428589967418,0.19048284931556814,0.13714285899676504,3.1679618718669895e-14,0.00015205394547213619,0.0023918294060831357
150,radial,20.97617696340303,397,1375.752946759948,174.43370332222065,150,0.6264445342762568,-0.1059587367765088,0.6264445342761724,-0.105958736776443,1.0699718690531715e-13,0.0002309071681375593,0.0017700882026035897
151,rhombus,2,4,13.982870011132341,16.203845666497354,14,0.05377281330934913,-0.15324251145260576,0.05377281330934977,-0.15324251145260373,2.1243443802001996e-15,0.005807218001558537,0.015948044859674475
151,rhombus,4,16,55.90868042474688,34.596723676489226,30,0.042751793835682506,0.121870776275827,0.04275179383568519,0.1218707762758317,5.4170189735606294e-15,0.0011550250812643985,0.009551967608492426
151,rhombus,7,49,169.6974091674195,62.48408677627789,54,-0.024412598716522016,-0.09219916183764953,-0.024412598716515646,-0.09219916183763707,1.3995836729138747e-14,0.00028101906459924937,0.004306138410680887
151,rhombus,10,100,346.1480790553065,89.99704226585732,78,-0.03862067107950562,0.06638123466641939,-0.03862067107949106,0.06638123466645204,3.575250522718307e-14,0.00011093315544401233,0.0030553680600225565
151,rhombus,15,225,778.9096953092253,136.37977918381557,118,-0.0728636283180375,-0.042195975044237694,-0.07286362831803934,-0.04219597504421203,2.5733247988811965e-14,5.404979183922491e-05,0.0023451960342182675
151,rhombus,20,400,1386.377313014786,182.45272994897326,158,0.03284793291568011,-0.07903858879357804,0.03284793291567076,-0.07903858879357106,1.1671252549387859e-14,3.08691409980394e-05,0.001720991902700885
151,radial,2.8284271247461903,7,24.52564582383847,20.845102498974526,18,0.08286626428999844,0.06760664465478833,0.08286626429000059,0.06760664465479088,3.3387834777217523e-15,0.002180291958180223,0.013749011477230904
151,radial,4.69041575982343,19,65.79359052532853,34.844557701826176,30,-0.01497913355067304,0.07534985796074854,-0.014979133550669899,0.07534985796075297,5.428444260281062e-15,0.0005838282683551753,0.008541122649022279
151,radial,7.615773105863909,55,190.5408791252084,62.0844607026191,54,0.1175596454132739,0.037930824281085476,0.1175596454132814,0.037930824281094164,1.1473129018145008e-14,0.0003241493294325488,0.003908544566107907
151,radial,10.488088481701515,97,335.92656068828205,90.43467904958231,78,0.04672873527496568,0.013279596619548362,0.046728735274981184,0.01327959661956669,2.4005241856953588e-14,7.23060306371633e-05,0.0033660152463185528
151,radial,15.748015748023622,223,772.7154948270535,131.28626457148397,114,-0.35614132496243656,0.2532102156360383,-0.356141324962439,0.2532102156360779,3.965474358047024e-14,0.0002827564715018637,0.001955572302684979
151,radial,20.97617696340303,397,1375.4397736913788,173.56130844110137,150,-0.017408086440556136,0.3643501814518215,-0.017408086440578514,0.3643501814518122,2.424342783099533e-14,0.00013259970267293813,0.0017212695571578035
152,rhombus,2,4,14.00701249926908,16.185666996803654,14,0.06722205382138524,-0.01612104359250298,0.06722205382138674,-0.016121043592503825,1.721349243889735e-15,0.002467624274587699,0.014943515245921583
152,rhombus,4,16,55.4149281270664,34.64210495940906,30,-0.03860354023756374,0.059549794790809615,-0.038603540237561636,0.05954979479081082,2.4244956035251727e-15,0.0006403299688887232,0.00918734151307702
152,rhombus,7,49,168.99534763149404,62.38210868970992,54,-0.015993092411875853,0.02085386879419672,-0.01599309241187538,0.020853868794201078,4.383096665743473e-15,7.775499598021052e-05,0.005237972322266279
152,rhombus,10,100,345.29668055218764,89.73427867338275,78,0.05658809804344678,-0.059129781926224534,0.05658809804341869,-0.05912978192623206,2.90801162438416e-14,0.00011851349521892981,0.004033853817137874
152,rhombus,15,225,778.7975102575481,136.0279669536344,118,-0.08308122714331301,-0.01032883865912071,-0.083081227143328,-0.010328838659103987,2.24564091400031e-14,5.375005439295123e-05,0.002101196381368309
152,rhombus,20,400,1385.9399007927864,182.57101727826426,158,0.02163551998056512,0.006644685251946225,0.02163551998054858,0.0066446852519781215,3.593085399713562e-14,8.165176149339099e-06,0.0019825102204309025
152,radial,2.8284271247461903,7,24.393717361970964,21.01818617316261,18,-0.27844245667899425,0.0735328561820419,-0.27844245667899126,0.0735328561820426,3.0768654885499785e-15,0.005902920275986676,0.011808422876172321
152,radial,4.69041575982343,19,65.95535951265941,34.910639781052865,30,0.16474088067547266,-0.1440256918373906,0.16474088067547474,-0.14402569183738995,2.185652450427126e-15,0.0016588625264894333,0.007697750341553509
152,radial,7.615773105863909,55,189.66802958581698,61.95906748162634,54,0.3289335269919409,0.0210226583635878,0.32893352699193934,0.021022658363587167,1.677677611752662e-15,0.000868898777111635,0.005076471219783341
152,radial,10.488088481701515,97,335.64430840867897,89.73794286767307,78,-0.036316758380741554,-0.06320143842293391,-0.03631675838075848,-0.0632014384229261,1.8640453494265565e-14,0.00010858605653483972,0.0037658721262943183
152,radial,15.748015748023622,223,771.7617594657386,131.1937130154423,114,-0.33081956649974487,-0.4280107692428222,-0.33081956649980293,-0.4280107692428197,5.81183726567848e-14,0.0003504691032078775,0.002473029657591957
152,radial,20.97617696340303,397,1375.2077143527658,173.23418023996294,150,-0.058286104091341606,0.2068432609427683,-0.058286104091437585,0.20684326094284708,1.241639649085304e-13,7.813313909670581e-05,0.001734151674463035
153,rhombus,2,4,13.717677512191289,15.972722806056428,14,0.11842852046320651,0.05287476131187907,0.1184285204632062,0.052874761311878564,5.914364092185496e-16,0.0047273311841897125,0.01937381523231922
153,rhombus,4,16,55.21345972814538,34.52311550804479,30,0.007704238657868956,0.04948589673639508,0.007704238657864293,0.04948589673639216,5.5024378626189495e-15,0.0004535309474894054,0.008117450520173217
153,rhombus,7,49,169.45558930003293,62.31129846975975,54,-0.1380888883692064,0.08894954835540189,-0.13808888836921113,0.08894954835539325,9.849602859792054e-15,0.000484662716396702,0.0043633993833999095
153,rhombus,10,100,346.95578261710796,90.45727127987742,78,0.029022803749140458,0.02844385242566519,0.029022803749139743,0.028443852425663295,2.024659376322598e-15,5.8562396738822946e-05,0.0035214158762983203
153,rhombus,15,225,780.5191112558132,136.6303401295959,118,-0.06184225482264205,0.19110267593055735,-0.061842254822617786,0.19110267593057698,3.1206970828499705e-14,0.00012867070878236039,0.002176935329645198
153,rhombus,20,400,1385.175426646233,182.68879103337045,158,-0.039204036123124286,-0.14556050754753944,-0.03920403612311565,-0.14556050754748945,5.072879169139527e-14,5.4414598727291945e-05,0.0017449448574254935
153,radial,2.8284271247461903,7,24.09716905154761,20.77842628046218,18,-0.1216393025555762,0.007542540425296784,-0.12163930255557741,0.007542540425295938,1.4745761788436667e-15,0.002528780968328186,0.012749871156522733
153,radial,4.69041575982343,19,65.4192483132567,34.60191845490068,30,0.10173757875555012,-0.22789688726812915,0.10173757875554996,-0.22789688726813054,1.3961495968248967e-15,0.001907501973606737,0.007111142059291946
153,radial,7.615773105863909,55,190.41866418269478,62.57880749400849,54,0.12629620231832073,-0.21934487023231866,0.12629620231831984,-0.219344870232323,4.420026397643358e-15,0.0006646052948003874,0.0037085022966598462
153,radial,10.488088481701515,97,335.91325247127446,90.0729415800455,78,-0.22993301186511417,0.5103855322878794,-0.22993301186511303,0.5103855322878712,8.294088647800841e-15,0.0008332329477242546,0.0036273822013265728
153,radial,15.748015748023622,223,773.4639470373328,132.10430511462928,114,0.2582365332899821,0.22989872324228944,0.2582365332899991,0.2298987232423043,2.2603691589175845e-14,0.0002235042065850866,0.0021220529428480246
153,radial,20.97617696340303,397,1375.2903896642479,173.5005605109549,150,0.16617172656883072,0.29955066672614933,0.16617172656883966,0.2995506667261615,1.5088621204137523e-14,0.00012453900243540987,0.0016065708792784756
154,rhombus,2,4,13.853349013447504,16.228447004103874,14,-0.003217700440033333,-0.0008916999803777192,-0.0032177004400337486,-0.0008916999803787948,1.152984777189046e-15,0.00012051131618247526,0.018030693561453304
154,rhombus,4,16,55.296542947759086,34.73342061072138,30,-0.07137919436683982,0.05243224246929899,-0.0713791943668374,0.05243224246930141,3.4149510976372107e-15,0.0008008374965450113,0.006613073306983633
154,rhombus,7,49,169.64010725377202,62.451879712429225,54,-0.09221809776333156,0.07071995911498802,-0.09221809776332157,0.07071995911498849,1.0003141797385733e-14,0.00034252844390962736,0.00598674317428211
154,rhombus,10,100,346.7134127600494,90.36672478928874,78,0.12563128723521055,0.11379915638845287,0.12563128723521116,0.11379915638844113,1.175647683810668e-14,0.0002444518831489895,0.003427917913777018
154,rhombus,15,225,779.5887921252408,136.4801763761962,118,0.0604362721134839,0.05542814548153488,0.06043627211347816,0.055428145481516665,1.9099245913148035e-14,5.259504413755586e-05,0.0024965669022023783
154,rhombus,20,400,1384.6473389039106,182.56940119393838,158,0.16839085135200227,0.05406850007209889,0.16839085135203602,0.0540685000720608,5.088987674811463e-14,6.38640470875767e-05,0.0017088505508530457
154,radial,2.8284271247461903,7,24.221644579418474,20.648972831824416,18,-0.07439418079324334,-0.033168601932102276,-0.0743941807932427,-0.03316860193210171,8.551465370822906e-16,0.0016814168501557145,0.011316871183408366
154,radial,4.69041575982343,19,65.6352934379307,34.39908117144207,30,0.06583802423763041,0.019269819876186187,0.06583802423763462,0.0192698198761865,4.2165472166050006e-15,0.0005225853306222798,0.007623675963936082
154,radial,7.615773105863909,55,190.40474797369507,62.70230663134505,54,-0.0058510384485823685,0.12686230840087354,-0.005851038448571877,0.12686230840088095,1.2844955336306117e-14,0.00033349264252244585,0.004572248767695444
154,radial,10.488088481701515,97,336.3687903329023,90.5431087659769,78,0.09585584010224313,-0.10274242308119125,0.09585584010224932,-0.10274242308118856,6.749685771979977e-15,0.00020886982595458837,0.004141385694930766
154,radial,15.748015748023622,223,772.1944912624194,131.29752222538326,114,0.005386785235884872,-0.1475630456909019,0.005386785235893908,-0.14756304569091044,1.243917273989618e-14,9.561149221879084e-05,0.0023777779171850226
154,radial,20.97617696340303,397,1375.045760597567,173.49834034292286,150,0.03232483562159594,0.4228981069279735,0.03232483562163572,0.4228981069279816,4.058682896245304e-14,0.00015422457852888846,0.001772026836039731
155,rhombus,2,4,13.493482023161347,16.230327407988383,14,-0.022318493508545423,0.004399628230335684,-0.02231849350854493,0.004399628230336556,1.0020412096175604e-15,0.0008429258010878458,0.01772322491600663
155,rhombus,4,16,55.416530659368995,34.31526016570507,30,0.027287952295316664,-0.06549555313563764,0.027287952295315554,-0.06549555313563275,5.009554625647218e-15,0.0006401772098295932,0.009786324452873038
155,rhombus,7,49,169.97114036517695,62.614359896430514,54,0.06791901840893733,-0.09204903727597495,0.06791901840894304,-0.09204903727596975,7.731422578733632e-15,0.00033651046771841824,0.004894006894503098
155,rhombus,10,100,345.6527694479502,90.23732722570136,78,0.1070079423073933,-0.035976108072100166,0.10700794230739838,-0.035976108072108604,9.848537143110644e-15,0.00016330502323132125,0.0034128422512581867
155,rhombus,15,225,779.2374125670723,136.27641580803385,118,-0.003842630258484192,-0.06509111341661153,-0.0038426302584352104,-0.0650911134166367,5.5072206932421517e-14,4.183862187246717e-05,0.002173887943133908
155,rhombus,20,400,1384.7693058633217,182.39045348212744,158,-0.01801680178912557,0.06423779488518264,-0.018016801789127238,0.06423779488516622,1.6502020601450628e-14,2.4089413366027188e-05,0.0018751448490006886
155,radial,2.8284271247461903,7,24.100492417587066,20.64002015346371,18,0.10463837397969833,-0.18719317606238006,0.10463837397969765,-0.1871931760623785,1.6965560120098376e-15,0.004449160094561844,0.016575977996559178
155,radial,4.69041575982343,19,65.50465563050038,34.58067290216604,30,0.006755102040150618,0.15945296466945535,0.006755102040152713,0.15945296466946224,7.195295058997536e-15,0.001218203395909508,0.006303648380226024
155,radial,7.615773105863909,55,190.51516714026536,62.474681502538076,54,0.01817854767094884,0.011129211009802381,0.018178547670958372,0.011129211009807067,1.0620055468389963e-14,5.5939794440780895e-05,0.004027736848930786
155,radial,10.488088481701515,97,335.39829612934193,89.9481740908132,78,0.19605726850221084,-0.4207673041901902,0.19605726850222036,-0.42076730419019087,9.543438954070613e-15,0.0006920161663473395,0.0038809955965743497
155,radial,15.748015748023622,223,771.9056966977942,131.7890003343039,114,0.14631151350596383,0.003925935599778274,0.14631151350599159,0.003925935599766103,3.03067786967628e-14,9.480703175033373e-05,0.002186630045716645
155,radial,20.97617696340303,397,1375.2740314467642,173.0338541736386,150,-0.02292406601858099,-0.47709763844571096,-0.022924066018555875,-0.4770976384456911,3.2026792550702145e-14,0.000173655594913699,0.0016232083590327552
156,rhombus,2,4,13.814956134499997,16.08098622718922,14,-0.15439971682373743,0.22745596118517708,-0.15439971682373657,0.2274559611851764,1.1053551269701799e-15,0.009949722555948396,0.017086490924677202
156,rhombus,4,16,55.25719052036081,34.50097100735092,30,0.1712248578381521,0.04760656393054953,0.17122485783815408,0.04760656393055418,5.049474620269734e-15,0.0016081149368946926,0.008761654985011578
156,rhombus,7,49,169.67501690921102,62.22750051527735,54,0.13311567060176666,-0.006427863490013341,0.13311567060176877,-0.006427863490011981,2.5098469399749802e-15,0.00039272362064859934,0.004768877422695145
156,rhombus,10,100,346.57007033521427,89.9837054430447,78,0.019773000367235838,0.08788687827621255,0.019773000367232056,0.08788687827622234,1.0489269116778207e-14,0.0001299646425317484,0.003863220371164968
156,rhombus,15,225,779.1439833912423,136.5327059780682,118,0.030908399099651263,0.026430575023151798,0.030908399099640785,0.02643057502309876,5.4062485994025975e-14,2.6098015716603183e-05,0.002291891152263017
156,rhombus,20,400,1386.1236425608054,182.84279140568668,158,0.04537828352150486,-0.2153582332401448,0.04537828352147393,-0.2153582332401843,5.016379418254775e-14,7.938943955720691e-05,0.0018063424591101866
156,radial,2.8284271247461903,7,24.080005767626208,20.921900214244417,18,0.0562377831107117,-0.024005763972852673,0.05623778311071086,-0.02400576397285329,1.047864881339084e-15,0.001269664903677943,0.007999196015820094
156,radial,4.69041575982343,19,65.33927225443423,34.58449243514282,30,-0.00480813249765788,-0.12043385894469784,-0.004808132497655868,-0.1204338589446968,2.265524950600188e-15,0.0009223380911485699,0.007595142391399383
156,radial,7.615773105863909,55,190.64256703191862,63.076205750858264,54,-0.10343566971806561,0.19469765715290935,-0.10343566971806623,0.1946976571529106,1.390274538422908e-15,0.0005782232950808957,0.0038754537447879276
156,radial,10.488088481701515,97,336.65254929410725,90.48222912791734,78,0.10853213613945956,0.20478131771145658,0.10853213613945766,0.20478131771145572,2.0868889245100843e-15,0.00034421858976666067,0.003218931069095171
156,radial,15.748015748023622,223,772.5735052191735,131.4729588815196,114,-0.2204753009307483,-0.037742953543833196,-0.22047530093076548,-0.037742953543839566,1.8323541743611898e-14,0.00014476458304861687,0.0019919497299506978
156,radial,20.97617696340303,397,1374.9434786531851,173.27729844029218,150,0.168777962838361,0.5988477256527965,0.1687779628383402,0.59884772565272,7.926895697762758e-14,0.00022625559340547363,0.0017711456661833463
157,rhombus,2,4,13.655615823113646,16.108433962488423,14,-0.03431252212466873,-0.030396127044818866,-0.03431252212466919,-0.03039612704482062,1.8142918773452178e-15,0.0016784176120093373,0.01790199058804329
157,rhombus,4,16,55.36088883851308,34.81708318425049,30,0.04789369032790569,-0.049920039136645694,0.04789369032790245,-0.049920039136651564,6.705302028466955e-15,0.0006248056430738828,0.006827891790504031
157,rhombus,7,49,169.5988009421114,62.01749006896454,54,0.02954855707942361,-0.05887013978272149,0.02954855707941913,-0.058870139782734365,1.3635246536384138e-14,0.0001941925534207412,0.00569885572033105
157,rhombus,10,100,346.6546949970674,90.407912275486,78,0.06852516851598534,-0.18418666424400398,0.06852516851598656,-0.184186664244013,9.102855612350126e-15,0.0002834532545212843,0.0032378201073873553
157,rhombus,15,225,779.3896553045803,136.76688471429512,118,0.028740337746787414,-0.02338557434925398,0.028740337746803166,-0.023385574349243266,1.9049552578955573e-14,2.3770240202322785e-05,0.001957989803240669
157,rhombus,20,400,1384.5042721623056,182.43406283436912,158,0.05039839061432483,0.1682675284309123,0.05039839061431687,0.16826752843093065,1.9998399038367542e-14,6.34353225534248e-05,0.0016960562685623191
157,radial,2.8284271247461903,7,24.268384762145832,20.603059237965393,18,-0.061310204629836385,-0.14702345521394022,-0.061310204629835954,-0.14702345521394158,1.4264448766934931e-15,0.0032819409894195985,0.009969618844051849
157,radial,4.69041575982343,19,65.84770978719682,34.844701626891336,30,-0.07697383107484868,0.10364938123737819,-0.0769738310748494,0.10364938123737424,4.0068131995904174e-15,0.0009803321011310154,0.0045251181672845715
157,radial,7.615773105863909,55,190.80256224297716,62.186671123468244,54,-0.08789606700695796,-0.05010387349137305,-0.0878960670069602,-0.05010387349138555,1.2704392784560784e-14,0.00026512666987130965,0.0041910703372013665
157,radial,10.488088481701515,97,335.8416049637728,89.27819900883654,78,-0.04739043843659463,-0.17263164719547264,-0.04739043843658752,-0.1726316471954824,1.2080532582046505e-14,0.0002665218700359133,0.0032753214453849714
157,radial,15.748015748023622,223,772.8331677270635,131.11515606911422,114,-0.12210607417144148,0.17125911236785543,-0.12210607417144133,0.17125911236786331,7.884061516130239e-15,0.00013607856924464248,0.001887708854156319
157,radial,20.97617696340303,397,1375.4127150702575,174.15298186294848,150,-0.25840126085894033,-0.3747781433361882,-0.2584012608589142,-0.3747781433361776,2.8213757639676415e-14,0.00016548671878014,0.0017718638830520957
158,rhombus,2,4,13.944496400741869,16.142253781444737,14,0.0430645030510175,-0.07501672625351559,0.0430645030510182,-0.07501672625351467,1.153297605929378e-15,0.003101542821825151,0.01721938855151545
158,rhombus,4,16,55.486380278830595,35.0897832661458,30,-0.03832716240994971,0.006893095708398869,-0.038327162409949336,0.006893095708397998,9.480228085918904e-16,0.0003509157282675821,0.00902796533595942
158,rhombus,7,49,169.22627276214814,62.314874913693465,54,-0.032954767939866514,0.003953828630332917,-0.03295476793987064,0.0039538286303230806,1.0668051549366705e-14,9.806723582606458e-05,0.004864221637595926
158,rhombus,10,100,346.4072388407023,90.18589739718146,78,0.0943930353690634,-0.17836361375686569,0.094393035369077,-0.17836361375687768,1.813108413293258e-14,0.0002912770410200755,0.0033129520050506453
158,rhombus,15,225,779.0524745914317,136.05718405334784,118,-0.11319328178989885,0.11612702123814622,-0.11319328178988032,0.11612702123813115,2.388278578354307e-14,0.00010407977357896054,0.002225617736051063
158,rhombus,20,400,1385.859187084075,182.4004429297633,158,-0.0031685769645615203,0.1290407229312972,-0.003168576964514327,0.12904072293130878,4.859169501066482e-14,4.657025051859751e-05,0.001789469179145028
158,radial,2.8284271247461903,7,24.450449528942222,20.992472934904168,18,-0.05395643077664447,0.21087142134499143,-0.05395643077664261,0.21087142134498982,2.4596201213417458e-15,0.004451145181939933,0.009966186337130452
158,radial,4.69041575982343,19,65.63747072423111,34.512070161467996,30,0.16010437070443562,-0.05614844316074333,0.16010437070443628,-0.056148443160749587,6.2942308442745915e-15,0.0012924366313626296,0.008208326049076497
158,radial,7.615773105863909,55,190.3583452595047,62.15292281903773,54,-0.01533197765629657,0.06939295849809435,-0.015331977656299216,0.06939295849808683,7.973988516075849e-15,0.00018666513862197938,0.0034370936058184458
158,radial,10.488088481701515,97,336.1181416174914,90.30155200057405,78,-0.23256294859087,0.25982942193238323,-0.23256294859086973,0.2598294219323616,2.165112811065172e-14,0.0005187274365150226,0.00354123035158771
158,radial,15.748015748023622,223,772.5011275281473,131.61090720434734,114,-0.24542880329028938,0.144047935095939,-0.2454288032902645,0.14404793509591562,3.412671898278963e-14,0.00018419314249609828,0.0021620028080865258
158,radial,20.97617696340303,397,1375.5090357279983,172.7538842790202,150,0.0014744785500173663,-0.2079097445828261,0.0014744785500408891,-0.20790974458284076,2.7714470395332006e-14,7.557746534410491e-05,0.0017244678688450171
159,rhombus,2,4,13.90101873890363,16.39717212094195,14,-0.10231682658273655,0.1315597372426422,-0.10231682658273719,0.1315597372426424,6.672892949406044e-16,0.00599464790416184,0.014262854387563367
159,rhombus,4,16,55.54209764718784,34.767633296366775,30,-0.06201147382570271,0.09879256717046224,-0.06201147382570177,0.09879256717045923,3.155877298218312e-15,0.0010500338306219657,0.007834005592472283
159,rhombus,7,49,169.99344172806687,62.317456126399165,54,-0.08742533702550626,0.04324128906509958,-0.08742533702550011,0.04324128906508502,1.5802711990002567e-14,0.00028687754435730554,0.005199874844613812
159,rhombus,10,100,346.8381519695878,90.2671752171182,78,0.15746953999990287,0.025833363747309074,0.157469539999921,0.025833363747271347,4.1854538932086646e-14,0.00023004172372895857,0.003965195897751765
159,rhombus,15,225,778.9806014632888,136.23907672081057,118,-0.008136879345706394,-0.16777743820700075,-0.008136879345664785,-0.1677774382070787,8.834927044028897e-14,0.00010781695552793771,0.002311140075730465
159,rhombus,20,400,1384.5300426322085,182.40253427903755,158,0.008081219504041837,0.03807798045594607,0.008081219504122652,0.038077980455861526,1.1695621286244973e-13,1.405750180853472e-05,0.0015125316093822986
159,radial,2.8284271247461903,7,24.254398984776586,20.801326304523535,18,0.17876864724069508,0.019194967858820296,0.17876864724069375,0.01919496785882105,1.5302778363560626e-15,0.0037064659290362684,0.011760799355153164
159,radial,4.69041575982343,19,65.58980901701268,34.41512238292946,30,-0.042925091846632846,-0.19386817609205248,-0.042925091846633324,-0.19386817609205265,5.069193257608818e-16,0.0015136758791119511,0.005552545889060973
159,radial,7.615773105863909,55,190.61163917698224,62.71810879729795,54,0.10031063475222934,-0.20145278870470962,0.1003106347522361,-0.2014527887047166,9.726190928281453e-15,0.0005903244937302212,0.004728854032386342
159,radial,10.488088481701515,97,335.795444919002,90.25911830946269,78,-0.4160331977544094,0.11356563025084618,-0.4160331977543982,0.11356563025080908,3.875306831572589e-14,0.0006421392687209366,0.004439683274389339
159,radial,15.748015748023622,223,772.9390142360033,131.12459559804253,114,-0.10646195108789236,-0.030393045430086973,-0.10646195108786886,-0.030393045430133117,5.1780840103831944e-14,7.161970589088399e-05,0.0020175051689312667
159,radial,20.97617696340303,397,1374.4977024557966,172.3234849234572,150,0.22796517920725234,0.01861346726857971,0.22796517920730874,0.018613467268496775,1.0029394964821117e-13,8.320269134907638e-05,0.0016860243963131558
160,rhombus,2,4,13.625276136399973,16.190438676820246,14,-0.09217084940080911,0.09148313562633834,-0.09217084940080904,0.09148313562633947,1.140092153936227e-15,0.004765550708137456,0.011793184422890087
160,rhombus,4,16,55.191138682007576,34.34405190681299,30,0.11896090408074977,-0.056591257880734845,0.11896090408074672,-0.05659125788073612,3.3093213859889125e-15,0.0011934487928893876,0.006759486749573659
160,rhombus,7,49,169.75724971242326,62.257036699631804,54,0.05373769542050644,0.014447869158600884,0.053737695420505806,0.01444786915860473,3.8973739352487094e-15,0.00016389883698575758,0.005312085577110785
160,rhombus,10,100,346.05134387870964,90.14451624338899,78,-0.01666006431193523,-0.12977326772391862,-0.01666006431194001,-0.12977326772389394,2.5133605721413355e-14,0.0001890446240365839,0.003987935636293772
160,rhombus,15,225,779.2931326554728,136.46455684429742,118,0.1192804101966698,-0.2001006059134019,0.11928041019666155,-0.200100605913356,4.664196272972965e-14,0.00014946563048533158,0.0022359892604762216
160,rhombus,20,400,1385.1452715688322,182.58810446302232,158,-0.06844056716654867,-0.15307285581127206,-0.068440567166528,-0.15307285581129346,2.9757627522737886e-14,6.052668579747065e-05,0.0016852673534487016
160,radial,2.8284271247461903,7,24.14438337197943,20.782436029580193,18,0.057698268408833187,0.021470837325827913,0.057698268408831334,0.0214708373258267,2.2151705597553923e-15,0.0012749069171548366,0.008833335855055498
160,radial,4.69041575982343,19,65.80086661106002,34.60101270798417,30,-0.27353368319124094,-0.051394903404328,-0.2735336831912457,-0.05139490340433057,5.420533167924176e-15,0.002114866985689387,0.008276878992536003
160,radial,7.615773105863909,55,190.25932730801983,62.13170661196197,54,-0.13351214468754735,0.15789992624334231,-0.13351214468755293,0.15789992624334448,5.984207665676072e-15,0.0005434156315244732,0.0044937074990164545
160,radial,10.488088481701515,97,336.12062650566054,89.83802538640286,78,0.032643756860188944,-0.2209821497081902,0.032643756860181485,-0.22098214970816765,2.3739870705216267e-14,0.00033229175532307375,0.003830383583619945
160,radial,15.748015748023622,223,772.6273718768254,131.7649473369294,114,0.46432242162062654,0.288330073977047,0.46432242162062476,0.28833007397709165,4.46663019860668e-14,0.0003537032102867907,0.0025347428237974087
160,radial,20.97617696340303,397,1374.5088565967528,172.3124509426124,150,-0.37012087760064105,-0.016872589171537222,-0.37012087760059503,-0.016872589171527747,4.6984056746615574e-14,0.00013477732757042962,0.0017388084528768138
161,rhombus,2,4,13.79937405341932,16.076720777011804,14,-0.0651906018830859,-0.03134046050107944,-0.06519060188308624,-0.03134046050108025,8.765006872878471e-16,0.0026208737748698993,0.01376267966072166
161,rhombus,4,16,55.31243623790755,34.86537783545502,30,0.04349859169084791,-0.06112378625059195,0.043498591690848444,-0.06112378625059414,2.2568479078518102e-15,0.000678162394228209,0.007501911765187402
161,rhombus,7,49,169.02543503193223,62.32339184376996,54,0.13742226270209734,-0.0024730811462600477,0.13742226270210242,-0.002473081146260065,5.079299960583886e-15,0.0004065793823566848,0.004959600796447267
161,rhombus,10,100,346.3803700999768,90.64422924304822,78,-0.018443504691711077,-0.014259610373185738,-0.018443504691695266,-0.01425961037317071,2.181290198474049e-14,3.36524159514304e-05,0.0031066029901208334
161,rhombus,15,225,779.4518537594699,136.3611712116922,118,0.0304020792322941,0.04901930156577797,0.030402079232306683,0.04901930156580033,2.5661256083405146e-14,3.7001450616898884e-05,0.0027233768526335614
161,rhombus,20,400,1385.172479950727,182.76067530012372,158,0.08459192201546673,0.07212697235690965,0.08459192201556066,0.072126972356955,1.0431369623638794e-13,4.012747996373353e-05,0.00202403791311802
161,radial,2.8284271247461903,7,24.49178562263685,20.905394909676865,18,-0.02782412453702321,0.10073117831090772,-0.027824124537024233,0.10073117831090808,1.0852272564098946e-15,0.0021334369269285524,0.009599609461042284
161,radial,4.69041575982343,19,65.45226707304838,34.67004463407755,30,-0.17004384021573626,-0.11620311160520788,-0.1700438402157352,-0.11620311160520999,2.3584074455849093e-15,0.0015733334152980454,0.007619678969146295
161,radial,7.615773105863909,55,189.98834493484637,62.40416103424958,54,-0.17032395109213017,0.056094201560482226,-0.17032395109211762,0.05609420156047976,1.2785067836123162e-14,0.0004719320905329989,0.0037911891356201192
161,radial,10.488088481701515,97,335.5278585187683,89.91903186416721,78,0.3935596789285256,-0.11198344649808022,0.39355967892852245,-0.11198344649806749,1.3113393333667927e-14,0.000609757887120767,0.004073179467394798
161,radial,15.748015748023622,223,772.9386283911109,130.76322902729132,114,0.09744281595682835,-0.1379887474581552,0.09744281595682697,-0.1379887474581362,1.906315087299126e-14,0.0001092751763551937,0.002656761820785257
161,radial,20.97617696340303,397,1374.8732354228782,174.16804849283236,150,-0.26121603326990517,0.35746116964213365,-0.2612160332698465,0.35746116964218333,7.688392641523434e-14,0.000161008577579611,0.0017998115411515495
162,rhombus,2,4,13.960685028699764,16.160786866118467,14,0.10583654639437112,-0.14508096527865288,0.10583654639437112,-0.14508096527865177,1.1102230246251565e-15,0.0064317210327185185,0.02035582672818742
162,rhombus,4,16,55.77546656827745,34.89315288187145,30,-0.05465890042394861,0.0040666047969780544,-0.05465890042395168,0.0040666047969806825,4.044253594434756e-15,0.0004913447800940423,0.00975436608533927
162,rhombus,7,49,169.69272541686715,62.56737082859508,54,0.06348462287633261,0.045348445747132704,0.06348462287633844,0.04534844574713626,6.826066122044748e-15,0.0002298796576752748,0.004534247318655007
162,rhombus,10,100,347.1751248870075,90.29139701085559,78,-0.0663613685407225,-0.0012521171923739471,-0.06636136854071556,-0.001252117192359765,1.5788728473512155e-14,9.559034520043285e-05,0.002931445484394872
162,rhombus,15,225,778.9684366549892,136.5037261135735,118,0.062247423239355726,0.02061867774094539,0.06224742323933336,0.020618677740958234,2.5789853351981845e-14,4.20898992139333e-05,0.001971671241755112
162,rhombus,20,400,1385.332216203671,182.2149798853236,158,-0.026601257378548127,-0.13502926108499103,-0.02660125737848435,-0.13502926108496915,6.742148151529155e-14,4.967205342517191e-05,0.001895148472395586
162,radial,2.8284271247461903,7,24.399026445604857,20.953689157853315,18,-0.1344764691951048,0.2389375166169042,-0.13447646919510398,0.23893751661690607,2.0375314937740533e-15,0.005618681202189706,0.015437470504922363
162,radial,4.69041575982343,19,65.9184576885525,34.8119864734264,30,0.06152181672123591,-0.005268935973804942,0.06152181672123406,-0.005268935973804588,1.8861797607251863e-15,0.00046835917736226534,0.006592455255656513
162,radial,7.615773105863909,55,190.63825177463886,62.168107158296905,54,-0.029831361046528837,0.01773990969332444,-0.029831361046520503,0.01773990969332867,9.345356432791895e-15,9.10298863409746e-05,0.0037569141958091537
162,radial,10.488088481701515,97,336.1938386215609,90.03343413734284,78,0.09485792912955837,0.16268090475965724,0.09485792912957072,0.16268090475966215,1.3292399880608319e-14,0.00028007131089379314,0.003102269947692206
162,radial,15.748015748023622,223,772.6315018504621,131.04322673423815,114,-0.07922134037141859,-0.0015797967542876268,-0.079221340371403,-0.0015797967542574148,3.3994796281545716e-14,5.127741388894999e-05,0.0021700580103228124
162,radial,20.97617696340303,397,1375.0456645010627,173.8406696394409,150,-0.17687067907887322,0.4266908216126048,-0.17687067907888138,0.4266908216126065,8.339615228037315e-15,0.00016795675328665777,0.0017624135460677388
163,rhombus,2,4,14.015716634780771,16.299300923812552,14,0.025224645447643912,0.10254981107833308,0.02522464544764464,0.10254981107833264,8.532582652555935e-16,0.0037674336378464516,0.015595144348757195
163,rhombus,4,16,55.686159265944,34.80368895872707,30,-0.07233637451516373,-0.038071701987204554,-0.07233637451516227,-0.03807170198720254,2.4844728760365027e-15,0.0007339663609368495,0.008829809577312102
163,rhombus,7,49,169.76806865994286,62.610022937551776,54,-0.10171944990741677,0.1443256306557144,-0.10171944990741634,0.14432563065571877,4.378810426055917e-15,0.0005200310870567765,0.004559636420339877
163,rhombus,10,100,346.5762395297775,90.15277480682835,78,0.0028910977855645115,-0.05357365929426533,0.0028910977855559697,-0.053573659294257295,1.1727192597124291e-14,7.740232217467568e-05,0.0031197837145689484
163,rhombus,15,225,780.146120131747,136.29174328707032,118,0.05665593435061522,-0.052986384312437615,0.05665593435061541,-0.05298638431238146,5.615678088375654e-14,4.971647883486833e-05,0.002534485517421164
163,rhombus,20,400,1386.0380194239322,182.24335530242504,158,-0.12329843308140731,0.024235165203842488,-0.12329843308137947,0.024235165203870992,3.984388044222934e-14,4.53298017506735e-05,0.0015023004620478432
163,radial,2.8284271247461903,7,24.36771089844376,21.010046728398052,18,-0.09870651004377873,-0.2109424397615253,-0.0987065100437792,-0.21094243976152663,1.4133557720257279e-15,0.00477874506196493,0.012922753667624852
163,radial,4.69041575982343,19,66.196784438765,34.751942037650544,30,-0.026130739722963092,0.1611635268635456,-0.02613073972296456,0.1611635268635433,2.731459691927352e-15,0.0012332032393321327,0.00704240909117488
163,radial,7.615773105863909,55,190.43447457530968,62.28938366947192,54,0.014407871517482462,-0.17457732115445276,0.014407871517489412,-0.1745773211544486,8.100998160014261e-15,0.00045992421704577703,0.0035257867719992206
163,radial,10.488088481701515,97,335.84105092141453,90.11088493344398,78,0.36343305091909217,-0.379060308939391,0.36343305091910383,-0.3790603089393846,1.331758680116795e-14,0.0007818257499754314,0.003596047587211968
163,radial,15.748015748023622,223,772.6197572129272,131.5270432967277,114,-0.020558411750816408,0.24790293401513558,-0.020558411750781186,0.2479029340151472,3.709210513378792e-14,0.00016098081768150543,0.002371691289604628
163,radial,20.97617696340303,397,1375.564879240991,172.7349038226625,150,0.1329933815425286,0.007421900632986464,0.13299338154258822,0.0074219006330359895,7.750610491532714e-14,4.841658792774818e-05,0.0017092854652320949
164,rhombus,2,4,14.16242514723643,16.433943244624636,14,-0.022539025396966395,0.05455368297794627,-0.02253902539696656,0.05455368297794694,6.866350197783356e-16,0.0020839074632637393,0.015256537776985627
164,rhombus,4,16,55.8558788568304,35.03542485720912,30,0.0419796704124078,-0.033025857916581663,0.04197967041240908,-0.03302585791658365,2.363516014742398e-15,0.000478136614407492,0.005285280028795785
164,rhombus,7,49,170.02531130347325,62.84447870104871,54,-0.06413956412722976,0.11401873045042163,-0.06413956412722277,0.11401873045042112,7.013227636739978e-15,0.0003847105983729291,0.0047856271708377465
164,rhombus,10,100,346.5315687003938,90.2336975990418,78,-0.1050333113031452,-0.014083173693032719,-0.10503331130313634,-0.014083173693030505,9.126523804553711e-15,0.0001529056391948591,0.0036592367936046782
164,rhombus,15,225,779.7238691538298,136.268190651236,118,0.15915551196752276,0.24942772442299493,0.15915551196751618,0.24942772442299255,6.997763554592986e-15,0.00018973350164791687,0.002395670185318333
164,rhombus,20,400,1386.65988741972,182.44721016649675,158,-0.11274033408619522,-0.057023910836742395,-0.11274033408617848,-0.05702391083673466,1.8438364646498613e-14,4.555595888281331e-05,0.001741730486357205
164,radial,2.8284271247461903,7,24.699041123420336,21.060055232614587,18,-0.0351629540835563,-0.07653801947092895,-0.03516295408355468,-0.07653801947092899,1.6172982426630268e-15,0.0017051039545686855,0.008599919396153332
164,radial,4.69041575982343,19,66.13485126889098,34.75548738268319,30,0.22906725160533536,0.05561261331524815,0.22906725160533692,0.05561261331524602,2.6370079266951708e-15,0.0017821267794331408,0.005972429496528594
164,radial,7.615773105863909,55,190.79054528169314,62.63266269185048,54,0.26961586997881737,-0.05408419818441976,0.26961586997882275,-0.054084198184424725,7.326473114263627e-15,0.0007206513844986465,0.004188119991187964
164,radial,10.488088481701515,97,336.0754498569535,90.63276262790104,78,0.2805323013373071,-0.04899014252683215,0.28053230133731955,-0.04899014252683861,1.4012485915657291e-14,0.00042368137728896827,0.0035834540931199707
164,radial,15.748015748023622,223,773.0323218032647,131.42586761867278,114,0.16387795884975676,0.09758436442548099,0.16387795884974612,0.09758436442549796,2.0026782617877623e-14,0.00012336611855041327,0.0021733235779774966
164,radial,20.97617696340303,397,1376.2174397001386,173.90046682200142,150,-0.06177309414625487,0.002156418714615582,-0.06177309414626432,0.0021564187145930204,2.446124586751777e-14,2.2456742588630957e-05,0.0015963029012843613
165,rhombus,2,4,13.749123440907965,16.063402660472008,14,0.022926271341113136,0.019917754106898,0.022926271341112338,0.019917754106897757,8.341116186757555e-16,0.0011044304192942486,0.011860649419518669
165,rhombus,4,16,55.45042474624886,34.42284504201075,30,-0.0937458255872694,-0.06699535137854051,-0.09374582558726774,-0.06699535137853778,3.2011998752171104e-15,0.0010389855167680481,0.0072450892432313115
165,rhombus,7,49,169.6510666633402,62.45915906097167,54,0.06683006422196991,0.0016653180305675752,0.06683006422195573,0.0016653180305758637,1.642740633222874e-14,0.00019702443106729133,0.00562421762392017
165,rhombus,10,100,347.1962923886697,90.03091273809892,78,0.035344750593075513,-0.08770216121621638,0.035344750593058354,-0.08770216121620802,1.9085547198810055e-14,0.00013617144359782008,0.0035665119847965937
165,rhombus,15,225,779.0013465294853,136.41342406314752,118,0.08919236247280615,0.013457403137361948,0.08919236247278457,0.0134574031373587,2.1822930540630453e-14,5.789584368118464e-05,0.002701482519048178
165,rhombus,20,400,1384.846778617407,182.60292653537678,158,-0.013196129803758172,0.0072722576363648955,-0.013196129803820667,0.0072722576363984555,7.093598844394204e-14,5.4400608358718215e-06,0.00205167489544817
165,radial,2.8284271247461903,7,24.22434631141242,20.749191917343136,18,0.02305135550062909,0.0786250683995357,0.023051355500628624,0.07862506839953345,2.2957674172395425e-15,0.0016911606994617445,0.00939310317481973
165,radial,4.69041575982343,19,65.6483552657908,34.79926640713657,30,-0.030479202609551503,0.00445933306115627,-0.030479202609553255,0.0044593330611581924,2.60079194534918e-15,0.0002346113007061602,0.005507202411182533
165,radial,7.615773105863909,55,190.80739337149654,62.80405419592161,54,-0.1081528177702733,0.22032538837645899,-0.10815281777028782,0.22032538837646767,1.6917199797602076e-14,0.0006431590724950778,0.005139258034781003
165,radial,10.488088481701515,97,336.11783616089156,91.12522376332666,78,-0.07417493344603665,-0.17714838915157,-0.07417493344605475,-0.17714838915156325,1.931263586737878e-14,0.00028568954449758016,0.0041144765481670635
165,radial,15.748015748023622,223,772.9093804008731,132.14307051892303,114,0.38484867571681214,0.4979302711343927,0.3848486757167962,0.4979302711343938,1.59703372821985e-14,0.0004071108048671297,0.0025618003124802872
165,radial,20.97617696340303,397,1375.640533068365,173.33027219304526,150,0.4630363711741734,-0.42203604762163405,0.4630363711740799,-0.42203604762158187,1.0705820239276032e-13,0.00022771641340486417,0.002052841252989818
166,rhombus,2,4,14.115620879447803,16.325144975035535,14,0.011176216499293012,-0.0257746320878032,0.011176216499290938,-0.02577463208780481,2.6260298755196115e-15,0.000995117624860065,0.010485469831235297
166,rhombus,4,16,55.63866252350566,34.88996921269159,30,-0.029358551637086894,0.08310234854366483,-0.02935855163709425,0.08310234854366214,7.832483774418767e-15,0.0007920376590039202,0.0074238504626624145
166,rhombus,7,49,169.494952349186,62.3295432627339,54,-0.11874664924011435,0.05851553232437996,-0.11874664924011613,0.05851553232436694,1.3144882448955582e-14,0.00039051722486093445,0.0047186423210136535
166,rhombus,10,100,346.38312824820343,89.80324676845808,78,0.10264169364234466,0.12297775485750317,0.10264169364234965,0.12297775485750115,5.391230318648463e-15,0.00023122342495303095,0.0036328479147743706
166,rhombus,15,225,778.9645017887073,136.10370477904755,118,-0.17920830266831045,-0.08568216909364948,-0.17920830266830676,-0.08568216909366337,1.437377761533487e-14,0.00012750130876271833,0.0024081879295442675
166,rhombus,20,400,1385.7455546388514,182.97643671210528,158,0.0558630259006101,0.0057273451429887545,0.05586302590058086,0.0057273451430119885,3.734737486992723e-14,2.02619649950666e-05,0.0016626529720665906
166,radial,2.8284271247461903,7,24.373787102929942,20.80592854711319,18,-0.009841557658512023,0.026333445722342252,-0.009841557658515515,0.02633344572233997,4.172009959724221e-15,0.000576693160888809,0.0080806342908244
166,radial,4.69041575982343,19,65.7389453175149,34.773123125392914,30,-0.0007709925087588942,-0.05078521827190302,-0.0007709925087594984,-0.05078521827190797,4.984178457024213e-15,0.00038630883166656724,0.006845544987238853
166,radial,7.615773105863909,55,190.5980788532103,62.44841718896733,54,0.03420848598183124,0.07069818315674942,0.034208485981833806,0.07069818315673862,1.1097970682990367e-14,0.00020603435250545136,0.003536881238912889
166,radial,10.488088481701515,97,336.5819745685202,90.01662346880748,78,0.18771781306154045,-0.2406150169787877,0.1877178130615486,-0.24061501697881235,2.596266691031523e-14,0.0004533485814774942,0.003428096425727603
166,radial,15.748015748023622,223,772.5447695217263,131.39991577760745,114,-0.46692793960033185,0.004268152201093889,-0.4669279396003531,0.004268152201067361,3.399592437901681e-14,0.0003022138425107733,0.0023524972359261977
166,radial,20.97617696340303,397,1375.0921919913294,173.08503616837086,150,-0.2768604489774833,-0.873551588663396,-0.27686044897751083,-0.8735515886633817,3.103564871605715e-14,0.000333205119374676,0.0016288224328322154
167,rhombus,2,4,14.03449526953866,16.385456046061467,14,0.0043430034362077485,-0.04175590517358048,0.004343003436206838,-0.04175590517358083,9.770682722174464e-16,0.0014956417472737071,0.01897690916596295
167,rhombus,4,16,55.19771688475187,34.772230399812884,30,0.09538294153142202,-0.09653419109502108,0.09538294153142315,-0.09653419109502191,1.410081584372118e-15,0.0012292931227524332,0.00783503421576379
167,rhombus,7,49,169.29420220649223,62.570557941908945,54,0.07776649982051875,-0.01670514375879026,0.07776649982052074,-0.01670514375877845,1.1975574028362713e-14,0.00023491795295355755,0.004470868490292852
167,rhombus,10,100,346.4841935683513,90.30251116252693,78,-0.12332088393629048,0.10663676045841645,-0.12332088393629473,0.10663676045844205,2.5940596175975908e-14,0.00023526617035940267,0.0031706208749741603
167,rhombus,15,225,778.1170460838505,136.5104140701774,118,0.1589435962617709,-0.05237086189533652,0.15894359626178473,-0.052370861895319254,2.21156036366374e-14,0.0001075347586137012,0.00269038013409532
167,rhombus,20,400,1384.573088622417,182.24538461562142,158,0.08170336911775733,-0.0997462135798062,0.0817033691178027,-0.09974621357981721,4.6682225488969455e-14,4.65620024185519e-05,0.0017803866935293794
167,radial,2.8284271247461903,7,24.08860515927678,20.70317814343849,18,-0.027452879603178548,0.07867080450163456,-0.027452879603177785,0.07867080450163431,8.031151463988743e-16,0.0017295148883999364,0.013354370456636889
167,radial,4.69041575982343,19,65.79415368822202,34.64013959447691,30,-0.01712945815160616,-0.17496705166706472,-0.017129458151602085,-0.17496705166706716,4.7493320026002645e-15,0.0013360119265252595,0.006908526449482445
167,radial,7.615773105863909,55,190.63146469409457,62.205862651646704,54,0.06893428623813103,-0.1196241789152104,0.06893428623812896,-0.11962417891520238,8.283597951590881e-15,0.0003621248140560532,0.0042151146777475315
167,radial,10.488088481701515,97,335.78010125179554,90.23434313990016,78,0.17486723344003874,-0.05065480913349482,0.17486723344004074,-0.050654809133484885,1.0135460645163576e-14,0.0002710943810280856,0.0030936984823173334
167,radial,15.748015748023622,223,772.0509320082234,131.52766669942017,114,-0.3426428208540888,0.31430178251483143,-0.34264282085407893,0.3143017825148541,2.471013287282582e-14,0.0003011213615270641,0.002391404194099759
167,radial,20.97617696340303,397,1374.5671805608295,173.232788745249,150,-0.20345984051511223,-0.04798268064141725,-0.2034598405150553,-0.04798268064145943,7.084733005969549e-14,7.603893549070972e-05,0.0016622435482960432
168,rhombus,2,4,14.053256807087987,16.413885820142887,14,-0.016375348747506013,0.05787969037827889,-0.016375348747507706,0.05787969037827907,1.7026750556950395e-15,0.0021401289550544455,0.017635630832399538
168,rhombus,4,16,55.40157221950206,34.77303907287798,30,0.015786796761743105,-0.026007256835159642,0.01578679676174284,-0.026007256835158095,1.5696784148682176e-15,0.00027457416541373385,0.007597860669615562
168,rhombus,7,49,169.57133411708418,62.34254655081443,54,0.024482661819012375,-0.07200508583528584,0.02448266181902092,-0.072005085835273,1.542104541070897e-14,0.00022425219720912434,0.0050976430206206135
168,rhombus,10,100,345.9818859990904,90.13224480949891,78,0.12154073065631898,-0.05068154076643441,0.12154073065633202,-0.05068154076641107,2.673355102577967e-14,0.00019030526506169074,0.003133384105662838
168,rhombus,15,225,778.9056088627383,136.5903782122929,118,0.0018561793662703607,0.11101513835694066,0.0018561793662888633,0.11101513835698389,4.7022525527939996e-14,7.127349817550312e-05,0.002294233638427756
168,rhombus,20,400,1385.6021857738988,182.27263484235723,158,0.051008522103563436,0.009872465530838162,0.051008522103594404,0.009872465530932233,9.903690968470157e-14,1.8748210873937846e-05,0.0016101623650864422
168,radial,2.8284271247461903,7,24.47199821103627,20.92166201483115,18,-0.02296679047900163,-0.05844662436958231,-0.02296679047900274,-0.0584466243695833,1.4844044089713007e-15,0.001283040804845247,0.013907881627332508
168,radial,4.69041575982343,19,65.95669392457104,34.72818118241944,30,-0.10498536834477701,-1.2846260527471509e-05,-0.10498536834477712,-1.284626052652088e-05,9.570895620573757e-16,0.0007958659150714047,0.007738295347231163
168,radial,7.615773105863909,55,190.4234454252607,62.49177547659036,54,-0.1062327733981272,0.11491542170187706,-0.10623277339811872,0.11491542170188201,9.82063102988192e-15,0.0004109154372594071,0.0036253982846891973
168,radial,10.488088481701515,97,335.68066055820105,90.41967191916177,78,-0.053783974587781724,-0.026293067191542008,-0.053783974587764925,-0.026293067191527804,2.1999084378395774e-14,8.917234472482051e-05,0.0031975767843622775
168,radial,15.748015748023622,223,772.2799669246714,132.13466173703472,114,0.48063191748184275,0.3306588942820699,0.4806319174818589,0.33065889428209555,3.030954607830199e-14,0.00037770542974886284,0.002045943351481989
168,radial,20.97617696340303,397,1374.83281056111,173.910098885081,150,-0.15328016053853544,-0.15845200645042473,-0.15328016053848154,-0.15845200645033525,1.04464037188719e-13,8.017639012033736e-05,0.0017719473043846569
169,rhombus,2,4,13.877389615017492,16.161928200506672,14,0.03031768860847661,0.026033603280035122,0.03031768860847585,0.02603360328003434,1.0942571885412288e-15,0.0014398012425135874,0.010727601470897474
169,rhombus,4,16,55.20556442417068,34.733213597219134,30,0.002300049093386658,0.03333555129719022,0.002300049093387265,0.033335551297183914,6.336609348687483e-15,0.00030263982935450705,0.00669599500725591
169,rhombus,7,49,170.721026093799,62.22211243252631,54,-0.12305722443177691,0.08308005635855664,-0.12305722443177022,0.0830800563585593,7.200258536120153e-15,0.0004348522781640191,0.004548503118808968
169,rhombus,10,100,347.15912457381023,90.43953028380285,78,0.010927518697046779,0.003087431319446221,0.01092751869705455,0.0030874313194326443,1.5643753450641954e-14,1.635460771635256e-05,0.003520976374672884
169,rhombus,15,225,779.7237436164914,136.3255043479325,118,0.12913777754847544,0.1802004273710574,0.12913777754852046,0.1802004273710077,6.706613800048803e-14,0.00014216265511050814,0.0023409023238123968
169,rhombus,20,400,1385.2408600177423,182.86971430554442,158,-0.03522963652753619,-0.06257635295366555,-0.0352296365274835,-0.06257635295369932,6.257774634296417e-14,2.5920311292287475e-05,0.0018208970562836025
169,radial,2.8284271247461903,7,24.36763782989556,21.03609632919138,18,-0.01806050509426571,-0.02086743343710909,-0.018060505094265357,-0.020867433437109964,9.432047442422425e-16,0.0005662771749878223,0.009980446181449136
169,radial,4.69041575982343,19,65.79719306434714,34.616958883616434,30,0.025450925361278465,-0.05848424128069253,0.025450925361283683,-0.05848424128069444,5.556009222713377e-15,0.0004846870775017162,0.005779367075707846
169,radial,7.615773105863909,55,191.53149465536325,62.132376554524974,54,0.07834804545721097,-0.20542079612380698,0.07834804545721101,-0.2054207961238042,2.7758697942264678e-15,0.0005739389492460935,0.004328436197082112
169,radial,10.488088481701515,97,336.30541867771296,89.52733641006431,78,-0.05764312484171086,0.3023143518551703,-0.0576431248416837,0.30231435185517375,2.737603562768193e-14,0.00045756143382069377,0.0036718738513226274
169,radial,15.748015748023622,223,772.1531564217769,130.62845285344042,114,-0.5159791037436063,-0.2574695730909284,-0.5159791037435667,-0.25746957309095253,4.641147229994774e-14,0.00037340378436903713,0.0024106523434048307
169,radial,20.97617696340303,397,1374.4415056710523,174.01762089751077,150,-0.27115050852035605,-0.24786759107828177,-0.2711505085203344,-0.24786759107832632,4.9529706088994e-14,0.00013364348481172532,0.0016274329351069435
170,rhombus,2,4,13.94195512266544,16.29049312412118,14,0.1395265476469003,0.050791543515287876,0.13952654764690053,0.05079154351528764,3.2398021848425308e-16,0.005325070878002417,0.022977929037457268
170,rhombus,4,16,55.42084966626231,34.24165678724651,30,-0.031603750578656165,-0.04175623545812028,-0.03160375057865979,-0.04175623545811935,3.739542395293269e-15,0.0004724552299808482,0.01145526901415589
170,rhombus,7,49,169.52122078945314,62.08188215489466,54,-0.08856860134117372,0.11538493677546038,-0.08856860134118555,0.11538493677546012,1.1826814918059704e-14,0.00042902645072893995,0.0038642118756832414
170,rhombus,10,100,346.4868075645596,89.90763159828715,78,0.16708662081573644,-0.05150152305432554,0.1670866208157245,-0.051501523054302625,2.5834317399942023e-14,0.0002523094262190308,0.0033889553966901815
170,rhombus,15,225,779.3706385928972,135.83729024752378,118,0.0016349126345764908,-0.10709642920444953,0.0016349126345588626,-0.1070964292044097,4.355599597312717e-14,6.871500047477424e-05,0.002410240328784834
170,rhombus,20,400,1385.4949281742915,182.45949494481985,158,0.16034387403392403,0.02363256389421199,0.16034387403390282,0.02363256389420699,2.178743848260107e-14,5.849031911092188e-05,0.0016825943900370488
170,radial,2.8284271247461903,7,24.49855214893366,21.01324837214443,18,-0.02993777834309963,0.22496408014181576,-0.02993777834309993,0.22496408014181535,5.122107053490304e-16,0.004631852666343091,0.014036277639814678
170,radial,4.69041575982343,19,65.77430129445767,34.59026079918704,30,0.010249746237347868,-0.210964491046705,0.010249746237341264,-0.21096449104670328,6.8246131489898665e-15,0.0016055916442344218,0.006538371465348312
170,radial,7.615773105863909,55,190.27553484781035,62.500082886727675,54,-0.13780154760170493,-0.030452361676862036,-0.13780154760172242,-0.030452361676858063,1.7931579054263298e-14,0.00037084702014450325,0.004203762946221528
170,radial,10.488088481701515,97,335.7617667764904,90.07910985566603,78,0.32354285823762474,-0.036123876332294705,0.3235428582376107,-0.03612387633227569,2.363727460936418e-14,0.0004847979692199431,0.0032134792311858326
170,radial,15.748015748023622,223,773.3887710583181,131.4239733454531,114,0.022097257142585036,-0.10139554363332037,0.022097257142544915,-0.10139554363330142,4.4373859224586457e-14,6.709138973448562e-05,0.0019286959452599086
170,radial,20.97617696340303,397,1374.425920983093,172.95300249496867,150,-0.1713362494487396,0.15056525814062988,-0.17133624944879003,0.15056525814068358,7.367374450152068e-14,8.297722680488686e-05,0.0017466715041873952
171,rhombus,2,4,13.804503391214556,16.401902216217167,14,0.07497722565953957,-0.030006263550381718,0.07497722565954075,-0.03000626355038199,1.2102552916451563e-15,0.0029250836433481944,0.01261054613066953
171,rhombus,4,16,55.321458524579434,34.67177014032427,30,0.08274874549781863,-0.08002492857117433,0.08274874549781994,-0.08002492857117534,1.6516899727928723e-15,0.0010404143847602117,0.007417615226828705
171,rhombus,7,49,170.00029722243974,62.20116247196476,54,-0.02300524069541998,0.036724931839240804,-0.02300524069540612,0.03672493183923972,1.390264538342778e-14,0.00012745699971461382,0.004906223281003682
171,rhombus,10,100,346.39317656981996,90.26023310192068,78,0.13318079883313372,0.12156669820273291,0.1331807988331296,0.1215666982027289,5.741061512408645e-15,0.00026028340358771895,0.0035582777955371326
171,rhombus,15,225,779.1147645798278,136.38494063938668,118,-0.0627889423103043,-0.059890017454491185,-0.06278894231028884,-0.059890017454514326,2.783024955186867e-14,5.56858527588852e-05,0.0025280961264521175
171,rhombus,20,400,1384.681376491402,182.72937525587633,158,0.049946935505222445,0.14331130936015268,0.04994693550528269,0.1433113093601558,6.032362764227382e-14,5.480166873606909e-05,0.0017304350274240604
171,radial,2.8284271247461903,7,24.127003795679762,20.534768730083545,18,-0.13434864443488648,-0.14997851842660503,-0.1343486444348867,-0.1499785184266063,1.2959208739370123e-15,0.004172776889430559,0.011355467443235227
171,radial,4.69041575982343,19,65.91252096010665,34.590139472030955,30,0.03659000975931903,0.23244414581770156,0.036590009759320294,0.23244414581769857,3.2527651829605156e-15,0.0017849902664177472,0.005147174882841772
171,radial,7.615773105863909,55,190.7397221734466,62.82533973303651,54,-0.1728849503798897,-0.22239815405161656,-0.17288495037987697,-0.22239815405161173,1.3624482399118363e-14,0.0007384187587471803,0.004509069428444165
171,radial,10.488088481701515,97,335.82649958568913,90.01051208472177,78,0.014601754397302713,0.07162082473899696,0.014601754397307725,0.07162082473900498,9.458252169895295e-15,0.00010882724155772787,0.003771846959038638
171,radial,15.748015748023622,223,772.4974340361757,131.38521470557376,114,0.040981100102102985,-0.08846925030436548,0.040981100102134675,-0.08846925030436763,3.176284956418544e-14,6.310703499406477e-05,0.0021392526765345965
171,radial,20.97617696340303,397,1374.9045773847656,173.6751250184649,150,0.2256462156902601,-0.027422964533692182,0.22564621569025325,-0.027422964533687276,8.430093588457292e-15,8.266263669339185e-05,0.0017250384183107315
172,rhombus,2,4,13.953804425962957,16.32338424749266,14,0.04297862988670653,0.15692758539428522,0.042978629886705144,0.1569275853942833,2.365094275177691e-15,0.005830186895710912,0.01395054014956617
172,rhombus,4,16,55.281696430982805,34.46484009219925,30,-0.0067573492146570935,-0.11373556335289178,-0.006757349214658041,-0.11373556335289664,4.948712158117642e-15,0.0010305049448830858,0.008210761933069464
172,rhombus,7,49,169.889769451634,62.07763069294681,54,-0.009803240060724416,-0.18684207271434577,-0.009803240060725723,-0.18684207271435785,1.2144131016016144e-14,0.0005506484440825725,0.004259159941490735
172,rhombus,10,100,346.8795056581764,89.93313760918251,78,0.06943524904226761,-0.04599907052127819,0.06943524904227187,-0.045999070521302705,2.4882572645790035e-14,0.00012005561536043862,0.0029688359390482276
172,rhombus,15,225,779.9703730696643,136.51601186724017,118,0.030800118006918176,-0.10538813662610969,0.030800118006911067,-0.10538813662609366,1.7534545422790448e-14,7.038514800090764e-05,0.0023778664291087045
172,rhombus,20,400,1384.955070796468,182.55135879834154,158,0.15417689504751442,-0.13973376506584653,0.15417689504748866,-0.13973376506575258,9.741933830662907e-14,7.512048929333957e-05,0.0018475444856233883
172,radial,2.8284271247461903,7,24.13694477351071,20.69702748347015,18,-0.10431325123672197,-0.12652452393063263,-0.10431325123672465,-0.12652452393063385,2.9436943793100346e-15,0.0033968843651058784,0.012935949311055538
172,radial,4.69041575982343,19,65.33051680267134,34.682538231435096,30,-0.001287918273665145,0.12856722231386375,-0.0012879182736662276,0.12856722231385725,6.5843924391026534e-15,0.00098402461273672,0.007051212093793647
172,radial,7.615773105863909,55,191.1065656439408,62.40266893590931,54,-0.004376152028011671,0.32350926295988547,-0.004376152028013718,0.32350926295987376,1.1890524643909176e-14,0.0008464880808926774,0.00388220214076046
172,radial,10.488088481701515,97,336.4796025073459,89.38454262440173,78,0.1335707420487533,0.07345237267627491,0.13357074204875544,0.07345237267625127,2.374412844465548e-14,0.00022651430268582978,0.0035376114069073654
172,radial,15.748015748023622,223,772.3804647780314,131.10826807261927,114,0.09335995527585172,-0.027204046215386232,0.09335995527585549,-0.027204046215372202,1.452575527032164e-14,6.294999526031502e-05,0.001972214356741153
172,radial,20.97617696340303,397,1375.4375637505832,172.75554962097848,150,-0.3869602250171953,0.39537581384738735,-0.3869602250172241,0.3953758138474422,6.195166342088353e-14,0.0002011095006598335,0.0018003793389879778
173,rhombus,2,4,13.78366484146185,16.045855349753296,14,-0.047286439182586903,0.07456606230087709,-0.047286439182586855,0.07456606230087809,1.000380601247454e-15,0.0032029056025145797,0.014970776709886963
173,rhombus,4,16,55.51241474463125,34.85225688072113,30,0.04607812567685787,0.0539736378809208,0.04607812567686483,0.053973637880920196,6.985843222496705e-15,0.0006392014014466599,0.008424294707677303
173,rhombus,7,49,169.57436322752667,62.41186125672984,54,0.08773201421683474,0.08660720172379291,0.0877320142168526,0.0866072017237936,1.7874186641399125e-14,0.00036349541649398224,0.005426123630279846
173,rhombus,10,100,346.59859215705586,90.24225998385859,78,-0.13229641295144567,0.13292582195728336,-0.13229641295144512,0.1329258219572875,4.1726702564710725e-15,0.0002705449086668287,0.0035900474703456768
173,rhombus,15,225,779.3077545404834,136.23531516634606,118,-0.051661240131633424,-0.00421400064568081,-0.05166124013164346,-0.004214000645672074,1.3303864755943708e-14,3.3255682772760496e-05,0.0023075114060380777
173,rhombus,20,400,1385.7775547105398,182.93795352769052,158,0.1378943434850992,-0.17207577928564893,0.13789434348503088,-0.17207577928560266,8.252481334254478e-14,7.95620470041413e-05,0.0018549284513723972
173,radial,2.8284271247461903,7,24.436186295677437,20.789574910930767,18,-0.014397079098519505,-0.046309858150113625,-0.014397079098518287,-0.04630985815011163,2.3402107654913685e-15,0.0009923024189953274,0.009128972588995742
173,radial,4.69041575982343,19,65.53890648170263,34.59077826626917,30,0.17439277278545662,0.012844414076017822,0.17439277278546378,0.012844414076021056,7.857144608721457e-15,0.0013340559997503897,0.006365336257922445
173,radial,7.615773105863909,55,190.58545629277245,62.221115781712165,54,0.18273395146833238,0.10984763265888998,0.18273395146834764,0.10984763265889734,1.6945114204651823e-14,0.0005593535037753253,0.004376108130660289
173,radial,10.488088481701515,97,335.5674564696477,90.12312939804173,78,0.24489504638734783,0.26334844127612556,0.24489504638734638,0.2633484412761123,1.334543955039318e-14,0.000535837453353234,0.0036358915044096517
173,radial,15.748015748023622,223,772.6421874218407,131.85190251450106,114,-0.2963881500990069,-0.24629798155554652,-0.2963881500990306,-0.24629798155552943,2.9226133485619505e-14,0.00024938333842378503,0.0021021853140589628
173,radial,20.97617696340303,397,1373.9247705808862,172.9067489469606,150,-0.4311179168081076,-0.18292945656466766,-0.4311179168081334,-0.18292945656462373,5.093033169198003e-14,0.00017043231994749952,0.001643028125024281
174,rhombus,2,4,13.885780701368112,16.387866366735093,14,-0.07774049847578324,-0.058837603671234695,-0.07774049847578328,-0.058837603671236076,1.3814673829453672e-15,0.003510637710106235,0.014614805137431916
174,rhombus,4,16,55.49846578073531,34.31360777090361,30,0.00020872513788505742,0.19265731831166863,0.0002087251378865007,0.1926573183116663,2.7420485960113413e-15,0.0017357005159323344,0.008996655687595372
174,rhombus,7,49,169.9934803288801,62.57174550698092,54,0.11451326188168354,0.01569880520582284,0.11451326188168302,0.01569880520582542,2.6284421115116928e-15,0.00033996697897798356,0.004083775927000721
174,rhombus,10,100,347.11564480070217,89.96553057205799,78,0.01061937401288926,-0.009391121996410318,0.010619374012888115,-0.009391121996394247,1.6111210639270007e-14,2.0419976993518936e-05,0.0042032226721653776
174,rhombus,15,225,779.6639362158996,136.24713932918374,118,0.06987440393685462,0.029115754050936873,0.06987440393685014,0.029115754051018794,8.204312705077035e-14,4.854515723099051e-05,0.0021816169200223794
174,rhombus,20,400,1385.9604948963497,182.2170791354239,158,0.15269945697371057,0.08035628948883669,0.15269945697377188,0.08035628948899726,1.718738241967731e-13,6.225003820915978e-05,0.001800288254326338
174,radial,2.8284271247461903,7,24.372622186626323,20.845028597151508,18,-0.031240612439595417,0.02834841354483264,-0.031240612439595132,0.028348413544832796,3.245184998910302e-16,0.0008654260696082369,0.012490443074350523
174,radial,4.69041575982343,19,65.72445318949748,34.87951713511959,30,-0.05342786970405955,0.05666472538026754,-0.05342786970405886,0.05666472538026755,6.870906618619708e-16,0.000592480091348107,0.007357718258573041
174,radial,7.615773105863909,55,190.99216974693377,62.271908014478626,54,0.002170572719990549,0.08339727783458112,0.002170572720000279,0.08339727783458424,1.0218814282253324e-14,0.00021840036637146574,0.0037828981640501366
174,radial,10.488088481701515,97,335.81887167566094,89.96203333200022,78,0.4315168745694642,0.28400558621711824,0.43151687456946763,0.284005586217131,1.3223310857077168e-14,0.0007691508386971981,0.003889911667725577
174,radial,15.748015748023622,223,772.4581846872161,131.72639027389116,114,-0.030367649347805337,0.1811151999655229,-0.03036764934777471,0.1811151999655796,6.444771294118318e-14,0.00011886949658796513,0.0021983142267140423
174,radial,20.97617696340303,397,1375.292599736073,173.88593989787674,150,-0.058701231537203746,-0.5419937884886221,-0.058701231537107074,-0.5419937884884997,1.5601752723138724e-13,0.00019819904918665562,0.0017458662739524265
175,rhombus,2,4,13.825258800179377,16.23190239927435,14,-0.17815157554795968,0.005452441332115129,-0.17815157554795968,0.005452441332114226,9.037909309839165e-16,0.006445991221467013,0.013438516478931403
175,rhombus,4,16,55.475337184124726,34.59938339360258,30,0.08249717047841854,-0.05528132714376001,0.0824971704784205,-0.055281327143760384,2.005952500137591e-15,0.0008950521314704511,0.008052367160365592
175,rhombus,7,49,169.78538681086187,62.47660690486225,54,-0.045174640332608096,0.013008974696629982,-0.04517464033260611,0.013008974696629688,2.0063155079220953e-15,0.00013844077445103443,0.004466687286456527
175,rhombus,10,100,345.962829331508,90.17185305963953,78,0.11977155888242752,-0.01047620435448364,0.11977155888244814,-0.010476204354463337,2.8939646764627725e-14,0.00017375978449711083,0.0037130053716825395
175,rhombus,15,225,779.7402488353673,136.21418228754044,118,-0.07373862798701758,0.02516854574406749,-0.07373862798700773,0.025168545744073803,1.1702892512974616e-14,4.9962536617415204e-05,0.0021080096890983765
175,rhombus,20,400,1386.398932349739,182.45260445184604,158,0.009095942349376607,-0.13312312496088638,0.009095942349429238,-0.13312312496089465,5.327746226577092e-14,4.812233713632806e-05,0.0017865415229038767
175,radial,2.8284271247461903,7,24.49142071600932,20.715878036002685,18,0.06949912745615494,-0.09180200443698301,0.06949912745615494,-0.0918020044369842,1.1934897514720433e-15,0.0023506648919216565,0.00853683331272166
175,radial,4.69041575982343,19,66.16927964226157,34.62292068361166,30,-0.04724975480435756,0.04071809071377665,-0.047249754804353054,0.04071809071377462,4.938157827783761e-15,0.0004713206115613077,0.006736812576503916
175,radial,7.615773105863909,55,190.21722668066286,62.20011715239122,54,0.20912231572942908,-0.0722225874236616,0.20912231572945236,-0.07222258742366544,2.360208636590189e-14,0.0005815522250987296,0.003828368910831294
175,radial,10.488088481701515,97,335.4723228458826,89.67323942822743,78,-0.22450849481971025,-0.0832292952287512,-0.2245084948196885,-0.08322929522874534,2.2534673043568615e-14,0.0003568689377835001,0.003699170271629241
175,radial,15.748015748023622,223,772.579773047824,132.31789140589976,114,0.02377161580952203,-0.17440116849030393,0.02377161580952852,-0.17440116849029424,1.1660596492154009e-14,0.00011391302537026861,0.00229343332494286
175,radial,20.97617696340303,397,1375.0553954718785,173.25732257536583,150,0.24527983225574523,-0.04160267580678578,0.24527983225576516,-0.04160267580681622,3.637819277220284e-14,9.046289920744647e-05,0.0015860639427619486
176,rhombus,2,4,13.969864083799685,16.29562515219918,14,0.03989233409823445,0.0724693853030474,0.039892334098231536,0.07246938530304736,2.914632805637386e-15,0.0029607910639392466,0.010077968660432748
176,rhombus,4,16,55.394323079464264,34.59999581124794,30,0.048091989929219814,-0.06930001135914356,0.04809198992921666,-0.06930001135914313,3.186373022116965e-15,0.0007613814660734455,0.009347387136669619
176,rhombus,7,49,170.2914561299534,62.57649828985343,54,0.009161614929199757,-0.0845420414228264,0.009161614929192733,-0.08454204142282565,7.063760126091371e-15,0.0002496807690305907,0.004214461180681071
176,rhombus,10,100,346.72232024785046,90.0253510621788,78,0.03503500409288485,-0.06074402234152461,0.035035004092872954,-0.060744022341520335,1.2638032837311397e-14,0.00010112324934769779,0.0035683153499037994
176,rhombus,15,225,778.5640032918859,136.6173132677332,118,-0.07851072230804768,-0.00161865153736665,-0.07851072230804916,-0.0016186515373623252,4.572497125932747e-15,5.0430925416004376e-05,0.002397021854966653
176,rhombus,20,400,1385.37710791823,182.64786589080046,158,-0.05931763583820704,0.0830397185827138,-0.0593176358382264,0.08303971858268701,3.3059401515135543e-14,3.683108137786719e-05,0.0018474663245227685
176,radial,2.8284271247461903,7,24.23510338269656,20.963946311972517,18,-0.00900209537176977,-0.1815888417090223,-0.009002095371774162,-0.1815888417090227,4.412007171589738e-15,0.0037510019475023733,0.011781310528316253
176,radial,4.69041575982343,19,65.81977267221232,34.513449384591546,30,-0.08740531055857703,0.18544410742125422,-0.08740531055858408,0.18544410742125478,7.071737219943677e-15,0.0015573607156922863,0.006969462514387403
176,radial,7.615773105863909,55,190.6041305637113,62.28383473423917,54,0.17855384705323063,0.24654023503089964,0.17855384705321745,0.24654023503089997,1.3188104907292206e-14,0.0007985317633424931,0.0038926030804706485
176,radial,10.488088481701515,97,336.3785887001808,90.2348104925248,78,0.4010534021500338,-0.19464104740985638,0.40105340215003854,-0.194641047409857,4.757794677615861e-15,0.0006626317627430376,0.0034119617115802446
176,radial,15.748015748023622,223,772.7528013254957,132.11392997474752,114,0.04699437522783878,0.059031908667635136,0.046994375227860805,0.05903190866763361,2.207689110004509e-14,4.882126953997707e-05,0.0019026679135466158
176,radial,20.97617696340303,397,1374.9289712514228,172.93706109084587,150,-0.06606798970094463,-0.044943755069388,-0.06606798970092607,-0.0449437550693955,2.001343129049619e-14,2.9058118085304944e-05,0.0015112035236101889
177,rhombus,2,4,13.93992291999879,16.45419920216325,14,0.12730122891552087,0.13526830875297907,0.12730122891552273,0.13526830875297577,3.79044026270416e-15,0.006662524287126914,0.012924685779270443
177,rhombus,4,16,55.534250842275085,34.84357315040595,30,-0.009511379013449783,0.11394548299232396,-0.009511379013449183,0.11394548299231794,6.052793015927441e-15,0.0010294706793388167,0.00903245668118447
177,rhombus,7,49,169.87702987055948,62.592117831311256,54,0.002143010697385428,0.13809327364620996,0.002143010697389842,0.1380932736462038,7.579607037646412e-15,0.0004064996338397566,0.006012143928445095
177,rhombus,10,100,346.9313797020834,89.97954125344964,78,0.025644248562932237,-0.1657402750364021,0.025644248562942718,-0.16574027503642794,2.7885191829324146e-14,0.0002417083909253409,0.0036766679015866736
177,rhombus,15,225,778.5782392063379,135.96510093188928,118,-0.07296945905249963,-0.10672496191743475,-0.07296945905249846,-0.10672496191747041,3.568496048949873e-14,8.302670607787622e-05,0.0021994584899770607
177,rhombus,20,400,1386.8335561615652,182.86444605946767,158,-0.20492081408408414,0.05536376301298619,-0.2049208140840887,0.055363763012964584,2.2081967731358926e-14,7.652971684256225e-05,0.001876389825079824
177,radial,2.8284271247461903,7,24.306398144039505,20.673431821988277,18,-0.14055328741842033,-0.11402724322331559,-0.1405532874184188,-0.11402724322331781,2.6945789820192467e-15,0.0037230971264118687,0.012469908121355547
177,radial,4.69041575982343,19,65.87553882616594,34.46709261511027,30,-0.037607769112892875,-0.012902498966807785,-0.03760776911289075,-0.01290249896681063,3.5499478866743155e-15,0.00030177750718747266,0.006189902603507141
177,radial,7.615773105863909,55,190.39250235264817,62.36597770836685,54,-0.063306088581633,0.2808222280770445,-0.06330608858162877,0.2808222280770393,6.67590834644025e-15,0.0007559892973528605,0.004642480816717166
177,radial,10.488088481701515,97,336.56669787927444,90.557337630458,78,0.2904874801876449,-0.12917176200478636,0.2904874801876714,-0.1291717620047918,2.7031878824894975e-14,0.0004722874294524163,0.0035717470992200034
177,radial,15.748015748023622,223,772.7249934304944,132.07415882360598,114,-0.6387528001557121,0.44460320804903986,-0.6387528001556968,0.444603208049028,1.9386986446657456e-14,0.0005035767149911445,0.0024534971182881755
177,radial,20.97617696340303,397,1376.1859395541799,173.54962940508548,150,-0.3532465986548048,0.04929963617327082,-0.3532465986548355,0.04929963617328855,3.5449396429434424e-14,0.00012958647684997336,0.001534910974745234
178,rhombus,2,4,13.65619718338177,15.988318357338915,14,-0.05099071082653461,-0.04918167774842667,-0.05099071082653522,-0.049181677748427265,8.48845416105827e-16,0.0025938452643525945,0.01492577843132546
178,rhombus,4,16,55.41433857267257,34.43494708317709,30,0.04175308016688151,0.02924552976750556,0.04175308016688208,0.029245529767503102,2.522982205137972e-15,0.00045995918791641693,0.008241637297605058
178,rhombus,7,49,170.113012993942,62.269565899897124,54,0.17044458980807464,-0.06697409120791326,0.1704445898080799,-0.0669740912079242,1.214131957030912e-14,0.0005382621501897499,0.005188731923600522
178,rhombus,10,100,346.8712134320564,90.22898917521093,78,-0.03430604776031565,0.05169116478232827,-0.03430604776030837,0.05169116478231308,1.6843258440532526e-14,8.94270718853448e-05,0.0032134264198438868
178,rhombus,15,225,780.0063546012392,135.97264813292523,118,-0.024713200467040064,-0.03548337534313287,-0.024713200467041653,-0.03548337534314246,9.727156202628918e-15,2.771857236928373e-05,0.0023178096996467517
178,rhombus,20,400,1385.8058697482995,182.25304266446034,158,-0.03676692969813278,-0.03659502376745369,-0.036766929698169803,-0.03659502376747614,4.330258534566487e-14,1.871650219094116e-05,0.0018120995164166978
178,radial,2.8284271247461903,7,24.23066305401849,20.881341689890125,18,0.18648538669313108,0.030061112511852894,0.18648538669312936,0.03006111251185436,2.2594065722754322e-15,0.0038978039262580486,0.011933455032643626
178,radial,4.69041575982343,19,65.62373549024672,34.74420004088179,30,-0.10506905398999145,-0.03657047545410076,-0.10506905398999507,-0.036570475454100845,3.623059580238791e-15,0.0008476471355634604,0.0060313464616163145
178,radial,7.615773105863909,55,190.81781557840654,62.10524565394015,54,0.01406443278973768,-0.18125517354232806,0.014064432789738096,-0.18125517354234094,1.2885314859083289e-14,0.0004763706588819144,0.004648803164966856
178,radial,10.488088481701515,97,336.4097478813011,90.31144206490899,78,0.43099286746490995,-0.06323027380095408,0.4309928674649193,-0.06323027380096793,1.672823269384954e-14,0.0006474342434042598,0.0035185208696807318
178,radial,15.748015748023622,223,772.4649933006609,131.72736905767408,114,-0.22989448989073047,0.16488685206251086,-0.22989448989072037,0.1648868520625011,1.4054300946555645e-14,0.00018312280515071685,0.0020599378038130725
178,radial,20.97617696340303,397,1375.490342151989,173.9006363935079,150,0.2016947100260551,0.8828020932471115,0.20169471002605127,0.8828020932470747,3.69474566380587e-14,0.00032917341922290963,0.001693912783023082
179,rhombus,2,4,14.09247087857297,16.435130093488986,14,0.06873453554628783,0.054312240881848786,0.06873453554628497,0.054312240881848245,2.909606546690286e-15,0.003108143032927536,0.014687392618928524
179,rhombus,4,16,55.04438909477356,34.642639622989634,30,0.0010557621755649116,-0.02892419510252038,0.0010557621755610221,-0.02892419510251848,4.329287524899887e-15,0.0002629101472000497,0.00741057127464108
179,rhombus,7,49,170.15828163981666,62.30088823024181,54,0.06395315658854805,-0.030932284740737392,0.06395315658854953,-0.03093228474072842,9.091786192787416e-15,0.00020874952561494273,0.004372488456160381
179,rhombus,10,100,346.9235918615989,90.65312708636866,78,0.19910305939607298,-0.19866925665154103,0.19910305939608114,-0.1986692566515302,1.3555864047921898e-14,0.0004053740879961443,0.003365197743016398
179,rhombus,15,225,779.3335791588659,136.4098860955694,118,-0.061519465108009985,0.024141815939780265,-0.06151946510799418,0.024141815939834152,5.615792205792557e-14,4.239959157651272e-05,0.0022748336303016685
179,rhombus,20,400,1384.956060552356,182.5973248272066,158,0.03438029264337228,0.011722950273346314,0.03438029264341772,0.011722950273427995,9.347120559231237e-14,1.3113769012203476e-05,0.0017936238612098762
179,radial,2.8284271247461903,7,24.1836223465746,20.852168140857074,18,-0.1636716511848868,0.09569497235006297,-0.1636716511848885,0.09569497235006258,1.7371088154936987e-15,0.003919887087336884,0.010531202958915693
179,radial,4.69041575982343,19,65.73877735341908,34.73414122504232,30,-0.020495019855528263,-0.16322459541515852,-0.020495019855531843,-0.1632245954151577,3.669828731032426e-15,0.0012512118511835504,0.004977061383540542
179,radial,7.615773105863909,55,190.62289742568564,62.22581464311956,54,-0.4149877353524194,0.054931704136211526,-0.41498773535243055,0.05493170413621842,1.3117446247513904e-14,0.0010979992265124608,0.004785147684706405
179,radial,10.488088481701515,97,335.60649874814584,90.57917971597288,78,0.2848215710700712,0.15326456145953865,0.2848215710700754,0.15326456145954515,7.714652131718715e-15,0.0004818736777064766,0.00358050726514776
179,radial,15.748015748023622,223,772.569254186029,131.23534553070505,114,0.2815032936135755,0.0276610105148824,0.2815032936135807,0.027661010514921085,3.9027291071590806e-14,0.00018306387242608894,0.0020204713266958794
179,radial,20.97617696340303,397,1374.8843031694837,173.25196434289222,150,-0.15114897124914073,0.07936718724932487,-0.15114897124910973,0.07936718724943534,1.1473528192749455e-13,6.20850573812159e-05,0.0016464664234326423
180,rhombus,2,4,14.016652946365534,16.211953049275294,14,-0.11669182444769355,0.04980209534053195,-0.11669182444769444,0.04980209534053126,1.1228365374552496e-15,0.004525861574414637,0.016505842535820003
180,rhombus,4,16,55.32051618411703,34.65576282237746,30,-0.034294191470090496,0.08639517439620503,-0.03429419147008959,0.08639517439619879,6.310812425372209e-15,0.0008401292856696569,0.008577424100638624
180,rhombus,7,49,169.45002289864658,62.68330110966608,54,-0.11519138305725418,0.03419226309217188,-0.11519138305724921,0.034192263092166116,7.611359356080516e-15,0.0003545556264632743,0.005268345777341015
180,rhombus,10,100,346.371453021041,90.05889652261843,78,0.05769665535750246,0.021753958468286677,0.05769665535751961,0.02175395846827727,1.9562468870251984e-14,8.901063380448438e-05,0.0035013603719090953
180,rhombus,15,225,779.5355777220523,136.46558820474084,118,0.017570879674829953,0.20816815757414198,0.017570879674845816,0.2081681575741312,1.9172579482443378e-14,0.00013399542067269945,0.002734125516011298
180,rhombus,20,400,1384.857561929314,182.68179483840927,158,0.02095781199678326,0.07746495284248292,0.02095781199677956,0.07746495284249136,9.212658926470248e-15,2.8974068114982747e-05,0.0016874529199544246
180,radial,2.8284271247461903,7,24.52623403759144,21.03742626237837,18,0.1754668429181261,-0.09759594294252641,0.1754668429181261,-0.09759594294252595,4.579669976578771e-16,0.0040932175285750124,0.008886599134006254
180,radial,4.69041575982343,19,65.9187391056862,34.637768607881604,30,0.04698888698505632,0.1955935717772922,0.04698888698505889,0.19559357177728637,6.369057972232326e-15,0.0015258077492836288,0.0055863864068620315
180,radial,7.615773105863909,55,190.25631995126508,62.17998638097602,54,0.021507718961722766,0.16543627737844932,0.021507718961730267,0.16543627737844405,9.169219919956605e-15,0.0004384308662193026,0.00490858605840716
180,radial,10.488088481701515,97,335.57724068408567,90.07402908797252,78,0.11775067978745124,-0.020369272059357207,0.11775067978746276,-0.020369272059361614,1.2332554131828299e-14,0.0001780506582797219,0.0031466196697629615
180,radial,15.748015748023622,223,772.566608245014,131.9125215358079,114,0.6637759458659396,0.1571494835389988,0.6637759458659551,0.1571494835389747,2.8670636358336007e-14,0.00044146676590841856,0.0024954348431904965
180,radial,20.97617696340303,397,1375.990966058021,173.65858491261017,150,-0.5158221946936901,0.053782408614465094,-0.5158221946937219,0.053782408614451875,3.449648545695392e-14,0.00018845270448069454,0.0017954827856644952
181,rhombus,2,4,14.174739194210098,16.267518918517556,14,-0.07893277681374977,-0.03921975273778999,-0.078932776813748,-0.039219752737788736,2.1755064682932576e-15,0.0031090344355255467,0.009243725012282912
181,rhombus,4,16,55.537258230089265,34.677544687929455,30,0.025089784649975133,0.0952473987094975,0.025089784649973093,0.09524739870949962,2.9445120858373903e-15,0.0008867607272747809,0.007113688296717819
181,rhombus,7,49,170.4038004426008,62.41762766057326,54,0.14448173119089258,-0.07605791772382967,0.1444817311908796,-0.07605791772382298,1.4610746965701992e-14,0.000479092076318268,0.005077862939334574
181,rhombus,10,100,345.8664636921129,90.15546659161008,78,0.17413063711442112,-0.10296980410477108,0.17413063711440893,-0.10296980410475723,1.8446957764299442e-14,0.00029245022843090156,0.0037344406740348426
181,rhombus,15,225,778.8222975407075,136.1736628870641,118,0.10822529342836873,-0.09128812947592607,0.10822529342837212,-0.09128812947590885,1.7552066202732023e-14,9.08966870927795e-05,0.002739143288970879
181,rhombus,20,400,1385.2271160028995,182.37300521628566,158,-0.02572342374796399,0.023822773642598633,-0.02572342374791544,0.02382277364254752,7.0495871817491e-14,1.2655044167035475e-05,0.0015953589056559797
181,radial,2.8284271247461903,7,24.489709390389123,20.982130682572404,18,-0.08805525559500937,0.02061613876058209,-0.08805525559500746,0.020616138760584747,3.275753260915195e-15,0.0018464175728836673,0.009271669708916514
181,radial,4.69041575982343,19,65.94576166518334,34.8319165500585,30,0.020977728532642015,-0.10640744612630165,0.020977728532637675,-0.10640744612629921,4.980338833988477e-15,0.0008223088394938665,0.00708390000106679
181,radial,7.615773105863909,55,190.73158887960906,62.00719564220856,54,0.06859217980124299,-0.10181960401975268,0.06859217980122627,-0.10181960401974641,1.7860497246316985e-14,0.00032183593436822333,0.005123518408666617
181,radial,10.488088481701515,97,335.3553679156585,90.0795367686841,78,-0.20059495006455963,-0.19569491482418336,-0.200594950064569,-0.1956949148241802,9.90061263001097e-15,0.00041782642803108507,0.003992100519350799
181,radial,15.748015748023622,223,772.7403097169761,132.42571090571036,114,-0.38490813777879707,-0.26280926120168346,-0.38490813777877997,-0.26280926120167447,1.93181996554482e-14,0.00030157082400161404,0.0027772633950846727
181,radial,20.97617696340303,397,1376.424239574285,173.01761276508563,150,0.14127527624236524,-0.049342312196316615,0.14127527624236652,-0.04934231219630154,1.5132174943285294e-14,5.435974306991307e-05,0.0015821773562609807
182,rhombus,2,4,14.077818460261245,16.38866888546465,14,-0.1275385111116547,-0.01732855012953549,-0.12753851111165382,-0.017328550129534496,1.3342944493827864e-15,0.00457138781373408,0.020488853237665933
182,rhombus,4,16,55.86051940914828,34.687121270226804,30,-0.009471496574678273,0.1455696830203964,-0.009471496574678724,0.1455696830203985,2.1299691841074093e-15,0.0013057297959815038,0.008135192976554604
182,rhombus,7,49,170.5359510148044,62.28139069029414,54,-0.08474529166205524,9.793183924650117e-05,-0.08474529166206726,9.793183923244644e-05,1.8492476738740455e-14,0.0002484676918352552,0.004518531868760818
182,rhombus,10,100,347.37981311109735,90.31409795123017,78,-0.05072566863300798,-0.13565140699236122,-0.05072566863302783,-0.1356514069923812,2.8168594280265018e-14,0.0002084539726397008,0.003620462348828651
182,rhombus,15,225,779.4347965087891,136.29133050869103,118,-0.15674304140992934,-0.06066054395923792,-0.15674304140996262,-0.06066054395926258,4.1420333283647174e-14,0.00010781636895462744,0.002418998292342349
182,rhombus,20,400,1385.7759766868553,182.53554592368639,158,0.11085529213739287,0.08023557839736908,0.11085529213733458,0.08023557839733468,6.76824150443495e-14,4.9374982121588013e-05,0.0016601477716633169
182,radial,2.8284271247461903,7,24.545279736457285,20.728264230249504,18,0.11087314606490928,0.10020410745851127,0.11087314606490815,0.1002041074585123,1.522577378676997e-15,0.0030442655227818946,0.014641995446690616
182,radial,4.69041575982343,19,66.33094669251697,34.85454716895361,30,-0.0790138621348162,0.006321119625634079,-0.07901386213481955,0.006321119625633339,3.4255904726474034e-15,0.000597506202114086,0.005055437420055357
182,radial,7.615773105863909,55,191.20085516965133,62.23561105842751,54,0.026651068446683635,-0.08597970018136705,0.026651068446671942,-0.08597970018137244,1.2872351413537638e-14,0.00023539510087930253,0.0047572710578769155
182,radial,10.488088481701515,97,336.11914718144527,89.26176771363282,78,-0.14757283786702668,0.18874052124655916,-0.14757283786704342,0.1887405212465379,2.705798522874588e-14,0.0003563981550843589,0.0032922467709925276
182,radial,15.748015748023622,223,772.8611754922214,130.87041659414123,114,0.25254731305729816,0.6092220959086093,0.2525473130572778,0.6092220959086173,2.188470375788116e-14,0.00042665716972549434,0.0024674309500897465
182,radial,20.97617696340303,397,1374.7062622148078,173.0714069327791,150,0.0040849090723358294,-0.39577262351739184,0.004084909072303355,-0.3957726235174335,5.280056013241893e-14,0.0001439557361196471,0.0015662692411266693
183,rhombus,2,4,13.66442745355279,16.135509111802957,14,-0.07455423192299593,0.07786980798757015,-0.07455423192299422,0.0778698079875707,1.7949618948505305e-15,0.0039447524740794495,0.015052442760410607
183,rhombus,4,16,55.67132096347728,34.14946279018163,30,-0.0013177805434465562,-0.08974476731322217,-0.00131778054344866,-0.08974476731322117,2.3290163540079912e-15,0.0008061102211250152,0.007579819364219317
183,rhombus,7,49,169.89532522987724,62.34041630154751,54,-0.17366189848299074,0.04097283993615817,-0.17366189848299832,0.04097283993616048,7.921752600919409e-15,0.0005251171508986452,0.00476745640318315
183,rhombus,10,100,346.6631472683643,90.28786211928076,78,-0.045764337355155504,0.048297046135842625,-0.045764337355159154,0.04829704613585218,1.0228233245304768e-14,9.596570793681984e-05,0.0032224504014162947
183,rhombus,15,225,779.397271373774,136.47458876767624,118,0.04986519004487855,-0.04456674287105181,0.04986519004488108,-0.04456674287105508,4.1401944204691505e-15,4.29039768292245e-05,0.002315904520790016
183,rhombus,20,400,1386.13105458575,182.68408431027402,158,0.02068007746384204,-0.082738423804959,0.020680077463867158,-0.08273842380492999,3.836951091802567e-14,3.076322281097871e-05,0.001774636183423386
183,radial,2.8284271247461903,7,24.288823080089383,20.779757106727285,18,0.13289860467825587,-0.011225261793941316,0.132898604678255,-0.01122526179394263,1.5714143677777185e-15,0.002745539208979221,0.012460364824871754
183,radial,4.69041575982343,19,65.98629212925916,34.56732959122903,30,-0.08522065632772424,0.08972956733683647,-0.08522065632772421,0.08972956733683513,1.3464315269079617e-15,0.0009376914792539137,0.006532856132164004
183,radial,7.615773105863909,55,190.71255951665714,62.129286543728455,54,-0.23429415302548628,0.1763632612378339,-0.23429415302549625,0.17636326123782603,1.2705173477872205e-14,0.0007688369622021611,0.004331044614059374
183,radial,10.488088481701515,97,335.6433394940856,90.13774769182135,78,-0.3643509779860463,-0.05457487475848538,-0.3643509779860419,-0.054574874758493354,9.12616505402322e-15,0.0005488200623275406,0.004074026449803703
183,radial,15.748015748023622,223,772.4631044225632,131.8568041214111,114,-0.15618320303059585,-0.1997154730493486,-0.15618320303060912,-0.19971547304934326,1.4307804051102367e-14,0.00016410748107690393,0.002457947319038229
183,radial,20.97617696340303,397,1374.2977002016676,172.06296649406016,150,0.02640507902999012,0.23837569675088324,0.026405079030016786,0.2383756967508955,2.935281136012737e-14,8.725682013015981e-05,0.0017408288685688918
184,rhombus,2,4,13.649211403753013,15.917830938215342,14,-0.15724883210869,0.047919189683814145,-0.15724883210868895,0.04791918968381298,1.5720538491532983e-15,0.006021889636923446,0.016076602084947093
184,rhombus,4,16,55.4029822204697,34.48987362936459,30,0.03715051335297703,-0.024621179990746644,0.037150513352979725,-0.024621179990748764,3.4266774021637157e-15,0.000402222338264344,0.008396764674003666
184,rhombus,7,49,169.78958004909035,62.63069019144984,54,0.13001343377406016,0.08725601350462538,0.13001343377405813,0.08725601350462309,3.0575572836907047e-15,0.00046109834390178634,0.004879169261729416
184,rhombus,10,100,346.2159380091414,89.88458762097575,78,-0.04730845559338048,0.15894629937053623,-0.047308455593388574,0.15894629937053653,8.096508833817923e-15,0.00023949983208769937,0.0032442317861160093
184,rhombus,15,225,779.3223684479923,136.06272017606673,118,0.06057430024785493,-0.028455788042750396,0.06057430024783123,-0.02845578804271579,4.194294834619633e-14,4.293804965023515e-05,0.0021880041460419653
184,rhombus,20,400,1386.4067664570966,182.79383147714438,158,0.19199070606669189,-0.09027319004536694,0.19199070606668567,-0.09027319004533799,2.9609163615078923e-14,7.651248334004079e-05,0.0019715131225124687
184,radial,2.8284271247461903,7,24.298191111614493,20.763014362258996,18,0.18608964966468333,0.06509336635279901,0.18608964966468386,0.06509336635280039,1.4716345410676684e-15,0.004056801892160582,0.00959853867069023
184,radial,4.69041575982343,19,65.63413194984477,34.55597889325649,30,-0.02263727837689311,-0.2594743677551037,-0.02263727837689174,-0.25947436775510263,1.7293061493585896e-15,0.0019841807781475445,0.006910269420385759
184,radial,7.615773105863909,55,190.82457337611655,62.3972641140477,54,0.19615826283630788,-0.37404632603263277,0.1961582628363023,-0.37404632603262894,6.7671827386025045e-15,0.001106673209367094,0.00515374033541012
184,radial,10.488088481701515,97,335.80588124620675,89.64370451790342,78,0.09125332785777207,0.15272682106466143,0.09125332785776108,0.15272682106467517,1.759451749588503e-14,0.000264902926320187,0.003592915980179504
184,radial,15.748015748023622,223,773.0164862893766,132.00390693753914,114,-0.22326512135192766,0.13895747131636504,-0.22326512135192988,0.13895747131637337,8.617648093045563e-15,0.0001700974212660941,0.002144649871353537
184,radial,20.97617696340303,397,1375.258524137498,173.4932133842072,150,-0.715539925760079,-0.0320313673637867,-0.7155399257600696,-0.03203136736379601,1.3178967228493358e-14,0.00026040795291646957,0.0018712993777619219
185,rhombus,2,4,13.84448398027483,16.25762342270903,14,0.09941193184005481,-0.02727605351671076,0.09941193184005678,-0.02727605351671059,1.977965147845225e-15,0.003722997578625045,0.009766555661732639
185,rhombus,4,16,55.31265229906856,34.56377000624324,30,-0.014563894897006602,0.0896898546324375,-0.014563894897006612,0.08968985463243573,1.776387332324631e-15,0.0008213727295385111,0.008498990844818711
185,rhombus,7,49,169.6697850965359,62.472664641921384,54,-0.01797435526576585,0.12953232419091446,-0.017974355265768897,0.1295323241909117,4.102388861904979e-15,0.0003853764237752027,0.0054873087501429345
185,rhombus,10,100,346.7441067231198,90.07884732173035,78,-0.12433439632787247,-0.08016589936718238,-0.12433439632787632,-0.08016589936717261,1.0504119502078446e-14,0.00021332427522687374,0.0031363186155582944
185,rhombus,15,225,779.3961675867238,136.4265451054069,118,0.11099467063892732,-0.02778201748899417,0.11099467063892979,-0.027782017488966523,2.7758156980963613e-14,7.34021962037397e-05,0.002283499743531812
185,rhombus,20,400,1386.025130896821,182.79508722979395,158,0.12007034037388253,-0.0497980128037675,0.12007034037381992,-0.049798012803711926,8.372132985686649e-14,4.689215752103461e-05,0.0018553949571889223
185,radial,2.8284271247461903,7,24.07409271992048,20.86659389449111,18,0.018252693059039427,-0.03132956242250893,0.018252693059041078,-0.03132956242250984,1.885094556948669e-15,0.0007530672905406873,0.008442038759140638
185,radial,4.69041575982343,19,65.75650004570933,34.52463093327385,30,0.007923063731109181,-0.008573283737644932,0.007923063731107589,-0.008573283737646707,2.3843791530840036e-15,8.876488925064e-05,0.008095818957951223
185,radial,7.615773105863909,55,190.32710194961507,62.248596003860534,54,-0.11316051043778863,-0.05684699911390216,-0.11316051043778916,-0.056846999113907795,5.659007255276402e-15,0.00033268202951013007,0.004552419548038928
185,radial,10.488088481701515,97,336.15039254163975,90.0128900382792,78,0.12609941259764845,0.40717672483027156,0.1260994125976484,0.4071767248302624,9.159508167222682e-15,0.0006340253338331406,0.003735741786348482
185,radial,15.748015748023622,223,771.9552453951519,131.81153108277624,114,0.09409961814013812,-0.2041302923639981,0.09409961814010978,-0.20413029236397118,3.908849355926076e-14,0.00014558826720550234,0.00209254408220421
185,radial,20.97617696340303,397,1373.7499485353026,173.3257174084605,150,0.015543129549211443,0.28792855091603087,0.015543129549151692,0.28792855091607156,7.228976068552745e-14,0.00010494914858428111,0.0017196677477201907
186,rhombus,2,4,13.830027059790542,16.225591146289087,14,-0.10262802381627045,-0.07863292875089861,-0.1026280238162706,-0.0786329287508984,2.5814177514652363e-16,0.0046742140110515,0.014570871738983259
186,rhombus,4,16,55.53178319565846,34.801315832786,30,0.025662298130912475,0.36031404333157135,0.025662298130908583,0.3603140433315764,6.377387109298015e-15,0.0032524324546198496,0.010716446705780995
186,rhombus,7,49,170.17206104482185,62.76688465941111,54,-0.01711090460401765,0.13337630389890076,-0.01711090460403353,0.1333763038989125,1.9748555592937523e-14,0.00039509836828900485,0.005413368731518284
186,rhombus,10,100,346.79556838788466,89.93758662469133,78,-0.07522290258409603,-0.11017604194572528,-0.07522290258411246,-0.11017604194571648,1.8638711180886486e-14,0.00019234143786391866,0.004090179279960681
186,rhombus,15,225,779.8835226662042,136.44752068859492,118,-0.01446657340416646,0.11022854927975151,-0.01446657340422805,0.1102285492797767,6.654116193051389e-14,7.127590296373049e-05,0.002437251781778431
186,rhombus,20,400,1385.9174491602262,182.6426620419835,158,0.014872882338660798,-0.057675303382261275,0.014872882338551205,-0.05767530338223399,1.1293805194146963e-13,2.148832738164434e-05,0.0016631297748716917
186,radial,2.8284271247461903,7,24.289941580966044,20.676496126877588,18,0.05330693801057551,-0.001209039679364976,0.05330693801057258,-0.001209039679363662,3.209543282007692e-15,0.00109758697884476,0.011805355213852564
186,radial,4.69041575982343,19,65.67483354219705,34.735339483154796,30,-0.09409981931723,-0.03654111995829695,-0.09409981931723405,-0.036541119958293546,5.294230539076836e-15,0.0007685263156332547,0.009407250543460241
186,radial,7.615773105863909,55,190.31211080923882,62.409702940393764,54,-0.09484363307276755,-0.20689191791637662,-0.0948436330727773,-0.20689191791636952,1.2058096697469527e-14,0.000597952518183491,0.004831534515964151
186,radial,10.488088481701515,97,335.56058942239093,90.40070459904793,78,-0.12109991679742693,0.24414433617600206,-0.12109991679744828,0.24414433617601008,2.2801539007075346e-14,0.0004060790480417329,0.004351130305513351
186,radial,15.748015748023622,223,773.0057688522722,131.8533620274827,114,0.22897175693477534,0.11051637754790974,0.22897175693472951,0.11051637754790841,4.584381795152991e-14,0.0001644540010459615,0.0021981404646302214
186,radial,20.97617696340303,397,1375.3331205423588,173.12066299627907,150,0.18772131541638926,-0.11433182047909218,0.1877213154163138,-0.11433182047913176,8.521656479154691e-14,7.990710089545079e-05,0.0015640941731853977
187,rhombus,2,4,13.779125379536339,15.883771643278187,14,-0.02738305769642091,-0.04469961670347053,-0.027383057696419362,-0.044699616703470654,1.5524059674132788e-15,0.001902163453130657,0.01161937521566441
187,rhombus,4,16,55.428718523042406,34.655296334309625,30,-0.011400469030736105,-0.1229414833346827,-0.011400469030735837,-0.12294148333467805,4.656728094100777e-15,0.0011137632510675498,0.00898914731219721
187,rhombus,7,49,169.9283880341462,62.53917373732705,54,0.2004827108448466,-0.037329292175050516,0.20048271084485028,-0.037329292175049426,3.8488850456315725e-15,0.0006000421854051887,0.005004268335540601
187,rhombus,10,100,346.8735241248987,90.13172598520549,78,-0.038944305390720135,-0.05555565377105193,-0.03894430539071643,-0.05555565377104226,1.0351762306339382e-14,9.77965570106508e-05,0.0038390564754849825
187,rhombus,15,225,780.5819838682728,136.31298547878635,118,0.07544561670994865,0.14079409758466688,0.07544561670997305,0.14079409758469544,3.7562247144739485e-14,0.00010231738427499522,0.0027458495449902854
187,rhombus,20,400,1385.3681347330798,182.61973135666332,158,-0.03312454631396511,0.058698372804366794,-0.03312454631390469,0.05869837280437211,6.065030112845945e-14,2.4325596000642737e-05,0.001594512627360015
187,radial,2.8284271247461903,7,24.12774379495107,20.84280761583116,18,0.09461393212721925,0.16771804159092493,0.09461393212721969,0.16771804159092593,1.0934428697813141e-15,0.00399052298414275,0.01118552688424158
187,radial,4.69041575982343,19,65.9280319825488,34.92495786870904,30,0.0006945191547829133,-0.11140397439374367,0.000694519154782164,-0.11140397439374489,1.4327870854152334e-15,0.0008449072111076759,0.006596845795764653
187,radial,7.615773105863909,55,190.6066566829208,62.47862541302006,54,-0.02750026824019125,0.11843967563988181,-0.02750026824019038,0.1184396756398853,3.603993961080031e-15,0.00031895629006619303,0.004137098224915783
187,radial,10.488088481701515,97,336.6103726249481,89.9139145221859,78,-0.09874547749136964,-0.18814737135609555,-0.09874547749137584,-0.1881473713560966,6.2923946762488595e-15,0.0003156253527666975,0.0032079296625179407
187,radial,15.748015748023622,223,771.6333360410599,131.29572322551263,114,0.1658613911294884,-0.35101662020812135,0.16586139112949666,-0.35101662020811025,1.3844552342106577e-14,0.00025156389492348905,0.002463883904794473
187,radial,20.97617696340303,397,1374.7189604625341,173.15987420729,150,0.14587896225236374,-0.06944292311835783,0.14587896225244087,-0.06944292311838542,8.191834680014985e-14,5.876262935338391e-05,0.0015541283040023121
188,rhombus,2,4,13.924468158613625,16.365220251301956,14,-0.11867161792137493,0.05826851901075298,-0.11867161792137447,0.05826851901075297,4.580195620193309e-16,0.004747220532496834,0.017386381186525517
188,rhombus,4,16,55.722681668445915,34.69688241124401,30,0.13398051345284534,0.06928631550825329,0.133980513452844,0.06928631550825469,1.9337988967358255e-15,0.001353448660306168,0.008417972623694434
188,rhombus,7,49,170.11769998854618,62.40488058344093,54,-0.026148858384142937,0.03023366869313987,-0.026148858384140147,0.030233668693139683,2.795719878949844e-15,0.00011748618700776482,0.005414535525791714
188,rhombus,10,100,345.9263051825245,89.88822634794434,78,-0.0024952835700928766,-0.058641813505799056,-0.0024952835701046224,-0.05864181350579917,1.1746337339686392e-14,8.483725776040432e-05,0.003356137970876861
188,rhombus,15,225,780.2815528082094,136.20854472144765,118,0.04154994747666185,0.012930810820398708,0.04154994747662045,0.012930810820401574,4.150343691260905e-14,2.7884524709198934e-05,0.002179869742374756
188,rhombus,20,400,1384.4169350583304,182.99885458493097,158,-0.014604298326207132,0.0014570411155391955,-0.014604298326257007,0.0014570411155215967,5.288890030806668e-14,5.300715773163323e-06,0.0017068876322001501
188,radial,2.8284271247461903,7,24.388184190041105,20.70053822587878,18,-0.007469220796130216,-0.044553535780895215,-0.007469220796129793,-0.04455353578089512,4.3427720387342467e-16,0.0009261716547469698,0.012880090491610586
188,radial,4.69041575982343,19,66.11200283108478,34.67905190956895,30,0.01132613332495147,-0.12390400585814342,0.011326133324950478,-0.12390400585814094,2.6620856431782735e-15,0.0009409833893792965,0.00693341292456039
188,radial,7.615773105863909,55,190.84327459969998,62.164642217803824,54,0.13222663140835245,0.003406004967083237,0.13222663140835073,0.0034060049670833472,1.7243677083081317e-15,0.00034654218699660074,0.0038119982824406265
188,radial,10.488088481701515,97,335.74246457056176,90.47494214507633,78,-0.191446484693794,0.33649324975489825,-0.1914464846938091,0.3364932497549076,1.7746907235050534e-14,0.000576547104430508,0.004056949820653964
188,radial,15.748015748023622,223,773.160162498777,132.1814257384782,114,-0.20817399936916914,-0.3809250418671958,-0.2081739993692129,-0.38092504186717435,4.873386692082083e-14,0.0002807290984292194,0.0022797841233345834
188,radial,20.97617696340303,397,1375.8258673210821,172.45539076218128,150,0.47075094976816256,-0.3292968560662467,0.4707509497681033,-0.32929685606629594,7.706645333271641e-14,0.00020878135669706008,0.0014869673093004143
189,rhombus,2,4,13.97522399501354,16.22444432694096,14,-0.054535679271645154,0.026041525363831176,-0.05453567927164651,0.026041525363832627,1.98343157202425e-15,0.002162193359243048,0.020557839219397984
189,rhombus,4,16,55.31903353147624,34.61470831728519,30,0.09086679696611943,-0.14028961706693843,0.09086679696611466,-0.14028961706693552,5.593213355902714e-15,0.0015107503357763188,0.008461495208084605
189,rhombus,7,49,169.6133716041273,62.361431063067144,54,-0.0942982663135945,0.05356749291497587,-0.09429826631360341,0.0535674929149722,9.633424121268789e-15,0.00031970089044395844,0.0038588008300037818
189,rhombus,10,100,345.7648810972272,89.99967156882144,78,-0.04168362943596193,0.03969182616397082,-0.04168362943596065,0.0396918261639707,1.2897572799623445e-15,8.323339609642158e-05,0.0036980741376727417
189,rhombus,15,225,778.5834803379,136.3875943651344,118,-0.054368139974884766,-0.012971619344265328,-0.05436813997487093,-0.012971619344270956,1.4936776226242702e-14,3.589477895676868e-05,0.002072409703686607
189,rhombus,20,400,1385.8217773666481,182.55791667394203,158,-0.038342371301754774,0.0879312280661047,-0.03834237130167996,0.087931228066119,7.616842644171092e-14,3.4610242402862915e-05,0.0018293013122787723
189,radial,2.8284271247461903,7,24.05512242199245,20.532847552125574,18,0.1917501843728795,0.08666751803365072,0.19175018437287808,0.08666751803365039,1.4541908674370036e-15,0.0043738436738638645,0.010398606886653382
189,radial,4.69041575982343,19,65.82646156602439,34.7298270083242,30,-0.05477742408947517,-0.18719595750824847,-0.05477742408947869,-0.18719595750824944,3.656369141916395e-15,0.0014815157056529366,0.00782051779867571
189,radial,7.615773105863909,55,190.08262817734143,62.8270794962442,54,-0.013555298085472955,-0.24187086913479477,-0.013555298085484216,-0.2418708691347971,1.1498929225911752e-14,0.0006372239721849541,0.004584428313850294
189,radial,10.488088481701515,97,335.65436358367384,90.32497399460998,78,0.29215501613903694,0.010074499004104592,0.29215501613903616,0.010074499004099466,5.1846845170108124e-15,0.00043546084566454895,0.0037601149962517904
189,radial,15.748015748023622,223,772.4960337293519,131.40799809437917,114,0.19649220672273549,0.03952687070319799,0.19649220672275972,0.03952687070320754,2.6043916053350408e-14,0.00012972781371415655,0.0020842340006708604
189,radial,20.97617696340303,397,1375.9076771096843,173.64960964191408,150,0.6720050924532184,0.7051635917289885,0.6720050924532606,0.7051635917289986,4.3381316519551596e-14,0.0003539799784908294,0.0018776260978970105
190,rhombus,2,4,14.2209416445628,16.269805306399814,14,-0.09756393118628326,0.14331937706777573,-0.09756393118628261,0.143319377067778,2.3675766308905505e-15,0.006095791481296392,0.009652881671717692
190,rhombus,4,16,55.99544786606215,34.69486345891088,30,0.06612278796546267,0.03639292354153673,0.06612278796545695,0.036392923541539134,6.201259628379e-15,0.0006739500897858732,0.00575245428590292
190,rhombus,7,49,170.0808451234477,62.10418219483895,54,0.1323756031877421,0.11941004426269541,0.13237560318773223,0.11941004426269708,1.0020339420032731e-14,0.0005240896871160348,0.0047259821598388575
190,rhombus,10,100,347.1627950361925,90.40554712415,78,0.06252439664920129,-0.11338478025867385,0.06252439664919156,-0.1133847802586442,3.121166619519244e-14,0.00018648499742001258,0.0032505115230647887
190,rhombus,15,225,779.7676786385038,136.21743347806213,118,-0.041161556662570487,-0.07020300212129504,-0.04116155666257392,-0.07020300212122893,6.620294236759079e-14,5.21823305806063e-05,0.002076781492730617
190,rhombus,20,400,1385.57124701438,182.35894082718963,158,-0.03071050397606978,-0.03093153639725635,-0.03071050397607161,-0.03093153639717175,8.461875033146457e-14,1.5729174902142985e-05,0.0018309860608063892
190,radial,2.8284271247461903,7,24.466997054504166,20.928310125724497,18,0.14650278279360496,0.049979068520032005,0.14650278279360465,0.0499790685200335,1.5227829133828767e-15,0.0031633085589690356,0.006628116611464819
190,radial,4.69041575982343,19,66.11020919606253,34.89836496536887,30,-0.2899954340814368,-0.07604136542101168,-0.28999543408144085,-0.07604136542101395,4.640932271329304e-15,0.0022674208588458907,0.00619125472550923
190,radial,7.615773105863909,55,190.8455780634947,63.20580591769976,54,-0.26626987539468017,-0.23719786853377983,-0.26626987539468155,-0.23719786853377897,1.6328678498303803e-15,0.0009342592132212358,0.004533276190888825
190,radial,10.488088481701515,97,336.1064586412138,89.53945895749831,78,0.04898345966058271,0.4288479300601967,0.04898345966058165,0.42884793006021094,1.4249940662067933e-14,0.0006421125282864035,0.00332002484500726
190,radial,15.748015748023622,223,772.7732294032842,131.40427862598682,114,-0.2204742123054264,0.2788427225105219,-0.22047421230545267,0.27884272251057024,5.501964448402318e-14,0.00022999925299769635,0.002574748694120442
190,radial,20.97617696340303,397,1374.6577329919169,173.66524166599976,150,-0.18360792356122024,0.22876283107498735,-0.18360792356122263,0.22876283107505063,6.332771399875822e-14,0.00010669313688105212,0.0014753324590076142
191,rhombus,2,4,13.843693893244993,16.032891052086523,14,-0.05792191057647722,0.04387588617886924,-0.057921910576475284,0.04387588617886935,1.9391322212964874e-15,0.0026244401225695236,0.011987130112432317
191,rhombus,4,16,55.43448422644748,34.87042256583648,30,0.18298685175991514,-0.01880040062783432,0.18298685175991544,-0.018800400627832472,1.8742497056495036e-15,0.0016591667857911085,0.010637992052448407
191,rhombus,7,49,169.4339696866643,62.04071556028594,54,0.05565475430163547,-0.044299784729095154,0.05565475430162904,-0.044299784729099755,7.90255940299999e-15,0.00020991402456812988,0.0050886913002091555
191,rhombus,10,100,345.73048414839263,90.04868293045162,78,-0.03851988527449457,-0.08529521211527435,-0.03851988527449012,-0.08529521211525408,2.0757576728012664e-14,0.0001353508386361678,0.0029290407727565328
191,rhombus,15,225,779.0761783807092,136.37074544041786,118,-0.1360854541858032,0.06701732586636325,-0.13608545418577564,0.06701732586635348,2.924169433916199e-14,9.735399861958886e-05,0.002578999929754976
191,rhombus,20,400,1385.6262414532753,182.48357980805994,158,-0.057231538214843614,-0.03449869547870414,-0.05723153821475496,-0.034498695478707764,8.872527333871499e-14,2.411372200554378e-05,0.0017673633302530483
191,radial,2.8284271247461903,7,24.266526078840062,20.89619047594996,18,-0.022083045849978333,-0.0758225653056396,-0.02208304584997736,-0.075822565305639,1.1503558153243814e-15,0.0016271987428479102,0.014250878301771108
191,radial,4.69041575982343,19,65.92067899903692,34.56375767912456,30,0.026989529003919266,-0.07082960158294445,0.026989529003918433,-0.07082960158294332,1.3989057925721339e-15,0.000574914742897293,0.006745240301812235
191,radial,7.615773105863909,55,190.58717565915916,62.406031515868065,54,-0.0770870425865029,-0.025556380153560015,-0.0770870425865005,-0.025556380153561955,3.086335845141773e-15,0.0002130598085671745,0.0035802975694432656
191,radial,10.488088481701515,97,335.35646904631767,89.25452797115217,78,-0.062235382738776046,-0.16297595420877778,-0.062235382738780196,-0.1629759542087824,6.200514213743099e-15,0.0002601032150235823,0.003784864302926463
191,radial,15.748015748023622,223,771.4676411303185,131.6086861997134,114,0.29688010667541054,-0.1634427291846532,0.2968801066754367,-0.1634427291846616,2.7465022129504886e-14,0.00021964447929918542,0.0023912909441644293
191,radial,20.97617696340303,397,1375.4444221623307,173.09006214293248,150,-0.04010542429903641,0.4218471091146665,-0.04010542429894489,0.4218471091146377,9.594481266589025e-14,0.00015404084858694765,0.001627648258026138
192,rhombus,2,4,14.040923167917137,16.419304276742984,14,0.06972422646776266,0.09088926519875566,0.06972422646776229,0.09088926519875455,1.171748888351792e-15,0.004079244696386064,0.017113150218573216
192,rhombus,4,16,55.51768452880325,34.78049920169865,30,0.06784142759609813,0.12925075197500177,0.06784142759609758,0.1292507519750025,9.020562075079397e-16,0.0013146562388376068,0.009899627315594928
192,rhombus,7,49,169.68413952298712,62.41109266671295,54,-0.06785715520235991,0.04761042817648378,-0.06785715520236367,0.047610428176482505,3.971690976083569e-15,0.00024425849382956114,0.004822529956266127
192,rhombus,10,100,346.6123630965063,89.7381680685988,78,-0.030179949235068726,-0.01718679941104842,-0.03017994923506969,-0.01718679941104934,1.3325070360194556e-15,5.010007676696285e-05,0.003180395348727878
192,rhombus,15,225,779.4879054094155,136.67012858897053,118,-0.018130693878128934,-0.02413767049370305,-0.018130693878131796,-0.02413767049366812,3.5047467876755347e-14,1.936435478617884e-05,0.0020889729504696346
192,rhombus,20,400,1386.0843709186956,182.43688035241425,158,-0.01583034435375641,0.045417267085987256,-0.015830344353794136,0.04541726708606945,9.043617617521184e-14,1.7349978481475975e-05,0.0020567713035289817
192,radial,2.8284271247461903,7,24.401827609532145,20.828281065536622,18,-0.18283749043755737,-0.19995261126192965,-0.18283749043755793,-0.19995261126192931,6.473657049138938e-16,0.005551713177280284,0.01285219314421168
192,radial,4.69041575982343,19,65.6304978434699,34.90956809812732,30,0.2710082835708558,0.10492211177528324,0.27100828357085477,0.10492211177528268,1.191874962812805e-15,0.0022139855183328483,0.0071285230624376595
192,radial,7.615773105863909,55,190.73129606083484,62.345657945156184,54,0.2628837633480883,0.032441253020467485,0.26288376334809,0.03244125302046179,5.95106742724427e-15,0.0006943745385169313,0.004167251176348627
192,radial,10.488088481701515,97,336.1941513952087,90.18123248338878,78,0.11695917385008103,0.42955708789169333,0.11695917385007851,0.4295570878917019,8.914034868987701e-15,0.0006621102255270236,0.0035484749385431774
192,radial,15.748015748023622,223,772.0198601848562,130.55344603483346,114,0.45155114658864237,0.09683062611872269,0.4515511465886405,0.09683062611872183,2.0742534791488442e-15,0.00029909634641981357,0.0020207443593193617
192,radial,20.97617696340303,397,1375.4847716821125,173.26038577288332,150,0.09142717057782246,-0.38011151485378974,0.09142717057770897,-0.3801115148536987,1.4549408405208044e-13,0.0001421143642341311,0.0015965676903096238
193,rhombus,2,4,13.836849586588613,16.298754023737555,14,0.0998257116860497,0.08840353407573176,0.0998257116860498,0.0884035340757312,5.635475559608569e-16,0.004818401988705613,0.015177458923358467
193,rhombus,4,16,55.25553163771262,34.841489324293164,30,-0.059307088899339,-0.007618385075550807,-0.05930708889933926,-0.007618385075556018,5.217429953191062e-15,0.0005410716434115811,0.007560595900397414
193,rhombus,7,49,169.78867402781674,62.76114370316026,54,-0.014256697362563298,0.2442793966472393,-0.014256697362563648,0.24427939664724643,7.141784709003056e-15,0.0007205871384480878,0.004393992761864357
193,rhombus,10,100,346.7644181234653,90.17262919988742,78,0.042011760511261986,-0.04316888078919531,0.04201176051126786,-0.04316888078919772,6.3449156313358055e-15,8.685632532887256e-05,0.003740070292232306
193,rhombus,15,225,779.4212312474166,136.3985744395589,118,0.06080059696986817,0.06488699584636415,0.060800596969891305,0.06488699584636538,2.31672200065476e-14,5.7043294284888636e-05,0.002265018096700262
193,rhombus,20,400,1385.2366719085908,182.25265232187158,158,-0.04578695272683886,0.09696307028063733,-0.045786952726791424,0.09696307028065639,5.1118229990624865e-14,3.870459279091803e-05,0.001964418943902663
193,radial,2.8284271247461903,7,24.38617027727668,20.831085236957428,18,-0.04288537931117853,-0.009035116646525579,-0.04288537931117891,-0.00903511664652775,2.2051494779461352e-15,0.0008985996450147165,0.008802326508278028
193,radial,4.69041575982343,19,65.57530783798956,34.52607639971502,30,-0.08572347897065269,0.02184557431703757,-0.08572347897065279,0.021845574317036532,1.0419032825632223e-15,0.0006745163539067791,0.00568856902937597
193,radial,7.615773105863909,55,190.25685541799274,62.06640991115184,54,0.0011122237170582139,0.06313402586630618,0.001112223717060573,0.06313402586629815,8.361110900672568e-15,0.00016594361847314655,0.0043303842688419796
193,radial,10.488088481701515,97,336.3113094174551,90.45302213338789,78,-0.031316680943704434,0.40226553421114164,-0.031316680943705856,0.40226553421115685,1.527642682552198e-14,0.0005998649098238216,0.003948456151416111
193,radial,15.748015748023622,223,772.6082072048232,131.8622653987556,114,0.23394517598356046,-0.39097701783135363,0.23394517598358197,-0.3909770178313641,2.3932791287448353e-14,0.0002948610655979762,0.002402576221121785
193,radial,20.97617696340303,397,1375.3618007982514,173.48712848347012,150,-0.704585276209702,0.12578316784601604,-0.7045852762096729,0.12578316784609905,8.796540648335341e-14,0.0002601950552314175,0.0015900153225556035
194,rhombus,2,4,13.793336367223661,16.372365110137824,14,0.17768786916978563,-0.12109152137283359,0.17768786916978518,-0.1210915213728347,1.1957467920563633e-15,0.0077945570597088,0.016196208979956196
194,rhombus,4,16,55.50775852347272,34.72233874402009,30,-0.03370430086152032,0.11719578838531024,-0.03370430086151848,0.11719578838531017,1.840115644049528e-15,0.0010984592695478972,0.0073501600849890415
194,rhombus,7,49,170.45570734456456,62.49565388892018,54,0.045351154382613945,-0.11994218265195357,0.04535115438261017,-0.11994218265194995,5.2314842515977064e-15,0.00037613787135947103,0.004608022731962092
194,rhombus,10,100,346.4227034247521,90.12025066587479,78,-0.05419591731070028,0.025996234658920037,-0.05419591731070267,0.02599623465891672,4.086413535462304e-15,8.675564419213284e-05,0.0033878978112818715
194,rhombus,15,225,780.0030155854606,136.7691781490823,118,-0.06787976630641968,0.013554231848335985,-0.06787976630644586,0.01355423184833077,2.670151673501818e-14,4.4371491243815014e-05,0.0020417382229261987
194,rhombus,20,400,1385.561107475034,182.72594030240612,158,0.08788329752361834,0.14881829804115215,0.08788329752347741,0.14881829804113883,1.4155726218388982e-13,6.236839200667626e-05,0.0016900328912479489
194,radial,2.8284271247461903,7,24.134920681031026,20.598139138377373,18,-0.2138491628327719,-0.15443767907988437,-0.2138491628327696,-0.15443767907988637,3.0287934084557967e-15,0.0054647968427964004,0.010253947020151
194,radial,4.69041575982343,19,65.81992023408559,34.78657125421548,30,0.04334998184739369,0.17742879693536465,0.043349981847394865,0.17742879693536542,1.4068168889734488e-15,0.0013874807563835417,0.004825007060480942
194,radial,7.615773105863909,55,190.9601492656476,62.327243675213566,54,-0.030222369310745734,0.12351638373992882,-0.03022236931075576,0.12351638373993794,1.3552391680427095e-14,0.00033294928590595763,0.004404207683032636
194,radial,10.488088481701515,97,335.7985449869135,90.10039296859466,78,-0.03675544158507593,-0.17129358401046924,-0.036755441585088554,-0.17129358401045852,1.6555766077581087e-14,0.0002608597081360769,0.0031644414821302537
194,radial,15.748015748023622,223,772.6069345301592,131.8315866720418,114,-0.22413424181057273,-0.06224627752542389,-0.22413424181065783,-0.06224627752542043,8.516872548986678e-14,0.00015054044969190682,0.002287434228591436
194,radial,20.97617696340303,397,1374.9034606892515,172.64511887165202,150,0.26601368190603925,-0.35974461428783644,0.266013681905964,-0.3597446142878464,7.592612666081072e-14,0.00016270749653112058,0.001578197741293235
195,rhombus,2,4,13.843704542284701,16.29491007854542,14,-0.011144032724767605,0.03210852562193854,-0.011144032724766646,0.03210852562193929,1.21731740180024e-15,0.001227541794979995,0.018777544960729895
195,rhombus,4,16,55.32084467573585,34.803242708357516,30,-0.17818046676879984,0.02770219013272919,-0.17818046676879756,0.027702190132729464,2.2924014664358346e-15,0.0016297751419085036,0.009560596329316558
195,rhombus,7,49,169.45548917773806,62.37518339149583,54,-0.03759114710009337,0.02942597087508947,-0.037591147100100496,0.029425970875080212,1.1681860246154694e-14,0.00014085907109189215,0.005109370288453585
195,rhombus,10,100,346.74517524420503,90.1775349568712,78,0.15276689316987957,0.07470325681250511,0.15276689316987785,0.07470325681249863,6.705499492702733e-15,0.0002452143934804274,0.003261385414032335
195,rhombus,15,225,779.007358694191,136.52223418769245,118,0.0609493139428281,-0.019772038665924807,0.06094931394283268,-0.019772038665940447,1.6296972863935147e-14,4.112679070378509e-05,0.002101143534660921
195,rhombus,20,400,1386.2305536636816,182.31933325916245,158,0.052080768557727364,-0.13605563913552493,0.05208076855776808,-0.13605563913547666,6.314750299873038e-14,5.254646253257309e-05,0.0019039750963395815
195,radial,2.8284271247461903,7,24.41704150846798,20.740620199942263,18,-0.0818614568462408,-0.14109160618858396,-0.08186145684624001,-0.1410916061885851,1.3859040131038621e-15,0.003340290334409927,0.013632623469221134
195,radial,4.69041575982343,19,66.12512240902812,34.79888616989421,30,-0.009430372401181497,0.08578859561750532,-0.009430372401182496,0.08578859561750247,3.0153146891257804e-15,0.0006525913016006017,0.006409711652313244
195,radial,7.615773105863909,55,190.87202081503705,62.367252779121166,54,-0.07749765521889396,0.16256448733415857,-0.07749765521889075,0.1625644873341507,8.509528601164901e-15,0.0004717609153097063,0.004096586971128929
195,radial,10.488088481701515,97,336.49100790741494,90.08237389429405,78,-0.16237067895601198,-0.07053106066263265,-0.16237067895601243,-0.07053106066263415,1.5632082117998628e-15,0.0002630499316132644,0.003651556564109984
195,radial,15.748015748023622,223,771.6970332075207,132.28439831042473,114,0.29255096008992343,-0.042962974387387,0.29255096008992654,-0.04296297438740384,1.7125202806792406e-14,0.00019158349235104622,0.0021201105004642444
195,radial,20.97617696340303,397,1375.634824808396,173.85934043081514,150,-0.5909137349518638,-0.23575964979225278,-0.5909137349518166,-0.23575964979221836,5.840290205724002e-14,0.00023124189727639812,0.0016583056765322975
196,rhombus,2,4,13.607684506058458,16.19134957829207,14,0.04192214481296297,-0.010215167118514723,0.04192214481296517,-0.010215167118515436,2.3122926930863377e-15,0.0015854557890185778,0.023498188403978746
196,rhombus,4,16,55.04680836200689,34.729645886019476,30,-0.07677096728555233,-0.0726008374625651,-0.07677096728555002,-0.07260083746256663,2.763596893083726e-15,0.0009597556347562071,0.006856682687463999
196,rhombus,7,49,169.50420465163225,62.138990224627925,54,0.018058192962157715,-0.0015573279831770925,0.018058192962160696,-0.001557327983174258,4.112970463928329e-15,5.3465399671424446e-05,0.004693060081639975
196,rhombus,10,100,346.45085153878875,90.28773189298292,78,-0.023433192076592224,-0.0069265662508860015,-0.023433192076594132,-0.006926566250875761,1.0417200401872409e-14,3.526540929329259e-05,0.003326634777375387
196,rhombus,15,225,779.0788449728323,136.58467053173294,118,-0.026465562804091736,-0.15208179621068424,-0.02646556280405165,-0.15208179621069734,4.217242169494495e-14,9.907047008135177e-05,0.00223440995447135
196,rhombus,20,400,1384.73263132204,182.12813336488006,158,0.0597415861861581,0.02609782722624318,0.05974158618624411,0.026097827226202283,9.523622681806291e-14,2.3539996616564966e-05,0.0018616929150120159
196,radial,2.8284271247461903,7,24.02089569603456,20.68574702653416,18,-0.04188834764005289,-0.1351600858130485,-0.0418883476400542,-0.13516008581304936,1.5685123713917162e-15,0.0029453988026013635,0.00926052484556637
196,radial,4.69041575982343,19,65.2588197183514,34.48435970560416,30,-0.15041090968469772,0.08326721640347982,-0.15041090968469997,0.08326721640348289,3.8027417723836525e-15,0.0013172251621607048,0.007852136688331875
196,radial,7.615773105863909,55,190.62980306364588,62.84926613700896,54,-0.07867717627304671,0.16011560480355547,-0.0786771762730506,0.16011560480355877,5.099855717663294e-15,0.00046792664237900786,0.0043626974546136935
196,radial,10.488088481701515,97,335.49663736779576,90.18921193209354,78,-0.1143096128699903,-0.04690047837956027,-0.1143096128699822,-0.04690047837955346,1.0583997023410126e-14,0.00018414050632158664,0.002866095157909403
196,radial,15.748015748023622,223,772.8256132090805,131.76623248851308,114,0.17821851750365791,-0.3586200657406707,0.1782185175036869,-0.3586200657406831,3.153209300648431e-14,0.00025908980319823454,0.0020898451376193854
196,radial,20.97617696340303,397,1375.199106197484,173.74608731408077,150,-0.43950726927031436,-0.08555965164842474,-0.439507269270304,-0.0855596516483916,3.4727893337186756e-14,0.00016279746316427517,0.0018916357312041179
197,rhombus,2,4,13.548846073991674,16.143866821553473,14,0.09697317624567736,0.06039204571607429,0.09697317624567565,0.06039204571607276,2.2900031977209126e-15,0.004215892470797291,0.012568359887541715
197,rhombus,4,16,55.14397761888483,34.37416139684394,30,0.11000552288195431,-0.17690255910772235,0.11000552288195801,-0.17690255910772304,3.76978042684703e-15,0.001888841067830896,0.009319326172718247
197,rhombus,7,49,169.1741042445423,62.32867201807326,54,0.03742851044005313,0.04240349339740268,0.03742851044006704,0.04240349339739864,1.4480093375062255e-14,0.00016716287070252952,0.004897324245494965
197,rhombus,10,100,345.82361963679864,89.65952423418213,78,0.1357862735344253,0.03354449903021897,0.1357862735344359,0.03354449903022266,1.1226881597149384e-14,0.00020222493042067877,0.003468110804490721
197,rhombus,15,225,779.6018889182327,136.1938090178839,118,-0.009337770774988652,0.1481167937485403,-0.00933777077499848,0.14811679374855594,1.8460556875089573e-14,9.518373794113185e-05,0.00209807483616028
197,rhombus,20,400,1385.3960607389822,182.7452479138981,158,0.06538670676266944,-0.21400155305146734,0.06538670676267613,-0.21400155305147775,1.2372450614642357e-14,8.075955155419282e-05,0.0017326044116685148
197,radial,2.8284271247461903,7,24.45593568085517,20.862991344864103,18,-0.13235786031367347,-0.16089944263618203,-0.13235786031367613,-0.1608994426361825,2.7059906963181285e-15,0.0042595799706236365,0.01311712516240396
197,radial,4.69041575982343,19,65.54701783476726,34.611727444006725,30,0.12576775300936083,0.10128291918088303,0.12576775300936616,0.10128291918088131,5.600027006224723e-15,0.0012317867631529578,0.007441898043830158
197,radial,7.615773105863909,55,189.998035119378,62.24260625702175,54,-0.10573452024154184,-0.13104521838585462,-0.10573452024152735,-0.13104521838585736,1.4746676023448145e-14,0.00044311620364201326,0.004161801696499189
197,radial,10.488088481701515,97,335.07007957788704,90.22967865266561,78,-0.1219180401892932,0.06587667001181968,-0.12191804018926766,0.06587667001182479,2.604082478821691e-14,0.0002067889421085524,0.003737093064911271
197,radial,15.748015748023622,223,771.8716044261863,131.84744844239555,114,-0.15477650857506964,-0.39959721541874305,-0.15477650857506745,-0.3995972154187592,1.6301882385363266e-14,0.00027758828574823356,0.0021014666324082006
197,radial,20.97617696340303,397,1375.9190997216933,173.37406403304172,150,-0.14024386179887838,0.38526446507174783,-0.14024386179886442,0.38526446507181644,7.001776774100095e-14,0.00014899001004719647,0.001578839577591836
198,rhombus,2,4,13.489899473697223,16.036919232538306,14,0.05584655438267738,-0.015448208022638618,0.05584655438267909,-0.015448208022639968,2.1760513998593485e-15,0.002147673787141305,0.021543364138792907
198,rhombus,4,16,55.28998782713059,34.700601381768784,30,-0.15288828554448308,-0.0046155010270270275,-0.15288828554448156,-0.004615501027024152,3.2554184452162503e-15,0.0013832335990160416,0.007981707138444776
198,rhombus,7,49,170.00700203321858,62.58102364761493,54,-0.0687327548874257,-0.0638714957746434,-0.06873275488741541,-0.06387149577464107,1.0544425003500537e-14,0.0002759543739183481,0.003629039313366121
198,rhombus,10,100,346.6415006703165,90.0255515971662,78,0.04279313329784262,-0.1651113869724416,0.04279313329786451,-0.16511138697241964,3.099955181095624e-14,0.000246027621804035,0.00406024377289363
198,rhombus,15,225,779.4091001509902,136.73081429326308,118,-0.01173207776820373,-0.009199153344376626,-0.011732077768165122,-0.009199153344367213,3.973883895898463e-14,9.56403415594236e-06,0.0020515637907582234
198,rhombus,20,400,1386.1976853272,182.2066133950946,158,-0.1035386008057988,-0.03857028001069346,-0.10353860080575243,-0.03857028001065891,5.78220843533688e-14,3.985340799203956e-05,0.0016518580944786538
198,radial,2.8284271247461903,7,24.019256713669193,20.75956980922225,18,-0.022493218332775733,-0.02822605880469206,-0.022493218332773585,-0.028226058804691555,2.206516437333852e-15,0.0007513204160420831,0.010030377161321236
198,radial,4.69041575982343,19,65.69115811104494,34.58453542501492,30,-0.027363490634466192,0.06372231215418603,-0.027363490634463663,0.06372231215418625,2.538954933416635e-15,0.0005278417466208328,0.005529827400602071
198,radial,7.615773105863909,55,190.43783985663106,62.270549446942134,54,-0.0071422695457368235,0.21854061276194758,-0.0071422695457237775,0.21854061276194714,1.3053544175492123e-14,0.0005740909799854143,0.003661010201074127
198,radial,10.488088481701515,97,336.0310818548756,90.47500068893719,78,0.020489953432165198,-0.19944136917510116,0.020489953432186438,-0.19944136917509062,2.3714497036605155e-14,0.00029832231689390116,0.002826061183942523
198,radial,15.748015748023622,223,772.5809296870425,131.47890963050352,114,0.22774266229234996,-0.09746028972190411,0.22774266229237372,-0.09746028972188868,2.833070760160161e-14,0.00016031981300141407,0.002122836046851328
198,radial,20.97617696340303,397,1375.3839889103042,172.4904607478224,150,0.3012315039884941,0.11670704510602994,0.3012315039885414,0.11670704510603441,4.7561403989836424e-14,0.00011743973400990914,0.001676237004491801
199,rhombus,2,4,13.978666654961753,16.059526883013028,14,-0.1381836052984342,-0.016065513430121144,-0.13818360529843404,-0.016065513430122347,1.215361677818559e-15,0.004975952965368483,0.010183987490413032
199,rhombus,4,16,55.622713483069894,34.564187888926895,30,0.010543449333978216,-0.07095016878788571,0.010543449333981672,-0.07095016878788443,3.683892690229271e-15,0.0006447841505126503,0.008153960850756216
199,rhombus,7,49,169.7772902666473,62.37395806369265,54,-0.03289533849903448,-0.03222126453464359,-0.0328953384990452,-0.03222126453464741,1.1379627337569189e-14,0.0001356095932705472,0.004798437268510999
199,rhombus,10,100,347.2107671637678,90.57578593271566,78,0.20022784756535517,-0.006878638213511423,0.20022784756534803,-0.006878638213531484,2.1290834436368657e-14,0.0002885077109128496,0.003115745579215455
199,rhombus,15,225,780.3799476772019,136.7002611720969,118,-0.012043705927937243,0.08049702903445796,-0.01204370592789742,0.08049702903443338,4.679608003045679e-14,5.214960549785703e-05,0.0024793548273368683
199,rhombus,20,400,1386.5965439406978,182.73281412075505,158,0.08564596762500987,0.14931308269381316,0.08564596762502062,0.14931308269382595,1.671515451227437e-14,6.207017839610713e-05,0.0017568634816993456
199,radial,2.8284271247461903,7,24.3022764770566,20.743348998057527,18,-0.032875370139755056,0.14877404332153704,-0.03287537013975642,0.14877404332153724,1.3807004045784501e-15,0.003134748978389404,0.008171579645909822
199,radial,4.69041575982343,19,65.97617317458365,34.71476450822181,30,0.049058325123818136,-0.07829835383137193,0.04905832512381354,-0.07829835383137279,4.673436480184945e-15,0.0007002360466172019,0.005390625633367202
199,radial,7.615773105863909,55,191.2880269289485,61.87256332553427,54,-0.4054655421704889,-0.04344809961908841,-0.4054655421705,-0.04344809961908797,1.1110833309860918e-14,0.0010658972454504478,0.004137704810544067
199,radial,10.488088481701515,97,336.1738133122413,90.22901873140859,78,-0.16263490653501345,0.239556685478591,-0.16263490653502163,0.23955668547858414,1.0679009568071753e-14,0.00043065087218822917,0.003769442597835568
199,radial,15.748015748023622,223,772.026480167234,131.64972232701743,114,-0.035284575692407394,-0.11862213140099684,-0.03528457569241261,-0.11862213140100247,7.679471727473864e-15,8.01518374409225e-05,0.0021755912808425226
199,radial,20.97617696340303,397,1375.2379754623896,173.65860355322127,150,-0.5039120774833741,-0.10898543923717113,-0.5039120774833661,-0.1089854392371284,4.34709757828561e-14,0.0001874450131556028,0.0017218828706239942
