name,param,realization,seed,N,P,nb,sum_W_real,sum_W_imag,gap,area
label_box,3,0,2000,36,53.27792243421167,20,-0.09561719346171005,-0.008049299450030536,0.09595540061471448,124.26350556602648
label_box,4,0,2000,64,71.54461357959309,28,-0.04898559637932198,-0.03917871391592519,0.062726073340707,221.15364785547976
label_box,5,0,2000,100,89.89476811251076,36,0.05184888954590283,-0.04699094378589223,0.06997468217171204,346.61353539938847
label_box,6,0,2000,144,108.99930806112353,44,-0.11722789089243779,0.014681386285699857,0.11814364776135548,499.4791916580288
label_box,7,0,2000,196,127.33380596833894,52,-0.06358240302321017,0.08179683858201495,0.1036023396271442,678.8937121002282
label_box,8,0,2000,256,145.18998092894196,60,-0.1346454066930418,0.09338292890948402,0.1638589544554962,887.5206715124184
label_box,9,0,2000,324,164.53083464913885,68,0.01927765785952129,0.004945561828121919,0.019901926397827414,1123.3494175712854
label_box,10,0,2000,400,182.34832349805896,76,-0.05744966782891936,0.08759786097337997,0.10475614340345285,1385.685731702065
label_disk,3.5,0,2000,32,48.24975911425854,18,-0.06804995018026494,0.11685127323433125,0.1352220979574747,110.60437295242816
label_disk,4.5,0,2000,60,66.69088834197652,26,-0.0318524771526425,-0.08167818237972506,0.08766929780496273,207.62391096626746
label_disk,5.5,0,2000,88,81.30814983235618,32,0.3317281333356519,0.18501156836190924,0.3798326406117429,304.61890774629916
label_disk,6.5,0,2000,124,99.19074550963596,40,-0.20652420381156578,-0.17808424854700022,0.2727017534607193,429.8993612366091
label_disk,7.5,0,2000,172,113.63380742230581,46,0.06195225743666821,0.19747168732053402,0.20696171021403445,596.0846596479875
label_disk,8.5,0,2000,216,126.98609046935866,52,-0.49859809711024994,-0.23948403139561492,0.5531298796263479,748.7012441540115
label_disk,9.5,0,2000,276,145.60019593295922,60,0.43944132509802003,-0.331668530529755,0.5505567112910992,957.4926845245154
label_disk,10.5,0,2000,332,159.49767091935271,66,0.06573923711403973,0.23438405541499077,0.24342870153109186,1150.7540709878322
label_rotated_box,3.5,0,2000,48,62.233047445806974,24,-0.06907114037471196,-0.14050944189003287,0.15656859740353965,165.73166870489933
label_rotated_box,4.5,0,2000,84,89.8252935726953,36,0.24198868642814864,-0.20427732703714419,0.31668241299551386,290.9464138392485
label_rotated_box,5.5,0,2000,124,108.83087065972565,44,-0.3112297200663816,0.05244581472052666,0.3156176518103797,429.55847249649327
label_rotated_box,6.5,0,2000,164,122.22214894601362,50,0.11778058135982894,-0.06839250637356796,0.136197651497806,568.7191545694396
label_rotated_box,7.5,0,2000,224,150.37469506744125,62,-0.15807444116107439,-0.006226129065618702,0.15819700892092653,776.6416600892782
label_rotated_box,8.5,0,2000,288,168.93411742927424,70,-0.10252136384655008,0.48424285124307564,0.49497653381244267,997.8986548672726
label_rotated_box,9.5,0,2000,364,196.24288565786614,82,0.019390098759175967,-0.5599629193514185,0.5602985338000215,1261.516714072291
label_rotated_box,10.5,0,2000,444,209.6607592763282,88,-0.4419824084454511,0.28644035789324573,0.5266844672147188,1539.1289524588308
label_box,3,1,2001,36,52.97826102352593,20,-0.0384429723638009,-0.03997398765655387,0.05545973145743027,124.46413561612808
label_box,4,1,2001,64,71.54256744897502,28,0.056926618793871064,-0.028536866168900422,0.06367882425142951,221.3104124743329
label_box,5,1,2001,100,90.09966887484319,36,0.09197666319998898,0.043219597616079214,0.10162499786715869,345.5590708142047
label_box,6,1,2001,144,108.24381966472475,44,0.14474695847111763,-0.005048659634710448,0.14483497833999426,498.28104360437254
label_box,7,1,2001,196,127.16890820480683,52,-0.10295738417731659,0.09547274786696923,0.14041106986952787,679.064799462137
label_box,8,1,2001,256,145.70970686715998,60,-0.07604258524829799,0.044484784300370464,0.08809864247248736,887.0364836203249
label_box,9,1,2001,324,164.2244091557621,68,0.05715569952851185,0.013736436530845955,0.05878319213142043,1121.8880978952595
label_box,10,1,2001,400,182.4761799321878,76,-0.004900796904976801,0.037986506369302564,0.03830133778928478,1385.9118123555902
label_disk,3.5,1,2001,32,48.69878611420512,18,0.25270350329779045,0.060377920914171365,0.25981638499697113,110.75268939353155
label_disk,4.5,1,2001,60,66.8510378289658,26,-0.08654562361532392,-0.08667127331141362,0.1224828746575907,207.3787424429925
label_disk,5.5,1,2001,88,80.85838875516205,32,0.1342089929094774,0.03025932937699053,0.13757790808164427,304.04609322869334
label_disk,6.5,1,2001,124,98.89171194649704,40,-0.010209254928655653,0.11171303813900484,0.11217857093244248,428.97747456443983
label_disk,7.5,1,2001,172,113.38976231810214,46,-0.15896756483206564,-0.2530276246042834,0.29882045693279297,595.4431780911758
label_disk,8.5,1,2001,216,127.06798315904851,52,-0.0739134936799779,0.2593137749385688,0.26964205610562836,747.5528788725538
label_disk,9.5,1,2001,276,145.12282300880426,60,0.05802814701678205,-0.42680745722214963,0.43073410752648594,955.7712866053771
label_disk,10.5,1,2001,332,159.4138961579874,66,0.3381685388345663,-0.1435805063499411,0.367387156091787,1150.4787132305628
label_rotated_box,3.5,1,2001,48,62.47733507234939,24,-0.20665661344406505,-0.17243028930145757,0.2691452406206621,166.18425983352043
label_rotated_box,4.5,1,2001,84,90.26154661817492,36,-0.06177151098792688,0.12127859953628745,0.1361037041201111,290.6166027467512
label_rotated_box,5.5,1,2001,124,109.01630677026026,44,0.29162248135127555,-0.06805534803370064,0.29945818076229475,429.5698219229993
label_rotated_box,6.5,1,2001,164,122.33192168761664,50,0.04945204851495344,-0.20809514353801337,0.21389037815299616,567.7261968565554
label_rotated_box,7.5,1,2001,224,149.9165600378716,62,-0.595056083301881,0.12554870009192276,0.6081564094616998,775.4239071440566
label_rotated_box,8.5,1,2001,288,168.64521120056105,70,-0.3583099969204975,-0.0922024715074619,0.3699829045310759,997.6898420903614
label_rotated_box,9.5,1,2001,364,195.65618655474537,82,0.21976098686733803,-0.2247674021891703,0.3143489723790656,1260.8348047909326
label_rotated_box,10.5,1,2001,444,210.20416311966912,88,-0.015728122251924326,0.2243641671620731,0.22491476904797106,1538.8011887750104
label_box,3,2,2002,36,53.52345784109384,20,-0.04399677754405573,0.09910148824524517,0.10842887718077503,125.03193480867361
label_box,4,2,2002,64,71.63451632871256,28,-0.038789160788401666,-0.07239965159492696,0.0821359150782122,221.11188216699
label_box,5,2,2002,100,90.04971098667062,36,0.09646289346932413,-0.007074557112489804,0.09672196841882436,345.47023782216775
label_box,6,2,2002,144,108.02477574548982,44,-0.12603312962125335,-0.03340518462894522,0.13038503028423765,498.4137365845438
label_box,7,2,2002,196,127.08032492555212,52,0.02047638042315736,-0.03811207496128452,0.043264447449244424,679.0707268191661
label_box,8,2,2002,256,145.3724651651186,60,-0.10527298172979505,-0.031008255461048073,0.10974476110056179,886.8472338490802
label_box,9,2,2002,324,163.9233327376121,68,0.061288524552856494,-0.0316017811823444,0.06895618765392175,1122.325681491895
label_box,10,2,2002,400,182.5966427159974,76,-0.09267960300239153,0.0812276445639429,0.12323732816840498,1385.574484360854
label_disk,3.5,2,2002,32,48.8085520343593,18,0.07407922782399856,0.04356223540983194,0.08593835202574866,111.11382796114266
label_disk,4.5,2,2002,60,66.89018657512926,26,0.00985137311799944,-0.007261045453225902,0.012238150733826355,207.43074583500413
label_disk,5.5,2,2002,88,81.0190402973326,32,0.09618413438435036,0.11367302399669146,0.14890582289426818,303.6267712872746
label_disk,6.5,2,2002,124,99.45213068105393,40,-0.005247895318251761,-0.30987975357367364,0.3099241876332856,428.91935373174545
label_disk,7.5,2,2002,172,113.72248751191354,46,0.0008479214633503318,0.2686500539757589,0.26865139209016986,595.8424015750855
label_disk,8.5,2,2002,216,126.38172603944138,52,-0.30161711677465863,-0.05548691792269206,0.3066784687453908,748.1439835770233
label_disk,9.5,2,2002,276,145.49731269638505,60,0.4227171346485714,-0.1819424951737779,0.4602095690829979,956.1437914166636
label_disk,10.5,2,2002,332,159.08453354106967,66,0.018044813150651873,0.08637836569580427,0.08824305832143418,1149.81539494859
label_rotated_box,3.5,2,2002,48,62.10284473702026,24,-0.22015377485579846,0.057470056113282805,0.22753129879847622,166.2655136180423
label_rotated_box,4.5,2,2002,84,89.76168488220296,36,0.19404219242273646,0.09226080970727557,0.21485909207679435,290.39412163484604
label_rotated_box,5.5,2,2002,124,108.77711967358547,44,-0.1771082929110812,0.10952286273879674,0.2082368960592206,428.7086563887795
label_rotated_box,6.5,2,2002,164,122.5599669709064,50,-0.08109418960273107,-0.22185911643243256,0.23621544219526242,568.1681769252338
label_rotated_box,7.5,2,2002,224,150.19898377182164,62,-0.015249946861842112,0.2415893513937386,0.24207018731379606,776.1401838151819
label_rotated_box,8.5,2,2002,288,168.2026473558195,70,-0.23547150051001742,-0.264496258446182,0.3541258226739031,997.6351142572776
label_rotated_box,9.5,2,2002,364,197.2187892352983,82,0.1519165538638485,-0.37376893189086047,0.40346233254754066,1261.2110855596477
label_rotated_box,10.5,2,2002,444,209.68106433363508,88,-0.2763825501359105,0.42189701531944357,0.5043653492807411,1538.4177071765698
label_box,3,3,2003,36,53.288527355168725,20,-0.14450408956108785,-0.05605218808310222,0.1549944505096307,125.05492484650685
label_box,4,3,2003,64,71.9814374083367,28,0.05895539119209925,-0.020320814444246937,0.062359230674303295,221.8738339204723
label_box,5,3,2003,100,90.29526387415339,36,0.05400681505839211,0.1673956832299387,0.17589215683699302,346.4168764690904
label_box,6,3,2003,144,108.52299773297257,44,0.07961877811954121,-0.050989720574868225,0.09454682138259263,499.10402021123565
label_box,7,3,2003,196,127.48672175635384,52,-0.2078181144720932,0.11057470767391454,0.23540419426999953,678.8659101675563
label_box,8,3,2003,256,145.36399932633552,60,-0.0905439794218954,-0.10753300124393372,0.14057581074310213,885.621972731858
label_box,9,3,2003,324,163.8723253073455,68,0.138213778566453,-0.02215611662555608,0.13997836293349677,1121.96115330272
label_box,10,3,2003,400,182.75311494151214,76,0.09132043112368926,-0.018126047589633917,0.09310195885070383,1386.3861295833128
label_disk,3.5,3,2003,32,48.74129170853088,18,-0.06375202323230411,-0.052021925401437796,0.08228366295131131,111.23086606755172
label_disk,4.5,3,2003,60,67.06327399937032,26,0.14675484712195974,0.17489703363018658,0.2283110981236532,208.00237669409978
label_disk,5.5,3,2003,88,81.08983666310772,32,0.1800901957591492,-0.30822311194930585,0.35697894244378475,305.31309375809155
label_disk,6.5,3,2003,124,99.870553896576,40,-0.011560471686411056,0.1817292610597749,0.1820965920355022,429.91017660934887
label_disk,7.5,3,2003,172,113.59114456304292,46,-0.21857537870915333,0.04842446680874714,0.2238752446421025,595.8831194283306
label_disk,8.5,3,2003,216,126.97890723342293,52,0.06868293196951036,-0.42382539403097375,0.42935452689990183,747.5736016215495
label_disk,9.5,3,2003,276,145.0409539436481,60,-0.05063214378723924,0.0548536413038636,0.07464942028431701,955.4857581958889
label_disk,10.5,3,2003,332,159.3865391512815,66,0.41843379782906176,-0.35712996374497763,0.5501169459034516,1150.0052439259036
label_rotated_box,3.5,3,2003,48,62.13424243715109,24,0.08467198027739542,0.09275341014780669,0.12558877074859395,166.59715929750573
label_rotated_box,4.5,3,2003,84,89.8086700235478,36,0.308651837424744,0.4300171610445041,0.5293209948022519,291.9417599481821
label_rotated_box,5.5,3,2003,124,108.84266228425852,44,-0.15074164981189275,-0.333063030286749,0.3655872360077731,430.42898085689126
label_rotated_box,6.5,3,2003,164,123.3409306770571,50,-0.2666583976554757,0.6040196086139104,0.660262363481584,567.9592472550218
label_rotated_box,7.5,3,2003,224,150.72682666251498,62,0.49238544018466257,-0.69395261172355,0.8508899159255444,775.5787598742518
label_rotated_box,8.5,3,2003,288,168.56939305110416,70,-0.19391854723000845,0.1130662092409069,0.22447354105084538,998.0469588279224
label_rotated_box,9.5,3,2003,364,195.91660652839485,82,0.2431570254882125,-0.2763288025300632,0.3680800811670932,1260.3989559414415
label_rotated_box,10.5,3,2003,444,210.4301240619395,88,-0.2467490654147646,-0.20352219527982096,0.31985369351404613,1536.7795317057453
label_box,3,4,2004,36,53.266897841758876,20,-0.1652381056513046,0.06569490052656435,0.17781859158824445,124.39327802303482
label_box,4,4,2004,64,71.37565685440936,28,0.08686847548984744,0.13977606472164134,0.16457059367638768,221.2872802103619
label_box,5,4,2004,100,90.0724306908668,36,-0.06053183175020749,-0.09413477682040977,0.11191719645373442,346.3231100700925
label_box,6,4,2004,144,108.74265683360342,44,-0.09310051523672414,-0.07074161664457329,0.1169276796264737,498.90370305091307
label_box,7,4,2004,196,127.17015535163185,52,-0.11631673019734201,0.11477539684758901,0.16341044472530758,678.6607861003982
label_box,8,4,2004,256,145.53377004656812,60,-0.04260702347775469,0.03780261275155512,0.05695959954632737,886.1970463671479
label_box,9,4,2004,324,164.15320439346593,68,-0.12600375189634816,0.09816683933613346,0.15973000293370906,1122.2601903707682
label_box,10,4,2004,400,182.4603450870293,76,0.11855342816688896,-0.02502115282146776,0.12116506682471209,1385.9796552290845
label_disk,3.5,4,2004,32,48.5650258479846,18,-0.27047330058789676,0.2717617872933271,0.38341919013499354,110.37709591562346
label_disk,4.5,4,2004,60,66.77844916493986,26,0.35182560718660394,-0.17433911604406305,0.3926517353269279,207.47322647333993
label_disk,5.5,4,2004,88,80.57035508233038,32,0.08638169853062383,0.3628556448254705,0.3729960010814373,305.1143841385449
label_disk,6.5,4,2004,124,99.34168440996413,40,0.03824829492009707,-0.28665531784905013,0.28919578716750816,429.60425638345345
label_disk,7.5,4,2004,172,113.37603040968702,46,0.005572511539301939,0.10196309723245327,0.10211525881125882,595.5013254217043
label_disk,8.5,4,2004,216,126.88932405602426,52,0.07572046549490663,-0.1065066183588973,0.13067994738678596,747.4393430458354
label_disk,9.5,4,2004,276,145.46942112931427,60,-0.19692857380654294,0.1009738042637337,0.22130651217026995,955.6852335311327
label_disk,10.5,4,2004,332,159.03903340029248,66,0.29017743389976847,-0.03318393245495528,0.29206868458948065,1150.7845200784227
label_rotated_box,3.5,4,2004,48,62.28912978641424,24,0.07407633562240701,-0.22099283906999823,0.23307753735497896,165.76436112974685
label_rotated_box,4.5,4,2004,84,90.28139210017223,36,0.29984793914701635,-0.037244550790229154,0.30215218545342143,291.1550369294076
label_rotated_box,5.5,4,2004,124,109.184447915733,44,-0.13064168078745642,0.11347559502409313,0.17304322993126212,429.7455102298814
label_rotated_box,6.5,4,2004,164,122.00295260804684,50,0.032693760397680016,-0.034643995697265284,0.04763494942595243,567.5490365285063
label_rotated_box,7.5,4,2004,224,149.63524914594964,62,0.5535934633166724,-0.2434857002103773,0.6047735186281602,775.5208577229823
label_rotated_box,8.5,4,2004,288,168.5039210913843,70,0.31283095309331665,-0.057166717969390206,0.3180113816464195,997.9389801124656
label_rotated_box,9.5,4,2004,364,196.7413361137329,82,-0.15798299909678626,-0.035476593449606464,0.16191731435026901,1260.9538556779842
label_rotated_box,10.5,4,2004,444,210.2967397251734,88,-0.1176174873924567,0.07101087580042496,0.13739147652768743,1538.9135246776618
label_box,3,5,2005,36,53.2171353824265,20,0.030766270804032825,-0.0648160964534723,0.07174740259168208,124.6625109808816
label_box,4,5,2005,64,71.75138719793941,28,0.03436909334508709,-0.0860347839954255,0.09264566171442046,221.93700694804792
label_box,5,5,2005,100,90.24997274260721,36,-0.06019795392546001,0.01577454697431542,0.06223045869232116,347.0215647903876
label_box,6,5,2005,144,108.61402966586823,44,0.060645709042897344,0.05433916605296868,0.08142878479166851,499.3524225908732
label_box,7,5,2005,196,127.23052917889937,52,0.050862967044585705,-0.017492915017552374,0.053787019738873065,679.1929613753937
label_box,8,5,2005,256,145.30550270729734,60,-0.05789800219484409,-0.005561173362693433,0.058164467738681336,886.350169933284
label_box,9,5,2005,324,163.84347339723212,68,0.0604019445297026,-0.10653167188369508,0.12246383963156038,1122.34284142502
label_box,10,5,2005,400,182.90278999849227,76,0.001588792762125646,-0.010659982856156242,0.010777731530082192,1385.5499107435132
label_disk,3.5,5,2005,32,48.70458686363511,18,0.0808524364859271,-0.1947744809577361,0.21088910573584968,110.82800179893084
label_disk,4.5,5,2005,60,66.77922667771925,26,-0.04688326759143813,0.15527544790256553,0.16219896886661375,207.94201288583506
label_disk,5.5,5,2005,88,81.32697453205495,32,0.19281069942060025,-0.03606744770485627,0.19615510851110557,305.3694335058566
label_disk,6.5,5,2005,124,99.58321753604393,40,-0.13626292567781162,-0.23536774461228765,0.2719661010459794,429.95446551775814
label_disk,7.5,5,2005,172,113.30402898110742,46,0.23819931455600685,-0.2144594541376922,0.3205179728564194,596.080224414269
label_disk,8.5,5,2005,216,126.70944240135007,52,-0.20948613393699045,0.26105888508413977,0.33471806314156516,748.4819879403886
label_disk,9.5,5,2005,276,145.03065125064748,60,-0.1387942980326109,0.07245695754183629,0.1565690514200833,956.5523878639318
label_disk,10.5,5,2005,332,159.498855211443,66,-0.06791714527934722,0.13132578356810481,0.14784857135824028,1150.677501930349
label_rotated_box,3.5,5,2005,48,62.26741060556665,24,0.06600106883451495,0.12411328360215945,0.14057115014756208,166.22677696282878
label_rotated_box,4.5,5,2005,84,90.16236676011442,36,-0.02835065060098474,-0.05160068078531395,0.05887605325603088,291.08866551667734
label_rotated_box,5.5,5,2005,124,108.31874001324681,44,-0.16630226824094008,0.03936890893283657,0.17089867001426187,429.677659702552
label_rotated_box,6.5,5,2005,164,122.96643242278164,50,0.10137831383867102,0.1973994862547082,0.22191016130496324,568.8513492551999
label_rotated_box,7.5,5,2005,224,150.8962837989558,62,0.5873754810466898,-0.5499293883439338,0.8046317716192689,776.3761874190074
label_rotated_box,8.5,5,2005,288,168.023542463954,70,-0.3754332194692984,0.026599787124822805,0.37637434949285303,997.5289419126669
label_rotated_box,9.5,5,2005,364,196.92465725052728,82,-0.46782647123033616,0.10913907669507351,0.48038832754937094,1260.7395649719876
label_rotated_box,10.5,5,2005,444,209.98427731878743,88,0.19580814464705965,-0.5967751475597352,0.628077547962883,1538.4079638478731
label_box,3,6,2006,36,52.99479386047963,20,0.1158020306292924,0.16181413646285436,0.19898222296749735,124.79569341599377
label_box,4,6,2006,64,71.73460456445466,28,-0.1474377510390763,0.04563562389256384,0.1543389147283477,222.53534945413338
label_box,5,6,2006,100,90.14557835781888,36,0.09966357689734373,0.19399963987805213,0.21810247323858264,346.98286410057517
label_box,6,6,2006,144,108.68598670077631,44,0.12800973473762411,-0.10302026532401395,0.16431575473772173,498.45006726638934
label_box,7,6,2006,196,127.01001797844012,52,-0.2123061368645378,-0.03517734425548198,0.2152007000435002,677.9542319272707
label_box,8,6,2006,256,145.64994449114448,60,0.18715017842762194,-0.025886666844720324,0.18893202165281636,886.7560894649863
label_box,9,6,2006,324,164.4515267791398,68,-0.06502304749717336,0.14058388349079776,0.1548929469122912,1121.9196264481536
label_box,10,6,2006,400,182.18398481064025,76,0.03128330294784121,-0.06831161830573754,0.07513402850157301,1385.244055027536
label_disk,3.5,6,2006,32,49.21684445825177,18,0.0379145024028511,0.12948154753667598,0.13491842218521638,110.96181321269728
label_disk,4.5,6,2006,60,67.38688485898216,26,-0.06832437112283651,-0.005146834945313372,0.06851795092736936,208.60195951657496
label_disk,5.5,6,2006,88,81.09006471179941,32,-0.07867553964010998,-0.1124705915864749,0.13725696524939693,305.35736275895545
label_disk,6.5,6,2006,124,99.3390104156032,40,0.008686829211189906,0.03954920936605852,0.04049198640749442,429.33667815814704
label_disk,7.5,6,2006,172,113.83610981183226,46,0.005903363931452077,-0.2460440163999627,0.24611482627410378,595.0385233698938
label_disk,8.5,6,2006,216,126.64911197039501,52,0.18533615210314247,-0.032725898029701245,0.18820327754385566,747.8206279513523
label_disk,9.5,6,2006,276,145.70744775137325,60,-0.11151171021695339,-0.2730950956774171,0.2949843941610596,955.9398700131829
label_disk,10.5,6,2006,332,159.17191079254394,66,0.08968308293101046,0.43969239249883424,0.4487454238043653,1150.2428111397032
label_rotated_box,3.5,6,2006,48,62.09470394008456,24,-0.2669484076328734,0.019120601198438905,0.2676323032220074,166.7527664295418
label_rotated_box,4.5,6,2006,84,90.30037327697003,36,-0.012377227827756965,-0.10813617691485339,0.10884221849292063,290.65224345916357
label_rotated_box,5.5,6,2006,124,107.95641324665651,44,-0.07973845814313751,-0.24434882055738488,0.25703028579299747,429.06693576928774
label_rotated_box,6.5,6,2006,164,122.72199217814921,50,-0.1210325701133339,0.37414151392953715,0.39323117306963995,568.1705095590285
label_rotated_box,7.5,6,2006,224,150.4092429880362,62,0.17981210052435204,-0.09105743148259209,0.20155358424792805,776.2209247797057
label_rotated_box,8.5,6,2006,288,169.31738451052533,70,-0.039201703684544675,-0.24738843802184046,0.2504751740964698,997.9139137741788
label_rotated_box,9.5,6,2006,364,196.03586015870215,82,-0.1867070807336817,-0.17461042100177612,0.2556332003447734,1261.0219251354442
label_rotated_box,10.5,6,2006,444,210.51542109194202,88,0.19417287244319326,0.009232945313793484,0.19439226237689633,1538.2628489297665
label_box,3,7,2007,36,53.16359642891688,20,0.008628360972698701,0.10508469231427764,0.10543832876075755,124.6860646256326
label_box,4,7,2007,64,71.53318771383694,28,0.005203981614235964,-0.03897615777075937,0.039322033253793374,221.6196005394094
label_box,5,7,2007,100,89.9150747426485,36,-0.026418140204157226,0.13028331291497042,0.1329347951288398,346.2926892009636
label_box,6,7,2007,144,108.80255072654346,44,0.08070327225016483,-0.0942063722983858,0.12404780825756775,499.0534238693492
label_box,7,7,2007,196,127.23649583788567,52,-0.03320037070321025,0.0923423568791889,0.0981293813739497,678.8137951336399
label_box,8,7,2007,256,145.68246261345328,60,0.057250657354069645,-0.07731687036221649,0.09620569738888066,886.2068350442609
label_box,9,7,2007,324,163.73748644974728,68,0.0415282371502097,0.09488082589931783,0.1035710654774813,1122.091983740696
label_box,10,7,2007,400,182.5946288443424,76,-0.04282635281020619,-0.07300052097359556,0.08463552774952503,1385.3244858443918
label_disk,3.5,7,2007,32,48.5498663945864,18,0.011010846867546498,0.1958679322236569,0.19617717915780014,110.82035755612085
label_disk,4.5,7,2007,60,67.14636570827253,26,-0.05811646464280118,0.039702606451894884,0.07038338171508957,207.70508838344136
label_disk,5.5,7,2007,88,80.60719861210353,32,0.20946303196419924,-0.4017120856140284,0.4530423396196073,304.39646545207
label_disk,6.5,7,2007,124,98.87860094243862,40,-0.22232342235919011,0.2757696684165001,0.35422678349900255,429.53970544762825
label_disk,7.5,7,2007,172,113.38162012694747,46,0.20318388600290094,-0.145353247988306,0.2498224534184024,595.5867340896366
label_disk,8.5,7,2007,216,127.08003787163585,52,0.22749086249329675,-0.3688809285341422,0.43338808469333234,747.5083179039344
label_disk,9.5,7,2007,276,145.6955293219258,60,-0.1289700374593128,0.04308695614935129,0.13597704347599512,955.8489818327015
label_disk,10.5,7,2007,332,159.15393861366397,66,0.13920984001800019,-0.0528116694319197,0.1488907384158718,1150.0638932653421
label_rotated_box,3.5,7,2007,48,62.40847541541978,24,0.060626368043751544,-0.1755413516459527,0.18571570380520985,166.35135212490448
label_rotated_box,4.5,7,2007,84,89.59193939213255,36,-0.09703704621022124,0.24483860773738497,0.263366915492409,290.8964308009174
label_rotated_box,5.5,7,2007,124,109.13300702525189,44,0.09131400939098988,-0.19147064924957063,0.21213028504932974,429.0948960639842
label_rotated_box,6.5,7,2007,164,121.95147728237251,50,0.032605401184914395,0.19691142979781281,0.19959264358048917,567.4041543267531
label_rotated_box,7.5,7,2007,224,150.5254416439185,62,-0.3472074223558108,-0.16366341724165948,0.3838472460265723,774.7248144578441
label_rotated_box,8.5,7,2007,288,168.63777108549422,70,0.4588325507536677,-0.1655426041978487,0.48778239352781344,997.2970491785377
label_rotated_box,9.5,7,2007,364,196.6321213407554,82,0.02642247298219358,-0.18471210411777775,0.18659235913110567,1260.9157321830946
label_rotated_box,10.5,7,2007,444,211.20339500849525,88,0.39689544099703244,0.09759513311596035,0.4087184863596836,1537.8864471473623
label_box,3,8,2008,36,53.06084085722185,20,-0.10054298932509242,0.020520688940239604,0.10261574624299977,124.73444516029745
label_box,4,8,2008,64,72.05390848530844,28,0.014006141082477885,0.1648426417629665,0.16543659973360184,221.95685408614204
label_box,5,8,2008,100,90.08107389833275,36,0.01537445138034288,0.08328009608705426,0.08468735536970981,346.1958165024077
label_box,6,8,2008,144,108.58077561795572,44,0.052822601304336025,-0.015377006789362657,0.055015266484467265,498.8083248960919
label_box,7,8,2008,196,126.7988574764332,52,-0.07834922834931923,-0.022988543658291165,0.08165215687575514,678.739071346018
label_box,8,8,2008,256,145.63672253963404,60,-0.01486685212483252,-0.03190455244908208,0.03519834881181028,886.6316521629976
label_box,9,8,2008,324,163.68504802007448,68,0.0748947535572051,0.020285856217275272,0.07759342802623462,1123.0237555553563
label_box,10,8,2008,400,182.5438675237009,76,-0.07475123542500972,-0.09029239833193486,0.1172197269835501,1386.8073548231828
label_disk,3.5,8,2008,32,48.70600554418702,18,-0.2972869321287379,-0.03868775917037952,0.29979370027427543,110.66694120284848
label_disk,4.5,8,2008,60,67.4220686312865,26,0.4163312445817309,0.02680015364710589,0.4171929451111098,208.02255484098217
label_disk,5.5,8,2008,88,80.98706431167788,32,-0.3403545522195488,-0.11997778122860367,0.3608820987595648,304.9392258125403
label_disk,6.5,8,2008,124,99.18406632400553,40,0.022189581405943404,0.3698994424423996,0.37056440066764246,429.3549646452506
label_disk,7.5,8,2008,172,112.75470946663026,46,-0.20699543725119618,-0.12239780061622899,0.2404752225043238,595.9003958989001
label_disk,8.5,8,2008,216,126.9180759486919,52,0.22005100925665166,0.27098592979730846,0.34907853102558856,748.4151579986221
label_disk,9.5,8,2008,276,145.48307875167868,60,-0.06950436391853332,0.12135099817436988,0.13984606308951225,955.9515057843217
label_disk,10.5,8,2008,332,159.6639263230341,66,0.14296484180656766,0.0005180841120454929,0.14296578053479814,1150.5542430375965
label_rotated_box,3.5,8,2008,48,61.9162314814527,24,0.0719773128644352,0.019684364742507204,0.07462042470061968,166.561966033135
label_rotated_box,4.5,8,2008,84,90.51731062490411,36,0.299658771280098,0.04378360045352868,0.30284052383023696,291.6348254215552
label_rotated_box,5.5,8,2008,124,108.39318414073044,44,-0.27143276608250533,-0.00047550364815625995,0.27143318258260074,429.6725870254008
label_rotated_box,6.5,8,2008,164,122.6666685592256,50,-0.10747036191621318,0.1600877466544053,0.19281588450977502,567.6021501017638
label_rotated_box,7.5,8,2008,224,150.73175758167628,62,-0.04134120426336274,-0.17069619754490167,0.1756311106445358,776.3084362788613
label_rotated_box,8.5,8,2008,288,168.96762848153068,70,0.43530460200171595,0.04880211481789175,0.43803166887175066,998.4708371133862
label_rotated_box,9.5,8,2008,364,195.6747798598084,82,0.05831022699683697,0.2820205584016586,0.2879855516056422,1260.2591299311414
label_rotated_box,10.5,8,2008,444,209.4992165933622,88,0.1514790011700713,0.1301275288801423,0.19969742504082202,1536.97411989215
label_box,3,9,2009,36,52.61257973666123,20,0.05747032470409952,-0.07740547978020038,0.09640770986595232,124.15902996712578
label_box,4,9,2009,64,71.30342488363982,28,-0.19393654701594976,0.11191722022961721,0.22391259109838896,222.27208290835034
label_box,5,9,2009,100,90.14527564144908,36,0.09159686057435801,-0.18573820488041207,0.2070957885116844,346.8128214934309
label_box,6,9,2009,144,108.45614662283174,44,-0.0743234454206303,0.09203383986879454,0.11829709303354975,498.7764285492707
label_box,7,9,2009,196,127.36140022852629,52,0.04791654829287717,-0.10332151057073184,0.11389174749261459,679.4210150220421
label_box,8,9,2009,256,145.4903760407906,60,-0.06758346665279102,0.19560437496186697,0.20695071024046177,886.7936725956722
label_box,9,9,2009,324,163.91645887923022,68,-0.01684621463396896,0.06351261928988677,0.06570881034196135,1122.7985362176055
label_box,10,9,2009,400,182.9835199807341,76,-0.0025817228684492655,-0.06454369920433262,0.06459531252303716,1385.6869718314506
label_disk,3.5,9,2009,32,48.386452907633284,18,0.10769564934793374,-0.09045207671392896,0.14064114287908638,110.5932802047347
label_disk,4.5,9,2009,60,66.6878563898903,26,-0.01129584031854991,-0.09159676629992178,0.09229064744113925,208.15128969839887
label_disk,5.5,9,2009,88,80.95553140193644,32,-0.10054457468617262,0.5101526220081899,0.5199662577904978,305.4133349528806
label_disk,6.5,9,2009,124,99.09969570230578,40,-0.11465664647135076,-0.5914163446601782,0.6024279536270399,429.4664862667848
label_disk,7.5,9,2009,172,113.81568313027063,46,0.13579297324663697,0.03169830227411913,0.1394435869813427,596.1543197240927
label_disk,8.5,9,2009,216,127.2392392137543,52,-0.3242646680240773,0.14412500090913571,0.3548515053030259,748.2873955907024
label_disk,9.5,9,2009,276,145.06859570252624,60,0.011456298789105812,-0.032268960256544105,0.034242263038293634,956.6709311290866
label_disk,10.5,9,2009,332,159.24423217777692,66,0.18013427935116777,-0.01391274746291872,0.1806707589493427,1150.3964853418809
label_rotated_box,3.5,9,2009,48,62.71250166467249,24,0.055032499311591376,0.033216112876973514,0.06427974902826046,166.4246648142518
label_rotated_box,4.5,9,2009,84,90.27456962956602,36,0.22931743431249973,-0.09456984373806651,0.24805229493860756,291.2347078718387
label_rotated_box,5.5,9,2009,124,108.62311203883705,44,-0.2949119814351371,0.21934079674873252,0.3675370211453092,429.828228563057
label_rotated_box,6.5,9,2009,164,122.31553454855161,50,0.17206812770181923,-0.6524841595609434,0.6747910928937638,568.2115116569302
label_rotated_box,7.5,9,2009,224,150.44617252674402,62,0.06479035706694969,0.18493388851718318,0.1959549271923234,776.606704337831
label_rotated_box,8.5,9,2009,288,168.61216707269463,70,-0.2118610432182777,-0.1375397318996613,0.25259113104891,998.3945535308845
label_rotated_box,9.5,9,2009,364,195.55244388330863,82,0.03405565483672879,-0.4048742945902558,0.4063040512304986,1261.2214934715848
label_rotated_box,10.5,9,2009,444,210.3028979867428,88,-0.3624150786179552,0.15924366781273097,0.3958575942786876,1538.0279213723384
label_box,3,10,2010,36,53.15168140115568,20,0.09998134671954428,0.034570150847304255,0.10578924813731828,124.67176124112103
label_box,4,10,2010,64,72.05881061750068,28,0.07748561345908245,0.15610416072721708,0.17427716227170778,221.38798062269336
label_box,5,10,2010,100,89.58363436095136,36,0.019099811173358017,-0.03297795797586378,0.03810969035712268,346.0504542931174
label_box,6,10,2010,144,108.73810430869835,44,0.015543062753382575,0.007066343566767969,0.017073957103120287,499.0628687269764
label_box,7,10,2010,196,126.800352511068,52,0.004570957607830994,-0.007651736445172655,0.008913064797193584,678.5058942409312
label_box,8,10,2010,256,145.57262149589926,60,0.005670858747236274,-0.12349363959318538,0.12362377465076314,886.097734208206
label_box,9,10,2010,324,163.99771340639293,68,-0.036862654403756245,0.04904466954884257,0.06135336095802686,1122.1336152485624
label_box,10,10,2010,400,182.8826724164026,76,0.17757189201377566,-0.16080976852390072,0.2395653532672505,1386.1190981732232
label_disk,3.5,10,2010,32,48.44130375155153,18,-0.02550560361956533,0.0991296646388137,0.10235832270705718,110.81017570351084
label_disk,4.5,10,2010,60,67.15900085910363,26,-0.11557360365285074,-0.06691061957898539,0.13354508180292504,207.6564821306964
label_disk,5.5,10,2010,88,80.74655940037012,32,0.09175357944082041,0.014891849468935028,0.09295421733739875,304.4419839956567
label_disk,6.5,10,2010,124,99.54994189601767,40,0.09154678131096006,0.23008082613054912,0.2476247154896149,429.6421448325194
label_disk,7.5,10,2010,172,113.3745811947511,46,0.2532295949905987,0.1355554983762062,0.287229039129271,595.4048340179305
label_disk,8.5,10,2010,216,126.97072807936436,52,-0.023956293885668778,-0.463237890988923,0.46385692585602495,747.7136515388673
label_disk,9.5,10,2010,276,145.47495092076804,60,-0.07643212479735739,0.03258055368825796,0.08308647410783704,955.5766377354789
label_disk,10.5,10,2010,332,159.62539415975198,66,0.6897466793013383,0.0693590983975513,0.693225191505433,1150.2904591917534
label_rotated_box,3.5,10,2010,48,62.20333052461909,24,0.14480922162324283,0.296025500372504,0.32954636629451833,166.46809794196867
label_rotated_box,4.5,10,2010,84,89.87605529169008,36,-0.5158717267711239,0.027405717827571383,0.5165991791045216,291.2939564050357
label_rotated_box,5.5,10,2010,124,108.57459100756523,44,-0.18607696176157118,0.0017802817980111432,0.18608547794413607,429.38050205132146
label_rotated_box,6.5,10,2010,164,122.07682130400522,50,0.0003405495063582009,0.21921742381930745,0.21921768833727845,567.9805870150426
label_rotated_box,7.5,10,2010,224,150.798451873403,62,-0.003983671965278823,0.13921880324887614,0.13927578691350567,776.3260589083884
label_rotated_box,8.5,10,2010,288,169.0888036049403,70,0.19628635218220536,-0.3986652619825314,0.4443673290922693,997.6678325788911
label_rotated_box,9.5,10,2010,364,196.67868502370658,82,0.0681286797722005,0.17279768818544977,0.18574325842339195,1260.3540999895404
label_rotated_box,10.5,10,2010,444,210.12159009386184,88,0.2109620403859931,-0.33153919282143923,0.392967198199179,1537.522525259366
label_box,3,11,2011,36,52.84785017523619,20,0.10086617066832337,-0.03917487072869044,0.10820653807372707,124.5820199217306
label_box,4,11,2011,64,71.7543752853009,28,-0.06423076791282956,-0.051494725130605934,0.08232434793515483,222.0865299847568
label_box,5,11,2011,100,90.29932147855938,36,0.05340540545355177,0.0053045255017408754,0.05366819656423044,346.4259655380885
label_box,6,11,2011,144,108.56806293891086,44,-0.11220095677320563,-0.09942386486908741,0.1499138406096292,499.06992319587397
label_box,7,11,2011,196,127.35659325512198,52,-0.05703710296234954,0.20243311497471211,0.21031499507334867,679.3476473660652
label_box,8,11,2011,256,145.89624882008144,60,-0.0808989232679993,-0.01690557460197617,0.08264644117289395,886.6848525106637
label_box,9,11,2011,324,163.63181614695887,68,0.10552548659540895,0.019941170917377446,0.10739310321782257,1122.2187833002695
label_box,10,11,2011,400,182.2745995165762,76,0.15045181768867533,-0.14040040869121154,0.20578635573449866,1386.3704495503632
label_disk,3.5,11,2011,32,48.18704800454295,18,0.02494244710364102,0.07117681010919195,0.07542058051246954,110.84424040503622
label_disk,4.5,11,2011,60,67.07794348266897,26,-0.09130793309807128,-0.11630718704252052,0.1478664952055932,208.27465730374806
label_disk,5.5,11,2011,88,80.82083023708398,32,-0.10496613401988864,0.2366583439889321,0.2588919872662438,305.1334784940317
label_disk,6.5,11,2011,124,99.57083585450606,40,0.05242206665121918,-0.3297941553387931,0.3339345114953123,429.61430687791966
label_disk,7.5,11,2011,172,113.93515199722766,46,-0.06732302574225768,0.014901170276452005,0.06895240873747999,595.5885304255801
label_disk,8.5,11,2011,216,126.97429654465914,52,-0.06208876441430844,-0.19429492566663964,0.20397434350010915,748.0312692389323
label_disk,9.5,11,2011,276,145.8589396228483,60,-0.11890516846197396,0.019264572740322256,0.12045564681590305,956.3979278377298
label_disk,10.5,11,2011,332,159.17606253798743,66,-0.11421537612993671,-0.1588852996207642,0.1956775167976202,1150.9119633712883
label_rotated_box,3.5,11,2011,48,62.55246039430324,24,0.25823125569836813,-0.22809533825650205,0.3445444307399324,166.392516189277
label_rotated_box,4.5,11,2011,84,90.44897557626732,36,-0.2240399024559725,0.04886099708778316,0.22930607259489233,291.43438768388273
label_rotated_box,5.5,11,2011,124,108.14904899039563,44,-0.12441116763289761,-0.2962721732206728,0.3213336883314311,429.65251827653583
label_rotated_box,6.5,11,2011,164,122.52227986730246,50,0.11133865137231957,0.030685725625164237,0.1154898655577613,567.8495456555052
label_rotated_box,7.5,11,2011,224,150.49157551865616,62,0.01629472022073486,-0.10757188844677748,0.10879903074512183,775.7598390254618
label_rotated_box,8.5,11,2011,288,168.87710600388493,70,0.1759168200384562,0.4533272855782143,0.4862636686224403,998.4439432978893
label_rotated_box,9.5,11,2011,364,196.43705139211852,82,-0.08303827128817609,-0.16196344266371684,0.18200964605759723,1261.3907146158983
label_rotated_box,10.5,11,2011,444,209.63183628113265,88,0.1430317662520464,0.2188409682368803,0.2614372879602971,1538.4181570663307
label_box,3,12,2012,36,53.340893211197134,20,0.09904531131692362,-0.10770167384743606,0.1463202796723879,124.81628486216967
label_box,4,12,2012,64,71.94758970240773,28,-0.011739032494985313,0.19965838395009528,0.20000318788829838,221.08488304748218
label_box,5,12,2012,100,89.87436180922556,36,0.011333719079411164,-0.11838497467530462,0.11892626041814114,345.7388719444941
label_box,6,12,2012,144,108.51388412340417,44,-0.058068687369321026,-0.06233509095504635,0.08519176026570788,498.7545637887161
label_box,7,12,2012,196,127.23487253801893,52,-0.10129107303571416,-0.036074414534092034,0.10752322940045975,678.6152275316516
label_box,8,12,2012,256,145.41777119126064,60,0.11433345592373012,0.028399572696896566,0.1178077878275874,886.0190294879187
label_box,9,12,2012,324,164.26714597470752,68,0.04657792479124678,0.16651750095375484,0.17290917038070244,1122.0567068420492
label_box,10,12,2012,400,182.8698404734182,76,0.17774594975956415,-0.2136448736710408,0.27791681255700323,1385.1920154366494
label_disk,3.5,12,2012,32,48.55299577991685,18,-0.03648360876379142,-0.11041165781098827,0.11628322273225904,110.8848587695062
label_disk,4.5,12,2012,60,67.56350497546335,26,-0.12714811481117838,0.09449986124788115,0.15841990681699503,207.53032847775302
label_disk,5.5,12,2012,88,80.51120849710824,32,-0.025362638075346666,-0.18090219702285879,0.18267147642102816,304.1958184457099
label_disk,6.5,12,2012,124,98.78731006474179,40,-0.04015092048873292,0.06597893272267912,0.07723545804432294,429.64136610208584
label_disk,7.5,12,2012,172,113.36983921887474,46,0.003976763533056982,-0.08260739607818385,0.08270306242827889,595.5485565438677
label_disk,8.5,12,2012,216,127.09289073417426,52,0.0700941091640539,-0.20320070705006066,0.2149504861244721,747.791490439815
label_disk,9.5,12,2012,276,145.30566988693667,60,-0.2144290048712847,-0.20022179337227877,0.29337444447548755,956.0713915465088
label_disk,10.5,12,2012,332,159.787863895561,66,0.08686292761689662,0.3414664309894501,0.3523414419094795,1150.025215064008
label_rotated_box,3.5,12,2012,48,62.01755659279875,24,0.06460185609955627,-0.10449615371078946,0.12285294441671601,166.12100729760655
label_rotated_box,4.5,12,2012,84,90.4500826027821,36,0.09020913573210754,-0.09491477813191443,0.1309446573074455,290.83327924990556
label_rotated_box,5.5,12,2012,124,108.5012946818951,44,0.05517033952411676,-0.3000162024042184,0.3050466981762878,429.5591599161296
label_rotated_box,6.5,12,2012,164,122.04671368882454,50,0.0020561491185300262,0.15499994539824893,0.15501358270376756,568.0426378895132
label_rotated_box,7.5,12,2012,224,149.96611664803686,62,-0.45490770479980513,0.061995111826776694,0.4591126373523617,775.8252916352881
label_rotated_box,8.5,12,2012,288,169.24208940286925,70,0.11605799853073284,0.30350050722395905,0.32493386543750713,997.322725806263
label_rotated_box,9.5,12,2012,364,195.77972708650773,82,0.012851271663042674,0.3986343146282777,0.398841412070655,1260.5322808277556
label_rotated_box,10.5,12,2012,444,210.28189620216423,88,-0.49847535367236295,-0.25897306378383944,0.5617336788767217,1537.3820182938139
label_box,3,13,2013,36,53.089714222658976,20,-0.07663770908614254,-0.03322091100187931,0.0835282430185563,125.11688293166665
label_box,4,13,2013,64,71.80019596512237,28,0.0913042619972253,-0.08982977201867644,0.12808534732663743,222.2930622229586
label_box,5,13,2013,100,90.05319312331923,36,0.018432133760716507,-0.05091004132623045,0.054144028874950165,346.4714414788188
label_box,6,13,2013,144,108.56484765117233,44,0.011908241498435501,-0.07623931933337055,0.0771637222274866,499.0027924408424
label_box,7,13,2013,196,127.31011117780957,52,-0.058330243216355715,-0.009226598789320653,0.05905546036479866,678.1630751167295
label_box,8,13,2013,256,145.73593549836582,60,-0.04845221753500306,0.08139844611551397,0.09472763279043497,886.4252924009836
label_box,9,13,2013,324,164.27637213142486,68,-0.10672016070329926,0.1698860814198747,0.2006252061948805,1122.2872331107872
label_box,10,13,2013,400,182.23147117720086,76,0.01845637879423423,-0.14894536473953554,0.1500845081798569,1384.7683505658968
label_disk,3.5,13,2013,32,48.04587545241482,18,-0.004640768554048602,-0.08907560509337341,0.08919641335571099,111.01700187230207
label_disk,4.5,13,2013,60,66.73950662768662,26,0.16046120799780628,0.023128032890281897,0.16211941641114186,208.51217990595563
label_disk,5.5,13,2013,88,80.83566507040199,32,-0.16854894676184262,0.1483703584553569,0.22454957297375908,305.0960992847742
label_disk,6.5,13,2013,124,99.4896884947341,40,0.21540418106749737,-0.20266006124704136,0.2957533797710751,429.605654680841
label_disk,7.5,13,2013,172,113.83125453153933,46,-0.18296441259642648,0.09823547569693614,0.20766844960696057,595.320425361079
label_disk,8.5,13,2013,216,126.83001378401903,52,0.1012540453223223,0.08259265378214814,0.13066724208045674,747.7744312311121
label_disk,9.5,13,2013,276,146.00730777451523,60,0.043554361516339846,-0.21822425868356532,0.22252822177217804,956.6986732248095
label_disk,10.5,13,2013,332,158.99365596585596,66,-0.3050394951775477,0.11271455443170202,0.32519788498529667,1149.791797832381
label_rotated_box,3.5,13,2013,48,62.97023200443819,24,-0.028155161931563644,-0.05887825913420736,0.065263791968192,166.9497231336669
label_rotated_box,4.5,13,2013,84,90.27207280928548,36,0.06687764965199294,0.24101195504760148,0.25011873680082786,291.3762464454322
label_rotated_box,5.5,13,2013,124,108.48631145914936,44,0.07764369303088037,-0.03164081575208932,0.0838432125394253,429.4547676934232
label_rotated_box,6.5,13,2013,164,122.54143661590815,50,0.2895007654822179,-0.41834328291562733,0.5087453150402613,567.784686342257
label_rotated_box,7.5,13,2013,224,149.536819010311,62,-0.2541037258565555,0.2999208185348613,0.3930918478991961,775.7898302704039
label_rotated_box,8.5,13,2013,288,169.0937155156542,70,0.32856633512028743,0.2328029922226047,0.40268234349444126,997.5701370469394
label_rotated_box,9.5,13,2013,364,196.6444153672456,82,-0.5324816925537323,0.16490714060531392,0.5574326129026793,1260.7971845387406
label_rotated_box,10.5,13,2013,444,211.1414479483871,88,0.07213046336685958,-0.41384367232908753,0.4200825976785316,1537.9851745022827
label_box,3,14,2014,36,53.43677618699667,20,-0.11677048985722926,0.01647802189157485,0.11792740354538678,124.65347138745499
label_box,4,14,2014,64,71.9230334714971,28,0.04454206633413582,0.08168240959805838,0.09303768973410473,221.8534518192644
label_box,5,14,2014,100,90.18223153797925,36,-0.09646746666324679,-0.05179779267255056,0.10949421651472357,346.3452701564992
label_box,6,14,2014,144,108.68146322130978,44,0.021301774467577417,0.0731392585151302,0.07617819065592579,499.0083685853068
label_box,7,14,2014,196,127.21261750463462,52,-0.2711169140917806,-0.016756110103442926,0.27163421789687814,679.1997829462858
label_box,8,14,2014,256,145.7363932873406,60,0.025768803983932997,-0.020411185094905582,0.032873206958568206,886.0290680706643
label_box,9,14,2014,324,163.7924229417068,68,-0.02414892358495635,0.091651369107099,0.09477944908849051,1121.903008712193
label_box,10,14,2014,400,182.5019914289985,76,0.04604283781763385,0.11759751975970378,0.1262898236911227,1385.711821925463
label_disk,3.5,14,2014,32,48.26811764555967,18,0.08305428036888962,-0.006472983224442536,0.08330614022638451,110.68738450678995
label_disk,4.5,14,2014,60,66.94354743489087,26,0.09171954574696306,-0.009940593873319914,0.092256655470397,207.9375501506931
label_disk,5.5,14,2014,88,80.6987468241235,32,0.09819494886172553,0.14352539906878228,0.17390166232618393,305.2938538139122
label_disk,6.5,14,2014,124,99.78283299387925,40,-0.054481893127147796,-0.19378521648396732,0.2012982533616624,429.60630074840515
label_disk,7.5,14,2014,172,112.96134194755152,46,-0.09486095767558167,0.17382030819231886,0.19802045558780337,595.7865371834912
label_disk,8.5,14,2014,216,127.64894194872174,52,0.2514492892931042,0.07201529420674901,0.2615586887979289,748.0368290061781
label_disk,9.5,14,2014,276,145.7114718559141,60,0.28913150972180945,0.3337528427529439,0.4415744444141714,955.7563847632979
label_disk,10.5,14,2014,332,159.6528237375574,66,-0.00754759534790006,-0.04531326974556152,0.04593755120345079,1150.196308319728
label_rotated_box,3.5,14,2014,48,62.5361879368931,24,-0.32402123004141004,0.10853047230244571,0.3417142387079302,166.2128336592321
label_rotated_box,4.5,14,2014,84,89.74342137685672,36,0.10932553585144822,-0.044295305306906924,0.11795824202419425,291.9472574839747
label_rotated_box,5.5,14,2014,124,108.65224480908593,44,0.2234831292930246,0.4081819399083433,0.4653570727365612,430.1637078863202
label_rotated_box,6.5,14,2014,164,123.166504933045,50,-0.6860621591985852,-0.2505745856862449,0.7303895599445943,568.1574421723989
label_rotated_box,7.5,14,2014,224,149.76675196680907,62,0.2755053218227319,0.5955371060711119,0.6561765212655828,776.4986483039148
label_rotated_box,8.5,14,2014,288,168.30906404347527,70,-0.1110127017886402,-0.21943588245086781,0.24591853623792703,997.706786751048
label_rotated_box,9.5,14,2014,364,196.4331612622282,82,-0.0440824710899097,-0.05610724892125228,0.07135325948339073,1260.2635086725807
label_rotated_box,10.5,14,2014,444,210.653203804441,88,0.5549654171905827,0.3603159223317193,0.6616752815114639,1537.3919644626865
label_box,3,15,2015,36,52.824777658362514,20,-0.07308556608431394,0.0708519008695258,0.1017914133249447,124.4420311447704
label_box,4,15,2015,64,71.73138800980459,28,0.023345107184989722,-0.022404540052451648,0.0323567217814254,221.59518365321017
label_box,5,15,2015,100,89.84471607700483,36,-0.0384250383092537,-0.08113858163507526,0.08977724098466931,346.4046664572246
label_box,6,15,2015,144,108.41081505597649,44,0.06954271053917926,0.03141818052347686,0.07631048850939073,499.14566909856023
label_box,7,15,2015,196,127.28492062024726,52,-0.10523283784549209,-0.008190544683046377,0.1055511022359341,678.9498736919363
label_box,8,15,2015,256,145.5758299035584,60,0.029336123334927855,0.09998588422664163,0.1042006966238973,886.5956459262304
label_box,9,15,2015,324,164.3885134811449,68,-0.04050824652626872,0.029719713683489482,0.050241212346653755,1122.6043948959136
label_box,10,15,2015,400,182.7933855354587,76,0.15727827084260637,0.03510617882271591,0.16114868373887747,1385.3780266074252
label_disk,3.5,15,2015,32,48.48206421131424,18,0.06973509654271881,0.015388584715976684,0.07141282958532805,110.61800062701069
label_disk,4.5,15,2015,60,67.18443573107301,26,0.1768244781348396,-0.16369444429403202,0.24096216956275587,207.66103648775822
label_disk,5.5,15,2015,88,80.29562410283937,32,-0.2260551591953428,0.007598478625484781,0.22618282842924597,304.93954231397686
label_disk,6.5,15,2015,124,98.96953503008089,40,0.13562864483579418,0.07006317928939843,0.15265640632522562,429.8453036336634
label_disk,7.5,15,2015,172,113.46852134234891,46,0.09696349372339563,0.2563954294815808,0.27411773998428346,595.8948994969566
label_disk,8.5,15,2015,216,127.0318744216552,52,-0.37874306122406454,0.2931266542519554,0.47892540322927213,747.3825432281461
label_disk,9.5,15,2015,276,145.50478885237047,60,0.07759526297791686,-0.33773699558301956,0.3465361496612679,955.7231186064714
label_disk,10.5,15,2015,332,158.97960030826493,66,-0.06529001819155411,0.00043042415386291416,0.06529143696079674,1150.6004387312178
label_rotated_box,3.5,15,2015,48,62.36467275816169,24,0.048538093429204565,0.18863980788000573,0.19478430026762336,166.27469755167266
label_rotated_box,4.5,15,2015,84,90.86017930827364,36,-0.21634207145121565,-0.11246098969982879,0.2438265081652688,290.6385412808515
label_rotated_box,5.5,15,2015,124,108.24323720136158,44,0.38151668572337005,-0.26606903559832645,0.4651319309503146,429.80380439094307
label_rotated_box,6.5,15,2015,164,121.75817050727551,50,-0.16419390989418003,0.17910404882393022,0.24297716014362933,568.345839935963
label_rotated_box,7.5,15,2015,224,150.77749835222522,62,-0.14694594069514633,0.13154934291718706,0.19722661866169366,776.6331597314619
label_rotated_box,8.5,15,2015,288,168.47512195320866,70,0.2787939102742567,0.06473190584202693,0.2862101745919445,997.7456244675176
label_rotated_box,9.5,15,2015,364,195.60192366592477,82,-0.34390661881826823,-0.5347566106584718,0.6357958753483307,1260.904861599913
label_rotated_box,10.5,15,2015,444,211.61346568915872,88,-0.025255122062876723,0.7191938868939016,0.7196371781223987,1538.4828178922744
label_box,3,16,2016,36,53.33722232326327,20,-0.0913481565944867,0.13636750692222588,0.16413586645640307,124.3267863001937
label_box,4,16,2016,64,71.79601182593831,28,0.12179196791553704,-0.06557719447528396,0.138324444275003,221.46026870456245
label_box,5,16,2016,100,89.71172767768891,36,0.00962841702506445,-0.040686800900372994,0.04181055108360979,346.5717839939661
label_box,6,16,2016,144,108.69449501140888,44,-0.23285806706947065,-0.02906955053471484,0.23466554533552733,499.1123375198425
label_box,7,16,2016,196,127.2679291256862,52,0.05515230058421272,0.00701615206844694,0.055596786324201536,678.6924927618693
label_box,8,16,2016,256,145.62884346204845,60,-0.0348044570820325,0.02707532229712803,0.04409561554472735,886.5392141960792
label_box,9,16,2016,324,164.71731094151872,68,0.13497490431802683,-0.027672015833211994,0.13778231111406875,1121.7225033112816
label_box,10,16,2016,400,182.1414874007691,76,0.07234575793333109,-0.12868545151913796,0.14762741657169426,1385.791907365394
label_disk,3.5,16,2016,32,48.25283322315087,18,-0.0780680078844731,0.03879144677406434,0.08717448134560492,110.35086718183388
label_disk,4.5,16,2016,60,66.80280627561105,26,-0.10992006937690446,0.037235708206054256,0.11605567464553342,207.71089693438665
label_disk,5.5,16,2016,88,81.02417681389772,32,0.4551537445087148,-0.2403928559074567,0.5147364921118841,305.0615319420442
label_disk,6.5,16,2016,124,99.06542662039902,40,-0.0637152255425506,-0.07129964337434624,0.0956204429567603,429.6969996956
label_disk,7.5,16,2016,172,113.22811193002477,46,0.19553631094552326,0.06506013834495955,0.20607588529386361,595.8217803243205
label_disk,8.5,16,2016,216,127.42579757567546,52,-0.3704760721536653,0.11958935197840308,0.3892995416707066,748.3516179327772
label_disk,9.5,16,2016,276,145.67504951621189,60,0.2639505640248476,0.0004934309693513314,0.26395102523604014,955.2108305859649
label_disk,10.5,16,2016,332,158.8821767199575,66,-0.13170024525407653,-0.39006089151374446,0.41169461216839,1149.74018775768
label_rotated_box,3.5,16,2016,48,62.33980531429373,24,0.004344288554905429,-0.08892412946423628,0.08903018389299518,165.9730343070126
label_rotated_box,4.5,16,2016,84,90.61106007759545,36,0.06267099641328633,0.31429757321811663,0.32048497362939116,291.28635257926186
label_rotated_box,5.5,16,2016,124,108.24489987753425,44,-0.15117775623985352,-0.5355260601020839,0.5564556361743291,429.8032433553707
label_rotated_box,6.5,16,2016,164,122.22753800415835,50,0.017241198513299416,0.10088409527793439,0.10234676158150946,568.1564368272933
label_rotated_box,7.5,16,2016,224,150.18591832489292,62,-0.3742766348340658,0.14975587831391518,0.4031250705082541,775.8225328884641
label_rotated_box,8.5,16,2016,288,168.64635309724144,70,0.2832672798254028,-0.2567243318380589,0.3822927338799167,997.9212082733736
label_rotated_box,9.5,16,2016,364,195.62104293295,82,0.05869653416828813,-0.12113754472709876,0.1346090185161413,1260.7759266861244
label_rotated_box,10.5,16,2016,444,210.7916582563156,88,-0.2193343016360494,-0.03146691188982548,0.22158001357987037,1537.8689422004536
label_box,3,17,2017,36,53.38331700549078,20,0.1293812145107025,0.008691518967644918,0.12967282356079607,125.0416464634614
label_box,4,17,2017,64,71.86704738416782,28,0.15335660642721205,0.17844322679062996,0.2352875558169684,222.23928941991136
label_box,5,17,2017,100,90.18288821988735,36,-0.10424914226822857,-0.05668101471600382,0.11866179289433142,346.62403809515945
label_box,6,17,2017,144,108.79911872268487,44,0.10748066770086462,0.0637195524632368,0.12494909081517508,498.5094029144006
label_box,7,17,2017,196,126.84172229510585,52,-0.1668468008390005,0.05971127820872471,0.17720973927955772,678.1633226611206
label_box,8,17,2017,256,145.46140100066188,60,0.1652511872588187,-0.12741128119062578,0.20866621543768382,885.6718833294447
label_box,9,17,2017,324,163.92359097351718,68,-0.018529972738149603,0.009882253676691537,0.021000448266812088,1120.9099120687388
label_box,10,17,2017,400,182.16521755513781,76,0.08486621658001914,-0.17771807692522967,0.19694158926597644,1384.7796255103476
label_disk,3.5,17,2017,32,48.24704135897698,18,0.21669365929685558,0.03283462838402956,0.21916718458879525,111.01172362540348
label_disk,4.5,17,2017,60,66.9796278266577,26,-0.22844600023551065,0.0306089639999714,0.2304874914192839,208.48064336480846
label_disk,5.5,17,2017,88,81.03034488936356,32,0.16703084243818145,0.038589379249125116,0.17143057637551537,305.02127081866234
label_disk,6.5,17,2017,124,99.2665961079915,40,-0.11384264780759779,-0.02459624117181007,0.11646941031715836,429.2440817345881
label_disk,7.5,17,2017,172,113.18780176313265,46,-0.12099159846542795,0.15368026191751924,0.19559291858923897,595.1658978946301
label_disk,8.5,17,2017,216,126.84030744225012,52,0.0650278507038542,0.2014689726071271,0.21170349144625386,747.5937160434511
label_disk,9.5,17,2017,276,146.1175483779349,60,-0.11032893295920765,-0.09244617486945504,0.14394015664820986,955.1489984162541
label_disk,10.5,17,2017,332,159.29406611296213,66,-0.40266181968879433,-0.1780370628641208,0.44026552986620926,1149.0154111606798
label_rotated_box,3.5,17,2017,48,63.34617905817134,24,0.13342271582826148,0.03524310190544355,0.13799890336849238,166.89524755507972
label_rotated_box,4.5,17,2017,84,90.18428507370606,36,-0.18472092398285023,0.23559612497132215,0.2993782788690268,291.1175242660947
label_rotated_box,5.5,17,2017,124,108.47318303076173,44,0.006453557165564394,-0.5602109664492846,0.5602481372839455,429.66655572565935
label_rotated_box,6.5,17,2017,164,121.45827815146785,50,0.23385972546121403,0.2699297224751477,0.3571448253416317,567.9846555044054
label_rotated_box,7.5,17,2017,224,150.1212140778369,62,-0.1307995825388102,-0.21581341729647202,0.2523568146048531,775.3186185037808
label_rotated_box,8.5,17,2017,288,169.0071774684183,70,-0.2586073127878028,0.24016188437155545,0.35292417447976676,997.4332052071687
label_rotated_box,9.5,17,2017,364,196.85986541835905,82,0.3726750093447513,-0.25420843918536595,0.45111926709371475,1260.6724628025302
label_rotated_box,10.5,17,2017,444,209.9506188158419,88,0.16902979051082045,0.20353307796488118,0.2645690531902593,1536.9401048197485
label_box,3,18,2018,36,53.15162324815042,20,-0.05039032587963144,-0.06296704413782242,0.08064758886482552,124.62642274757606
label_box,4,18,2018,64,71.68641903749388,28,0.01806411703946109,0.02645243650735976,0.03203191723252369,221.26864925370472
label_box,5,18,2018,100,89.76151275911468,36,-0.1973174307211396,0.031630525747370464,0.1998365797982111,345.73050990666866
label_box,6,18,2018,144,108.20753267018759,44,0.08576544094111282,-0.07512036624830809,0.11401219358078966,498.42481046084515
label_box,7,18,2018,196,127.15251625607316,52,-0.028575028285992676,0.016465640311897484,0.032979532325763276,679.0955200396886
label_box,8,18,2018,256,145.7765654689104,60,-0.05826891263859668,-0.0462111047739746,0.07436889393096868,886.7751285842803
label_box,9,18,2018,324,164.20090387238972,68,-0.17086785522607784,0.08781197879171876,0.19211134159355914,1121.6372997938386
label_box,10,18,2018,400,182.42893139767142,76,0.16062711269878882,0.09122198605172736,0.18472281957887862,1385.248785374883
label_disk,3.5,18,2018,32,48.41707993290805,18,0.027094462706266143,0.020208968958154057,0.03380107003769083,110.6637774003852
label_disk,4.5,18,2018,60,66.67641880414975,26,0.06720141220134135,0.014377379710308807,0.06872218600414999,207.7180453412645
label_disk,5.5,18,2018,88,80.93354715205706,32,0.039858143591573025,0.2360488536505452,0.23939033589579795,304.62287373915757
label_disk,6.5,18,2018,124,99.19258413328544,40,-0.19016754011493608,-0.03190552389005291,0.19282545414976873,429.3545125236701
label_disk,7.5,18,2018,172,113.80117110899775,46,0.37865867519804297,0.29054251753498866,0.47728120306409116,595.8518617128511
label_disk,8.5,18,2018,216,127.04135561743064,52,-0.18319460181442748,-0.38778767024010535,0.4288817311616284,748.0517491767716
label_disk,9.5,18,2018,276,145.45071998689644,60,0.16785119287788985,0.05654617020331652,0.1771199941147047,956.1414476752533
label_disk,10.5,18,2018,332,159.56866500412335,66,0.036746752799113214,0.42939424669210935,0.43096373737654914,1149.7974829556329
label_rotated_box,3.5,18,2018,48,62.709045120506886,24,0.08931654452329907,0.024678247555685876,0.09266315895760396,166.18109542324711
label_rotated_box,4.5,18,2018,84,90.63564582655893,36,0.05683805026165789,0.03905493168497817,0.06896268299932262,290.8370054743097
label_rotated_box,5.5,18,2018,124,108.30343546124922,44,0.006336195723641858,-0.22323355471876352,0.22332345897514547,429.16710992475623
label_rotated_box,6.5,18,2018,164,122.72222134720104,50,-0.10284377212820406,0.013183145547242356,0.10368527760524991,568.4270905072938
label_rotated_box,7.5,18,2018,224,150.85826430383347,62,0.18602388689187466,0.14159126449307868,0.23377975249176294,775.7571147760526
label_rotated_box,8.5,18,2018,288,168.27330330632392,70,-0.6890454606735017,-0.5321722198824789,0.8706267389010078,996.8793673334179
label_rotated_box,9.5,18,2018,364,196.76789323773733,82,0.18382623607619708,0.5180646025851675,0.549711758580503,1260.9935071049745
label_rotated_box,10.5,18,2018,444,210.6049198034319,88,-0.08171678188672882,-0.2331438645081519,0.24704998279643473,1538.7974597943858
label_box,3,19,2019,36,53.25530454798567,20,0.03575408876303143,0.1494819102913675,0.1536983941608733,124.58700595906159
label_box,4,19,2019,64,71.53937922730084,28,0.028103521560920885,-0.07145707272763277,0.07678490194645914,221.32319535551935
label_box,5,19,2019,100,90.11081030378209,36,-0.04996271709970834,-0.0761943231187728,0.09111447731021369,346.54175152343174
label_box,6,19,2019,144,108.47187134897992,44,-0.03143991162956983,-0.046288131685371325,0.055955868130138385,499.65337778791474
label_box,7,19,2019,196,127.5224185459433,52,-0.1341281894652333,0.08772972063463556,0.1602712547272677,679.953366918775
label_box,8,19,2019,256,145.75946404077305,60,-0.04124111884287629,0.022914853770904464,0.04717966094361192,886.8174282045125
label_box,9,19,2019,324,163.83105576578495,68,0.022067123242589304,0.061056499182124656,0.06492190709290982,1122.6230448694698
label_box,10,19,2019,400,182.62276289625035,76,0.005293716496095335,0.03245120647906854,0.03288014957825119,1386.4842327163228
label_disk,3.5,19,2019,32,48.51946662683262,18,-0.13319063448232438,-0.11282572451627579,0.17455483157571633,110.88579281374145
label_disk,4.5,19,2019,60,67.12117105089607,26,-0.0606856879882649,-0.19621124957079025,0.2053816135508239,207.37012624883062
label_disk,5.5,19,2019,88,80.75935019740615,32,-0.12884110962149142,0.010124281767992044,0.12923827842328628,304.8577400787554
label_disk,6.5,19,2019,124,99.79703268263336,40,0.07934780020290999,0.20936036440279976,0.22389246432141038,430.32641783113075
label_disk,7.5,19,2019,172,113.31687520966875,46,0.1599217274016942,-0.14177170269635064,0.21371517161999573,596.8609168942869
label_disk,8.5,19,2019,216,127.2892981976527,52,-0.18075061125386904,0.2531755647339879,0.31107659835966606,748.9392197169497
label_disk,9.5,19,2019,276,145.9048594156315,60,-0.029405770767120476,-0.22825215582222336,0.23013853652072477,956.6427020199761
label_disk,10.5,19,2019,332,159.2758176028824,66,-0.18448735198635013,-0.31268976542568433,0.363057120085676,1150.737424838057
label_rotated_box,3.5,19,2019,48,62.884380539838034,24,-0.10762576792159528,0.3360673640018191,0.3528804033491294,165.86718285998003
label_rotated_box,4.5,19,2019,84,90.69486855596571,36,0.035955417477428586,-0.23784543760522459,0.24054780031336176,291.34815557340664
label_rotated_box,5.5,19,2019,124,108.16835914506183,44,-0.05442650333515209,0.5448932519855403,0.5476046934830534,429.92559232717286
label_rotated_box,6.5,19,2019,164,123.23392191537462,50,-0.007379428193256654,-0.575111644008985,0.5751589858771023,568.681414153427
label_rotated_box,7.5,19,2019,224,150.25915188156506,62,0.3165347641398948,0.3111204656216975,0.4438357816104518,777.4856581031745
label_rotated_box,8.5,19,2019,288,168.3334195796865,70,-0.3420201498804789,0.25298564881216834,0.4254168795771731,999.2637789047736
label_rotated_box,9.5,19,2019,364,196.43808661975416,82,-0.1747112754610658,-0.014482106471553617,0.17531047082557796,1262.145534274451
label_rotated_box,10.5,19,2019,444,210.72021659285386,88,-0.1819222166686738,0.3577074499302355,0.4013107432566886,1539.1986502141933
label_box,3,20,2020,36,53.1567770866123,20,0.041448491861611814,-0.03467783176222902,0.05404192347919864,124.48637266386376
label_box,4,20,2020,64,71.49226966318444,28,-0.1231003965451487,0.022551603807005147,0.12514904100248228,221.25960607237886
label_box,5,20,2020,100,90.21274489569235,36,-0.033294070614906524,0.07607564735252287,0.08304215350179571,345.9124004261032
label_box,6,20,2020,144,108.31608396206356,44,0.037797144047126086,0.02245770784327307,0.04396558585636051,498.40746370912876
label_box,7,20,2020,196,127.2794808708863,52,-0.09333244381428996,-0.15323786756004903,0.17942349100019964,679.134712676648
label_box,8,20,2020,256,145.82499055897785,60,0.10789955451849131,0.017755456648835113,0.10935067492291733,886.4502389276206
label_box,9,20,2020,324,164.0394593357189,68,0.04293248642636671,0.08726483181917549,0.09725404497078333,1122.3677129143314
label_box,10,20,2020,400,183.17219971290749,76,-0.015029518533013153,-0.007452709586010783,0.016775854896475557,1385.567566846119
label_disk,3.5,20,2020,32,48.487157228058294,18,0.07069657358375192,-0.054766672554877244,0.08942814959069652,110.95627117807767
label_disk,4.5,20,2020,60,67.17004060015965,26,-0.057872762468886396,-0.1583041757678138,0.1685510863249093,207.44617968833145
label_disk,5.5,20,2020,88,80.42852630700021,32,0.04253528366703385,-0.11243898699333174,0.1202155403960805,304.4443460521881
label_disk,6.5,20,2020,124,99.67436619798438,40,-0.19357306640631222,0.3526229474724898,0.4022604568213595,429.39391030222924
label_disk,7.5,20,2020,172,113.55829389660788,46,-0.14658759383958397,0.07151932231691734,0.16310406534587035,596.1466340305568
label_disk,8.5,20,2020,216,126.45627318914906,52,0.003217594250930489,-0.0018508211931186347,0.003711933707990758,748.2561971337731
label_disk,9.5,20,2020,276,145.48128576850266,60,0.1752575077983658,-0.17834288158765926,0.25004275125002945,955.5811400047269
label_disk,10.5,20,2020,332,159.27989546840658,66,0.17822861877847584,0.07774657822153236,0.19444786184692317,1149.289710769413
label_rotated_box,3.5,20,2020,48,62.674436465586666,24,0.19295375655729563,0.024098063009043588,0.19445274184325595,166.22063650742425
label_rotated_box,4.5,20,2020,84,89.82811104710346,36,-0.1259761340939125,-0.2671549706216514,0.29536716928105405,290.8037994348259
label_rotated_box,5.5,20,2020,124,108.79208090871062,44,-0.03602568087088853,0.43006986864774793,0.43157611333448737,429.55795393135145
label_rotated_box,6.5,20,2020,164,123.64035939984674,50,-0.2648801015114377,0.12435478849042278,0.2926184915503587,568.6989959620704
label_rotated_box,7.5,20,2020,224,149.8480925200066,62,0.39371679720064323,-0.7802323278187602,0.8739424476310861,775.9559729340922
label_rotated_box,8.5,20,2020,288,169.84431957500001,70,0.17166048451773586,0.1557191930468702,0.23176666936389337,997.3538186507292
label_rotated_box,9.5,20,2020,364,196.2447889482952,82,0.06053694205547666,-0.09912335502398037,0.11614715177152728,1260.596144191072
label_rotated_box,10.5,20,2020,444,210.30658320944679,88,-0.2938993471705884,0.1037069390701614,0.31165999980523684,1537.6760611726504
label_box,3,21,2021,36,53.19083174005861,20,-0.04215069351393019,0.11565360122213468,0.12309523321133857,124.7577775924058
label_box,4,21,2021,64,71.48566062446167,28,0.17629997955170396,-0.0929279499960059,0.1992919634114517,221.76872652081786
label_box,5,21,2021,100,89.98698686241396,36,-0.07182142300600347,0.033048348678386436,0.07906016792908735,346.77722098682136
label_box,6,21,2021,144,108.56594057730834,44,-0.018536911791285693,-0.07774710287434462,0.0799263980428984,498.74409099270326
label_box,7,21,2021,196,127.0072290053486,52,0.010992645871317208,-0.054092243513377866,0.05519790821727538,678.5787999249683
label_box,8,21,2021,256,145.2759600768531,60,0.06899677453279907,0.008955518367922952,0.06957554315395688,886.6364342431181
label_box,9,21,2021,324,163.8609845353124,68,-0.15338127169393045,-0.08836167869823326,0.17701299604497156,1122.895651567965
label_box,10,21,2021,400,183.08741059312234,76,0.21264129711578228,0.15522089185798124,0.26326763285347005,1386.0576563113011
label_disk,3.5,21,2021,32,48.525873073742964,18,-0.1457428122196558,0.048513986822646876,0.15360525456872173,110.7924701953375
label_disk,4.5,21,2021,60,66.87386043025798,26,0.14556217299264818,-0.0893113514615008,0.17077723415672638,208.03766446348408
label_disk,5.5,21,2021,88,80.693674776484,32,-0.037534579932297696,0.19767790266995264,0.20120983548197963,305.2993663239989
label_disk,6.5,21,2021,124,99.17034155104211,40,-0.0014643786921153534,-0.11798847467814833,0.11799756167747692,429.3541693529661
label_disk,7.5,21,2021,172,112.9363580332115,46,-0.10577513491532997,0.28827268710654924,0.30706598850733485,595.3231523806195
label_disk,8.5,21,2021,216,127.18238831302791,52,-0.05722507707666402,-0.11225460182470232,0.12599922649465986,748.320898540387
label_disk,9.5,21,2021,276,145.31206053086595,60,-0.007360519245691588,-0.054920865233499844,0.055411900180037575,956.9999656644044
label_disk,10.5,21,2021,332,159.5733999278397,66,0.155704266059006,0.4919544648135587,0.5160067963883506,1150.9102450337969
label_rotated_box,3.5,21,2021,48,62.736568110883105,24,0.08333158126798734,0.23167259942013868,0.24620387031626295,166.3669046996413
label_rotated_box,4.5,21,2021,84,90.31280850648378,36,-0.12903578156869333,-0.3087397847785677,0.33461991517266254,291.31491635588424
label_rotated_box,5.5,21,2021,124,108.7664417680675,44,-0.08156277859997729,0.1717132300114741,0.19009976384499355,429.130503907419
label_rotated_box,6.5,21,2021,164,122.42145982290415,50,-0.07218927133080033,-0.14402124961285526,0.1611006245652706,567.610199199865
label_rotated_box,7.5,21,2021,224,150.23034590068227,62,0.06886848530220124,0.2322343998909311,0.2422306437272551,775.9278129618474
label_rotated_box,8.5,21,2021,288,167.94088253891508,70,-0.12466072472243983,-0.0077169913708876325,0.12489935245685733,997.8428908606926
label_rotated_box,9.5,21,2021,364,196.87459664536908,82,-0.22857660669497504,-0.24406371166704194,0.33438654351047425,1261.380939214676
label_rotated_box,10.5,21,2021,444,210.5345316469693,88,0.6187551296306077,-0.18151533752847546,0.6448299994589788,1537.8179213743178
label_box,3,22,2022,36,53.18650515851536,20,-0.10664638362049672,0.08774176094517945,0.1381016573147881,125.02039667816308
label_box,4,22,2022,64,71.66181206466236,28,0.0013620074395910287,0.015344241987051366,0.015404571607892617,222.18056767342014
label_box,5,22,2022,100,90.3101841625096,36,-0.08208563046560302,-0.02479202518744024,0.08574785852620581,346.3975561014544
label_box,6,22,2022,144,108.64194500911475,44,-0.09727766967984275,-0.028452111103725405,0.10135318270582001,498.35831049564877
label_box,7,22,2022,196,127.0356545073827,52,0.05046531726615955,-0.06655345163408682,0.08352311159903512,678.8099767348054
label_box,8,22,2022,256,145.67691452523,60,-0.06552494670497166,-0.014032255695671236,0.06701061737216032,886.9189986438258
label_box,9,22,2022,324,163.8597075717652,68,0.04795301093506277,0.05763985823378802,0.07497896048192072,1122.1362357417113
label_box,10,22,2022,400,182.29967028938043,76,0.008932729006671636,-0.07230697470678117,0.072856655418388,1386.0168249455967
label_disk,3.5,22,2022,32,48.54795602449864,18,-0.13745265250315652,-0.1365660488390492,0.19376149611226445,111.0923280201058
label_disk,4.5,22,2022,60,67.31864907623174,26,0.1489963218069481,-0.08648093080201413,0.17227552148921912,208.2551064007246
label_disk,5.5,22,2022,88,80.7026815928694,32,0.07893861330590868,0.04908096714056524,0.09295292360175138,305.2499346793795
label_disk,6.5,22,2022,124,99.45556737523047,40,-0.15576307113828403,-0.04007857910956818,0.1608366464269634,429.5601669065901
label_disk,7.5,22,2022,172,112.93309656859587,46,0.4353590543131163,-0.005309159776276197,0.43539142544375053,595.292691353696
label_disk,8.5,22,2022,216,127.43729900033341,52,-0.05492442226341865,0.0008476271046404318,0.0549309624226523,748.3957576687199
label_disk,9.5,22,2022,276,145.39476919627634,60,0.20188793391436244,0.03388976916202277,0.20471261395933854,956.793562656104
label_disk,10.5,22,2022,332,159.52480168836496,66,-0.159828475323343,-0.2389240242908696,0.28745405008023195,1150.515396116524
label_rotated_box,3.5,22,2022,48,62.226335455179786,24,0.08276328103353991,0.05911217609178007,0.10170550648682855,166.65842574685558
label_rotated_box,4.5,22,2022,84,90.11114354701755,36,-0.07305395004108739,0.1737267699913569,0.18846185350949807,291.3049882818673
label_rotated_box,5.5,22,2022,124,108.14450483736579,44,0.386784281648743,0.006122431310227966,0.38683273477781405,429.83453725438386
label_rotated_box,6.5,22,2022,164,123.1465477885399,50,-0.32564593681198284,-0.04330198743214066,0.32851231069432874,567.997636490381
label_rotated_box,7.5,22,2022,224,150.30150952946195,62,0.5951758641717841,0.0948102654837096,0.6026800940247832,776.2238196045538
label_rotated_box,8.5,22,2022,288,168.94453514785545,70,-0.19272869236709678,-0.09712718461548157,0.21581945893005308,998.2385918766071
label_rotated_box,9.5,22,2022,364,196.03168670262232,82,-0.11490406542064502,-0.014138487739789547,0.11577063999892222,1261.753284286466
label_rotated_box,10.5,22,2022,444,209.55479369007878,88,-0.34600281213835027,-0.25112792668839923,0.42753149775245863,1537.4591616384857
label_box,3,23,2023,36,53.36649156757007,20,0.003239126177529972,-0.02474039353120322,0.02495153322889722,125.15435696493964
label_box,4,23,2023,64,71.81489938660621,28,0.012864544476681505,0.07940242752127112,0.08043781449581552,221.99608035597066
label_box,5,23,2023,100,89.97344456645568,36,0.022586214599858767,-0.04252088195536673,0.04814729994727747,346.47017685857406
label_box,6,23,2023,144,108.55836766451841,44,0.12128988236257499,-0.09628108689268565,0.15485891403714597,497.5562080043728
label_box,7,23,2023,196,126.95493068144016,52,-0.13060752939600162,-0.1896387800756698,0.23026331371609263,677.5851013690836
label_box,8,23,2023,256,145.77761042555053,60,0.03498616813370603,0.0012235575609630678,0.03500755709536067,886.1035742532603
label_box,9,23,2023,324,163.80471254052114,68,0.07469208794354554,-0.0317863620446403,0.08117438520493574,1122.558865124576
label_box,10,23,2023,400,182.74082226575626,76,0.10864145041328799,0.08200635342321448,0.1361176210109333,1386.1671663959137
label_disk,3.5,23,2023,32,48.79170276231583,18,-0.18101810500859417,0.00529033081459182,0.1810953945881293,111.32097911819616
label_disk,4.5,23,2023,60,67.15487887942807,26,0.03472798636135099,0.10482748614357117,0.11043022633271556,208.31409655722905
label_disk,5.5,23,2023,88,80.92508681923296,32,-0.0714914115749199,-0.05175447323314831,0.08825841279229564,305.3667840477147
label_disk,6.5,23,2023,124,99.1335854348457,40,0.14796445050257212,0.05568389471447257,0.15809546085546095,429.08079341125966
label_disk,7.5,23,2023,172,112.92071366776476,46,-0.05217938821827239,-0.10677741078166617,0.11884487371388747,594.5197053806702
label_disk,8.5,23,2023,216,127.36849167264236,52,0.038341589567502776,0.20867790807401765,0.21217103197352602,747.0479442009549
label_disk,9.5,23,2023,276,145.59526022215348,60,-0.34931023129156014,-0.33884966205942757,0.4866587419976667,955.9518511546087
label_disk,10.5,23,2023,332,158.99648261492848,66,0.36657113738730196,0.21574414693923927,0.42534684165273906,1149.7025958226136
label_rotated_box,3.5,23,2023,48,62.5827752556383,24,-0.06619661386469256,0.0080319618343037,0.06668211227952305,166.76554493001638
label_rotated_box,4.5,23,2023,84,89.60986956419488,36,-0.15004745799172525,-0.08469564688671576,0.17230087710553826,291.4209067036056
label_rotated_box,5.5,23,2023,124,108.4375496798293,44,-0.44865793278153054,0.32744350879048884,0.5554396385718464,429.2522376896073
label_rotated_box,6.5,23,2023,164,122.21198609566055,50,0.26361456775194103,-0.25824188620794036,0.3690277931582898,567.2074070365668
label_rotated_box,7.5,23,2023,224,150.66070274052032,62,0.058383885202550445,0.5240011378853565,0.5272436538797721,775.2860428807589
label_rotated_box,8.5,23,2023,288,168.59558381923907,70,-0.09422502848497549,0.1311327638911996,0.16147494467792686,996.9897639162712
label_rotated_box,9.5,23,2023,364,196.8687256546186,82,-0.3971548258658606,-0.2593295962318171,0.47432456734845535,1260.0833356461922
label_rotated_box,10.5,23,2023,444,211.6314622936391,88,0.13399284261001387,0.7650480104851125,0.7766933373075507,1537.619806004829
label_box,3,24,2024,36,53.27036423513206,20,0.17291424697729996,0.022247945878402633,0.17433963377136888,124.23192261518913
label_box,4,24,2024,64,71.64298391438238,28,-0.031935494490127336,0.06627208818265047,0.0735653823507902,221.59068628666054
label_box,5,24,2024,100,90.43580729630023,36,0.09148845445209597,-0.03987595677704714,0.09980094802614939,346.8659476607757
label_box,6,24,2024,144,108.7505344415769,44,0.12051555089072075,0.1542209064137645,0.1957245155354255,499.4469511679743
label_box,7,24,2024,196,127.12422959114072,52,0.034657042340485056,-0.06636840531671448,0.07487239683671058,678.8417122561199
label_box,8,24,2024,256,145.79478291701588,60,-0.10473915661036148,0.16781330587114365,0.19781707852167832,885.8576391461123
label_box,9,24,2024,324,163.73108682458314,68,-0.010275318252312093,-0.11951180413112439,0.11995271356606543,1121.0933169488742
label_box,10,24,2024,400,182.4947017427998,76,0.0008275557467691819,0.042401172216636904,0.04240924726824224,1385.2362599440257
label_disk,3.5,24,2024,32,48.4426028286776,18,0.019610028706327665,0.23986115128945223,0.24066143256401615,110.3230065372259
label_disk,4.5,24,2024,60,67.1173882194877,26,-0.25637131500840393,-0.14139499952161383,0.2927777263537229,207.8243468973923
label_disk,5.5,24,2024,88,81.18520566321651,32,0.11392078457023569,0.18612629718889537,0.21822223457371856,305.0919074465391
label_disk,6.5,24,2024,124,99.60677242467091,40,0.3412285908498931,0.053745054940847053,0.34543520686808754,430.0593327671759
label_disk,7.5,24,2024,172,112.91555086098887,46,0.16130243138010858,0.13665528932180848,0.21140752699173657,596.3943528556695
label_disk,8.5,24,2024,216,127.6252202576712,52,-0.20165115390074284,-0.10403566616128618,0.226906605684197,747.9557298479424
label_disk,9.5,24,2024,276,144.82684186512884,60,0.12671662569734288,0.15655879661473102,0.2014143987543423,954.6537203032824
label_disk,10.5,24,2024,332,159.22594919526526,66,-0.40535509045833296,0.2570149618219214,0.4799681655701834,1149.3369742240957
label_rotated_box,3.5,24,2024,48,62.78846785213733,24,0.03157497122113595,0.027404665002708772,0.04180902380499041,165.91409253053317
label_rotated_box,4.5,24,2024,84,90.3580266849916,36,-0.4862267699587184,-0.3474320694908803,0.5975997947918024,291.86483116469543
label_rotated_box,5.5,24,2024,124,108.77452632578803,44,0.32990551217872266,0.22145486339218828,0.3973410417839543,429.94473137264015
label_rotated_box,6.5,24,2024,164,122.1290663024648,50,-0.11566182899409672,0.11040565193487961,0.1598970502086435,568.0608715493019
label_rotated_box,7.5,24,2024,224,150.4690364664168,62,-0.16343422807163943,0.03189222946069547,0.16651684961392438,776.3169238733985
label_rotated_box,8.5,24,2024,288,168.61532905355125,70,-0.037681422904943584,-0.9111478240693023,0.9119266675223208,997.3903655879238
label_rotated_box,9.5,24,2024,364,196.12724252821283,82,-0.3843959523808613,0.31182742769518923,0.4949713050973641,1260.0231317480298
label_rotated_box,10.5,24,2024,444,210.08491992057216,88,-0.2587701749696065,0.22864506801079837,0.3453122797982478,1537.465713813129
label_box,3,25,2025,36,52.752345811767455,20,0.06859528058622821,0.0015837046434695329,0.06861356016926337,124.65423967351003
label_box,4,25,2025,64,71.874421393507,28,0.0021241343366629195,-0.048945012877192204,0.04899108319101243,221.44394455571154
label_box,5,25,2025,100,89.96659790370957,36,-0.12519460295774243,0.07410970405194149,0.14548517740448036,346.5879891383611
label_box,6,25,2025,144,108.58219288307906,44,-0.028442642546346875,0.05981653176841366,0.0662344426097246,498.8853283869097
label_box,7,25,2025,196,126.54532086118877,52,-0.005143895233001405,-0.1703815212565638,0.17045915183371352,678.8443988768128
label_box,8,25,2025,256,145.82714211261037,60,0.09866300563583996,0.1298436725266648,0.16307595768938335,887.671100658688
label_box,9,25,2025,324,164.04008761604655,68,0.012222710468206,-0.10760664234971709,0.10829858784383811,1123.5762881196672
label_box,10,25,2025,400,182.76260808726488,76,0.07794215370557689,-0.0375642585862174,0.08652197898450995,1386.3244590202523
label_disk,3.5,25,2025,32,48.8560756826213,18,-0.00022678074030890727,0.03082906864510425,0.030829902741149297,110.78352225218019
label_disk,4.5,25,2025,60,67.12036046273927,26,-0.13821477716439068,0.05565798575565489,0.14900045639184753,207.62284885922227
label_disk,5.5,25,2025,88,80.41948348076654,32,-0.17078594759922305,-0.2543818760020944,0.30639513497395726,304.92750156786616
label_disk,6.5,25,2025,124,99.33471532509289,40,0.2935925539673194,0.21022103323005992,0.3610948221137591,429.9617029096786
label_disk,7.5,25,2025,172,113.36816026499693,46,-0.2600667162543764,-0.35078138892135985,0.43667182152840206,595.7750437644786
label_disk,8.5,25,2025,216,126.6786606760222,52,0.05426780571808054,-0.1601096357521051,0.1690564704414685,748.1729839159092
label_disk,9.5,25,2025,276,145.17152819492816,60,-0.01910129753679568,0.3325899328359993,0.33313799391760124,956.9556891222228
label_disk,10.5,25,2025,332,159.9290664875486,66,-0.08419227362441228,-0.4268161986434021,0.4350406950647858,1151.0397946730252
label_rotated_box,3.5,25,2025,48,62.31812963704609,24,-0.006967603827823687,0.2919362507979951,0.292019386399416,166.14301708430185
label_rotated_box,4.5,25,2025,84,90.14222360509373,36,-0.35518329444657626,-0.16344812677502069,0.39098652508774073,290.49582916426846
label_rotated_box,5.5,25,2025,124,108.44241152668464,44,0.09687686335592094,-0.3819751168936749,0.3940686698782566,429.56995307806744
label_rotated_box,6.5,25,2025,164,123.01564528640868,50,-0.0006124484283942522,0.2671472000667618,0.2671479021002933,568.093481288213
label_rotated_box,7.5,25,2025,224,150.26988089142247,62,-0.26499042321147437,-0.07479330339131442,0.2753433540617632,776.606253916483
label_rotated_box,8.5,25,2025,288,169.59780156191965,70,0.19828281036247208,0.115066095423355,0.22925156313800066,998.3239617348048
label_rotated_box,9.5,25,2025,364,196.37468807315545,82,-0.1203345176123145,-0.23772328148842584,0.26644465596182215,1262.0820473426018
label_rotated_box,10.5,25,2025,444,209.84245443841536,88,0.013599758216740643,0.18635005792738607,0.18684565157662608,1539.2951556765695
label_box,3,26,2026,36,53.144660548946696,20,-0.0328807041243544,0.04832802509750323,0.058452876007415056,125.21229164032387
label_box,4,26,2026,64,71.76340900695754,28,-0.08259472249885391,-0.01985700942780364,0.08494815482444905,222.05653213928846
label_box,5,26,2026,100,90.10586712558019,36,-0.06152642603423075,-0.0005296789124585866,0.061528705985872734,346.4375094188028
label_box,6,26,2026,144,108.78994348811092,44,-0.12148899478115638,-0.011828229783158742,0.12206343790316183,498.6523015003562
label_box,7,26,2026,196,127.09389708107283,52,0.012029422235552811,0.025976915143295642,0.02862703476930845,679.2043264557797
label_box,8,26,2026,256,145.81165759890118,60,0.1722409416234103,-0.09258319462148837,0.19554689948357512,886.8481587735998
label_box,9,26,2026,324,164.09256692354,68,-0.013262071828846533,-0.016761206955767646,0.02137336210818407,1121.524368437075
label_box,10,26,2026,400,182.4762265844657,76,-0.051391980623603395,0.09961429067419585,0.1120898861581187,1384.827783172099
label_disk,3.5,26,2026,32,48.72646285762154,18,0.15541253443261738,-0.10962530067654466,0.19018612569583593,111.35945074563323
label_disk,4.5,26,2026,60,66.90747705517549,26,-0.12531300116832433,-0.14984026690193963,0.19533421064180478,208.16856374919496
label_disk,5.5,26,2026,88,80.7741143801268,32,0.21784116301783873,0.038480319679215905,0.22121371410375815,304.9270353335417
label_disk,6.5,26,2026,124,99.35351754342194,40,-0.12007187764812599,-0.019838381939582067,0.12169970090319562,429.2048440210115
label_disk,7.5,26,2026,172,113.07664484461816,46,0.15712994696409943,0.04148207991571129,0.16251333233637835,596.0719640232946
label_disk,8.5,26,2026,216,127.35333908708124,52,-0.19733073061768192,0.031455695270550685,0.19982211592079063,748.3028756651189
label_disk,9.5,26,2026,276,145.86937072915464,60,0.2738084204183755,-0.18914856449231593,0.33278856732392365,956.1862481989941
label_disk,10.5,26,2026,332,158.90348785979185,66,-0.19436512880947143,0.2023417085475662,0.2805707937670467,1149.454808014662
label_rotated_box,3.5,26,2026,48,62.34264182728398,24,0.1474207581932987,0.03624797069104547,0.15181171010665132,166.67566342335084
label_rotated_box,4.5,26,2026,84,90.12890431491763,36,-0.2661145769175821,-0.17953750529050416,0.32101508353029384,291.04263006972513
label_rotated_box,5.5,26,2026,124,108.45195646920308,44,0.10055405134774453,0.32219637365180526,0.33752277024938415,428.991524194357
label_rotated_box,6.5,26,2026,164,122.31029403561936,50,-0.25088602649417124,-0.05905758240784997,0.25774327601296215,568.1998003348295
label_rotated_box,7.5,26,2026,224,150.35574568721375,62,0.38783697262180183,-0.5116534510511281,0.6420333101210353,775.7000821892568
label_rotated_box,8.5,26,2026,288,168.52797830279403,70,-0.22736437864103065,-0.18897503534908747,0.29564526828618587,997.6196319884642
label_rotated_box,9.5,26,2026,364,196.7080062262475,82,0.5799079293895444,0.2519000123504096,0.6322553461940874,1261.100639920652
label_rotated_box,10.5,26,2026,444,209.98241332385797,88,-0.0019340183461116212,0.18677068822151582,0.1867807013738351,1537.5919245273874
label_box,3,27,2027,36,52.959804774552765,20,0.018768054902760234,0.05086395307112809,0.054216064103316676,124.35695387040401
label_box,4,27,2027,64,71.29058979661787,28,0.0301223716286545,0.06104594430229432,0.06807322960087607,221.48065851614666
label_box,5,27,2027,100,90.19237676055027,36,-0.11797468029510849,-0.10852789965761958,0.1603007492023272,346.6111633282954
label_box,6,27,2027,144,108.97229912521817,44,0.053304011806937,-0.03578776885717408,0.06420344285541546,498.33257266755624
label_box,7,27,2027,196,126.9067548968461,52,-0.011830645988456734,-0.004754587386778336,0.012750305318803118,679.4602933058101
label_box,8,27,2027,256,145.9972121575451,60,-0.05431796165530045,-0.09410942664439892,0.10866013593643342,887.1203120300303
label_box,9,27,2027,324,163.74033362253914,68,-0.023269285644989424,-0.14260790140997393,0.14449385176880347,1121.9714393458546
label_box,10,27,2027,400,182.7717472926759,76,-0.11019076018812113,-0.05916457281268242,0.12506978174980246,1385.8217798373396
label_disk,3.5,27,2027,32,49.07183143577793,18,0.07711740419457858,-0.15639626269024484,0.17437570075324738,110.81880332087198
label_disk,4.5,27,2027,60,66.88276685484163,26,-0.020807941159610266,-0.003474640691800833,0.021096055158226174,207.357445021279
label_disk,5.5,27,2027,88,80.79504526935179,32,-0.09821635124911898,-0.1005876478476484,0.140585655570591,304.5079025889597
label_disk,6.5,27,2027,124,99.09581772684427,40,-0.008224948244425434,0.17661398718282945,0.17680540218624577,429.033975119152
label_disk,7.5,27,2027,172,113.1685391049604,46,-0.009638963615245189,-0.30431036983140447,0.30446298758059603,595.8426949087202
label_disk,8.5,27,2027,216,126.82377868456493,52,0.07258440660516952,0.026159286786496663,0.0771544189752133,748.7575298509136
label_disk,9.5,27,2027,276,145.7785956845312,60,-0.013281108845696554,0.3211376696012932,0.32141218192395976,956.7601807354239
label_disk,10.5,27,2027,332,159.57150942766555,66,-0.2823839460032662,-0.4713650407225196,0.5494776561205361,1150.2834355129523
label_rotated_box,3.5,27,2027,48,62.43434366450561,24,-0.09404047780251368,-0.045533834619163736,0.10448416894654626,165.90232975550273
label_rotated_box,4.5,27,2027,84,90.30212405939739,36,-0.26743062509253823,-0.0014909063967173675,0.2674347809079244,289.9415774707316
label_rotated_box,5.5,27,2027,124,108.35471650912164,44,0.2244604387662914,-0.49274218428692373,0.5414585383452779,428.8941787577157
label_rotated_box,6.5,27,2027,164,121.85020416151059,50,-0.23570330867093503,0.30481527430480987,0.3853159757496989,567.9705613325232
label_rotated_box,7.5,27,2027,224,149.75740826472963,62,0.21038036520919334,0.13102211815072712,0.24784409113444014,776.1206061115274
label_rotated_box,8.5,27,2027,288,168.6617124973882,70,-0.5010963234414825,-0.14092303494697195,0.520535135360944,997.8417535194042
label_rotated_box,9.5,27,2027,364,196.1895752660601,82,-0.034296586873827195,0.2539176435863123,0.2562233900244463,1260.784154031868
label_rotated_box,10.5,27,2027,444,210.24396503591285,88,0.6365961191701408,-0.10974152433148995,0.6459859294946625,1537.6676441339423
label_box,3,28,2028,36,53.19745398503234,20,-0.037039370500693725,0.11190406225295735,0.11787465425527836,125.07758598880311
label_box,4,28,2028,64,71.93647644362223,28,-0.06151684953209102,-0.005917839551148024,0.06180083819259298,222.11023190353438
label_box,5,28,2028,100,90.02523908598808,36,0.0024223685679971574,-0.014031168862315507,0.014238734814653754,346.587725102236
label_box,6,28,2028,144,107.99040622206489,44,0.0365863534646822,-0.1044484550468149,0.11067086798931856,499.65604159651394
label_box,7,28,2028,196,127.56093700086298,52,-0.08436435177085588,-0.06251033977265931,0.10499945918055972,680.0824901161733
label_box,8,28,2028,256,146.0517732410197,60,0.17032663335015252,0.0496680366611626,0.17742061857115674,886.7791670983214
label_box,9,28,2028,324,164.13777507959077,68,0.08543881308888146,-0.00891010385388534,0.08590215790493184,1121.4933104656914
label_box,10,28,2028,400,182.10158375163087,76,-0.00512398073687903,0.0007738185326058994,0.00518208198635565,1385.5931641005627
label_disk,3.5,28,2028,32,48.44621234105986,18,-0.008331034813227056,0.044720719128032854,0.0454900962890562,111.1687850148616
label_disk,4.5,28,2028,60,66.88255695688082,26,0.020365239947026215,-0.08673696199797842,0.08909569896879818,208.55808368122257
label_disk,5.5,28,2028,88,80.92425535430912,32,0.026370819470531437,0.00542622557752534,0.02692329926969483,305.2713526182304
label_disk,6.5,28,2028,124,99.27535025143479,40,-0.05957411280913183,-0.1896868069504806,0.1988219294948725,430.73222024218853
label_disk,7.5,28,2028,172,114.25496013800644,46,0.2805004746565025,-0.11001003400325274,0.30130171566707026,596.8767804862681
label_disk,8.5,28,2028,216,126.90398079594065,52,-0.06183280347429232,-0.10717759520704802,0.12373492837455517,747.3971126355502
label_disk,9.5,28,2028,276,145.37671555298243,60,-0.2398750245137915,0.016452434175747335,0.24043857838499913,955.4729438141867
label_disk,10.5,28,2028,332,159.03278105764213,66,0.3780199060637117,-0.08142223637565354,0.38668931968290804,1149.8256661898067
label_rotated_box,3.5,28,2028,48,62.67818199351018,24,0.07748708623519107,0.12412506522460162,0.14632593874713923,166.9663314445858
label_rotated_box,4.5,28,2028,84,90.58481487311715,36,0.3392922451771003,-0.24368481496684732,0.417733786858023,292.39261903958374
label_rotated_box,5.5,28,2028,124,109.02594858542189,44,-0.18746983339215673,0.12009052600213238,0.22263574031936526,430.4329415942748
label_rotated_box,6.5,28,2028,164,122.42193165474703,50,0.3770807106868457,-0.23818411638504472,0.44600620586514395,568.5989398495764
label_rotated_box,7.5,28,2028,224,150.37453077472205,62,-0.15893892508222374,-0.017903061877735313,0.15994405750414972,776.1065500502259
label_rotated_box,8.5,28,2028,288,169.3447315899401,70,0.1413573942550994,0.09195710913876205,0.16863576972798447,997.0002896063993
label_rotated_box,9.5,28,2028,364,196.2308872228727,82,-0.10487875319259565,0.09735721724212822,0.14310129496396717,1260.9728547947216
label_rotated_box,10.5,28,2028,444,209.4933556926917,88,0.2810214774070241,0.027369527161136248,0.2823511320697169,1538.8072535074687
label_box,3,29,2029,36,53.118263843403255,20,0.06219625828522446,0.013037693272959089,0.0635480604783664,124.42638405746736
label_box,4,29,2029,64,71.70507559433666,28,0.045735467170352706,-0.08709133185242895,0.09836987872880762,221.1048124688623
label_box,5,29,2029,100,89.8925022514876,36,0.039615471410241465,-0.0824771062813196,0.09149786137170501,346.65369745992837
label_box,6,29,2029,144,108.66061287561853,44,0.014126212007316674,0.14297475004646343,0.14367090525407136,499.8611219237283
label_box,7,29,2029,196,127.28583383909665,52,0.02916820157299682,0.04503385680749952,0.05365475041374571,679.4016005628886
label_box,8,29,2029,256,145.84158137792832,60,0.031269811423959126,-0.08344425181955181,0.0891108538182344,886.4834074923846
label_box,9,29,2029,324,163.73018415409425,68,-0.1257745477435619,0.053802193869945655,0.13679880454637294,1121.8432316174167
label_box,10,29,2029,400,182.725388533255,76,-0.056774530087663866,0.16505049501089397,0.17454229622076187,1385.1431583060048
label_disk,3.5,29,2029,32,48.58056725131377,18,0.08473231875086285,0.09843250714870191,0.12987888321231084,110.50009631326986
label_disk,4.5,29,2029,60,67.34192273514645,26,-0.11150837657440116,0.018913865140278603,0.11310107135126131,207.17625968294072
label_disk,5.5,29,2029,88,80.31114840444793,32,-0.12927816846773954,-0.15578398734145538,0.20243886868478586,304.8443638109213
label_disk,6.5,29,2029,124,99.70611054125648,40,0.34655711665844,-0.03286334952315441,0.34811181371578387,430.79426650507173
label_disk,7.5,29,2029,172,113.02215947659987,46,-0.028874430452269007,0.13972826842833186,0.14268048826634594,596.6479585691583
label_disk,8.5,29,2029,216,127.42185337458223,52,-0.21449690886540074,0.190986489719251,0.28720160718229554,748.5533337593387
label_disk,9.5,29,2029,276,145.41317263363533,60,0.09035212020829997,0.04365946210098563,0.10034766692396235,956.1367156406138
label_disk,10.5,29,2029,332,159.64396480686634,66,0.03913627292590682,-0.09746736403224732,0.10503111400878164,1149.6713943293369
label_rotated_box,3.5,29,2029,48,62.12141302218492,24,0.043644401956778545,-0.004829196307768326,0.04391076131364404,165.65929022880132
label_rotated_box,4.5,29,2029,84,90.36865212198623,36,-0.17061702099852782,0.20138733279801235,0.26394511866278086,290.8968186991966
label_rotated_box,5.5,29,2029,124,108.39571341256475,44,0.3583434365824476,0.3448721335271979,0.4973397299887875,430.5371111725499
label_rotated_box,6.5,29,2029,164,122.88320980162852,50,-0.1132131497326121,0.048733241449304965,0.12325642415117803,568.9649013221441
label_rotated_box,7.5,29,2029,224,150.1759252215395,62,-0.16667200155303386,-0.41387306653320793,0.44617314049962226,776.0141057016232
label_rotated_box,8.5,29,2029,288,167.94492782201237,70,0.21411375226903395,0.4026746147935203,0.456060899781855,997.358828750991
label_rotated_box,9.5,29,2029,364,196.1148596424891,82,0.4087411950947284,0.13726799657973882,0.43117498472485855,1260.9050076224896
label_rotated_box,10.5,29,2029,444,209.73236246500508,88,-0.6175462055957888,0.2272244084000586,0.6580229842630976,1537.467477083942
label_box,3,30,2030,36,53.162506104384775,20,-0.09473240604637301,-0.14899160160540603,0.17655799643255732,124.68583175904877
label_box,4,30,2030,64,71.71526820508643,28,0.056796845338792146,0.11169698958856986,0.12530801699647057,221.48000307912878
label_box,5,30,2030,100,90.09382964840732,36,0.005935757977749034,0.01256637793888224,0.013897736408251437,346.6110837886846
label_box,6,30,2030,144,108.90368822176816,44,0.007027496759959728,-0.015612764252691966,0.017121451992205,498.7865966057195
label_box,7,30,2030,196,126.73129692662246,52,0.13807306460911484,-0.0013907271480235461,0.1380800684116033,679.6014441145392
label_box,8,30,2030,256,146.23994189938003,60,-0.05758178918135748,0.08493401836291534,0.10261310793752589,887.11412492558
label_box,9,30,2030,324,163.52662502876785,68,-0.01746955579442311,-0.07395672861419043,0.07599199357147748,1122.4568953027047
label_box,10,30,2030,400,182.971159788258,76,-0.06362091109388546,0.09684497189954562,0.1158730724139127,1386.1923567327772
label_disk,3.5,30,2030,32,48.54504436051701,18,-0.03703964355969269,-0.22134035344641867,0.22441810813482638,110.88297039619007
label_disk,4.5,30,2030,60,66.89720830485533,26,0.18857702202484683,0.12445106680418772,0.22594105705794146,207.64319061824906
label_disk,5.5,30,2030,88,81.19667805543963,32,-0.01630984755396936,0.014504717567703267,0.021826542533176438,304.7034328463269
label_disk,6.5,30,2030,124,99.48932528263508,40,0.0800665289608693,0.07490340554836812,0.10964109276446048,429.24333904759345
label_disk,7.5,30,2030,172,113.07091740068437,46,-0.016151435661155844,0.40122753342676404,0.4015524902844478,596.2187675492867
label_disk,8.5,30,2030,216,127.03700774174288,52,-0.07809142093727539,0.08910002143437126,0.11847819986650773,748.8608726631394
label_disk,9.5,30,2030,276,145.55433825814578,60,0.0955101255664248,-0.08799417542594053,0.12986592699628885,956.1169810801472
label_disk,10.5,30,2030,332,159.44054630963112,66,0.047266392183577643,-0.2160665681286102,0.221176114652842,1150.791849563973
label_rotated_box,3.5,30,2030,48,62.25129076739775,24,-0.06978828077597088,-0.03869798098115976,0.07979936005811042,166.17836011772528
label_rotated_box,4.5,30,2030,84,90.09110758916748,36,0.28094987508686575,0.1746044474877299,0.3307862533326028,290.64861040757216
label_rotated_box,5.5,30,2030,124,108.42927887540809,44,-0.2419435885980068,-0.4553596768925493,0.5156443885114707,429.1632284181216
label_rotated_box,6.5,30,2030,164,121.8176546637068,50,0.27763124876838097,0.3944119602639525,0.4823275906393333,568.7357153052122
label_rotated_box,7.5,30,2030,224,151.1339293965702,62,-0.09239549061449148,0.24961012303777028,0.2661618684350247,776.7201881057593
label_rotated_box,8.5,30,2030,288,168.25860095498075,70,0.11241891397996184,-0.6161684228361346,0.6263397939783194,997.9786415160323
label_rotated_box,9.5,30,2030,364,195.66098951681002,82,0.03478245747978148,-0.057130134614284685,0.06688551135619056,1260.9653307487088
label_rotated_box,10.5,30,2030,444,210.98550225140133,88,0.6551224530019422,0.10534724296349511,0.6635385972400487,1537.2465008818447
label_box,3,31,2031,36,53.53006144836025,20,-0.1094569762487887,-0.022580084597369827,0.11176175495200615,124.82306994654179
label_box,4,31,2031,64,71.46423739911118,28,0.1602263570300937,-0.11370670124636978,0.1964731518438747,221.64478627431194
label_box,5,31,2031,100,90.31805046455102,36,-0.12666935923338807,0.07918518563080658,0.14938346692985274,347.08505280256014
label_box,6,31,2031,144,108.66653725140355,44,0.019266262218707197,-0.18269504865966318,0.1837081099588058,499.149821192563
label_box,7,31,2031,196,127.16008672459913,52,0.04189225996979884,-0.02972473192737988,0.0513665370988916,679.1913236237745
label_box,8,31,2031,256,145.3474692961763,60,-0.13348228213062896,0.014167909518864708,0.13423207255695474,886.3897577782544
label_box,9,31,2031,324,163.50289078983317,68,-0.09454014976263236,-0.014554776662560151,0.0956539671986372,1122.6579041926598
label_box,10,31,2031,400,183.10927720050708,76,0.038151138416754105,0.046573356867514404,0.060204542456555404,1386.0814570625228
label_disk,3.5,31,2031,32,48.85783558685958,18,-0.10396385055551605,0.16169360281537049,0.19223242029830573,111.00513409162214
label_disk,4.5,31,2031,60,66.7025516327771,26,0.09917424486192639,-0.059929673202060184,0.11587534929414048,207.91848375328428
label_disk,5.5,31,2031,88,81.04369266918499,32,0.20205661178932743,0.061574473643268915,0.21123041961854971,305.8105819046039
label_disk,6.5,31,2031,124,99.5823229582557,40,-0.0825375265284416,0.0035678316369964352,0.08261460347918613,430.13863888090464
label_disk,7.5,31,2031,172,112.72561707897579,46,-0.1605048291288611,-0.18725287745315164,0.24662814171981656,595.6116514733768
label_disk,8.5,31,2031,216,126.90237101862203,52,0.05880588758423677,0.14356967402859605,0.15514633000895386,748.1996125879688
label_disk,9.5,31,2031,276,145.6118278401625,60,0.08671185978671359,0.26079964489250673,0.27483704518082763,957.3376611369613
label_disk,10.5,31,2031,332,159.81424536270762,66,-0.10730180421863356,-0.06198815805699888,0.12392017159394769,1150.908818547903
label_rotated_box,3.5,31,2031,48,62.325331941302274,24,0.05873603384705817,-0.07973773629769662,0.09903548991126246,166.41623478205034
label_rotated_box,4.5,31,2031,84,89.98115196605207,36,0.2621522456845615,-0.10811135302097677,0.2835698583585445,291.69904738979756
label_rotated_box,5.5,31,2031,124,108.73584528966448,44,-0.11907871009907911,0.10221225988921387,0.1569301923484475,430.33289531096915
label_rotated_box,6.5,31,2031,164,123.17551274001497,50,-0.07104833400844646,-0.39828994810896634,0.4045772466785779,567.9341811010975
label_rotated_box,7.5,31,2031,224,150.672618960917,62,0.16201310681051329,0.5272337993689062,0.5515647976216094,776.2160210402905
label_rotated_box,8.5,31,2031,288,168.6764483214346,70,-0.07694529203647438,-0.48174601485291496,0.4878522325389557,998.3444778453627
label_rotated_box,9.5,31,2031,364,196.31834260948594,82,-0.011259009234619644,-0.2838413416055289,0.28406455691157917,1261.335485433704
label_rotated_box,10.5,31,2031,444,209.17398718953896,88,0.30090871586886925,0.24342453689613927,0.3870420654773222,1538.5153580728754
label_box,3,32,2032,36,53.461657962644786,20,0.016236991577514903,0.029456741003083195,0.03363539037994078,124.44882621412061
label_box,4,32,2032,64,71.59895527944636,28,0.03551270721310429,-0.08150280613661962,0.0889036544903924,221.13050947619956
label_box,5,32,2032,100,90.1136611471192,36,0.013825200453552622,0.10002021232875825,0.10097117926354429,345.42545565129166
label_box,6,32,2032,144,108.07006902643361,44,0.09881016502258344,-0.01902759990820979,0.10062553488084959,498.3646799467044
label_box,7,32,2032,196,127.46907173700379,52,0.03357005002521829,-0.11656335459257305,0.12130112898307904,679.3262358060788
label_box,8,32,2032,256,145.46035857570257,60,-0.11429671472847014,0.00491726093354555,0.11440244076421559,886.9825913966839
label_box,9,32,2032,324,164.41420601231496,68,-0.020221107660281845,0.056982572227781934,0.06046409457440915,1123.1116885715535
label_box,10,32,2032,400,182.97202247830234,76,0.08375895301844682,0.09079171196874189,0.12352609915706628,1385.917600052737
label_disk,3.5,32,2032,32,48.40333415209123,18,-0.24918414536242617,-0.0074791586506810365,0.2492963620154229,110.67918949348748
label_disk,4.5,32,2032,60,66.8209338183918,26,-0.19046860234847873,-0.11291911772559154,0.22142496613640686,207.36510625552685
label_disk,5.5,32,2032,88,80.97444811139025,32,0.2333696324236203,-0.06042085813326402,0.24106444249431658,304.44296155573403
label_disk,6.5,32,2032,124,99.30587183320266,40,0.05399694655778431,0.10734799252950039,0.12016347921759708,428.6268518811542
label_disk,7.5,32,2032,172,112.91962577412264,46,-0.01713415474349622,0.028125662495029277,0.032933753954846545,595.5300173752973
label_disk,8.5,32,2032,216,127.26478926107073,52,0.09564585992831276,0.2228560735729645,0.2425138347595555,748.1791335079699
label_disk,9.5,32,2032,276,145.35177146781996,60,0.2833039323962172,-0.5444470282445052,0.6137456188645533,956.4051027608762
label_disk,10.5,32,2032,332,158.86281820638493,66,0.1300422233198475,0.023107886046836446,0.13207934828550097,1150.2106823211104
label_rotated_box,3.5,32,2032,48,62.35200917828764,24,0.2514576955863115,0.057499633658139135,0.25794801906662956,165.77014246974136
label_rotated_box,4.5,32,2032,84,90.09454232299298,36,0.061506349600200405,-0.6038723667718081,0.6069965950412961,291.19071327490616
label_rotated_box,5.5,32,2032,124,108.9629149609009,44,0.45914956152634856,-0.002116105730734369,0.45915443780203385,429.2595815092945
label_rotated_box,6.5,32,2032,164,122.49122435994794,50,-0.4089277053630034,0.3068924894152724,0.5112776821580953,567.2585834421625
label_rotated_box,7.5,32,2032,224,150.3129736458216,62,0.19980650497170638,-0.1434563991867362,0.24597231123976684,775.4220674722949
label_rotated_box,8.5,32,2032,288,168.17748893347797,70,-0.3387031881474636,0.16255708326583432,0.3756922343902673,997.8691098194835
label_rotated_box,9.5,32,2032,364,196.5746498522375,82,0.27116834997010875,-0.1060452522783196,0.2911663949639172,1261.141515981114
label_rotated_box,10.5,32,2032,444,210.44784841238197,88,-0.14500749889439124,-0.6324617680803641,0.64887214674306,1538.4950816862347
label_box,3,33,2033,36,52.88961474222889,20,0.13772376487403015,-0.18051679995579917,0.2270553907692111,124.71469976984942
label_box,4,33,2033,64,71.92437242608773,28,-0.006888691662402913,0.003879476493226952,0.00790597310146954,221.39710098535437
label_box,5,33,2033,100,89.97687197890232,36,0.06685692937341203,0.014516760410848456,0.06841480350090455,345.6555097878354
label_box,6,33,2033,144,109.0162742550261,44,0.1518431624206058,-0.0940770010525032,0.1786248249850036,498.42942689142683
label_box,7,33,2033,196,126.83836513647309,52,-0.02813105032706753,0.04381630945229492,0.05206942448811275,678.9750802372495
label_box,8,33,2033,256,145.9389101968155,60,0.01849561596727023,0.15060995026062174,0.15174137513386288,887.1321795033077
label_box,9,33,2033,324,164.26273816826787,68,0.1847890594803201,-0.050084432177256555,0.19145612251933727,1122.4796056279151
label_box,10,33,2033,400,182.47406035162993,76,-0.028067105598601927,-0.07680551626485166,0.0817731602996574,1386.0538221205156
label_disk,3.5,33,2033,32,48.5793866961552,18,0.20747883287003654,-0.0904813188249307,0.22635002793331244,110.85490787618774
label_disk,4.5,33,2033,60,67.26814658510015,26,-0.10753163470530991,0.31758579258242836,0.33529656740355307,207.4697743683867
label_disk,5.5,33,2033,88,80.52924065344347,32,-0.10335345721355393,-0.13571687734069554,0.1705901753123647,303.70978061131257
label_disk,6.5,33,2033,124,98.80186511691082,40,0.22136443680835294,-0.02605497481118789,0.22289252027802753,429.15182782827617
label_disk,7.5,33,2033,172,112.87644894473405,46,-0.3065917229643107,0.2992565042489249,0.42843078778900967,596.1600737451697
label_disk,8.5,33,2033,216,127.2081268306043,52,0.24515747184589376,-0.11901007975413666,0.2725171280579556,748.7670300348872
label_disk,9.5,33,2033,276,145.9912574859666,60,0.13644106411802692,-0.2246803220179147,0.2628638641573493,955.9814129379633
label_disk,10.5,33,2033,332,158.8253280743095,66,-0.6269291328874345,-0.07610080902464905,0.631531052916004,1150.1200699617282
label_rotated_box,3.5,33,2033,48,62.42191150313556,24,0.23191794056249027,-0.33753002281446987,0.40952710222387395,166.34119629739322
label_rotated_box,4.5,33,2033,84,89.88368256035234,36,-0.24761216770367112,0.2881820007905566,0.3799482217020621,289.6515466165031
label_rotated_box,5.5,33,2033,124,107.81537494368538,44,0.01794025675767541,-0.11099375304112212,0.1124342742524935,428.80867589657186
label_rotated_box,6.5,33,2033,164,122.11017103321153,50,0.22893360538402163,0.23260167019574102,0.3263650297626497,568.4560963947422
label_rotated_box,7.5,33,2033,224,150.040917489726,62,0.1649734666165612,-0.040062364193452035,0.1697681881633141,777.0888841417255
label_rotated_box,8.5,33,2033,288,168.48975973395926,70,0.29326322232808044,0.10218513887574643,0.3105561465778849,998.210498486796
label_rotated_box,9.5,33,2033,364,196.55024914661217,82,-0.18062141215760397,-0.049549617649933084,0.18729457850952763,1260.6879590449553
label_rotated_box,10.5,33,2033,444,209.06869603406784,88,-0.011289123944535184,-0.038195484131669094,0.03982887554887363,1538.0070744895993
label_box,3,34,2034,36,53.1734349050533,20,-0.03167867788207568,0.056602280912501024,0.06486414137914714,125.57818378348323
label_box,4,34,2034,64,72.08445802203826,28,0.01470961002844362,-0.06993364147357412,0.0714638848436278,222.0951765344932
label_box,5,34,2034,100,90.17261258487781,36,0.07775041820739181,0.047330610228561304,0.09102370128725988,345.8406963174823
label_box,6,34,2034,144,108.38155034363454,44,-0.13051968132609737,0.06784303798636249,0.1470988273803875,497.88851434110273
label_box,7,34,2034,196,127.03533432937814,52,0.030677792342765464,-0.11364769336578694,0.1177154414271542,677.7600082920547
label_box,8,34,2034,256,145.0924939970864,60,-0.04320385347010758,0.07809787615957017,0.0892516174380167,886.1896811415467
label_box,9,34,2034,324,163.8925704823268,68,0.08114178906748526,-0.13417476639156645,0.15680197023412587,1123.4031607349957
label_box,10,34,2034,400,182.91530084260086,76,-0.11449097008873244,0.08875660133608901,0.1448651666640137,1386.4577436319992
label_disk,3.5,34,2034,32,48.536957337042764,18,0.1423960753105673,0.08052485800933025,0.1635875759991435,111.70761898211123
label_disk,4.5,34,2034,60,66.94245647298074,26,-0.009920717398631762,-0.10256408085971741,0.10304276450242475,208.08301708314315
label_disk,5.5,34,2034,88,80.7079729900117,32,0.24276467438772498,-0.07675281089328943,0.254608878695538,304.50397672489106
label_disk,6.5,34,2034,124,99.2886975805707,40,-0.16189512757854407,0.15783201938187313,0.22609948844664166,428.6806546729769
label_disk,7.5,34,2034,172,113.46747535002903,46,0.0021677932260257826,-0.07996146093496083,0.07999084049017156,594.3483809488409
label_disk,8.5,34,2034,216,126.40819925346129,52,0.3089625482699283,-0.03409980940895944,0.31083862893014946,747.7533184427209
label_disk,9.5,34,2034,276,145.43561460002164,60,-0.0654548344819128,-0.09843839399674399,0.11821358961520796,956.640499772355
label_disk,10.5,34,2034,332,159.02926430019264,66,0.30069392760222513,0.2639280108114216,0.40009353029976136,1150.73495136289
label_rotated_box,3.5,34,2034,48,62.37034713938246,24,-0.10083988621024442,-0.08281858827640765,0.1304898510037933,166.769272942599
label_rotated_box,4.5,34,2034,84,90.17147732577507,36,-0.2560336686757374,-0.1263544883522643,0.28551479159987453,290.587024470342
label_rotated_box,5.5,34,2034,124,108.03600626749326,44,0.046134704781477964,-0.07753272372625926,0.09022047568975998,428.6576506873631
label_rotated_box,6.5,34,2034,164,121.43734461342855,50,-0.5528540527431636,0.13666044988021941,0.5694942336810837,567.2702944879289
label_rotated_box,7.5,34,2034,224,150.0508662717796,62,0.4679125026548059,0.09135213733642196,0.4767466026482163,776.0470296771966
label_rotated_box,8.5,34,2034,288,168.31668402237037,70,-0.2661923818986076,-0.21050547026000616,0.3393684387067255,998.1132029466144
label_rotated_box,9.5,34,2034,364,195.75723105109,82,0.24340009374222493,-0.11003580495815679,0.2671169856196221,1261.1850932648272
label_rotated_box,10.5,34,2034,444,209.8360619357119,88,0.06843113924580324,0.2253467522888508,0.23550791830766793,1538.2763336146577
label_box,3,35,2035,36,52.995683272745964,20,-0.05853029129355214,0.06302166921440852,0.08600887041159413,124.27225824464874
label_box,4,35,2035,64,71.2705473742291,28,0.050443274695950446,-0.18226554296353303,0.1891170328496157,221.91323452485875
label_box,5,35,2035,100,90.33232223302844,36,-0.07275422181450697,-0.05946229951922588,0.09396244918023695,346.82666826467005
label_box,6,35,2035,144,108.31471936090007,44,0.12676032845897778,0.0811996523094905,0.15053758469634776,498.86475920557046
label_box,7,35,2035,196,127.0707745118608,52,0.018132549011818266,-0.016906064231012513,0.02479121500550371,678.8324442010003
label_box,8,35,2035,256,145.2973949328229,60,-0.0886360066130476,-0.07917432122823667,0.11884828484357789,886.6725689819856
label_box,9,35,2035,324,164.19642120315052,68,0.19230919662658685,0.06756544202936857,0.2038330593004658,1123.07962946845
label_box,10,35,2035,400,182.66819899119315,76,-0.020969852126859312,-0.1202347687740529,0.12204972068944817,1386.4481022582072
label_disk,3.5,35,2035,32,48.344106678385614,18,-0.17099688673214697,0.02951387323160881,0.17352522578927299,110.55117432543715
label_disk,4.5,35,2035,60,66.89018053359541,26,-0.056716364614800785,-0.15956479009171812,0.16934482056482592,208.1083866834609
label_disk,5.5,35,2035,88,80.73220252451361,32,-0.014480989648000708,-0.16262874431405572,0.16327218850236563,305.0429932430288
label_disk,6.5,35,2035,124,98.86135679592653,40,-0.01503806425453158,0.10669821256938625,0.10775273519510005,429.80760660063817
label_disk,7.5,35,2035,172,113.5387109221835,46,-0.11719034031632525,-0.12171074516713656,0.16895881555158873,595.9355051456155
label_disk,8.5,35,2035,216,126.43188959272523,52,0.10338771351205711,0.2772394824820704,0.2958897597960724,748.1192477107186
label_disk,9.5,35,2035,276,145.36591313006733,60,-0.07889059910852492,-0.10336122389269836,0.1300279555799387,955.9693747047609
label_disk,10.5,35,2035,332,159.60716672741208,66,-0.13045538879090035,0.3126924762302345,0.3388143933713276,1150.5110835661237
label_rotated_box,3.5,35,2035,48,62.40841472471957,24,0.06998305605375998,0.19411691549889315,0.20634680762596774,166.47285274523722
label_rotated_box,4.5,35,2035,84,90.60210709174535,36,0.15088777889450933,-0.2153345732906915,0.2629374455531249,291.1420906611586
label_rotated_box,5.5,35,2035,124,109.04244694739374,44,0.10884858621357774,-0.11518178807965712,0.15847668290925865,429.23771074289806
label_rotated_box,6.5,35,2035,164,121.79182589889201,50,-0.21448867883614264,-0.45500859282970874,0.5030290378275847,568.1702573724064
label_rotated_box,7.5,35,2035,224,150.93237735134545,62,-0.049368701017272976,0.5453781744283455,0.5476080914147705,776.6170233804085
label_rotated_box,8.5,35,2035,288,168.5701922824904,70,-0.40798120061745236,-0.21208304075135276,0.45981287088510026,998.1136522141439
label_rotated_box,9.5,35,2035,364,196.32947753015574,82,-0.0786235626519809,0.2715244608815168,0.28267861160881685,1261.2273032488697
label_rotated_box,10.5,35,2035,444,210.9799361397636,88,0.0343972266927457,-0.06413065455287656,0.07277300363137779,1538.3755579591436
label_box,3,36,2036,36,53.21156459365663,20,0.03833081382524384,0.06760234627966105,0.07771311672440313,125.19574522737746
label_box,4,36,2036,64,71.71662062075318,28,-0.05845234237619934,0.10784659949337932,0.12266851817622072,222.48796001450853
label_box,5,36,2036,100,89.76898257755897,36,0.07101673912453821,0.07860451466473067,0.10593416333534983,347.0317126533464
label_box,6,36,2036,144,108.79041517683659,44,0.02575961802282567,-0.02981140709140457,0.03939895827875823,499.3950813221648
label_box,7,36,2036,196,126.90525673965175,52,-0.1878288364109868,-0.008131816577993015,0.18800478246141336,679.5060506967453
label_box,8,36,2036,256,146.25751113251,60,0.1406296626399648,-0.022843282343270516,0.14247286605682039,887.9896070992879
label_box,9,36,2036,324,164.18969090924833,68,0.01310551535311033,0.18991468229571612,0.19036633390427363,1122.751023793145
label_box,10,36,2036,400,182.59863359857954,76,0.03134864606560006,-0.10314916214961385,0.10780764009249805,1386.126960949808
label_disk,3.5,36,2036,32,48.3217358898409,18,0.06762214557753143,0.11330167734193666,0.13194705249078198,111.25789163360304
label_disk,4.5,36,2036,60,66.99095458757536,26,-0.08220259034443966,-0.2521283756912407,0.2651904668121371,208.65341897763534
label_disk,5.5,36,2036,88,80.61540117401206,32,0.15763883564045766,0.33449876152419766,0.3697829416878249,305.82224856842873
label_disk,6.5,36,2036,124,99.42960546157114,40,-0.08209638845619471,0.14563099006576846,0.1671771583233977,429.9202754152024
label_disk,7.5,36,2036,172,113.61910649079925,46,-0.12578874561787234,-0.12266191888143886,0.1756950621611048,595.7048265996082
label_disk,8.5,36,2036,216,126.55339385573512,52,-0.15390548385846037,0.006149278833201058,0.15402828179225808,749.2642174949859
label_disk,9.5,36,2036,276,145.28682202888746,60,0.10049168145255605,-0.03160764701340646,0.10534524854442226,957.1577340685433
label_disk,10.5,36,2036,332,158.89290138716234,66,0.3128481452365608,-0.09677223738622256,0.3274734003040425,1150.8136592273142
label_rotated_box,3.5,36,2036,48,62.84368755317257,24,-0.1464052591740983,0.27267037259795085,0.3094893083880932,166.55181224127384
label_rotated_box,4.5,36,2036,84,89.9884478629347,36,-0.10040583270100178,-0.4701826812190876,0.48078382352025084,291.90045116039204
label_rotated_box,5.5,36,2036,124,108.9398258649506,44,0.30040886342024775,-0.09564445872912125,0.31526710533614455,430.05717395124714
label_rotated_box,6.5,36,2036,164,121.92490661720308,50,-0.4287202443638942,0.03571839202945848,0.43020559207965586,568.259636822785
label_rotated_box,7.5,36,2036,224,150.2754194699717,62,-0.22558035754173522,0.20870485433078287,0.30731777353399264,776.2872934087754
label_rotated_box,8.5,36,2036,288,169.29886010605512,70,-0.003885008914071175,-0.18125118562980685,0.18129281725008609,999.0673157543325
label_rotated_box,9.5,36,2036,364,195.97574108380363,82,-0.15281505885327729,0.05745780782340934,0.16326004377128667,1261.9594056106857
label_rotated_box,10.5,36,2036,444,210.0274355671045,88,0.37671833018882195,-0.186890437979324,0.42052911445981694,1538.0814900986497
label_box,3,37,2037,36,53.300691326677104,20,-0.03641393170513352,0.03430108916259997,0.050025384955707845,124.29676832922202
label_box,4,37,2037,64,71.59524619548333,28,0.08057542330896927,-0.018768849632840562,0.08273251209748057,221.74080942209156
label_box,5,37,2037,100,89.97246704144546,36,0.020806757733548675,-0.06977012753132111,0.07280653722791244,346.6158135231419
label_box,6,37,2037,144,108.43134697337481,44,-0.05676092980983549,-0.04151069832415597,0.0703202760819108,498.78658538149676
label_box,7,37,2037,196,126.75341570592845,52,-0.09119178019200902,-0.058338601517685176,0.1082558691324722,679.0796080476824
label_box,8,37,2037,256,145.6950484247663,60,0.052982514123149915,0.08040590345683568,0.09629255481873851,887.5411021299726
label_box,9,37,2037,324,164.15578075599126,68,0.0271441283977647,-0.030906518477017586,0.041134129270528695,1122.044760955506
label_box,10,37,2037,400,182.41691290780122,76,-0.12993570951292766,-0.09941059568542299,0.1636024301199666,1384.6597153562623
label_disk,3.5,37,2037,32,48.37036727126223,18,-0.049036193115805204,-0.013392425662218911,0.050832128623623477,110.30919879384267
label_disk,4.5,37,2037,60,67.27744249960426,26,0.03302343293480625,0.01663351941004429,0.03697595287161599,207.8611142383508
label_disk,5.5,37,2037,88,80.99963378515042,32,0.1178687105229832,0.06794407129634362,0.1360493651020593,304.76742215002093
label_disk,6.5,37,2037,124,99.15295063847795,40,0.0021312451039312563,-0.43354661946769346,0.43355185786426753,429.6801516980797
label_disk,7.5,37,2037,172,113.10663338403543,46,0.26268586819276285,0.07136357275146883,0.2722069522698488,596.042969428329
label_disk,8.5,37,2037,216,127.00525637317484,52,0.07066858385414099,-0.28349514074661364,0.29217040159963503,748.9331341128744
label_disk,9.5,37,2037,276,145.57070621766877,60,-0.46870471588415796,0.20934771931490048,0.5133328143362741,956.2908362617062
label_disk,10.5,37,2037,332,159.22169274381088,66,0.0583515363643512,-0.1938332974154449,0.20242590986092793,1149.7562387469372
label_rotated_box,3.5,37,2037,48,62.592206171349524,24,0.09927881458617493,-0.06356469085034955,0.11788448985569142,165.96530712160495
label_rotated_box,4.5,37,2037,84,89.8169328489611,36,-0.23179064194525267,0.08919890562586959,0.24836132238785716,290.7088122229735
label_rotated_box,5.5,37,2037,124,109.28894518012332,44,0.11323390085932461,-0.18515606953431288,0.21703614074438077,429.80304465199066
label_rotated_box,6.5,37,2037,164,122.2393926368687,50,-0.01354448141526099,-0.4088765035382339,0.40910077990937604,568.8614561808492
label_rotated_box,7.5,37,2037,224,150.290219846923,62,0.2909428802127638,-0.03658539091952337,0.29323412211956673,776.3258057413558
label_rotated_box,8.5,37,2037,288,168.45562189975183,70,-0.043997847352989616,-0.18102283141067066,0.18629298447239787,997.0018915256992
label_rotated_box,9.5,37,2037,364,196.5908357533523,82,-0.340312970802938,-0.2017695725664381,0.395630987803489,1260.90973850542
label_rotated_box,10.5,37,2037,444,209.60044088022937,88,0.14584505993732444,0.31957760486036496,0.3512842538976225,1538.2815169801308
label_box,3,38,2038,36,53.066350125892114,20,0.022577185669847122,0.04955504161676523,0.05445577528977146,124.45510807351945
label_box,4,38,2038,64,71.3208300483443,28,0.011695725459933914,-0.04493863778909325,0.04643566689920008,221.4731442953457
label_box,5,38,2038,100,90.22957378866451,36,-0.1845811986120971,0.05124741809516359,0.1915633491628786,345.98479935685
label_box,6,38,2038,144,108.00961935169079,44,-0.05868411751608571,-0.06412390455395615,0.08692353411986098,498.600612523087
label_box,7,38,2038,196,127.47919089998773,52,-0.0321156174095214,-0.07965403337878921,0.08588467799965264,679.1696483805044
label_box,8,38,2038,256,145.72684777602035,60,0.11989634475096711,0.12776287271921516,0.17520983171645685,886.8629454683296
label_box,9,38,2038,324,164.31346527366733,68,0.12403268262183298,-0.13995576494422923,0.1870072792687298,1122.768480527398
label_box,10,38,2038,400,182.70349015155517,76,-0.09159645485189971,0.19082628757315317,0.21167092991336306,1386.2275628972045
label_disk,3.5,38,2038,32,48.583405572513655,18,-0.00577045739359594,0.07260505462988984,0.07283400398399496,110.81991351976428
label_disk,4.5,38,2038,60,66.87770940434416,26,0.03432476618671432,-0.06689043815603131,0.07518324474561108,207.56660018412992
label_disk,5.5,38,2038,88,81.152910373336,32,-0.047932062677030984,0.07582568073776816,0.08970516424276125,304.35227418833983
label_disk,6.5,38,2038,124,99.13350260631749,40,-0.1404061717488152,-0.06029392033098024,0.1528046134579594,429.0419138331917
label_disk,7.5,38,2038,172,113.31945046221865,46,0.14846138389191088,0.1080032466056788,0.183590532938026,596.0560417658181
label_disk,8.5,38,2038,216,127.01610865631102,52,-0.06029351781613945,-0.023246152302357992,0.06461959368109296,748.6083189319243
label_disk,9.5,38,2038,276,146.3509392127798,60,-0.07658994180259837,0.23151506857793508,0.24385496952896282,955.5920379704189
label_disk,10.5,38,2038,332,158.6367728853612,66,0.10569121121481251,-0.2239660508969148,0.24765182026872634,1149.8682605693298
label_rotated_box,3.5,38,2038,48,62.279296273562494,24,0.183515578775316,0.12371938230530319,0.22132431680961986,166.29490196907307
label_rotated_box,4.5,38,2038,84,90.28584765615174,36,0.21210012525102462,-0.0050233351989677905,0.21215960272403772,290.70214630083467
label_rotated_box,5.5,38,2038,124,109.05268045426743,44,-0.21379512287769353,-0.30603248873797184,0.37331520023894676,429.20386103138725
label_rotated_box,6.5,38,2038,164,121.54978988965905,50,-0.12967530688173,0.043046699873604294,0.1366334643668198,567.9048275044826
label_rotated_box,7.5,38,2038,224,151.1117494728036,62,-0.0892199495680761,-0.04506100415523204,0.09995345665062255,776.6306259669008
label_rotated_box,8.5,38,2038,288,168.30257624969252,70,-0.00501358924143025,0.4598412849867168,0.4598686154276204,997.3870776183879
label_rotated_box,9.5,38,2038,364,196.2525361948441,82,-0.4482069225887626,-0.20179772413884287,0.4915401986858303,1260.8032335470323
label_rotated_box,10.5,38,2038,444,210.40499021351016,88,0.6633769899147408,-0.18393954663871584,0.6884059758354792,1537.4800901941492
label_box,3,39,2039,36,52.941428333919454,20,-0.09842019738368668,0.03926537211171503,0.10596369519847491,124.45028118343711
label_box,4,39,2039,64,71.40893864429299,28,-0.04019434553591905,-0.18802018334822318,0.19226849653378036,221.54361104802453
label_box,5,39,2039,100,89.99420044093407,36,-0.016926063589367324,0.021081564851640974,0.02703560624852438,346.268487717468
label_box,6,39,2039,144,108.89572903890756,44,-0.06441676429924614,0.2844816550991981,0.29168361560218586,498.9882616005341
label_box,7,39,2039,196,127.06111399898374,52,0.12399216871561158,-0.09687774613769018,0.15735105846329547,679.1226547155889
label_box,8,39,2039,256,145.46442503122626,60,0.018346996588343156,-0.0295057741514458,0.034744826839240434,886.7599642260916
label_box,9,39,2039,324,164.16665129440565,68,-0.05053401489883402,-0.0032320291350938987,0.050637265665966553,1122.2150038419038
label_box,10,39,2039,400,182.22457390761005,76,-0.017567580060352306,0.16685951783441436,0.16778175872576295,1385.8896407907362
label_disk,3.5,39,2039,32,48.50283693654931,18,-0.14117644140188856,0.010425728547744345,0.14156088238864623,110.43167408328628
label_disk,4.5,39,2039,60,67.16963358770813,26,0.07277607228677185,-0.022549387888398532,0.07618944540834312,207.73066624275322
label_disk,5.5,39,2039,88,80.38645381716334,32,0.06994147652075888,-0.17409471052288836,0.1876187047443622,304.7390444585564
label_disk,6.5,39,2039,124,98.97078969992403,40,-0.08514894341716817,-0.03584270683196225,0.0923852921091994,429.58630044684867
label_disk,7.5,39,2039,172,113.12178730151963,46,0.1716747048260201,0.14305351369069647,0.22346478929879626,596.0215426555033
label_disk,8.5,39,2039,216,127.20605258357745,52,-0.1811277732296004,-0.08076672330534362,0.1983192724588195,748.4813883996186
label_disk,9.5,39,2039,276,145.55068446591412,60,0.05218438685066307,-0.014499375611485288,0.05416126036294383,956.0620886324341
label_disk,10.5,39,2039,332,159.44334657279822,66,-0.371471871217143,-0.021540118234355837,0.37209585834716796,1149.3464672141727
label_rotated_box,3.5,39,2039,48,61.76408467367232,24,-0.07748121976512179,0.12124643944796601,0.1438889797555754,165.96532036665045
label_rotated_box,4.5,39,2039,84,90.34726372885576,36,0.25557306312680916,0.16844348253838343,0.3060895251485726,291.25462704949337
label_rotated_box,5.5,39,2039,124,108.84654361476503,44,0.19030515717859275,-0.08954903879563518,0.21032138074382992,429.6989908546753
label_rotated_box,6.5,39,2039,164,122.37886230983649,50,-0.0526093163473087,0.009012077215548905,0.053375628354804576,567.9819996125408
label_rotated_box,7.5,39,2039,224,150.41064980751966,62,0.453215746820975,-0.5405512637604557,0.7054078124882938,776.3347355232004
label_rotated_box,8.5,39,2039,288,168.8730945161126,70,-0.32095493528207975,-0.2668753283396553,0.41741407661735946,998.064698795309
label_rotated_box,9.5,39,2039,364,196.57711253970183,82,0.022780008242278438,0.007177503397190754,0.02388399737344983,1260.2298362617482
label_rotated_box,10.5,39,2039,444,209.96918139172186,88,0.26297145011004774,-0.10253039410945214,0.28225248500096667,1536.9228508768633
label_box,3,40,2040,36,53.46480853937409,20,0.04627071461690013,0.05270179561537962,0.07013172101298999,125.17949166809775
label_box,4,40,2040,64,72.0543239161465,28,-0.04713176124051577,0.07859955711478828,0.09164765843312009,221.50753283157144
label_box,5,40,2040,100,89.81416844145325,36,-0.025737846965219635,-0.00652858294678469,0.026552950150559796,345.74469035327695
label_box,6,40,2040,144,108.55458391090363,44,-0.1189419636356357,0.03970252500770308,0.12539330606331492,499.2590168826525
label_box,7,40,2040,196,127.7502844585279,52,0.1338431854389346,0.11999475835317702,0.179757448581911,679.8248333260179
label_box,8,40,2040,256,145.78557801204437,60,0.06749717634622554,0.12308682366896051,0.14037889790003072,886.628603842956
label_box,9,40,2040,324,163.76973818297446,68,-0.11480642932000729,0.006448999829752777,0.11498741588545235,1121.747280827678
label_box,10,40,2040,400,182.36805317166107,76,0.02319863416005452,-0.11705912446576792,0.11933572494263482,1385.558742929603
label_disk,3.5,40,2040,32,48.17406166340851,18,0.14291940623817379,0.18307804069188865,0.23225745555967195,111.43595714580962
label_disk,4.5,40,2040,60,67.01573339970882,26,-0.3280286056599797,-0.2384534596911111,0.4055401565441958,207.7343950660088
label_disk,5.5,40,2040,88,80.27875084348861,32,0.1341891078499433,0.19678770326300354,0.23818504743390517,304.5887342132462
label_disk,6.5,40,2040,124,99.52368166882445,40,-0.07252915408099625,-0.0324861870753101,0.07947219980846723,430.22819034355507
label_disk,7.5,40,2040,172,113.69242717074627,46,0.19243041213456058,0.16744724682131096,0.25508438600258126,596.6291638944292
label_disk,8.5,40,2040,216,126.69374814914461,52,-0.11666644367931056,0.047024426088392086,0.12578694578421243,748.3880601281431
label_disk,9.5,40,2040,276,145.72037755512437,60,0.0603407363125501,-0.28018122209471275,0.28660516686415033,955.6105109354091
label_disk,10.5,40,2040,332,159.5054280642133,66,-0.3217230546935621,-0.5105973242147477,0.6035025695194818,1149.6853848645083
label_rotated_box,3.5,40,2040,48,62.77957395151374,24,0.20828215171826203,0.17191070192449837,0.2700643333736664,166.3363409651758
label_rotated_box,4.5,40,2040,84,89.52693396279875,36,-0.16792176663823088,-0.4477195705119481,0.47817416652335765,291.09737923311894
label_rotated_box,5.5,40,2040,124,108.4772601164752,44,0.47544281851030945,0.39630824461132197,0.6189556514161046,430.0550239980228
label_rotated_box,6.5,40,2040,164,122.42917699609751,50,-0.27721961264332107,-0.015347764238922375,0.27764413824398765,568.7781173097787
label_rotated_box,7.5,40,2040,224,150.4290689331879,62,0.16405628286083118,-0.24747145203627333,0.29691174365298284,775.8971428711777
label_rotated_box,8.5,40,2040,288,168.72326906527212,70,0.09380999857982264,0.12043680736263526,0.1526608672884143,997.0001678509876
label_rotated_box,9.5,40,2040,364,195.84601050366982,82,0.0018330189616619919,-0.4833766652647521,0.4833801407598227,1260.6817027501338
label_rotated_box,10.5,40,2040,444,210.25347194924876,88,-0.14023002284360597,0.3092048315031159,0.3395174327359179,1538.1252322441935
label_box,3,41,2041,36,53.44673651973946,20,0.09515953804535426,0.044145363552545544,0.10490067113318027,124.33909995737862
label_box,4,41,2041,64,71.66143751327904,28,-0.03321102853182678,0.08073156626390596,0.08729580864832659,221.16096041930302
label_box,5,41,2041,100,89.76084214952745,36,0.02683226881879186,-0.13938248686324686,0.14194170738069586,346.35534165706287
label_box,6,41,2041,144,108.86564110649344,44,-0.08424116046303753,0.06648672271542654,0.10731755407945735,498.92791836724456
label_box,7,41,2041,196,126.76984672766086,52,-0.09156573310390081,-0.17936226823425622,0.201382985242031,679.1101049818129
label_box,8,41,2041,256,146.04539022305136,60,0.14402119752818754,-0.007567144093798633,0.14421985649413718,887.7887472945399
label_box,9,41,2041,324,164.30458404608575,68,0.08521221205738527,0.05397952065966539,0.10087075757800196,1122.7606779883608
label_box,10,41,2041,400,182.543998546785,76,-0.10027175329303395,0.03577746788578949,0.10646338204649411,1385.4389411370262
label_disk,3.5,41,2041,32,48.37011357215047,18,0.23891740399318495,0.10533998327880194,0.26110924535148317,110.52706894683723
label_disk,4.5,41,2041,60,66.82352845616867,26,-0.46756762185017875,-0.22085910827064129,0.5171056243251804,207.31955530883278
label_disk,5.5,41,2041,88,80.36039235775904,32,0.39454328456015286,0.08785035418124476,0.4042055023391986,304.8551402878811
label_disk,6.5,41,2041,124,99.51815870112166,40,-0.18179040369910915,0.1258568216699725,0.2211056092412681,429.76278569417343
label_disk,7.5,41,2041,172,113.2121738533127,46,0.31919488302463694,0.27101863181450986,0.41873198127169664,595.8890593596848
label_disk,8.5,41,2041,216,127.07360763791675,52,-0.024052451485375048,0.13794499200920768,0.14002621626994244,748.9757886788288
label_disk,9.5,41,2041,276,145.8993590537423,60,0.1104817973951433,-0.19875556438827902,0.2273983331754321,956.7216448118231
label_disk,10.5,41,2041,332,159.5986244718583,66,0.04973141162877148,0.03462994219765904,0.06060071121037701,1150.367095625086
label_rotated_box,3.5,41,2041,48,62.556525241767034,24,0.07971775500229983,-0.21767787774152556,0.23181582974564366,165.61780989232366
label_rotated_box,4.5,41,2041,84,90.09093041499268,36,-0.10356998614060942,0.25054266867404307,0.2711058296228197,291.4109733756918
label_rotated_box,5.5,41,2041,124,108.14042520617251,44,0.31748187100569636,-0.41257777358104375,0.5205911617290181,429.5602867560977
label_rotated_box,6.5,41,2041,164,122.01054733648448,50,-0.4355434544981813,0.2717224913419564,0.5133529127776416,568.3418575987623
label_rotated_box,7.5,41,2041,224,150.42325717446437,62,0.5009536864033488,-0.1748379761131405,0.5305873291103396,775.9190102689037
label_rotated_box,8.5,41,2041,288,168.85793094150935,70,-0.10281560168459336,0.13252318020827045,0.16773026334647748,997.7839727500833
label_rotated_box,9.5,41,2041,364,196.9648538828809,82,0.02440500904056986,0.2453666741869397,0.24657739001747528,1262.1047950661116
label_rotated_box,10.5,41,2041,444,209.73610826943198,88,0.508390182456818,-0.6213907200994001,0.8028617593609298,1538.5741432154205
label_box,3,42,2042,36,52.90851541087783,20,-0.003490344803393608,-0.05396354133007719,0.054076300721568646,125.08787515513136
label_box,4,42,2042,64,71.92118385712782,28,0.21097334580405303,0.0219055743343224,0.21210753599689253,221.86336133431362
label_box,5,42,2042,100,89.89399883431886,36,-0.0478597397604692,0.02891023926673686,0.05591383213838782,346.31614009708784
label_box,6,42,2042,144,108.77840814610633,44,0.021772862255714287,0.02695567662696488,0.03465062817935353,498.4862282782617
label_box,7,42,2042,196,127.3199382412154,52,0.04779349659401122,-0.005651205967511411,0.048126442270014086,678.0930494993908
label_box,8,42,2042,256,145.06883628822933,60,-0.0962203356490523,-0.04308978321700831,0.10542809118116982,886.8711998154741
label_box,9,42,2042,324,164.45414136004274,68,-0.10298686712135474,-0.12130240158436292,0.1591243772324204,1122.747956394318
label_box,10,42,2042,400,182.8440023919346,76,-0.06545212713727988,-0.08991143439818264,0.11121172142509687,1384.3607995944526
label_disk,3.5,42,2042,32,48.65489252141319,18,0.022572736071811317,0.047752424014590664,0.05281876951460444,111.10501379529973
label_disk,4.5,42,2042,60,67.0245081510431,26,0.130157063670723,0.01192404087777009,0.13070211924157685,207.91094936794167
label_disk,5.5,42,2042,88,80.97817619830491,32,0.14398350947469618,0.07222059696783721,0.1610809288123231,304.4795749678302
label_disk,6.5,42,2042,124,99.18072059007774,40,-0.043628416759009525,-0.09057057270267588,0.10053092752277043,429.4729825328156
label_disk,7.5,42,2042,172,113.21062577566612,46,0.19879710485586743,-0.12116293674861484,0.23281053700514415,594.9517509397227
label_disk,8.5,42,2042,216,126.90640862987357,52,-0.0438247544434458,-0.23993264860243863,0.2439022036952713,748.3873795827006
label_disk,9.5,42,2042,276,145.64947589701723,60,0.29083079704928494,0.19796975509889536,0.35181611169222904,956.8142462620482
label_disk,10.5,42,2042,332,159.64202925190705,66,0.06635303104804358,-0.1913225049810774,0.20250191515513383,1150.002983924608
label_rotated_box,3.5,42,2042,48,62.00712736896363,24,-0.062169436040434345,0.181489139345674,0.1918419830955131,166.5171651351271
label_rotated_box,4.5,42,2042,84,90.33453388212635,36,-0.18181486207675235,-0.2380770102988744,0.29956185822771036,290.27808738273467
label_rotated_box,5.5,42,2042,124,109.00399195608398,44,-0.4205747597905831,0.33665905411704866,0.5387229782475337,428.93729262418873
label_rotated_box,6.5,42,2042,164,122.06613406299867,50,0.23948226723892718,0.1639128458954706,0.29020540548282214,567.9393055090062
label_rotated_box,7.5,42,2042,224,150.25249182116875,62,0.3028728821082525,-0.5840282596716027,0.6578913214290034,775.6354477423617
label_rotated_box,8.5,42,2042,288,167.98970554421456,70,0.30690450653669954,0.03151943128834822,0.308518801179565,997.5779203368671
label_rotated_box,9.5,42,2042,364,196.5236111195626,82,0.01591021963171535,-0.2142033266988099,0.21479338969709125,1260.2775529821324
label_rotated_box,10.5,42,2042,444,210.68036974620122,88,-0.029810236604205897,0.21092312614667216,0.21301928398594272,1538.2514640755653
label_box,3,43,2043,36,53.043166085646476,20,-0.07562265682058156,-0.01925653507306995,0.07803589153475357,124.72245534272854
label_box,4,43,2043,64,71.63561760294783,28,0.04614193191392024,0.01278840410122014,0.047881323709824015,222.0097054801471
label_box,5,43,2043,100,89.96092225441798,36,-0.16834897402130666,0.04944299283333353,0.17545935881093278,346.430829466075
label_box,6,43,2043,144,108.61141921734925,44,0.2043558189742547,0.09334514324843729,0.22466556593459006,498.48082734550536
label_box,7,43,2043,196,127.1647438544244,52,-0.060960771463258734,-0.106565635909949,0.12276990842338961,679.2794985128501
label_box,8,43,2043,256,146.15418035291745,60,0.0771604170891047,0.06699262933102818,0.10218484403300294,887.4747656601211
label_box,9,43,2043,324,163.9890420309799,68,0.03951251652140808,0.09397377657670818,0.1019426782360735,1122.3043792777517
label_box,10,43,2043,400,182.5760820854557,76,0.016612815988273688,-0.14601982532048524,0.14696181491015026,1385.3908151591652
label_disk,3.5,43,2043,32,48.59502797181384,18,-0.15048795683286587,-0.037530481844042014,0.15509726696230489,111.06613569715311
label_disk,4.5,43,2043,60,67.50006845610746,26,0.13660221869430034,0.057869421340220224,0.14835442722904293,208.2918004193638
label_disk,5.5,43,2043,88,80.98492771405748,32,0.03471313941296472,0.069962174338008,0.07810062666845734,305.2341953331556
label_disk,6.5,43,2043,124,99.76172829371315,40,-0.1218832047834959,0.10249164977469294,0.15924840307467422,429.6080739944114
label_disk,7.5,43,2043,172,113.38144821753266,46,0.03846414665499953,0.24791453660856103,0.25088066493800365,595.710686180754
label_disk,8.5,43,2043,216,127.1417919749701,52,0.24231844815358317,-0.18993345485601537,0.30788463357092505,748.6012406612415
label_disk,9.5,43,2043,276,144.72907804311222,60,-0.23291810139565872,-0.052944103557763675,0.23885962417138137,956.2703643719656
label_disk,10.5,43,2043,332,159.40805792600437,66,0.18183419675753543,0.5284764575238337,0.5588837457534425,1150.4087719906927
label_rotated_box,3.5,43,2043,48,62.46022744291956,24,0.19051437996892995,-0.2510358673734695,0.3151424054025354,166.7012757048668
label_rotated_box,4.5,43,2043,84,89.73160909681071,36,-0.18027845990179836,0.10195523123012558,0.20711154550085492,291.3359561820598
label_rotated_box,5.5,43,2043,124,108.75990889390732,44,0.14935748678697536,0.10101538386120029,0.18031019559622014,429.67024854209853
label_rotated_box,6.5,43,2043,164,122.37431388100156,50,-0.1741420385358583,-0.036453570043992856,0.17791658819339093,568.0484145858115
label_rotated_box,7.5,43,2043,224,149.38347975351516,62,-0.14357675956421767,-0.3110465662711326,0.3425846643911885,775.6090807273528
label_rotated_box,8.5,43,2043,288,169.07678885549802,70,-0.04961272781934145,-0.07325675891107931,0.08847584691785694,997.9052792695475
label_rotated_box,9.5,43,2043,364,197.03446268899253,82,-0.5993287625889878,0.26683945225496375,0.6560474517488627,1261.4486720881769
label_rotated_box,10.5,43,2043,444,210.20069889907833,88,-0.05183781921554065,0.5586575665237224,0.561057426771298,1539.4257817151847
label_box,3,44,2044,36,52.82499706103722,20,-0.15595427021769748,0.16080741125496323,0.2240106200912302,124.41729701365037
label_box,4,44,2044,64,71.67945959557115,28,-0.03712302313848781,-0.05389843317570163,0.06544585506918124,221.99826737224916
label_box,5,44,2044,100,90.05763643106457,36,0.10070696942172486,-0.06098058142233534,0.1177307309104734,346.25403839629143
label_box,6,44,2044,144,108.32678064443854,44,-0.05446451432102206,-0.10376367863829128,0.11718909644150091,498.76978102613396
label_box,7,44,2044,196,127.53405782101282,52,-0.05209340266043183,0.08398018822461278,0.09882507078157485,679.2448147003657
label_box,8,44,2044,256,145.375059391707,60,0.06102447139100997,0.034764770553009916,0.07023229584853125,886.3973938238497
label_box,9,44,2044,324,164.0434916292968,68,-0.0846301872133357,0.022829475683312603,0.08765531100703032,1122.4210798095667
label_box,10,44,2044,400,182.9444771058875,76,0.04775470331791887,-0.01730840456069148,0.05079461149983349,1385.4363512977213
label_disk,3.5,44,2044,32,48.328186413608336,18,-0.1592379172898437,0.04805175826702689,0.16633005072854362,110.5753174105779
label_disk,4.5,44,2044,60,67.01085255494024,26,0.15716640222141232,-0.099988499937035,0.1862766171769318,208.04795020316442
label_disk,5.5,44,2044,88,81.29628286264628,32,0.12782773549766002,-0.11176638968786423,0.16979886874275474,304.8577862083306
label_disk,6.5,44,2044,124,99.42892972173105,40,0.22284483436823832,-0.1789244229438664,0.2857862301273509,429.12221983123277
label_disk,7.5,44,2044,172,113.16734602002599,46,-0.13389879227093182,-0.19502731540145155,0.23656825722042973,595.6452705497843
label_disk,8.5,44,2044,216,127.13325453621088,52,0.34187372355700196,0.26169480317963273,0.4305366568248935,747.9315728893131
label_disk,9.5,44,2044,276,146.2810623183385,60,-0.26557240087846745,-0.16411551412189646,0.31219000958366333,956.5414623694131
label_disk,10.5,44,2044,332,159.57724460326713,66,0.29285999037514543,0.12567567495280352,0.3186869141294838,1149.7008236657737
label_rotated_box,3.5,44,2044,48,62.52545558893519,24,0.07770515346300932,0.1714468659737634,0.18823421242413776,166.11922492784595
label_rotated_box,4.5,44,2044,84,90.31638933494685,36,0.04821151075156038,-0.1534024391944162,0.16080005634247888,291.46195381307126
label_rotated_box,5.5,44,2044,124,108.67984709800558,44,-0.18413180020378928,-0.29403332076137556,0.3469295512986032,429.06523955585567
label_rotated_box,6.5,44,2044,164,122.08908908576656,50,0.06279741158858476,0.2525547201949669,0.26024488774034377,567.0812403387141
label_rotated_box,7.5,44,2044,224,150.13903893218796,62,-0.05332284290727962,0.3757811236349431,0.3795454893106422,775.6020818821062
label_rotated_box,8.5,44,2044,288,168.60418310117964,70,0.38856226233647284,-0.37501909194717065,0.5400184728663626,997.7361982800187
label_rotated_box,9.5,44,2044,364,196.80306566642307,82,-0.6000638098624957,0.5903716260992367,0.8417928681152806,1261.217906361945
label_rotated_box,10.5,44,2044,444,210.2525719267845,88,0.4247772051439349,-0.04158520159414299,0.42680792284295527,1537.9964449682911
label_box,3,45,2045,36,53.258986569818184,20,-0.07905409523820017,0.11465828530985926,0.13926978266705062,124.95573646111575
label_box,4,45,2045,64,71.55074686258085,28,0.0471506436939646,0.004764472850091142,0.04739075228664828,221.45568446346934
label_box,5,45,2045,100,90.11038178607042,36,-0.14421356776225913,-0.030399252919957542,0.14738272525914037,345.95285680153705
label_box,6,45,2045,144,108.52389285442283,44,0.08327860779691143,0.015005207200979025,0.08461963578115962,498.16287705030487
label_box,7,45,2045,196,126.78340016697531,52,-0.025951617846935005,-0.056078432000066056,0.0617922082827551,678.4019257295053
label_box,8,45,2045,256,145.54467322284336,60,0.15485850545711033,0.1249546010471196,0.19898444420420078,886.4624831984203
label_box,9,45,2045,324,163.78254179066045,68,-0.003379817949208608,-0.08187920644064564,0.08194893298097089,1121.9530974713498
label_box,10,45,2045,400,182.49999032216303,76,0.06155042114039677,-0.03184343002290953,0.06929977184799484,1385.6045500836756
label_disk,3.5,45,2045,32,48.8431312268267,18,0.01705941948051759,0.06511291847940129,0.06731059311815207,111.27089287589563
label_disk,4.5,45,2045,60,66.9126279700331,26,0.12156990277839608,0.011505163715326922,0.12211310352974061,207.60756869130495
label_disk,5.5,45,2045,88,81.21241242053512,32,-0.08498959603002554,-0.03811384843737396,0.09314449460947247,304.2139698654495
label_disk,6.5,45,2045,124,100.03833190850997,40,0.030271642744128524,0.17061811952165043,0.17328276043372676,428.5628199227503
label_disk,7.5,45,2045,172,113.15461051369749,46,-0.13760461946921065,-0.1421489517620184,0.1978417442965637,594.9863290196882
label_disk,8.5,45,2045,216,126.48473545877731,52,0.35512995281820325,-0.1695003212571496,0.39350685164928983,747.9057528453609
label_disk,9.5,45,2045,276,145.92461683835506,60,-0.4944923841582951,0.2359927534915926,0.5479190612591411,956.071994356176
label_disk,10.5,45,2045,332,158.64364755799298,66,0.3992510771032336,0.09303458786296581,0.40994738333952574,1150.5291550220093
label_rotated_box,3.5,45,2045,48,62.04292297611299,24,-0.06716578604561052,0.20689917394531654,0.2175281843678632,166.48617480471944
label_rotated_box,4.5,45,2045,84,89.59621757725817,36,0.0929504361927096,0.07590570972293251,0.12000608466639126,290.506807107467
label_rotated_box,5.5,45,2045,124,108.55408557230649,44,-0.44238189918501103,-0.009099632926964335,0.44247547733851056,428.69802747962893
label_rotated_box,6.5,45,2045,164,122.71369050985824,50,0.09770892626260785,0.34545822655726904,0.35901033490344697,567.8850736255638
label_rotated_box,7.5,45,2045,224,150.51198206049813,62,0.1907980006016592,-0.15326128110664258,0.2447302541984543,776.0697414444251
label_rotated_box,8.5,45,2045,288,168.3719122781112,70,0.14606389267148545,-0.027845281774908068,0.1486943861061044,997.8944997480799
label_rotated_box,9.5,45,2045,364,196.5708712309684,82,-0.3121788653126951,0.04556789322636001,0.31548704702572306,1261.233287890405
label_rotated_box,10.5,45,2045,444,211.6643405035381,88,0.2058666250673813,0.6258696863801247,0.6588580512114802,1538.4111705434714
label_box,3,46,2046,36,53.372769426234754,20,0.1323689824095502,0.001986827140088847,0.1323838924727038,124.22993179851201
label_box,4,46,2046,64,71.56687092772518,28,-0.0009659214607040667,0.05468017605842718,0.054688706860272725,221.6885966869829
label_box,5,46,2046,100,90.39670417458781,36,0.1781215760920123,-0.021357039700436287,0.17939737738960548,346.619298479856
label_box,6,46,2046,144,108.37304456983662,44,-0.15085883456457516,0.09134368133211404,0.17635775028471148,499.1634517151765
label_box,7,46,2046,196,127.02414209675257,52,0.0881316920539521,-0.20678184092485954,0.22477972524355164,679.410180838033
label_box,8,46,2046,256,145.22695934060982,60,0.12577208318250177,0.16343327066904226,0.20622572795276192,887.4050504074866
label_box,9,46,2046,324,164.3798747479538,68,0.004401439577013555,0.005403970479824827,0.0069696174426520305,1123.1626764101304
label_box,10,46,2046,400,182.58886006316567,76,0.023174915000970575,-0.11348369143903483,0.11582583868866342,1386.4924237227974
label_disk,3.5,46,2046,32,48.02699228673425,18,0.06574720041696924,0.19603738714784935,0.2067688359555784,110.39838159721576
label_disk,4.5,46,2046,60,66.79616714598568,26,-0.2125746483485158,-0.20118484731580047,0.2926829750941744,207.80977222049194
label_disk,5.5,46,2046,88,81.08189668033674,32,0.07375607269979856,0.223427202125572,0.23528636362900246,304.74129231079417
label_disk,6.5,46,2046,124,99.54619357389076,40,0.4570350626038442,0.1855556944848108,0.49326662587797304,430.0532549780565
label_disk,7.5,46,2046,172,112.83656400212544,46,-0.22428101685318147,-0.018727758765250332,0.22506155484459464,595.9712411343168
label_disk,8.5,46,2046,216,127.18777120770771,52,0.0024628587600576957,0.14998678177407182,0.1500070011039986,747.969218268136
label_disk,9.5,46,2046,276,145.3437391919113,60,0.4256909537451481,-0.08980791270457245,0.4350612017691372,956.6728021845481
label_disk,10.5,46,2046,332,159.0372704936346,66,-0.18756864876550372,0.23223488074773596,0.29852141939169463,1150.8356689255643
label_rotated_box,3.5,46,2046,48,62.96803939969813,24,-0.0766518587103242,0.12095866107877315,0.14320092574322632,166.1234396572994
label_rotated_box,4.5,46,2046,84,90.31750457006714,36,-0.22579209406268097,0.4213429839730335,0.4780292667656558,291.02884725147374
label_rotated_box,5.5,46,2046,124,109.08543375835139,44,0.35235866987471454,-0.24611522448143405,0.4298015076258164,429.3624050693253
label_rotated_box,6.5,46,2046,164,122.24367515558593,50,0.3890896851072836,0.09503991082319975,0.4005288600165622,567.8819040782587
label_rotated_box,7.5,46,2046,224,150.0254740915338,62,0.38216417508210343,-0.28115059532411074,0.47444189735655357,775.7313187920547
label_rotated_box,8.5,46,2046,288,168.6904424583141,70,-0.2334979304582525,0.006704538206411759,0.2335941659392378,997.5844121644848
label_rotated_box,9.5,46,2046,364,195.7051946273688,82,0.41735862924667577,0.39424837730871465,0.5741254291678943,1260.5350374048853
label_rotated_box,10.5,46,2046,444,210.40141453334604,88,0.2553467720222944,0.20120112416665975,0.32509055099792306,1537.392812469159
label_box,3,47,2047,36,53.183114329252255,20,-0.11038087360634119,-0.05952626399922609,0.12540858568616675,124.91272950526405
label_box,4,47,2047,64,71.49198510849921,28,-0.015457980671375715,-0.07260260016151787,0.07422995835004799,221.35072972290536
label_box,5,47,2047,100,89.92456663093128,36,-0.14864304044224053,-0.005272530742117726,0.14873652225442185,345.9474663679129
label_box,6,47,2047,144,108.7692940806475,44,-0.028881470408065102,0.08697461775857476,0.09164454957705957,498.60075101846
label_box,7,47,2047,196,126.93894218962198,52,0.09523271994364979,-0.042749142971661366,0.10438754797712789,679.6176932616506
label_box,8,47,2047,256,145.8964974036091,60,-0.08618714436211805,-0.02121229916282289,0.08875914312942455,887.07221051753
label_box,9,47,2047,324,164.16116194468563,68,0.037554855219163574,-0.1609231536722153,0.16524717407067438,1121.576285533524
label_box,10,47,2047,400,182.5887325717472,76,-0.04780778085405535,0.04789294844058395,0.0676706614458719,1385.7382142132774
label_disk,3.5,47,2047,32,48.58808447716492,18,-0.15643421951237846,-0.04341255127948235,0.1623462800406609,111.13419578859526
label_disk,4.5,47,2047,60,67.010099246079,26,0.18311222255510762,0.11372385166367885,0.2155532428108974,207.59863364495638
label_disk,5.5,47,2047,88,81.08680808756239,32,-0.2708260508706668,-0.05451281390645472,0.2762578446129644,304.7441134152708
label_disk,6.5,47,2047,124,98.97432742018053,40,0.41379304289445384,-0.06427915930297363,0.4187558867270386,429.3412672740227
label_disk,7.5,47,2047,172,112.98971974619667,46,-0.22407512261236961,-0.15036037236022537,0.2698479241166293,596.379452487585
label_disk,8.5,47,2047,216,127.65257176720286,52,-0.0023163053303423276,0.26769554303784965,0.2677055640675266,748.5073096151365
label_disk,9.5,47,2047,276,146.16060712605005,60,0.10240634953294192,-0.02718167089743158,0.10595236503938622,955.793464217279
label_disk,10.5,47,2047,332,158.6169918972631,66,-0.23680009647428912,-0.39595565239138963,0.461362291860663,1149.571901455693
label_rotated_box,3.5,47,2047,48,62.06187205184192,24,-0.026215921185193558,0.21868532065275922,0.22025109305651222,166.37760569704253
label_rotated_box,4.5,47,2047,84,90.59220805577202,36,0.20526030524624295,0.3409485038237255,0.39796692723066546,291.1556314198022
label_rotated_box,5.5,47,2047,124,108.74582208835956,44,0.1570246441086809,-0.33850983448659755,0.37315633037857143,429.61001811157394
label_rotated_box,6.5,47,2047,164,122.08104711869272,50,-0.0035993904580862157,-0.45709378982989207,0.45710796133159104,568.6130287139756
label_rotated_box,7.5,47,2047,224,149.7746409841101,62,0.2388124833202112,0.3922486874454617,0.45922808602289744,775.8039703634983
label_rotated_box,8.5,47,2047,288,168.61432105469243,70,0.1852390996317017,0.012971567261328143,0.18569271819212155,997.3348764605007
label_rotated_box,9.5,47,2047,364,197.36507531484668,82,-0.11435127354630126,0.32103159144074667,0.34078951929987444,1259.3617093183814
label_rotated_box,10.5,47,2047,444,210.08688371093106,88,0.2630567619527495,-0.7601078122296016,0.8043399444398722,1536.8429449776065
label_box,3,48,2048,36,53.292938805656426,20,0.05872721539923953,0.11322702073817395,0.12755094689492333,124.59495208034065
label_box,4,48,2048,64,71.41621509944056,28,0.06464992810672898,-0.07063244576115717,0.09575257489179095,221.5141885366108
label_box,5,48,2048,100,90.10526573727311,36,0.06354342392755541,-0.042038213537673286,0.0761904070200182,346.92155747260637
label_box,6,48,2048,144,108.95459105835168,44,-0.19757786325810311,0.07972692494622588,0.21305725664951858,499.5216506817251
label_box,7,48,2048,196,127.30058119051279,52,0.0988091136622633,0.034355920650214276,0.10461152052449046,679.0604920797388
label_box,8,48,2048,256,145.5404784335214,60,0.037132708216057964,0.03016608389155423,0.04784172485196563,886.4283208429832
label_box,9,48,2048,324,164.4523416853629,68,-0.03925981177969984,-0.09310995024411033,0.10104848170773353,1121.9055836024002
label_box,10,48,2048,400,182.55648567177246,76,-0.15122825137244122,-0.018000018240960466,0.1522957145485098,1384.5759065643863
label_disk,3.5,48,2048,32,48.77293206821697,18,0.053527609453668745,-0.14286329183612678,0.15256187311408712,110.82905535160435
label_disk,4.5,48,2048,60,67.26008444460095,26,-0.014072849776753493,0.003969842495442771,0.014622063817317107,207.7624402995229
label_disk,5.5,48,2048,88,81.07623392824267,32,-0.11060659635594572,-0.17421399955766337,0.20635972668940186,304.89254228432
label_disk,6.5,48,2048,124,99.10597578051969,40,0.17141320248764913,-0.16578607865823788,0.23846909624508422,430.14387684300806
label_disk,7.5,48,2048,172,112.92016370321531,46,-0.11942692285761103,0.1574862584835161,0.19764794841934136,596.461717373758
label_disk,8.5,48,2048,216,127.33684900081829,52,-0.17172264152712868,0.06178952219195877,0.18250098812270937,748.6147701925081
label_disk,9.5,48,2048,276,145.55788009255406,60,0.054895977409166186,0.43319980423333015,0.43666421736100985,955.6182583104219
label_disk,10.5,48,2048,332,159.8751522557271,66,0.0681340612448662,-0.4480997204289793,0.45325005212382335,1149.5423811619796
label_rotated_box,3.5,48,2048,48,62.1518647798748,24,-0.14448613393061605,0.08477383483134199,0.16751968830626318,166.14482602498353
label_rotated_box,4.5,48,2048,84,90.30779536924346,36,0.1793732434232176,-0.24906477742931799,0.30693325628234,290.9105220512966
label_rotated_box,5.5,48,2048,124,109.23633575812772,44,-0.18408234683571933,0.2561742899056502,0.31545455651362875,429.0669788732817
label_rotated_box,6.5,48,2048,164,122.41352925960271,50,0.17848457492325176,-0.4649235463164986,0.4980066740567272,568.3510154325745
label_rotated_box,7.5,48,2048,224,150.37705458410082,62,-0.027832398292488403,-0.07918909010026312,0.08393780069562999,776.5244255436485
label_rotated_box,8.5,48,2048,288,168.02535187323525,70,0.10315515847425782,0.08089232099353391,0.13108987114026077,997.8024716502356
label_rotated_box,9.5,48,2048,364,196.9743053418402,82,0.05846244267331535,-0.5281686560859622,0.5313943794160624,1261.650518280367
label_rotated_box,10.5,48,2048,444,210.02361880654408,88,0.7443172105432021,0.22254366320666746,0.7768743733347472,1538.9509370360006
label_box,3,49,2049,36,52.887004614154066,20,-0.059207367461013405,0.014752985388408593,0.061017726436946716,124.08266145503646
label_box,4,49,2049,64,71.52189472029002,28,0.030895958237077803,-0.019519868958171996,0.03654566348462513,221.48132671029043
label_box,5,49,2049,100,90.0693583948196,36,0.05431665323247792,-0.013411509770054085,0.05594789909093558,346.49688985334046
label_box,6,49,2049,144,108.68073201375447,44,-0.004420979537992142,-0.09943150908762718,0.0995297445968703,498.9430571759124
label_box,7,49,2049,196,127.11978920360868,52,-0.06642633215761817,0.2025558716968084,0.21316974166792088,679.0076368535142
label_box,8,49,2049,256,145.3448972042221,60,0.10635993998659021,-0.030858476041582997,0.11074602646397759,886.2954817113717
label_box,9,49,2049,324,163.932128099077,68,-0.006268040726328916,-0.19373023854783836,0.1938316116177887,1122.1046367833785
label_box,10,49,2049,400,182.43616643250377,76,-0.11043762478713193,0.05023932548906844,0.1213278978397792,1385.95755351711
label_disk,3.5,49,2049,32,48.52340115283807,18,0.04391667681019262,-0.15697717594798116,0.16300462653144035,110.26667902800465
label_disk,4.5,49,2049,60,66.90320115161599,26,-0.023758166264734815,-0.07022646558534255,0.07413640760700566,207.33412649522566
label_disk,5.5,49,2049,88,80.9734246580921,32,0.22057325860057464,0.07940423779872197,0.2344303636265404,304.847457533075
label_disk,6.5,49,2049,124,99.313737682147,40,-0.02510745225558697,-0.1529863020781122,0.15503287645626002,429.6431908737294
label_disk,7.5,49,2049,172,113.34483132377223,46,-0.03058096555922729,-0.009246057144117893,0.03194816156286523,595.6467628511325
label_disk,8.5,49,2049,216,127.14832716309904,52,-0.05365326666800829,-0.18868717158448098,0.19616707609764636,748.2006615950869
label_disk,9.5,49,2049,276,146.08855313141459,60,-0.09815299578107295,0.5318760239700704,0.5408568345274101,955.8956782688086
label_disk,10.5,49,2049,332,159.5641109414343,66,-0.1913003847020942,-0.7783682980338499,0.8015316865672133,1149.968456003216
label_rotated_box,3.5,49,2049,48,62.09933349888532,24,-0.3125875704615533,0.3706445431488866,0.4848591203361069,165.46764813120092
label_rotated_box,4.5,49,2049,84,90.43684222358058,36,-0.22371930125310113,-0.03251070360733847,0.22606917437417254,290.2987269162615
label_rotated_box,5.5,49,2049,124,108.68032535217962,44,0.04842976826483625,-0.12736336122722633,0.13626029589459535,429.24890422350296
label_rotated_box,6.5,49,2049,164,122.03344545313618,50,-0.08397282422777508,-0.04719314387483112,0.0963256354122791,567.7655074093099
label_rotated_box,7.5,49,2049,224,150.44463207905426,62,0.11076940204289087,0.042263987999622346,0.11855844596894739,775.7230155771283
label_rotated_box,8.5,49,2049,288,168.62642506382812,70,0.05484981584838122,0.14643365033246983,0.1563691665524037,998.0765960357196
label_rotated_box,9.5,49,2049,364,196.35193477384908,82,0.1630081862792987,0.3317815714535509,0.3696629274761729,1260.764691856878
label_rotated_box,10.5,49,2049,444,210.97001681090524,88,-0.2769698672322045,0.2218018216879577,0.35483567388119475,1537.945398760106
label_box,3,50,2050,36,53.20177064502225,20,0.06240770133740492,0.08125127510342703,0.10245238353572607,124.72190934785664
label_box,4,50,2050,64,71.5528125967275,28,0.04002478521316499,0.013428263409866636,0.042217315044478544,221.63960663067658
label_box,5,50,2050,100,90.131472640398,36,0.050843514980683846,0.027817189317063146,0.05795566440903214,346.7704498935057
label_box,6,50,2050,144,108.8202644332163,44,0.05338627311976074,-0.05225761982494374,0.07470577613134101,498.4529179159928
label_box,7,50,2050,196,127.01413410668435,52,0.00436136772211837,-0.05451115590784322,0.0546853513001126,677.6703358757098
label_box,8,50,2050,256,145.43941652561625,60,0.007162950361610854,-0.004909281973840149,0.008683830225284975,885.5845383614462
label_box,9,50,2050,324,163.99012975140045,68,0.1382303087417922,0.0993035118647296,0.17020224946668505,1121.7420615704527
label_box,10,50,2050,400,182.1203017516007,76,0.008073322086829204,-0.08309754153376413,0.08348880127581985,1385.887439806733
label_disk,3.5,50,2050,32,48.61574989724205,18,0.1688514607949183,-0.00403164048153886,0.168899585368201,111.13251302069469
label_disk,4.5,50,2050,60,66.68107827756978,26,-0.13448458021690213,0.056735022093881385,0.14596220417666209,207.7299806807987
label_disk,5.5,50,2050,88,80.68658612816697,32,0.18449072635193975,-0.1397794326817224,0.2314629946896274,304.6142504977246
label_disk,6.5,50,2050,124,98.83236290877333,40,0.09643052504953964,-0.15358129719123817,0.1813451433269535,429.3727465509039
label_disk,7.5,50,2050,172,113.73966091852881,46,-0.13710704121426476,0.10061275695947336,0.17006254030066748,594.7417663799953
label_disk,8.5,50,2050,216,127.28889301735511,52,0.13631769587333276,-0.2460508325712015,0.2812890442537638,746.7805646067789
label_disk,9.5,50,2050,276,146.16592566606116,60,0.15499686004784863,-0.49297835228780645,0.5167704349603341,955.4075269905202
label_disk,10.5,50,2050,332,158.91939524444214,66,-0.3097958465243096,0.2248702348660034,0.38280554992372445,1149.4721747616288
label_rotated_box,3.5,50,2050,48,62.25558038525911,24,0.17921369807247967,0.3428602793166192,0.3868730033355701,166.33659933224723
label_rotated_box,4.5,50,2050,84,89.50723416903922,36,-0.18815741223834515,-0.006485011565570048,0.18826913489798622,290.3530710984508
label_rotated_box,5.5,50,2050,124,108.79993150950374,44,0.014770229225500309,-0.13950585503865637,0.14028557752470647,428.5518382406474
label_rotated_box,6.5,50,2050,164,121.52258258179134,50,-0.11770045424838393,-0.09134681342604775,0.14898871518799367,566.7472296923062
label_rotated_box,7.5,50,2050,224,150.30135956375707,62,-0.1874080397124871,0.13608526272604698,0.23160520736825926,775.3124692427634
label_rotated_box,8.5,50,2050,288,169.01760010050046,70,0.10413478301483048,-0.0714571383200991,0.12629400480800188,996.6587714248376
label_rotated_box,9.5,50,2050,364,196.08887466625035,82,-0.27197480590201506,-0.2702520099537452,0.38341419369850926,1260.2891075199316
label_rotated_box,10.5,50,2050,444,209.73100785033213,88,-0.046595029470684945,0.11854367845521517,0.12737229083700835,1537.547742166697
label_box,3,51,2051,36,53.08501063915674,20,0.08710703708859313,0.0635921468526364,0.1078498820197816,124.55007314305685
label_box,4,51,2051,64,71.4473565731151,28,0.002608234786065644,0.05344989721075291,0.05351349736785379,221.47141033177664
label_box,5,51,2051,100,89.66411842335425,36,0.024939988853335926,-0.12695898500266206,0.12938542003220724,346.207582875818
label_box,6,51,2051,144,108.78517499194916,44,-0.11640936324767903,0.06557927766187491,0.13361055912757558,498.768677928222
label_box,7,51,2051,196,127.06325622869056,52,0.0773261038059343,-0.007887747483588392,0.0777273625576668,678.1591030912222
label_box,8,51,2051,256,145.22664915350094,60,-0.12397037425637647,0.004977507893258418,0.12407025944235589,886.1119133371438
label_box,9,51,2051,324,164.08503785467474,68,0.019172010215609436,-0.05868024715833933,0.06173279017079354,1123.063275663487
label_box,10,51,2051,400,183.0400289366812,76,0.16601008814364748,0.013476639628325432,0.16655620427091078,1386.6108185553708
label_disk,3.5,51,2051,32,48.306759596436414,18,-0.08845531051956002,-0.12578051698090542,0.15376956919721022,110.59413613435964
label_disk,4.5,51,2051,60,66.97684578662293,26,-0.12668509633232805,-0.0227895148019837,0.128718590800401,207.92319807916536
label_disk,5.5,51,2051,88,80.87220150983035,32,-0.0043873266915515075,0.1057959870398473,0.10588691849909478,304.6507997725642
label_disk,6.5,51,2051,124,99.10387367476156,40,-0.08495633689396564,-0.16654653519098062,0.1869634391065845,429.42916371655593
label_disk,7.5,51,2051,172,113.27313195126597,46,0.12995542159909323,0.0592921225917879,0.14284245658920067,595.4366139384882
label_disk,8.5,51,2051,216,126.93502247208738,52,-0.1604812721075839,0.09485329935113498,0.18641723926467854,748.1529696612168
label_disk,9.5,51,2051,276,145.63580656928738,60,0.02426808341614972,0.2619304488227413,0.26305227597034,955.761124205639
label_disk,10.5,51,2051,332,159.53956072695746,66,0.4113173161527772,-0.40427375338367666,0.5767314819238235,1150.2285823845593
label_rotated_box,3.5,51,2051,48,62.28405839356308,24,0.20509783459311492,0.2106140506438886,0.293978570789456,166.63193352672258
label_rotated_box,4.5,51,2051,84,90.16507115721429,36,-0.45053643344350736,0.019935916534050233,0.45097729280757426,291.0428674065317
label_rotated_box,5.5,51,2051,124,108.58856425357163,44,0.025011655914135122,0.07018252759334667,0.07450617498541955,429.46111795573506
label_rotated_box,6.5,51,2051,164,122.18753658077843,50,0.0635515166613212,0.039583764123576906,0.07487102010888565,568.1585436540842
label_rotated_box,7.5,51,2051,224,149.94337172701492,62,-0.26003231165641205,-0.11160399914400862,0.2829704149382286,775.5879796054361
label_rotated_box,8.5,51,2051,288,169.20084937420373,70,-0.1426943909547509,-0.2672028065040678,0.3029175284026951,997.3004035904178
label_rotated_box,9.5,51,2051,364,196.7974910866425,82,0.023294223525924362,0.4809732705171662,0.48153702640778817,1260.912745174942
label_rotated_box,10.5,51,2051,444,210.35252131707108,88,-0.5318557462198159,0.22620858737310573,0.5779626802730201,1539.3485482515637
label_box,3,52,2052,36,53.063433592346094,20,-0.04430702982475987,-0.09893111127436782,0.10839962024782886,124.76506042166075
label_box,4,52,2052,64,71.63293816846391,28,-0.02338233816746138,-0.00485957522050548,0.023881985041057038,221.97764778666922
label_box,5,52,2052,100,90.09503657483958,36,0.045204252442823556,-0.08730778310563055,0.09831619108638387,347.002725531241
label_box,6,52,2052,144,108.85755651808896,44,0.00035791580217159336,0.11392182547978952,0.11392238772238346,498.61728336176935
label_box,7,52,2052,196,126.69920591611248,52,-0.06362453874999696,-0.03461395501724664,0.0724307104278692,678.3618544445645
label_box,8,52,2052,256,145.63639188076465,60,-0.01449824605151706,0.0028429376427343625,0.014774350510625029,886.959145347149
label_box,9,52,2052,324,164.08143684103987,68,0.013049144008407954,-0.09639428510656078,0.09727352343036154,1122.5309502752204
label_box,10,52,2052,400,182.30738762347556,76,-0.013982200428353408,-0.03828486359709905,0.04075822259945994,1387.1046853482544
label_disk,3.5,52,2052,32,48.67948140223602,18,0.04645687749373506,0.0072304970523739825,0.047016183959274024,110.60850634150547
label_disk,4.5,52,2052,60,67.02724113578603,26,0.015121693980391981,0.12363668678484012,0.12455800234416609,208.24734645637366
label_disk,5.5,52,2052,88,80.87951668013775,32,-0.04887244699066917,0.04226893622898955,0.06461562539189847,305.44878520037133
label_disk,6.5,52,2052,124,99.89117756660207,40,0.05967199252825228,-0.18436667832139428,0.1937829166040089,429.8655580012282
label_disk,7.5,52,2052,172,112.64554884467948,46,0.29457795963720645,0.2022694830859642,0.35733614159763183,595.533252808116
label_disk,8.5,52,2052,216,127.54345058651846,52,0.0747487566490821,0.29691770566269443,0.30618213624668267,748.1494295093812
label_disk,9.5,52,2052,276,145.72533121529085,60,-0.19972203552845924,-0.24020284284415683,0.31238805544714066,956.4203885455025
label_disk,10.5,52,2052,332,159.0183992753889,66,0.31035086132514333,0.119085804446701,0.3324140279019167,1151.2204385485747
label_rotated_box,3.5,52,2052,48,62.4843552462304,24,0.01694483820842363,-0.11553713781270744,0.11677310373481646,166.41891976888508
label_rotated_box,4.5,52,2052,84,90.58475486423188,36,0.23632168450739321,0.23674510174040148,0.3345088664990585,291.322016408546
label_rotated_box,5.5,52,2052,124,108.14983702275907,44,0.021443344139958853,-0.030269047781482983,0.03709490883534299,429.2960219002713
label_rotated_box,6.5,52,2052,164,122.97539425479447,50,-0.07049614200974608,0.05340022320428088,0.08843805672065225,567.9224652830464
label_rotated_box,7.5,52,2052,224,150.03730219890218,62,0.2540651345872944,0.34769414464207354,0.43062781009967666,776.4163814207586
label_rotated_box,8.5,52,2052,288,168.90259756833427,70,-0.24616152895804388,0.0469588205879881,0.25060053705045554,998.3174763027612
label_rotated_box,9.5,52,2052,364,196.97951295417073,82,-0.25824842215359123,-0.28084780954944355,0.3815334057111382,1261.4149599635145
label_rotated_box,10.5,52,2052,444,210.96653933249402,88,0.317805828848861,0.0035318521546987836,0.31782545340163393,1538.4204054905276
label_box,3,53,2053,36,53.1685389486367,20,-0.018191621427914306,0.02525511795876997,0.03112484655846413,124.4302681814363
label_box,4,53,2053,64,71.49746116666513,28,-0.07412891234624075,0.026718195532731137,0.07879693914208787,221.4615032735679
label_box,5,53,2053,100,90.11425186313768,36,-0.08255612811470892,-0.12831744322250038,0.15258073444721598,346.36088303876284
label_box,6,53,2053,144,109.36218532533466,44,0.03760834903760957,0.0224737941389702,0.04381163475990687,498.96908554182204
label_box,7,53,2053,196,127.07986139385568,52,0.07340293128593744,0.19275847173261873,0.20626152997120628,678.7143877185844
label_box,8,53,2053,256,145.6667608428891,60,-0.043857721495828894,-0.06695430965510554,0.0800398607957151,886.2247584683513
label_box,9,53,2053,324,163.83629026562204,68,0.024539619015846448,0.09021684797323709,0.09349477290024863,1121.758409125745
label_box,10,53,2053,400,182.796641422455,76,-0.02396493417549861,-0.020588885837146992,0.03159462438534526,1386.3208594950397
label_disk,3.5,53,2053,32,48.534160728147356,18,-0.15801114645465386,-0.05290962346665677,0.1666341821454934,110.65532630100354
label_disk,4.5,53,2053,60,67.05152085691614,26,-0.06442474848362956,-0.05725925302010966,0.08619263468301608,207.82632952731558
label_disk,5.5,53,2053,88,80.88274624019287,32,0.12069793214705005,-0.07242870483535194,0.1407618844314768,304.7663398118105
label_disk,6.5,53,2053,124,99.30265200282925,40,-0.08215612911962067,0.10074633235652818,0.12999789627225442,429.5896757302249
label_disk,7.5,53,2053,172,112.84201944030579,46,0.18044897039132168,0.1106897400918639,0.21169329105309992,595.6453957141222
label_disk,8.5,53,2053,216,127.16896487853325,52,-0.05291038608668286,-0.069693161450028,0.08750226116359229,748.2872886120424
label_disk,9.5,53,2053,276,144.8342880288861,60,0.26333469305574164,0.31623710803882754,0.4115228657894027,956.0094401949588
label_disk,10.5,53,2053,332,160.09861301301135,66,0.3774038291296766,-0.1867702940590551,0.4210900058000048,1149.8111075304746
label_rotated_box,3.5,53,2053,48,62.06080127582142,24,0.27457531783755096,-0.02172192271601666,0.2754331989649627,165.63699603023966
label_rotated_box,4.5,53,2053,84,89.43260424751733,36,-0.04183983678442349,0.1516121122363532,0.15727938364234442,290.97101595093835
label_rotated_box,5.5,53,2053,124,108.16540172152266,44,-0.1111451673054975,-0.15684308618306914,0.19223163605087662,430.1288457583787
label_rotated_box,6.5,53,2053,164,121.52246778482738,50,0.33578930313642363,0.23915529473721972,0.41224957380413557,568.6371409237696
label_rotated_box,7.5,53,2053,224,149.57486903766954,62,-0.18520168459520692,-0.29067589434220503,0.34466235583327526,775.6802155208196
label_rotated_box,8.5,53,2053,288,168.49920632781786,70,-0.3049591292807472,0.2802587253769296,0.41417994118688645,996.5693138575671
label_rotated_box,9.5,53,2053,364,196.47291642283488,82,0.18458603292502174,-0.09085254814852049,0.20573329593450945,1260.8425853656593
label_rotated_box,10.5,53,2053,444,209.94632156449515,88,0.15535799292748775,-0.07904318691481027,0.17430987167715709,1538.5528624287251
label_box,3,54,2054,36,53.59265961797316,20,-0.01858727476951927,-0.0810003541380645,0.08310562047087712,124.69170468411033
label_box,4,54,2054,64,71.50710245055646,28,-0.01249907224486213,-0.043489161572513535,0.045249684874731126,221.25369426422895
label_box,5,54,2054,100,90.01350158117835,36,-0.00639488257441867,-0.06566833660319149,0.06597897358530719,346.4356694616849
label_box,6,54,2054,144,108.68417482699755,44,0.04559551380724258,0.03046867348743615,0.054838772264069184,499.0294661864785
label_box,7,54,2054,196,126.98773475015894,52,0.015653551351960004,-0.05136223543611823,0.05369462635053612,679.7685252891254
label_box,8,54,2054,256,145.88838197693389,60,-0.003502308937406884,-0.06721549055127984,0.06730667379942519,887.830650448914
label_box,9,54,2054,324,164.29137392854565,68,-0.096995082235384,0.047150053988496615,0.1078479187048459,1122.7366052044335
label_box,10,54,2054,400,182.34498592460295,76,-0.008855282006047904,0.0030605622841588936,0.00936926149180669,1385.8145515946267
label_disk,3.5,54,2054,32,48.82183677960216,18,-0.08343256341481764,0.04141894118980757,0.09314784660555661,111.07358122848186
label_disk,4.5,54,2054,60,66.78049124075477,26,0.051032424328973036,0.12465994063081479,0.13470118459379124,207.43717933336043
label_disk,5.5,54,2054,88,81.28480662241425,32,0.14048100802450447,0.0320930089241418,0.144100224973405,304.79420570854364
label_disk,6.5,54,2054,124,99.44193304149941,40,-0.16745505840504604,-0.03360096169910656,0.17079291909368552,429.77752494173785
label_disk,7.5,54,2054,172,112.80380725901486,46,0.20669558100145702,-0.08176013313622545,0.22227861475180916,596.6088485684763
label_disk,8.5,54,2054,216,127.058668124757,52,-0.09753769615482488,0.39364789786702314,0.40555180885593056,748.6932078351267
label_disk,9.5,54,2054,276,145.17963207940733,60,0.08890487862091678,-0.46781058145995563,0.47618359649246816,956.1499173554034
label_disk,10.5,54,2054,332,159.2855824862235,66,0.3218766151069663,0.1736892206597751,0.36574923202396226,1150.3681441454887
label_rotated_box,3.5,54,2054,48,62.16474977338797,24,0.13536645749411225,-0.4053263005658399,0.42733299398115154,165.8112344974669
label_rotated_box,4.5,54,2054,84,90.8889415990179,36,0.25643643190251497,0.44635260283950473,0.5147720754552386,291.1028080974958
label_rotated_box,5.5,54,2054,124,108.72194005672863,44,-0.01167277327534677,-0.6652031074737119,0.6653055146536968,429.5021125170597
label_rotated_box,6.5,54,2054,164,121.85581461628566,50,0.24154963881271874,0.10569293992182377,0.26366119464167104,568.3337175167752
label_rotated_box,7.5,54,2054,224,149.56306169000743,62,0.11571022634255801,-0.21273035239697763,0.24216329059374025,775.922992034061
label_rotated_box,8.5,54,2054,288,168.63169434084594,70,0.024606491965609933,0.43481591697617705,0.43551160845916304,997.6317510647226
label_rotated_box,9.5,54,2054,364,196.04596010268165,82,0.5085466511644063,0.34107952364565275,0.6123356415078889,1261.1401182207078
label_rotated_box,10.5,54,2054,444,211.839177922711,88,-0.5624384216571476,-0.15279459783294078,0.5828234443492416,1538.428132445051
label_box,3,55,2055,36,53.248970082604274,20,0.04734283998541544,-0.0805672231283543,0.0934474287527414,124.91630830210516
label_box,4,55,2055,64,71.60216879906956,28,0.010306618398494116,0.053775305272786636,0.05475408514433943,221.71383871394832
label_box,5,55,2055,100,89.957218907494,36,-0.03393349909476617,-0.06154183345269916,0.0702771629018578,346.5828197304901
label_box,6,55,2055,144,108.14667078945318,44,0.09388315643387513,-0.09365209593952067,0.13260754931697008,498.9345392354963
label_box,7,55,2055,196,127.11012870011989,52,-0.04702529028621294,-0.0171119701670547,0.05004195689120044,679.4471011949353
label_box,8,55,2055,256,145.634970362253,60,0.055945720472440286,0.2357087378826334,0.24225716243984285,887.0678356986834
label_box,9,55,2055,324,163.69198290546663,68,-0.10443028999441584,-0.05771289219609366,0.11931665178823833,1123.2563709708236
label_box,10,55,2055,400,183.05911795370005,76,0.08092176396284634,0.0532125549120494,0.0968499245385689,1386.5292148990302
label_disk,3.5,55,2055,32,48.36697085634786,18,0.16706516546432892,-0.2125576179759972,0.27035441640789515,111.18286097735947
label_disk,4.5,55,2055,60,66.97226115968093,26,0.06234418691549726,-0.05464022433980807,0.08289964872096271,207.90533529922777
label_disk,5.5,55,2055,88,80.90966985621037,32,-0.18650535925095113,0.2532355643241081,0.31450357719408506,304.9709415022778
label_disk,6.5,55,2055,124,99.5142936865819,40,-0.0006677226653137858,-0.04123415539979187,0.04123956140760906,429.9416055403921
label_disk,7.5,55,2055,172,113.20078149022893,46,0.3259212328578913,0.0766998495875992,0.3348246062558249,596.1205238995149
label_disk,8.5,55,2055,216,127.2035374713831,52,-0.19219766217771195,-0.08247208858356044,0.20914489413302093,748.2594393397223
label_disk,9.5,55,2055,276,145.31202067683304,60,0.008522245830075992,-0.24994777997450618,0.2500930254688691,956.194535709535
label_disk,10.5,55,2055,332,158.6549613598348,66,0.26593253529450944,0.22901958742287581,0.3509559584214375,1150.2389758740117
label_rotated_box,3.5,55,2055,48,63.07467339442183,24,0.16070475806054807,-0.13571531540118467,0.2103441610735661,166.37752537233354
label_rotated_box,4.5,55,2055,84,89.99309069434229,36,-0.21922490902082226,-0.05383692348203324,0.22573873186761303,291.17384290106605
label_rotated_box,5.5,55,2055,124,108.53275783176804,44,-0.11860784495334675,-0.21584505322110698,0.24628623161780613,430.0640150391652
label_rotated_box,6.5,55,2055,164,122.40364490574518,50,0.176368895852415,0.21713263061350127,0.27973660236254244,568.0606034327549
label_rotated_box,7.5,55,2055,224,150.1555817917939,62,0.16517464930755832,0.2120453993295367,0.26878600438024586,775.8800299966779
label_rotated_box,8.5,55,2055,288,168.47572634953372,70,-0.4280722515781896,0.16652526740773735,0.45932180141643536,998.0343619388434
label_rotated_box,9.5,55,2055,364,196.45649537534646,82,0.41201010411701144,-0.16721904772175988,0.44465102700374237,1260.7192045643176
label_rotated_box,10.5,55,2055,444,210.51356984217975,88,-0.18921413322316738,-0.0760134776242489,0.2039118363213051,1537.9661507786839
label_box,3,56,2056,36,53.25123996736401,20,0.1746062839007263,-0.05960388131706676,0.18449926028491284,125.12360997617012
label_box,4,56,2056,64,71.92364223099369,28,0.04017567305390202,0.1503799974269816,0.1556541947121022,222.38388630713277
label_box,5,56,2056,100,90.08851051700199,36,-0.04333780729684644,-0.05344280840538088,0.06880624471334594,347.31112219000994
label_box,6,56,2056,144,108.9558863058483,44,0.09297475266536148,0.06631918822820072,0.11420393758725073,499.46961708263285
label_box,7,56,2056,196,127.00308285679351,52,-0.09592817320876801,-0.09334335468482832,0.1338476607154158,679.0609315257879
label_box,8,56,2056,256,145.55811958500433,60,-0.11084102574438104,0.1326949483673261,0.17289789562129979,886.9959396702886
label_box,9,56,2056,324,164.37174854656976,68,0.14700740177260796,0.10826884219477065,0.18257414484567394,1122.8954870717746
label_box,10,56,2056,400,182.46991569805664,76,-0.0072522856929864155,0.03929764554377073,0.03996123863266176,1386.4602402007774
label_disk,3.5,56,2056,32,48.66152715295921,18,0.27181616203029035,-0.08767263968549782,0.28560552811579154,111.14510659124902
label_disk,4.5,56,2056,60,66.65313114851152,26,-0.19908166268339356,0.015355372257863646,0.19967297231714176,208.5326523557078
label_disk,5.5,56,2056,88,81.21173013981866,32,0.08807968316459114,0.17766780006208305,0.19830249056750415,305.7638097219271
label_disk,6.5,56,2056,124,99.23147681895881,40,0.05924452934159152,0.005874403572316431,0.05953505584306731,430.132321033575
label_disk,7.5,56,2056,172,113.2241421730124,46,0.009518863094200913,-0.02696462039351529,0.028595445573946228,596.1157955619212
label_disk,8.5,56,2056,216,127.0151214690645,52,-0.08019223407418474,0.07219390199563482,0.107901593552478,748.5453103796117
label_disk,9.5,56,2056,276,145.5542806448118,60,0.004933435601881975,-0.39379421652893715,0.3938251182421931,956.3575173916612
label_disk,10.5,56,2056,332,158.8512493471376,66,0.06290913242349827,0.3005549263845661,0.30706810761834125,1150.369660974733
label_rotated_box,3.5,56,2056,48,62.44361586951726,24,0.0029551958641338416,0.12323289780279059,0.12326832635948468,166.65196472058204
label_rotated_box,4.5,56,2056,84,89.7845734171378,36,-0.07758112515014925,-0.07121467297511908,0.10531078115044193,291.26096820485174
label_rotated_box,5.5,56,2056,124,108.48175036760456,44,-0.07939572629848657,0.19644048073366566,0.21187860634178682,429.6995804083876
label_rotated_box,6.5,56,2056,164,121.78098681744734,50,0.07556353466487353,-0.3038346222167926,0.3130899637942274,568.2715663443677
label_rotated_box,7.5,56,2056,224,149.4378333748512,62,-0.40582114329436214,-0.19383601641181147,0.44973681370679813,775.9111197410873
label_rotated_box,8.5,56,2056,288,168.93619061385732,70,-0.005489221638882658,0.352958724668293,0.35300140633383975,997.4382428873016
label_rotated_box,9.5,56,2056,364,196.14261201293243,82,0.12093005834229054,-0.12945807195026882,0.1771538071951906,1260.6682229545181
label_rotated_box,10.5,56,2056,444,209.570550431018,88,-0.22007055642473805,0.18903037959724198,0.2901095210705281,1537.5026613992338
label_box,3,57,2057,36,53.01606612314531,20,-0.020088577034147903,0.03655568243018303,0.04171173510168675,124.42439747029931
label_box,4,57,2057,64,71.75277897778055,28,-0.07181481295775027,-0.07040901075155309,0.10057234289390386,221.45298474695343
label_box,5,57,2057,100,90.32061014280013,36,0.011709084865903385,0.01416800986644353,0.01838029303282646,345.8823410692198
label_box,6,57,2057,144,108.52394906157002,44,0.15332000494464726,0.1983514986891483,0.25069970272909753,498.8646603026521
label_box,7,57,2057,196,127.16525747490336,52,-0.08171321491919858,-0.18925667135710064,0.20614348678917976,680.185728671837
label_box,8,57,2057,256,146.026064589485,60,0.030314956784588176,0.03485584668021588,0.04619444395862088,887.2209699100423
label_box,9,57,2057,324,163.77405487441519,68,-0.07414903723480304,-0.07063081945846023,0.10240504079498143,1121.7290178802855
label_box,10,57,2057,400,182.29179128136767,76,0.06184944399769554,0.06967604509334258,0.09316708100328992,1385.1247252139767
label_disk,3.5,57,2057,32,48.51125471124829,18,-0.16004445039150195,0.011848856101164866,0.16048246474934275,110.6212543458522
label_disk,4.5,57,2057,60,67.08762779057156,26,-0.11004427383761017,0.18968448275641464,0.21929419783253615,207.5377396178338
label_disk,5.5,57,2057,88,81.0235629773271,32,0.09745623811386794,-0.27193010589107514,0.28886623346670043,304.4474750541643
label_disk,6.5,57,2057,124,99.56989463118909,40,0.2188342113531312,0.02131335039843904,0.21986966813035747,428.87364134527735
label_disk,7.5,57,2057,172,112.78174977685681,46,0.03808983445616354,-0.0060921552858031296,0.038573952933609,596.7001425946864
label_disk,8.5,57,2057,216,127.93444260508372,52,0.1882266475623684,0.12003546893018274,0.22324377853337127,749.0334826636082
label_disk,9.5,57,2057,276,145.46293577560607,60,0.33572059748545824,-0.11512716595429881,0.35491207913603295,956.3847739267159
label_disk,10.5,57,2057,332,159.44423445900776,66,-0.23928266635407347,0.0992498418458546,0.2590496584130965,1150.7752532747925
label_rotated_box,3.5,57,2057,48,62.246413282296125,24,0.022628489271272034,-0.009686149143733266,0.024614426906485517,165.90424085884598
label_rotated_box,4.5,57,2057,84,90.01694848413447,36,-0.32051372118893084,0.046930803882997765,0.323931390611469,290.3954740794813
label_rotated_box,5.5,57,2057,124,108.48905169145827,44,0.2821872541556343,-0.3864781154772899,0.4785341995623447,428.9961987203983
label_rotated_box,6.5,57,2057,164,122.54275877967743,50,0.2211444720964928,0.26356588095510136,0.3440521052725519,568.2798047143773
label_rotated_box,7.5,57,2057,224,149.65240213044777,62,0.037967637241351326,-0.15191650097532172,0.1565891590956276,776.7050916009111
label_rotated_box,8.5,57,2057,288,168.37034507159092,70,-0.5873627810838031,-0.2224487426488611,0.628075218193298,998.5836548792971
label_rotated_box,9.5,57,2057,364,196.42612609877273,82,0.16837282435349943,0.33898469210823523,0.3784970666524239,1261.674745705164
label_rotated_box,10.5,57,2057,444,210.92167838412567,88,-0.22352058113646622,0.548162246722488,0.5919825157244337,1538.174225261204
label_box,3,58,2058,36,53.37130683502367,20,-0.02934452426336076,-0.01756622930975041,0.034200490002421056,125.2099379703825
label_box,4,58,2058,64,71.30294705040318,28,-0.12050974134171621,-0.012618221266521956,0.12116854899757715,221.65524507179353
label_box,5,58,2058,100,90.56230333872504,36,0.013058558916921648,-0.036696403463600966,0.03895063527274104,346.16044970184413
label_box,6,58,2058,144,108.68392473663076,44,-0.020664700664632107,0.032420351538050785,0.0384461837821342,499.018934847468
label_box,7,58,2058,196,127.37824071329669,52,-0.06786126078674704,-0.05001391231101862,0.08430030925341349,678.5862692180535
label_box,8,58,2058,256,145.3436450809108,60,0.04468492534329993,0.12780794472805287,0.13539428824195393,886.284677147069
label_box,9,58,2058,324,164.0780104015911,68,-0.08827150551362806,-0.04159905942571521,0.0975824801424244,1122.2260216958625
label_box,10,58,2058,400,182.53216595298323,76,0.060485840707350746,-0.15916136543669923,0.17026707601221536,1385.6582739043558
label_disk,3.5,58,2058,32,48.41841190303705,18,0.07912967557098183,-0.07676723728146577,0.1102484207406061,111.10875050011312
label_disk,4.5,58,2058,60,67.48503214058832,26,-0.04079734858379558,-0.011015723081334527,0.04225836966178858,207.94258189111326
label_disk,5.5,58,2058,88,80.63637536712095,32,0.04107119219243893,0.0036598343613614276,0.04123393281826097,304.530436323079
label_disk,6.5,58,2058,124,99.79195896331797,40,-0.16839361906326378,0.00764650505195838,0.16856713790277517,429.75567647323584
label_disk,7.5,58,2058,172,113.32827848159107,46,0.1270497797838792,-0.3416804918413984,0.36453697349941355,595.6651035890379
label_disk,8.5,58,2058,216,127.13574502263016,52,0.22065976703441637,-0.0689495845353569,0.2311812665318737,747.9821072923605
label_disk,9.5,58,2058,276,145.61133462642954,60,-0.3556007669870347,0.13195140925127533,0.3792928682234414,955.9607787838925
label_disk,10.5,58,2058,332,158.70855216234696,66,0.18808780877643372,-0.07264488211744366,0.20162912167684902,1149.8612053117624
label_rotated_box,3.5,58,2058,48,62.640814053142755,24,-0.18288253040191682,0.08184297539717009,0.2003604066378131,166.54330279278346
label_rotated_box,4.5,58,2058,84,90.68693520547058,36,0.0733054782472049,-0.07279198794220264,0.10330714713721023,290.95834220746593
label_rotated_box,5.5,58,2058,124,108.8452237403972,44,-0.021481101475442355,0.22800685070230112,0.2290165096401997,429.2429016245318
label_rotated_box,6.5,58,2058,164,122.81762994361954,50,0.26229692826447915,-0.3896076003831345,0.46967410068395893,567.9516168754004
label_rotated_box,7.5,58,2058,224,150.65957194269737,62,0.1485562817292556,0.05453736238582883,0.15825072744611693,776.679814981905
label_rotated_box,8.5,58,2058,288,169.21314323518715,70,0.3387302101644063,0.07995810591963504,0.3480394431386742,997.2446119741833
label_rotated_box,9.5,58,2058,364,195.48034385359364,82,-0.21487916031226417,-0.19628184899800932,0.29103198755906723,1260.4771301821593
label_rotated_box,10.5,58,2058,444,210.52068142569456,88,0.01662388798868175,0.19739509257609905,0.19809385711068112,1538.7880440139784
label_box,3,59,2059,36,52.864970828112874,20,0.0026335194564865994,-0.05077323783199671,0.05084148999264475,124.73325199074712
label_box,4,59,2059,64,71.9648140006594,28,0.08025477099457046,0.0895554063483531,0.12025389421390723,221.55569742960145
label_box,5,59,2059,100,90.18704801703106,36,-0.06035450252206909,-0.00598600018085077,0.060650623845526844,346.16830242362266
label_box,6,59,2059,144,108.95807063276023,44,0.04549396091609026,-0.09317100890607546,0.10368479821271169,498.2304208965949
label_box,7,59,2059,196,127.08695673486336,52,-0.06152929364187454,0.08662340982341352,0.10625191342043246,678.2799171505931
label_box,8,59,2059,256,145.68764973674703,60,-0.014145866309370536,-0.20216395029980336,0.20265825503656135,885.8605003653956
label_box,9,59,2059,324,163.83520216050601,68,0.018929353193497533,0.061810636381445634,0.06464422002161883,1122.014538110015
label_box,10,59,2059,400,182.54441303753202,76,-0.0978799342272132,-0.0473352536165988,0.10872491783980023,1385.3585986798475
label_disk,3.5,59,2059,32,48.42670765349055,18,-0.19881336841488073,0.02233379823515247,0.20006387481022053,110.76695539060346
label_disk,4.5,59,2059,60,67.0500268698134,26,-0.05877164210103958,0.03356450458117037,0.06768073494748779,207.7175451472409
label_disk,5.5,59,2059,88,81.06166389837828,32,0.034732858758102836,-0.01994735142041905,0.04005331829199692,304.1761351571002
label_disk,6.5,59,2059,124,99.05563537079999,40,0.04209215360505958,-0.006278700674276619,0.042557860346463514,428.9919786854992
label_disk,7.5,59,2059,172,113.63146612360138,46,-0.3605500378466533,0.05536676850739809,0.36477638197418283,595.2448670055686
label_disk,8.5,59,2059,216,126.63803142723239,52,0.06900977071119474,-0.10613592482022355,0.126598511014371,747.6585900317956
label_disk,9.5,59,2059,276,145.48095104996492,60,0.11331648672336447,0.25639742216556677,0.28032171563486535,955.8538074383721
label_disk,10.5,59,2059,332,160.04600512124694,66,-0.3994656073891041,-0.3489711432015983,0.5304277804510019,1150.2100200719292
label_rotated_box,3.5,59,2059,48,61.55419667415982,24,0.1820237515402563,-0.022154350936547038,0.1833670128191236,165.7411153329459
label_rotated_box,4.5,59,2059,84,90.26078958736439,36,-0.27751055156909255,0.13003757551943487,0.3064667637430766,290.3027090084779
label_rotated_box,5.5,59,2059,124,108.2347206895282,44,0.05208598598845349,-0.33611531226547,0.34012711311464683,428.7522051614117
label_rotated_box,6.5,59,2059,164,122.38411398514353,50,0.2485790381117856,0.28466374794502003,0.3779219331855277,567.9763235082244
label_rotated_box,7.5,59,2059,224,150.12541863555424,62,0.012728855940564276,0.25114686182647816,0.25146922272684535,775.6036510531775
label_rotated_box,8.5,59,2059,288,168.71809127412692,70,-0.25794167406864554,0.05836952271759324,0.2644634349085238,997.8039040209254
label_rotated_box,9.5,59,2059,364,196.44829543812097,82,0.28647581626934526,-0.39490603522614603,0.4878720836092405,1260.564850556406
label_rotated_box,10.5,59,2059,444,209.48915175191055,88,-0.4526291729771481,-0.348713027741849,0.5713789845162881,1537.2890120860468
