epsilon,psi_rad,delta,leading,ratio,area
0.0,0.0,2.220446049250313e-16,0.0,,0.8660254037844387
0.0,0.5235987755982988,2.220446049250313e-16,0.0,,0.8660254037844387
0.0001,0.0,5.773502786965423e-09,5.773502691896258e-09,1.0000000164664624,0.8660254008976873
0.0001,0.5235987755982988,5.773502706312257e-09,5.773502691896258e-09,1.0000000024969242,0.8660254008976872
0.00011296264540672511,0.0,7.367312093720102e-09,7.367312322203963e-09,0.9999999689868094,0.8660254001007824
0.00011296264540672511,0.5235987755982988,7.3673122175810375e-09,7.367312322203963e-09,0.9999999857990376,0.8660254001007825
0.00012760559257285527,0.0,9.40110234104452e-09,9.401102545441361e-09,0.9999999782582054,0.8660253990838874
0.00012760559257285527,0.5235987755982988,9.40110252199669e-09,9.401102545441361e-09,0.9999999975061786,0.8660253990838873
0.00014414665305722483,0.0,1.199633237192188e-08,1.1996332611492213e-08,0.9999999800297025,0.8660253977862724
0.00014414665305722483,0.5235987755982988,1.1996332586491595e-08,1.1996332611492213e-08,0.9999999979159783,0.8660253977862724
0.00016283187255869533,0.0,1.5307991541035904e-08,1.5307991315905336e-08,1.0000000147067347,0.866025396130443
0.00016283187255869533,0.5235987755982988,1.5307991670975714e-08,1.5307991315905336e-08,1.0000000231950992,0.8660253961304429
0.00018393919080760953,0.0,1.9533852868569568e-08,1.9533853029662208e-08,0.9999999917531559,0.866025394017512
0.00018393919080760953,0.5235987755982988,1.9533853379815557e-08,1.9533853029662208e-08,1.0000000179254624,0.8660253940175122
0.0002077825758759997,0.0,2.4926288588744683e-08,2.492628891081113e-08,0.999999987079246,0.8660253913212942
0.0002077825758759997,0.5235987755982988,2.4926289610362827e-08,2.492628891081113e-08,1.0000000280648154,0.8660253913212942
0.00023471669440376506,0.0,3.1807338762845916e-08,3.180733867106242e-08,1.0000000028856075,0.8660253878807693
0.00023471669440376506,0.5235987755982988,3.1807339651754207e-08,3.180733867106242e-08,1.000000030832249,0.8660253878807691
0.000265142187209712,0.0,4.058794311756486e-08,4.058794299286418e-08,1.0000000030723577,0.8660253834904672
0.000265142187209712,0.5235987755982988,4.058794488523372e-08,4.058794299286418e-08,1.000000046623933,0.8660253834904672
0.0002995116287613422,0.0,5.179248507847234e-08,5.1792485169176975e-08,0.9999999982486912,0.8660253778881958
0.0002995116287613422,0.5235987755982988,5.179248806397317e-08,5.1792485169176975e-08,1.0000000558922049,0.8660253778881959
0.0003383362591495822,0.0,6.609010727576248e-08,6.609010760833652e-08,0.9999999949678696,0.8660253707393849
0.0003383362591495822,0.5235987755982988,6.609011255414685e-08,6.609010760833652e-08,1.0000000748343514,0.8660253707393849
0.0003821935887055211,0.0,8.433467335589029e-08,8.433467344565543e-08,0.9999999989356082,0.866025361617102
0.0003821935887055211,0.5235987755982988,8.433468155250028e-08,8.433467344565543e-08,1.0000000961270676,0.8660253616171021
0.0004317359883766556,0.0,1.0761575952589197e-07,1.0761575979471113e-07,0.9999999975020466,0.8660253499765588
0.0004317359883766556,0.5235987755982988,1.0761577324027054e-07,1.0761575979471113e-07,1.0000001249404311,0.8660253499765587
0.00048770039364314145,0.0,1.3732372805552728e-07,1.3732372798782156e-07,1.0000000004930374,0.8660253351225746
0.00048770039364314145,0.5235987755982988,1.3732374954503021e-07,1.3732372798782156e-07,1.0000001569809456,0.8660253351225747
0.0005509192663183044,0.0,1.7523275663844373e-07,1.752327568419954e-07,0.9999999988383925,0.8660253161680604
0.0005509192663183044,0.5235987755982988,1.7523279216347527e-07,1.752327568419954e-07,1.0000002015689333,0.8660253161680602
0.0006223329772884784,0.0,2.2360679785560222e-07,2.2360679774997902e-07,1.0000000004723613,0.8660252919810396
0.0006223329772884784,0.5235987755982988,2.2360685547296372e-07,2.2360679774997902e-07,1.0000002581450353,0.8660252919810398
0.0007030037943834996,0.0,2.8533477935965834e-07,2.85334779302047e-07,1.0000000002019078,0.8660252611170491
0.0007030037943834996,0.5235987755982988,2.8533487303857803e-07,2.85334779302047e-07,1.000000328514215,0.8660252611170491
0.0007941316834452556,0.0,3.6410313564161356e-07,3.6410313594482547e-07,0.9999999991672363,0.8660252217328707
0.0007941316834452556,0.5235987755982988,3.641032889030852e-07,3.6410313594482547e-07,1.0000004200959691,0.8660252217328706
0.0008970721576327207,0.0,4.646159639243308e-07,4.6461596419874274e-07,0.999999999409379,0.8660251714764565
0.0008970721576327207,0.5235987755982988,4.646162132704199e-07,4.6461596419874274e-07,1.0000005360807556,0.8660251714764565
0.0010133564404691095,0.0,5.92875954441574e-07,5.928759543038914e-07,1.0000000002322285,0.8660251073464615
0.0010133564404691095,0.5235987755982988,5.928763603735413e-07,5.928759543038914e-07,1.0000006849150265,0.8660251073464615
0.0011447142425533327,0.0,7.56542874569277e-07,7.56542874711452e-07,0.9999999998120729,0.8660250255130013
0.0011447142425533327,0.5235987755982988,7.565435354942913e-07,7.56542874711452e-07,1.0000008734241792,0.8660250255130014
0.0012930994907358003,0.0,9.653910180151826e-07,9.65391018343261e-07,0.99999999966016,0.8660249210889293
0.0012930994907358003,0.5235987755982988,9.653920943923942e-07,9.65391018343261e-07,1.0000011146251753,0.8660249210889294
0.0014607193924760504,0.0,1.2318929296650794e-06,1.2318929296020391e-06,1.0000000000511735,0.8660247878379739
0.0014607193924760504,0.5235987755982988,1.2318946819165594e-06,1.2318929296020391e-06,1.000001422456837,0.8660247878379739
0.0016500672677099918,0.0,1.5719642726397254e-06,1.5719642726817903e-06,0.9999999999732405,0.8660246178023023
0.0016500672677099918,0.5235987755982988,1.5719671260143127e-06,1.5719642726817903e-06,1.0000018151382777,0.8660246178023021
0.0018639596365956756,0.0,2.0059143250872324e-06,2.005914325189171e-06,0.9999999999491809,0.8660244008272759
0.0018639596365956756,0.5235987755982988,2.0059189712602407e-06,2.005914325189171e-06,1.0000023161861955,0.8660244008272759
0.0021055781148120547,0.0,2.5596588610898863e-06,2.5596588611614292e-06,0.9999999999720498,0.8660241239550082
0.0021055781148120547,0.5235987755982988,2.5596664263542442e-06,2.5596588611614292e-06,1.0000029555472918,0.866024123955008
0.0023785167395967513,0.0,3.2662678575157145e-06,3.2662678576286443e-06,0.9999999999654254,0.8660237706505098
0.0023785167395967513,0.5235987755982988,3.2662801765238133e-06,3.2662678576286443e-06,1.0000037715508054,0.86602377065051
0.00268683543049028,0.0,4.167940454546937e-06,4.16794045474374e-06,0.9999999999527817,0.8660233198142112
0.00268683543049028,0.5235987755982988,4.167960513777747e-06,4.16794045474374e-06,1.0000048126968764,0.8660233198142114
0.0030351203800069912,0.0,5.318525115316497e-06,5.3185251153595025e-06,0.999999999991914,0.866022744521881
0.0030351203800069912,0.5235987755982988,5.318557778484306e-06,5.3185251153595025e-06,1.0000061413877146,0.8660227445218811
0.003428552272534545,0.0,6.7867354891504306e-06,6.78673548959062e-06,0.9999999999351398,0.8660220104166938
0.003428552272534545,0.5235987755982988,6.786788675457522e-06,6.78673548959062e-06,1.0000078367378518,0.8660220104166939
0.0038729833462074173,0.0,8.660254037562432e-06,8.660254037844388e-06,0.9999999999674424,0.8660210736574196
0.0038729833462074173,0.5235987755982988,8.66034064137089e-06,8.660254037844388e-06,1.0000100001138676,0.8660210736574202
0.004375024444037806,0.0,1.1050968483306e-05,1.1050968483305967e-05,1.000000000000003,0.866019878300197
0.004375024444037806,0.5235987755982988,1.105110950247294e-05,1.1050968483305967e-05,1.0000127607971363,0.866019878300198
0.004942143349175973,0.0,1.4101653818099358e-05,1.4101653818162043e-05,0.9999999999955548,0.8660183529575296
0.004942143349175973,0.5235987755982988,1.4101883443477117e-05,1.4101653818162043e-05,1.0000162835734046,0.8660183529575316
0.005582775867021703,0.0,1.7994498917150992e-05,1.7994498917238324e-05,0.9999999999951467,0.86601640653498
0.005582775867021703,0.5235987755982988,1.7994872823145483e-05,1.7994498917238324e-05,1.0000207789007562,0.8660164065349838
0.006306451306515956,0.0,2.296198697382401e-05,2.296198697385801e-05,0.9999999999985193,0.8660139227909517
0.006306451306515956,0.5235987755982988,2.296259581706279e-05,2.296198697385801e-05,1.0000265152665346,0.8660139227909598
0.007123934227127409,0.0,2.9300779544216837e-05,2.930077954449338e-05,0.9999999999905619,0.8660107533946664
0.007123934227127409,0.5235987755982988,2.930177094624122e-05,2.930077954449338e-05,1.0000338353369178,0.866010753394683
0.008047384559998259,0.0,3.7389433366286084e-05,3.738943336621671e-05,1.0000000000018554,0.8660067090677555
0.008047384559998259,0.5235987755982988,3.7391047707000495e-05,3.738943336621671e-05,1.0000431763907192,0.8660067090677903
0.009090538485026379,0.0,4.7711008006490196e-05,4.771100800659365e-05,0.9999999999978316,0.8660015482804354
0.009090538485026379,0.5235987755982988,4.7713636714781704e-05,4.771100800659365e-05,1.000055096471399,0.8660015482805077
0.010268912754402238,0.0,6.088191448916369e-05,6.0881914489296296e-05,0.999999999997822,0.865994962827194
0.010268912754402238,0.5235987755982988,6.0886194962272095e-05,6.0881914489296296e-05,1.0000703077919233,0.8659949628273444
0.01160003550188137,0.0,7.768872775371083e-05,7.768872775376549e-05,0.9999999999992965,0.8659865594205615
0.01160003550188137,0.5235987755982988,7.769569793114207e-05,7.768872775376549e-05,1.0000897192884748,0.8659865594208743
0.01310370697104449,0.0,9.913516141257794e-05,9.913516141250481e-05,1.0000000000007376,0.8659758362037323
0.01310370697104449,0.5235987755982988,9.914651150437132e-05,9.913516141250481e-05,1.000114491081719,0.8659758362043819
0.014802294040837306,0.0,0.00012650201016828344,0.00012650201016848318,0.999999999998421,0.8659621527793545
0.014802294040837306,0.5235987755982988,0.00012652049261207865,0.00012650201016848318,1.0001461039517938,0.8659621527807047
0.016721062929411865,0.0,0.00016142363969184892,0.00016142363969206676,0.9999999999986505,0.8659446919645926
0.016721062929411865,0.5235987755982988,0.0001614537368223358,0.00016142363969206676,1.000186448095994,0.8659446919673982
0.018888555025186885,0.0,0.00020598559198170552,0.00020598559198173232,0.9999999999998699,0.8659224109884476
0.018888555025186885,0.5235987755982988,0.00020603460348736033,0.00020598559198173232,1.0002379365719538,0.8659224109942778
0.02133701143555604,0.0,0.00026284913526264386,0.0002628491352629936,0.9999999999986693,0.865893979216807
0.02133701143555604,0.5235987755982988,0.0002629289494800303,0.0002628491352629936,1.0003036502933778,0.8658939792289233
0.024102852568339557,0.0,0.0003354101966249745,0.0003354101966249686,1.0000000000000175,0.865857698686126
0.024102852568339557,0.5235987755982988,0.00033554017595625575,0.0003354101966249686,1.0003875234939041,0.8658576987113062
0.027227219879679177,0.0,0.0004280021689528901,0.0004280021689530706,0.9999999999995783,0.8658114026999622
0.027227219879679177,0.5235987755982988,0.0004282138507104281,0.0004280021689530706,1.0004945810388655,0.8658114027522958
0.030756587846791354,0.0,0.0005461547039170567,0.0005461547039172383,0.9999999999996675,0.8657523264324798
0.030756587846791354,0.5235987755982988,0.0005464994599182899,0.0005461547039172383,1.0006312423908077,0.8657523265412579
0.034743455268578825,0.0,0.0006969239462980559,0.0006969239462981143,0.9999999999999162,0.8656769418112896
0.034743455268578825,0.5235987755982988,0.0006974854657949977,0.0006969239462981143,1.0008057112972886,0.8656769420374097
0.03924712617708889,0.0,0.0008893139314558596,0.0008893139314558373,1.000000000000025,0.8655807468187107
0.03924712617708889,0.5235987755982988,0.0008902285695065886,0.0008893139314558373,1.0010284760177477,0.8655807472888103
0.044334591975754914,0.0,0.0011348143120667453,0.001134814312067176,0.9999999999996205,0.8654579966284052
0.044334591975754914,0.5235987755982988,0.0011363042693636482,0.001134814312067176,1.0013129525074091,0.8654579976058843
0.050081527926090476,0.0,0.0014480865275148247,0.0014480865275148923,0.9999999999999533,0.8653013605206812
0.050081527926090476,0.5235987755982988,0.001450513973932072,0.0014480865275148923,1.00167631310081,0.8653013625535546
0.05657341880541959,0.0,0.001847839394402917,0.0018478393944030588,0.9999999999999233,0.865101484087237
0.05657341880541959,0.5235987755982988,0.0018517947999348843,0.0018478393944030588,1.0021405569898585,0.865101488316087
0.06390683047962774,0.0,0.0023579464090223157,0.0023579464090226856,0.9999999999998431,0.8648464305799274
0.06390683047962774,0.5235987755982988,0.0023643927930837973,0.0023579464090226856,1.002733897613807,0.8648464393797426
0.07219084630537881,0.0,0.0030088714877837264,0.0030088714877837567,0.9999999999999899,0.8645209680405466
0.07219084630537881,0.5235987755982988,0.0030193801768502804,0.0030088714877837567,1.0034925682632807,0.864520986359602
0.08154868972805907,0.0,0.003839488291742077,0.0038394882917421537,0.99999999999998,0.8641056596385674
0.08154868972805907,0.5235987755982988,0.00385662463550657,0.0038394882917421537,1.0044631842741316,0.8641056977943702
0.09211955721133781,0.0,0.004899401786442881,0.0048994017864429674,0.9999999999999823,0.8635757028912171
0.09211955721133781,0.5235987755982988,0.004927357056041932,0.0048994017864429674,1.0057058536567298,0.8635757824173825
0.10406068876288892,0.0,0.006251910682115391,0.0062519106821156125,0.9999999999999646,0.8628994484433807
0.10406068876288892,0.5235987755982988,0.0062975390445582854,0.0062519106821156125,1.0072983068317336,0.8628996143384966
0.11754970685501805,0.0,0.007977787673039027,0.007977787673039256,0.9999999999999712,0.862036509947919
0.11754970685501805,0.5235987755982988,0.008052311658778103,0.007977787673039256,1.0093414350936787,0.8620368563952043
0.132787258531279,0.0,0.010180103234385673,0.010180103234385954,0.9999999999999724,0.8609353521672456
0.132787258531279,0.5235987755982988,0.010301926611676756,0.010180103234385954,1.0119668115819602,0.8609360766992122
0.15,0.0,0.012990381056766531,0.01299038105676658,0.9999999999999962,0.8595302132560555
0.15,0.5235987755982988,0.013189745236686864,0.01299038105676658,1.0153470617258327,0.8595317312574254
0.05,0.0,0.0014433756729739233,0.0014433756729740647,0.9999999999999021,0.8653037159479517
0.05,0.017453292519943295,0.0014433822841362198,0.0014433756729740647,1.0000045803475,0.8653037159534654
0.05,0.03490658503988659,0.0014434020450101279,0.0014433756729740647,1.0000182710825443,0.8653037159699469
0.05,0.05235987755982989,0.0014434347385570857,0.0014433756729740647,1.0000409218363084,0.865303715997215
0.05,0.06981317007977318,0.0014434800057161622,0.0014433756729740647,1.0000722838440823,0.8653037160349711
0.05,0.08726646259971647,0.0014435373493763026,0.0014433756729740647,1.0001120126972243,0.8653037160828019
0.05,0.10471975511965978,0.0014436061398716688,0.0014433756729740647,1.000159672150445,0.8653037161401829
0.05,0.12217304763960307,0.0014436856219419867,0.0014433756729740647,1.0002147389440779,0.8653037162064856
0.05,0.13962634015954636,0.0014437749230779735,0.0014433756729740647,1.000276608585959,0.8653037162809836
0.05,0.15707963267948966,0.0014438730631528916,0.0014433756729740647,1.0003446020243656,0.8653037163628604
0.05,0.17453292519943295,0.0014439789652364685,0.0014433756729740647,1.0004179731401186,0.8653037164512194
0.05,0.19198621771937624,0.0014440914674699321,0.0014433756729740647,1.000495916973848,0.8653037165450923
0.05,0.20943951023931956,0.0014442093358614182,0.0014433756729740647,1.0005775785909123,0.8653037166434505
0.05,0.22689280275926285,0.0014443312778686314,0.0014433756729740647,1.0006620624917404,0.8653037167452164
0.05,0.24434609527920614,0.0014444559566107542,0.0014433756729740647,1.0007484424581325,0.8653037168492755
0.05,0.2617993877991494,0.0014445820055510306,0.0014433756729740647,1.0008357717256522,0.865303716954487
0.05,0.2792526803190927,0.0014447080434939227,0.0014433756729740647,1.0009230933739603,0.8653037170596987
0.05,0.29670597283903605,0.0014448326897237127,0.0014433756729740647,1.0010094508151477,0.8653037171637574
0.05,0.3141592653589793,0.0014449545791258153,0.0014433756729740647,1.001093898270086,0.8653037172655235
0.05,0.33161255787892263,0.0014450723771173052,0.0014433756729740647,1.0011755111126022,0.8653037173638817
0.05,0.3490658503988659,0.0014451847942331042,0.0014433756729740647,1.0012533959750838,0.8653037174577546
0.05,0.3665191429188092,0.0014452906002018421,0.0014433756729740647,1.001326700500523,0.8653037175461137
0.05,0.3839724354387525,0.0014453886373643606,0.0014433756729740647,1.0013946226391277,0.8653037176279905
0.05,0.4014257279586958,0.0014454778332892702,0.0014433756729740647,1.0014564193886364,0.8653037177024886
0.05,0.4188790204786391,0.001445557212447688,0.0014433756729740647,1.001511414882813,0.8653037177687912
0.05,0.4363323129985824,0.001445625906827704,0.0014433756729740647,1.0015590077453658,0.8653037178261723
0.05,0.4537856055185257,0.001445683165370184,0.0014433756729740647,1.001598677627263,0.8653037178740028
0.05,0.47123889803846897,0.0014457283621292008,0.0014433756729740647,1.001629990860445,0.8653037179117591
0.05,0.4886921905584123,0.0014457610030704819,0.0014433756729740647,1.001652605167927,0.865303717939027
0.05,0.5061454830783556,0.001445780731432219,0.0014433756729740647,1.0016662733778787,0.8653037179555084
0.05,0.5235987755982988,0.001445787331597077,0.0014433756729740647,1.0016708461062276,0.8653037179610221
0.05,0.5410520681182421,0.00144578073143244,0.0014433756729740647,1.0016662733780317,0.8653037179555085
0.05,0.5585053606381855,0.001445761003070649,0.0014433756729740647,1.001652605168043,0.865303717939027
0.05,0.5759586531581288,0.0014457283621295072,0.0014433756729740647,1.0016299908606572,0.8653037179117591
0.05,0.5934119456780721,0.0014456831653701342,0.0014433756729740647,1.0015986776272285,0.8653037178740028
0.05,0.6108652381980153,0.0014456259068275211,0.0014433756729740647,1.0015590077452392,0.8653037178261721
0.05,0.6283185307179586,0.0014455572124477067,0.0014433756729740647,1.001511414882826,0.8653037177687912
0.05,0.6457718232379019,0.0014454778332892394,0.0014433756729740647,1.001456419388615,0.8653037177024885
0.05,0.6632251157578453,0.0014453886373643463,0.0014433756729740647,1.001394622639118,0.8653037176279905
0.05,0.6806784082777885,0.0014452906002018473,0.0014433756729740647,1.0013267005005266,0.8653037175461136
0.05,0.6981317007977318,0.001445184794233107,0.0014433756729740647,1.0012533959750858,0.8653037174577547
0.05,0.7155849933176751,0.0014450723771173336,0.0014433756729740647,1.0011755111126217,0.8653037173638817
0.05,0.7330382858376184,0.0014449545791256572,0.0014433756729740647,1.0010938982699764,0.8653037172655236
0.05,0.7504915783575618,0.00144483268972407,0.0014433756729740647,1.0010094508153953,0.8653037171637574
0.05,0.767944870877505,0.001444708043493923,0.0014433756729740647,1.0009230933739606,0.8653037170596987
0.05,0.7853981633974483,0.0014445820055512338,0.0014433756729740647,1.000835771725793,0.865303716954487
0.05,0.8028514559173916,0.001444455956610793,0.0014433756729740647,1.0007484424581594,0.8653037168492754
0.05,0.8203047484373349,0.001444331277868788,0.0014433756729740647,1.000662062491849,0.8653037167452167
0.05,0.8377580409572782,0.0014442093358612215,0.0014433756729740647,1.000577578590776,0.8653037166434505
0.05,0.8552113334772214,0.0014440914674699466,0.0014433756729740647,1.0004959169738583,0.8653037165450921
0.05,0.8726646259971648,0.0014439789652367543,0.0014433756729740647,1.0004179731403167,0.8653037164512194
0.05,0.8901179185171081,0.0014438730631528597,0.0014433756729740647,1.0003446020243434,0.8653037163628603
0.05,0.9075712110370514,0.0014437749230779872,0.0014433756729740647,1.0002766085859685,0.8653037162809835
0.05,0.9250245035569946,0.0014436856219423014,0.0014433756729740647,1.0002147389442957,0.8653037162064856
0.05,0.9424777960769379,0.0014436061398718691,0.0014433756729740647,1.000159672150584,0.8653037161401828
0.05,0.9599310885968813,0.0014435373493764448,0.0014433756729740647,1.0001120126973229,0.8653037160828019
0.05,0.9773843811168246,0.0014434800057166542,0.0014433756729740647,1.0000722838444231,0.8653037160349711
0.05,0.9948376736367679,0.0014434347385570694,0.0014433756729740647,1.0000409218362971,0.8653037159972152
0.05,1.0122909661567112,0.0014434020450101726,0.0014433756729740647,1.0000182710825751,0.8653037159699469
0.05,1.0297442586766545,0.0014433822841365556,0.0014433756729740647,1.0000045803477327,0.8653037159534656
0.05,1.0471975511965976,0.0014433756729742267,0.0014433756729740647,1.0000000000001121,0.8653037159479516
0.05,1.064650843716541,0.0014433822841366417,0.0014433756729740647,1.0000045803477922,0.8653037159534657
0.05,1.0821041362364843,0.0014434020450101127,0.0014433756729740647,1.0000182710825336,0.8653037159699468
0.05,1.0995574287564276,0.0014434347385571262,0.0014433756729740647,1.0000409218363364,0.865303715997215
0.05,1.117010721276371,0.0014434800057161648,0.0014433756729740647,1.000072283844084,0.8653037160349712
0.05,1.1344640137963142,0.0014435373493766493,0.0014433756729740647,1.0001120126974645,0.8653037160828019
0.05,1.1519173063162575,0.0014436061398719092,0.0014433756729740647,1.0001596721506119,0.865303716140183
0.05,1.1693705988362009,0.0014436856219419492,0.0014433756729740647,1.0002147389440519,0.8653037162064855
0.05,1.1868238913561442,0.0014437749230781834,0.0014433756729740647,1.0002766085861043,0.8653037162809833
0.05,1.2042771838760873,0.0014438730631526906,0.0014433756729740647,1.0003446020242264,0.8653037163628604
0.05,1.2217304763960306,0.0014439789652367077,0.0014433756729740647,1.0004179731402842,0.8653037164512194
0.05,1.239183768915974,0.00144409146747026,0.0014433756729740647,1.0004959169740753,0.8653037165450921
0.05,1.2566370614359172,0.0014442093358615778,0.0014433756729740647,1.000577578591023,0.8653037166434505
0.05,1.2740903539558606,0.0014443312778692151,0.0014433756729740647,1.0006620624921447,0.8653037167452167
0.05,1.2915436464758039,0.0014444559566109143,0.0014433756729740647,1.0007484424582436,0.8653037168492755
0.05,1.3089969389957472,0.0014445820055515551,0.0014433756729740647,1.0008357717260155,0.865303716954487
0.05,1.3264502315156905,0.0014447080434938982,0.0014433756729740647,1.0009230933739435,0.8653037170596987
0.05,1.3439035240356338,0.0014448326897240277,0.0014433756729740647,1.001009450815366,0.8653037171637574
0.05,1.361356816555577,0.001444954579125866,0.0014433756729740647,1.0010938982701212,0.8653037172655235
0.05,1.3788101090755203,0.0014450723771173867,0.0014433756729740647,1.0011755111126586,0.8653037173638818
0.05,1.3962634015954636,0.0014451847942330014,0.0014433756729740647,1.0012533959750125,0.8653037174577548
0.05,1.413716694115407,0.0014452906002021895,0.0014433756729740647,1.0013267005007638,0.8653037175461138
0.05,1.4311699866353502,0.0014453886373646445,0.0014433756729740647,1.0013946226393244,0.8653037176279905
0.05,1.4486232791552935,0.0014454778332893825,0.0014433756729740647,1.001456419388714,0.8653037177024886
0.05,1.4660765716752369,0.0014455572124482097,0.0014433756729740647,1.0015114148831745,0.8653037177687911
0.05,1.4835298641951802,0.0014456259068279008,0.0014433756729740647,1.0015590077455023,0.8653037178261722
0.05,1.5009831567151235,0.0014456831653702682,0.0014433756729740647,1.0015986776273214,0.8653037178740028
0.05,1.5184364492350666,0.0014457283621295382,0.0014433756729740647,1.0016299908606785,0.8653037179117589
0.05,1.53588974175501,0.0014457610030712295,0.0014433756729740647,1.0016526051684451,0.865303717939027
0.05,1.5533430342749532,0.001445780731432564,0.0014433756729740647,1.0016662733781176,0.8653037179555084
0.05,1.5707963267948966,0.0014457873315972813,0.0014433756729740647,1.001670846106369,0.8653037179610223
0.05,1.5882496193148399,0.0014457807314324574,0.0014433756729740647,1.0016662733780437,0.8653037179555084
0.05,1.6057029118347832,0.0014457610030708995,0.0014433756729740647,1.0016526051682164,0.865303717939027
0.05,1.6231562043547265,0.0014457283621297922,0.0014433756729740647,1.0016299908608546,0.8653037179117591
0.05,1.6406094968746698,0.0014456831653702914,0.0014433756729740647,1.0015986776273373,0.8653037178740028
0.05,1.6580627893946132,0.0014456259068278085,0.0014433756729740647,1.0015590077454384,0.8653037178261721
0.05,1.6755160819145565,0.0014455572124481917,0.0014433756729740647,1.001511414883162,0.8653037177687912
0.05,1.6929693744344996,0.0014454778332892906,0.0014433756729740647,1.0014564193886504,0.8653037177024886
0.05,1.710422666954443,0.0014453886373646846,0.0014433756729740647,1.0013946226393522,0.8653037176279907
0.05,1.7278759594743862,0.001445290600201991,0.0014433756729740647,1.001326700500626,0.8653037175461135
0.05,1.7453292519943295,0.0014451847942332705,0.0014433756729740647,1.001253395975199,0.8653037174577545
0.05,1.7627825445142729,0.0014450723771173382,0.0014433756729740647,1.0011755111126248,0.8653037173638819
0.05,1.7802358370342162,0.001444954579126093,0.0014433756729740647,1.0010938982702784,0.8653037172655235
0.05,1.7976891295541595,0.0014448326897240095,0.0014433756729740647,1.0010094508153533,0.8653037171637574
0.05,1.8151424220741028,0.001444708043494076,0.0014433756729740647,1.0009230933740667,0.8653037170596986
0.05,1.8325957145940461,0.0014445820055514504,0.0014433756729740647,1.000835771725943,0.865303716954487
0.05,1.8500490071139892,0.0014444559566110114,0.0014433756729740647,1.0007484424583108,0.8653037168492754
0.05,1.8675022996339325,0.0014443312778691082,0.0014433756729740647,1.0006620624920708,0.8653037167452166
0.05,1.8849555921538759,0.0014442093358615043,0.0014433756729740647,1.000577578590972,0.8653037166434505
0.05,1.9024088846738192,0.001444091467470134,0.0014433756729740647,1.000495916973988,0.8653037165450921
0.05,1.9198621771937625,0.0014439789652365058,0.0014433756729740647,1.0004179731401444,0.8653037164512193
0.05,1.9373154697137058,0.0014438730631529029,0.0014433756729740647,1.0003446020243734,0.8653037163628605
0.05,1.9547687622336491,0.001443774923078396,0.0014433756729740647,1.0002766085862516,0.8653037162809835
0.05,1.9722220547535925,0.0014436856219420611,0.0014433756729740647,1.0002147389441294,0.8653037162064855
0.05,1.9896753472735358,0.001443606139871943,0.0014433756729740647,1.0001596721506352,0.8653037161401829
0.05,2.007128639793479,0.001443537349376689,0.0014433756729740647,1.000112012697492,0.865303716082802
0.05,2.0245819323134224,0.0014434800057164848,0.0014433756729740647,1.000072283844306,0.8653037160349712
0.05,2.0420352248333655,0.001443434738557183,0.0014433756729740647,1.000040921836376,0.8653037159972149
0.05,2.059488517353309,0.0014434020450102376,0.0014433756729740647,1.0000182710826202,0.8653037159699469
0.05,2.076941809873252,0.0014433822841370034,0.0014433756729740647,1.0000045803480428,0.8653037159534656
0.05,2.0943951023931953,0.001443375672974075,0.0014433756729740647,1.000000000000007,0.8653037159479517
0.05,2.111848394913139,0.0014433822841366938,0.0014433756729740647,1.0000045803478284,0.8653037159534656
0.05,2.129301687433082,0.001443402045010485,0.0014433756729740647,1.0000182710827916,0.8653037159699468
0.05,2.1467549799530254,0.0014434347385571431,0.0014433756729740647,1.0000409218363482,0.8653037159972151
0.05,2.1642082724729685,0.001443480005716648,0.0014433756729740647,1.000072283844419,0.8653037160349711
0.05,2.181661564992912,0.0014435373493766012,0.0014433756729740647,1.0001120126974312,0.865303716082802
0.05,2.199114857512855,0.0014436061398718065,0.0014433756729740647,1.0001596721505406,0.8653037161401828
0.05,2.2165681500327987,0.0014436856219422981,0.0014433756729740647,1.0002147389442935,0.8653037162064855
0.05,2.234021442552742,0.0014437749230780646,0.0014433756729740647,1.000276608586022,0.8653037162809833
0.05,2.251474735072685,0.0014438730631528849,0.0014433756729740647,1.000344602024361,0.8653037163628604
0.05,2.2689280275926285,0.0014439789652367966,0.0014433756729740647,1.000417973140346,0.8653037164512193
0.05,2.2863813201125716,0.001444091467469935,0.0014433756729740647,1.00049591697385,0.8653037165450923
0.05,2.303834612632515,0.001444209335861591,0.0014433756729740647,1.000577578591032,0.8653037166434505
0.05,2.321287905152458,0.001444331277869051,0.0014433756729740647,1.000662062492031,0.8653037167452164
0.05,2.3387411976724017,0.001444455956610984,0.0014433756729740647,1.0007484424582918,0.8653037168492753
0.05,2.356194490192345,0.001444582005551109,0.0014433756729740647,1.0008357717257066,0.8653037169544868
0.05,2.3736477827122884,0.00144470804349392,0.0014433756729740647,1.0009230933739584,0.8653037170596987
0.05,2.3911010752322315,0.0014448326897239564,0.0014433756729740647,1.0010094508153164,0.8653037171637576
0.05,2.4085543677521746,0.0014449545791260243,0.0014433756729740647,1.0010938982702309,0.8653037172655235
0.05,2.426007660272118,0.0014450723771175361,0.0014433756729740647,1.001175511112762,0.8653037173638818
0.05,2.443460952792061,0.0014451847942332037,0.0014433756729740647,1.0012533959751526,0.8653037174577547
0.05,2.4609142453120048,0.0014452906002019855,0.0014433756729740647,1.0013267005006223,0.8653037175461137
0.05,2.478367537831948,0.0014453886373647232,0.0014433756729740647,1.001394622639379,0.8653037176279905
0.05,2.4958208303518914,0.0014454778332893192,0.0014433756729740647,1.0014564193886704,0.8653037177024885
0.05,2.5132741228718345,0.001445557212447785,0.0014433756729740647,1.00151141488288,0.8653037177687912
0.05,2.530727415391778,0.001445625906827795,0.0014433756729740647,1.001559007745429,0.8653037178261721
0.05,2.548180707911721,0.0014456831653701914,0.0014433756729740647,1.001598677627268,0.8653037178740028
0.05,2.5656340004316642,0.0014457283621297004,0.0014433756729740647,1.0016299908607909,0.8653037179117589
0.05,2.5830872929516078,0.00144576100307081,0.0014433756729740647,1.0016526051681545,0.8653037179390269
0.05,2.600540585471551,0.0014457807314323804,0.0014433756729740647,1.0016662733779904,0.8653037179555086
0.05,2.6179938779914944,0.0014457873315973462,0.0014433756729740647,1.001670846106414,0.8653037179610225
0.05,2.6354471705114375,0.0014457807314323368,0.0014433756729740647,1.0016662733779602,0.8653037179555085
0.05,2.652900463031381,0.0014457610030710335,0.0014433756729740647,1.0016526051683092,0.865303717939027
0.05,2.670353755551324,0.0014457283621296428,0.0014433756729740647,1.0016299908607509,0.8653037179117591
0.05,2.6878070480712677,0.0014456831653701812,0.0014433756729740647,1.001598677627261,0.8653037178740028
0.05,2.705260340591211,0.001445625906827822,0.0014433756729740647,1.0015590077454475,0.8653037178261723
0.05,2.722713633111154,0.001445557212448008,0.0014433756729740647,1.0015114148830349,0.8653037177687914
0.05,2.7401669256310974,0.001445477833289241,0.0014433756729740647,1.0014564193886162,0.8653037177024885
0.05,2.7576202181510405,0.0014453886373644548,0.0014433756729740647,1.001394622639193,0.8653037176279906
0.05,2.775073510670984,0.0014452906002017317,0.0014433756729740647,1.0013267005004465,0.8653037175461136
0.05,2.792526803190927,0.0014451847942332928,0.0014433756729740647,1.0012533959752143,0.8653037174577547
0.05,2.8099800957108707,0.0014450723771176,0.0014433756729740647,1.0011755111128064,0.8653037173638818
0.05,2.827433388230814,0.0014449545791260622,0.0014433756729740647,1.001093898270257,0.8653037172655236
0.05,2.8448866807507573,0.0014448326897237545,0.0014433756729740647,1.0010094508151766,0.8653037171637574
0.05,2.8623399732707004,0.001444708043493899,0.0014433756729740647,1.0009230933739441,0.8653037170596986
0.05,2.8797932657906435,0.0014445820055511637,0.0014433756729740647,1.0008357717257443,0.865303716954487
0.05,2.897246558310587,0.0014444559566108327,0.0014433756729740647,1.000748442458187,0.8653037168492754
0.05,2.91469985083053,0.001444331277868797,0.0014433756729740647,1.0006620624918552,0.8653037167452166
0.05,2.9321531433504737,0.0014442093358615687,0.0014433756729740647,1.0005775785910167,0.8653037166434505
0.05,2.949606435870417,0.0014440914674698673,0.0014433756729740647,1.0004959169738032,0.8653037165450923
0.05,2.9670597283903604,0.001443978965236591,0.0014433756729740647,1.0004179731402034,0.8653037164512195
0.05,2.9845130209103035,0.0014438730631526821,0.0014433756729740647,1.0003446020242204,0.8653037163628605
0.05,3.001966313430247,0.0014437749230777886,0.0014433756729740647,1.0002766085858308,0.8653037162809835
0.05,3.01941960595019,0.0014436856219417879,0.0014433756729740647,1.00021473894394,0.8653037162064856
0.05,3.036872898470133,0.0014436061398713591,0.0014433756729740647,1.0001596721502306,0.8653037161401829
0.05,3.0543261909900767,0.0014435373493764591,0.0014433756729740647,1.0001120126973329,0.8653037160828019
0.05,3.07177948351002,0.0014434800057164905,0.0014433756729740647,1.0000722838443097,0.8653037160349711
0.05,3.0892327760299634,0.0014434347385570841,0.0014433756729740647,1.0000409218363073,0.865303715997215
0.05,3.1066860685499065,0.001443402045010231,0.0014433756729740647,1.0000182710826158,0.8653037159699469
0.05,3.12413936106985,0.0014433822841363325,0.0014433756729740647,1.0000045803475779,0.8653037159534657
0.05,3.141592653589793,0.0014433756729739233,0.0014433756729740647,0.9999999999999021,0.8653037159479517
0.05,3.1590459461097367,0.0014433822841363325,0.0014433756729740647,1.0000045803475779,0.8653037159534657
0.05,3.1764992386296798,0.0014434020450100095,0.0014433756729740647,1.000018271082462,0.8653037159699469
0.05,3.193952531149623,0.0014434347385566305,0.0014433756729740647,1.0000409218359931,0.8653037159972152
0.05,3.2114058236695664,0.0014434800057164905,0.0014433756729740647,1.0000722838443097,0.8653037160349711
0.05,3.2288591161895095,0.001443537349376591,0.0014433756729740647,1.0001120126974241,0.8653037160828019
0.05,3.246312408709453,0.0014436061398716733,0.0014433756729740647,1.0001596721504484,0.8653037161401829
0.05,3.263765701229396,0.0014436856219420839,0.0014433756729740647,1.0002147389441451,0.8653037162064854
0.05,3.2812189937493397,0.0014437749230778799,0.0014433756729740647,1.000276608585894,0.8653037162809835
0.05,3.2986722862692828,0.0014438730631524737,0.0014433756729740647,1.000344602024076,0.8653037163628603
0.05,3.3161255787892263,0.0014439789652365147,0.0014433756729740647,1.0004179731401506,0.8653037164512196
0.05,3.3335788713091694,0.0014440914674697634,0.0014433756729740647,1.0004959169737313,0.8653037165450921
0.05,3.351032163829113,0.0014442093358613998,0.0014433756729740647,1.0005775785908995,0.8653037166434505
0.05,3.368485456349056,0.0014443312778687726,0.0014433756729740647,1.0006620624918383,0.8653037167452166
0.05,3.385938748868999,0.0014444559566107805,0.0014433756729740647,1.0007484424581508,0.8653037168492754
0.05,3.4033920413889427,0.0014445820055510802,0.0014433756729740647,1.0008357717256866,0.865303716954487
0.05,3.420845333908886,0.001444708043493594,0.0014433756729740647,1.0009230933737328,0.8653037170596986
0.05,3.4382986264288293,0.0014448326897236923,0.0014433756729740647,1.0010094508151335,0.8653037171637574
0.05,3.4557519189487724,0.001444954579125842,0.0014433756729740647,1.0010938982701045,0.8653037172655236
0.05,3.473205211468716,0.0014450723771173757,0.0014433756729740647,1.0011755111126508,0.8653037173638818
0.05,3.490658503988659,0.0014451847942328602,0.0014433756729740647,1.0012533959749148,0.8653037174577545
0.05,3.5081117965086026,0.0014452906002015377,0.0014433756729740647,1.0013267005003121,0.8653037175461137
0.05,3.5255650890285457,0.0014453886373643747,0.0014433756729740647,1.0013946226391375,0.8653037176279905
0.05,3.543018381548489,0.0014454778332891611,0.0014433756729740647,1.001456419388561,0.8653037177024887
0.05,3.5604716740684323,0.0014455572124476947,0.0014433756729740647,1.0015114148828177,0.8653037177687912
0.05,3.5779249665883754,0.0014456259068276521,0.0014433756729740647,1.00155900774533,0.8653037178261722
0.05,3.595378259108319,0.001445683165370099,0.0014433756729740647,1.0015986776272041,0.8653037178740027
0.05,3.612831551628262,0.0014457283621294652,0.0014433756729740647,1.0016299908606279,0.8653037179117591
0.05,3.6302848441482056,0.0014457610030706302,0.0014433756729740647,1.00165260516803,0.8653037179390273
0.05,3.6477381366681487,0.0014457807314326486,0.0014433756729740647,1.0016662733781763,0.8653037179555085
0.05,3.6651914291880923,0.0014457873315972334,0.0014433756729740647,1.001670846106336,0.8653037179610223
0.05,3.6826447217080354,0.0014457807314323986,0.0014433756729740647,1.001666273378003,0.8653037179555085
0.05,3.7000980142279785,0.0014457610030706616,0.0014433756729740647,1.0016526051680517,0.8653037179390272
0.05,3.717551306747922,0.0014457283621293782,0.0014433756729740647,1.0016299908605677,0.8653037179117589
0.05,3.735004599267865,0.0014456831653699542,0.0014433756729740647,1.0015986776271038,0.8653037178740028
0.05,3.7524578917878086,0.0014456259068277568,0.0014433756729740647,1.0015590077454024,0.865303717826172
0.05,3.7699111843077517,0.0014455572124476529,0.0014433756729740647,1.0015114148827886,0.8653037177687912
0.05,3.7873644768276953,0.0014454778332891312,0.0014433756729740647,1.00145641938854,0.8653037177024885
0.05,3.8048177693476384,0.0014453886373645584,0.0014433756729740647,1.0013946226392647,0.8653037176279905
0.05,3.822271061867582,0.0014452906002017762,0.0014433756729740647,1.0013267005004773,0.8653037175461137
0.05,3.839724354387525,0.0014451847942331217,0.0014433756729740647,1.001253395975096,0.8653037174577547
0.05,3.857177646907468,0.001445072377117105,0.0014433756729740647,1.0011755111124634,0.8653037173638818
0.05,3.8746309394274117,0.0014449545791258552,0.0014433756729740647,1.0010938982701136,0.8653037172655235
0.05,3.8920842319473548,0.001444832689723948,0.0014433756729740647,1.0010094508153107,0.8653037171637574
0.05,3.9095375244672983,0.0014447080434937417,0.0014433756729740647,1.000923093373835,0.8653037170596987
0.05,3.9269908169872414,0.0014445820055509425,0.0014433756729740647,1.0008357717255911,0.865303716954487
0.05,3.944444109507185,0.0014444559566108453,0.0014433756729740647,1.0007484424581956,0.8653037168492754
0.05,3.961897402027128,0.0014443312778688016,0.0014433756729740647,1.0006620624918583,0.8653037167452164
0.05,3.9793506945470716,0.001444209335861355,0.0014433756729740647,1.0005775785908684,0.8653037166434504
0.05,3.9968039870670147,0.001444091467469852,0.0014433756729740647,1.0004959169737928,0.8653037165450922
0.05,4.014257279586958,0.0014439789652365585,0.0014433756729740647,1.000417973140181,0.8653037164512193
0.05,4.031710572106901,0.0014438730631526867,0.0014433756729740647,1.0003446020242237,0.8653037163628604
0.05,4.049163864626845,0.001443774923078145,0.0014433756729740647,1.0002766085860777,0.8653037162809833
0.05,4.066617157146788,0.0014436856219421303,0.0014433756729740647,1.0002147389441773,0.8653037162064854
0.05,4.084070449666731,0.0014436061398717319,0.0014433756729740647,1.0001596721504888,0.8653037161401829
0.05,4.101523742186674,0.0014435373493765172,0.0014433756729740647,1.000112012697373,0.8653037160828019
0.05,4.118977034706618,0.0014434800057163291,0.0014433756729740647,1.000072283844198,0.8653037160349712
0.05,4.136430327226561,0.0014434347385570276,0.0014433756729740647,1.000040921836268,0.8653037159972151
0.05,4.153883619746504,0.001443402045010259,0.0014433756729740647,1.000018271082635,0.865303715969947
0.05,4.171336912266447,0.0014433822841365834,0.0014433756729740647,1.0000045803477517,0.8653037159534656
0.05,4.1887902047863905,0.0014433756729739266,0.0014433756729740647,0.9999999999999043,0.8653037159479516
0.05,4.2062434973063345,0.0014433822841366033,0.0014433756729740647,1.0000045803477655,0.8653037159534656
0.05,4.223696789826278,0.001443402045010221,0.0014433756729740647,1.0000182710826087,0.865303715969947
0.05,4.241150082346221,0.0014434347385570304,0.0014433756729740647,1.00004092183627,0.865303715997215
0.05,4.258603374866164,0.0014434800057164382,0.0014433756729740647,1.0000722838442735,0.8653037160349712
0.05,4.276056667386108,0.0014435373493765905,0.0014433756729740647,1.000112012697424,0.865303716082802
0.05,4.293509959906051,0.001443606139871771,0.0014433756729740647,1.000159672150516,0.8653037161401829
0.05,4.310963252425994,0.0014436856219420984,0.0014433756729740647,1.0002147389441551,0.8653037162064857
0.05,4.328416544945937,0.001443774923078239,0.0014433756729740647,1.0002766085861428,0.8653037162809835
0.05,4.34586983746588,0.0014438730631527242,0.0014433756729740647,1.0003446020242497,0.8653037163628603
0.05,4.363323129985824,0.001443978965236714,0.0014433756729740647,1.0004179731402887,0.8653037164512194
0.05,4.380776422505767,0.001444091467469944,0.0014433756729740647,1.0004959169738565,0.8653037165450921
0.05,4.39822971502571,0.0014442093358615858,0.0014433756729740647,1.0005775785910285,0.8653037166434504
0.05,4.4156830075456535,0.0014443312778689356,0.0014433756729740647,1.000662062491951,0.8653037167452166
0.05,4.4331363000655974,0.001444455956611097,0.0014433756729740647,1.0007484424583701,0.8653037168492754
0.05,4.4505895925855405,0.0014445820055512028,0.0014433756729740647,1.0008357717257714,0.8653037169544869
0.05,4.468042885105484,0.001444708043494063,0.0014433756729740647,1.0009230933740576,0.8653037170596986
0.05,4.485496177625427,0.0014448326897241986,0.0014433756729740647,1.0010094508154843,0.8653037171637574
0.05,4.50294947014537,0.0014449545791260577,0.0014433756729740647,1.001093898270254,0.8653037172655235
0.05,4.520402762665314,0.0014450723771173392,0.0014433756729740647,1.0011755111126257,0.865303717363882
0.05,4.537856055185257,0.0014451847942333086,0.0014433756729740647,1.0012533959752254,0.8653037174577547
0.05,4.5553093477052,0.0014452906002019826,0.0014433756729740647,1.0013267005006203,0.8653037175461136
0.05,4.572762640225143,0.0014453886373645625,0.0014433756729740647,1.0013946226392676,0.8653037176279907
0.05,4.590215932745087,0.0014454778332893782,0.0014433756729740647,1.0014564193887112,0.8653037177024886
0.05,4.60766922526503,0.0014455572124479953,0.0014433756729740647,1.001511414883026,0.865303717768791
0.05,4.625122517784973,0.0014456259068280177,0.0014433756729740647,1.0015590077455832,0.865303717826172
0.05,4.642575810304916,0.0014456831653704883,0.0014433756729740647,1.0015986776274737,0.8653037178740028
0.05,4.6600291028248595,0.001445728362129551,0.0014433756729740647,1.0016299908606874,0.865303717911759
0.05,4.6774823953448035,0.001445761003071119,0.0014433756729740647,1.0016526051683685,0.865303717939027
0.05,4.694935687864747,0.0014457807314328967,0.0014433756729740647,1.0016662733783481,0.8653037179555085
0.05,4.71238898038469,0.0014457873315975034,0.0014433756729740647,1.001670846106523,0.8653037179610223
0.05,4.729842272904633,0.0014457807314322293,0.0014433756729740647,1.0016662733778856,0.8653037179555084
0.05,4.747295565424577,0.0014457610030709064,0.0014433756729740647,1.0016526051682213,0.865303717939027
0.05,4.76474885794452,0.001445728362129567,0.0014433756729740647,1.0016299908606985,0.865303717911759
0.05,4.782202150464463,0.0014456831653705115,0.0014433756729740647,1.0015986776274899,0.8653037178740028
0.05,4.799655442984406,0.0014456259068279347,0.0014433756729740647,1.0015590077455256,0.8653037178261721
0.05,4.817108735504349,0.001445557212448107,0.0014433756729740647,1.0015114148831032,0.865303717768791
0.05,4.834562028024293,0.0014454778332894094,0.0014433756729740647,1.0014564193887328,0.8653037177024886
0.05,4.852015320544236,0.0014453886373646749,0.0014433756729740647,1.0013946226393455,0.8653037176279905
0.05,4.869468613064179,0.0014452906002022582,0.0014433756729740647,1.0013267005008113,0.8653037175461136
0.05,4.886921905584122,0.0014451847942334403,0.0014433756729740647,1.0012533959753165,0.8653037174577547
0.05,4.904375198104066,0.001445072377117552,0.0014433756729740647,1.001175511112773,0.865303717363882
0.05,4.9218284906240095,0.001444954579125911,0.0014433756729740647,1.0010938982701525,0.8653037172655235
0.05,4.939281783143953,0.0014448326897240156,0.0014433756729740647,1.0010094508153575,0.8653037171637574
0.05,4.956735075663896,0.001444708043494086,0.0014433756729740647,1.0009230933740736,0.8653037170596986
0.05,4.974188368183839,0.0014445820055511568,0.0014433756729740647,1.0008357717257397,0.865303716954487
0.05,4.991641660703783,0.0014444559566110023,0.0014433756729740647,1.0007484424583044,0.8653037168492753
0.05,5.009094953223726,0.0014443312778692772,0.0014433756729740647,1.0006620624921878,0.8653037167452166
0.05,5.026548245743669,0.0014442093358615204,0.0014433756729740647,1.0005775785909832,0.8653037166434505
0.05,5.044001538263612,0.0014440914674700676,0.0014433756729740647,1.000495916973942,0.8653037165450922
0.05,5.061454830783556,0.001443978965236882,0.0014433756729740647,1.000417973140405,0.8653037164512196
0.05,5.078908123303499,0.001443873063152913,0.0014433756729740647,1.0003446020243805,0.8653037163628604
0.05,5.096361415823442,0.0014437749230783625,0.0014433756729740647,1.0002766085862285,0.8653037162809833
0.05,5.113814708343385,0.0014436856219423378,0.0014433756729740647,1.000214738944321,0.8653037162064856
0.05,5.1312680008633285,0.0014436061398717481,0.0014433756729740647,1.0001596721505002,0.8653037161401828
0.05,5.1487212933832724,0.0014435373493766994,0.0014433756729740647,1.0001120126974994,0.8653037160828018
0.05,5.1661745859032155,0.0014434800057165202,0.0014433756729740647,1.0000722838443303,0.8653037160349714
0.05,5.183627878423159,0.0014434347385572366,0.0014433756729740647,1.000040921836413,0.865303715997215
0.05,5.201081170943102,0.00144340204501029,0.0014433756729740647,1.0000182710826566,0.865303715969947
0.05,5.218534463463046,0.0014433822841367475,0.0014433756729740647,1.0000045803478654,0.8653037159534657
0.05,5.235987755982989,0.0014433756729742267,0.0014433756729740647,1.0000000000001121,0.8653037159479517
0.05,5.253441048502932,0.0014433822841365526,0.0014433756729740647,1.0000045803477304,0.8653037159534656
0.05,5.270894341022875,0.001443402045010346,0.0014433756729740647,1.0000182710826953,0.8653037159699469
0.05,5.288347633542818,0.0014434347385572019,0.0014433756729740647,1.0000409218363888,0.865303715997215
0.05,5.305800926062762,0.0014434800057164581,0.0014433756729740647,1.0000722838442875,0.8653037160349714
0.05,5.323254218582705,0.0014435373493765491,0.0014433756729740647,1.0001120126973952,0.8653037160828019
0.05,5.340707511102648,0.001443606139871693,0.0014433756729740647,1.000159672150462,0.8653037161401829
0.05,5.358160803622591,0.001443685621942336,0.0014433756729740647,1.00021473894432,0.8653037162064856
0.05,5.375614096142535,0.0014437749230783105,0.0014433756729740647,1.0002766085861923,0.8653037162809836
0.05,5.3930673886624785,0.0014438730631529371,0.0014433756729740647,1.0003446020243971,0.8653037163628605
0.05,5.410520681182422,0.001443978965236579,0.0014433756729740647,1.0004179731401952,0.8653037164512194
0.05,5.427973973702365,0.0014440914674699109,0.0014433756729740647,1.0004959169738334,0.8653037165450921
0.05,5.445427266222308,0.0014442093358615024,0.0014433756729740647,1.0005775785909707,0.8653037166434505
0.05,5.462880558742252,0.00144433127786874,0.0014433756729740647,1.0006620624918157,0.8653037167452167
0.05,5.480333851262195,0.0014444559566111018,0.0014433756729740647,1.0007484424583735,0.8653037168492753
0.05,5.497787143782138,0.0014445820055512338,0.0014433756729740647,1.000835771725793,0.865303716954487
0.05,5.515240436302081,0.0014447080434939299,0.0014433756729740647,1.0009230933739655,0.8653037170596987
0.05,5.532693728822025,0.0014448326897241242,0.0014433756729740647,1.0010094508154328,0.8653037171637575
0.05,5.550147021341968,0.00144495457912574,0.0014433756729740647,1.001093898270034,0.8653037172655236
0.05,5.567600313861911,0.0014450723771174468,0.0014433756729740647,1.0011755111127,0.8653037173638818
0.05,5.585053606381854,0.001445184794233134,0.0014433756729740647,1.0012533959751044,0.8653037174577549
0.05,5.602506898901797,0.0014452906002019247,0.0014433756729740647,1.0013267005005801,0.8653037175461136
0.05,5.619960191421741,0.0014453886373645382,0.0014433756729740647,1.0013946226392507,0.8653037176279906
0.05,5.6374134839416845,0.0014454778332891741,0.0014433756729740647,1.0014564193885698,0.8653037177024885
0.05,5.654866776461628,0.001445557212447804,0.0014433756729740647,1.0015114148828934,0.8653037177687912
0.05,5.672320068981571,0.0014456259068278666,0.0014433756729740647,1.0015590077454786,0.8653037178261722
0.05,5.689773361501515,0.0014456831653700826,0.0014433756729740647,1.0015986776271928,0.8653037178740026
0.05,5.707226654021458,0.0014457283621295888,0.0014433756729740647,1.0016299908607136,0.8653037179117589
0.05,5.724679946541401,0.0014457610030707466,0.0014433756729740647,1.0016526051681105,0.865303717939027
0.05,5.742133239061344,0.0014457807314324888,0.0014433756729740647,1.0016662733780655,0.8653037179555084
0.05,5.759586531581287,0.0014457873315972289,0.0014433756729740647,1.0016708461063328,0.8653037179610223
0.05,5.777039824101231,0.0014457807314323854,0.0014433756729740647,1.001666273377994,0.8653037179555085
0.05,5.794493116621174,0.001445761003070767,0.0014433756729740647,1.0016526051681247,0.865303717939027
0.05,5.811946409141117,0.0014457283621295775,0.0014433756729740647,1.0016299908607058,0.8653037179117591
0.05,5.82939970166106,0.0014456831653701866,0.0014433756729740647,1.0015986776272647,0.8653037178740028
0.05,5.846852994181004,0.0014456259068275899,0.0014433756729740647,1.001559007745287,0.8653037178261722
0.05,5.8643062867009474,0.0014455572124477377,0.0014433756729740647,1.0015114148828475,0.8653037177687911
0.05,5.8817595792208905,0.0014454778332892732,0.0014433756729740647,1.0014564193886384,0.8653037177024886
0.05,5.899212871740834,0.0014453886373644376,0.0014433756729740647,1.0013946226391812,0.8653037176279905
0.05,5.916666164260777,0.001445290600201741,0.0014433756729740647,1.001326700500453,0.8653037175461137
0.05,5.934119456780721,0.0014451847942333008,0.0014433756729740647,1.00125339597522,0.8653037174577546
0.05,5.951572749300664,0.0014450723771171818,0.0014433756729740647,1.0011755111125167,0.865303717363882
0.05,5.969026041820607,0.0014449545791260685,0.0014433756729740647,1.0010938982702615,0.8653037172655235
0.05,5.98647933434055,0.0014448326897238204,0.0014433756729740647,1.0010094508152223,0.8653037171637574
0.05,6.003932626860494,0.0014447080434938228,0.0014433756729740647,1.000923093373891,0.8653037170596987
0.05,6.021385919380437,0.0014445820055513342,0.0014433756729740647,1.0008357717258625,0.865303716954487
0.05,6.03883921190038,0.0014444559566108323,0.0014433756729740647,1.0007484424581867,0.8653037168492754
0.05,6.056292504420323,0.0014443312778689428,0.0014433756729740647,1.0006620624919562,0.8653037167452166
0.05,6.073745796940266,0.0014442093358613623,0.0014433756729740647,1.0005775785908735,0.8653037166434505
0.05,6.09119908946021,0.0014440914674699113,0.0014433756729740647,1.0004959169738339,0.8653037165450923
0.05,6.1086523819801535,0.0014439789652363833,0.0014433756729740647,1.0004179731400595,0.8653037164512194
0.05,6.126105674500097,0.0014438730631528463,0.0014433756729740647,1.000344602024334,0.8653037163628604
0.05,6.14355896702004,0.0014437749230779657,0.0014433756729740647,1.0002766085859536,0.8653037162809833
0.05,6.161012259539984,0.0014436856219420268,0.0014433756729740647,1.0002147389441056,0.8653037162064854
0.05,6.178465552059927,0.001443606139871572,0.0014433756729740647,1.0001596721503783,0.8653037161401829
0.05,6.19591884457987,0.0014435373493765502,0.0014433756729740647,1.000112012697396,0.8653037160828019
0.05,6.213372137099813,0.0014434800057166136,0.0014433756729740647,1.0000722838443952,0.8653037160349714
0.05,6.230825429619756,0.0014434347385568708,0.0014433756729740647,1.0000409218361594,0.865303715997215
0.05,6.2482787221397,0.0014434020450101435,0.0014433756729740647,1.000018271082555,0.8653037159699469
0.05,6.265732014659643,0.0014433822841361157,0.0014433756729740647,1.0000045803474278,0.8653037159534656
0.05,6.283185307179586,0.0014433756729739233,0.0014433756729740647,0.9999999999999021,0.8653037159479517
0.1,0.0,0.005773502691896248,0.005773502691896259,0.9999999999999982,0.8631386524384903
0.1,0.017453292519943295,0.005773609542937506,0.005773502691896259,1.0000185071432282,0.8631386527958512
0.1,0.03490658503988659,0.0057739289135909965,0.005773502691896259,1.0000738237630573,0.8631386538640178
0.1,0.05235987755982989,0.005774457269924873,0.005773502691896259,1.0001653377645348,0.8631386556312874
0.1,0.06981317007977318,0.005775188766803814,0.005773502691896259,1.0002920367405252,0.8631386580782973
0.1,0.08726646259971647,0.005776115314422568,0.005773502691896259,1.0004525194956566,0.8631386611782377
0.1,0.10471975511965978,0.005777226670268835,0.005773502691896259,1.000645011974759,0.8631386648971449
0.1,0.12217304763960307,0.005778510555364035,0.005773502691896259,1.0008673873963556,0.8631386691942737
0.1,0.13962634015954636,0.005779952793323551,0.005773502691896259,1.0011171903386042,0.8631386740225442
0.1,0.15707963267948966,0.00578153747051377,0.005773502691896259,1.0013916644793097,0.8631386793290569
0.1,0.17453292519943295,0.005783247115338352,0.005773502691896259,1.001687783649217,0.8631386850556718
0.1,0.19198621771937624,0.005785062894462525,0.005773502691896259,1.0020022858190563,0.8631386911396478
0.1,0.20943951023931956,0.0057869648236277505,0.005773502691896259,1.002331709613713,0.8631386975143271
0.1,0.22689280275926285,0.005788931990535262,0.005773502691896259,1.0026724329167906,0.8631387041098678
0.1,0.24434609527920614,0.005790942787199866,0.005773502691896259,1.0030207131154691,0.8631387108540073
0.1,0.2617993877991494,0.0057929751490774384,0.005773502691896259,1.0033727285186012,0.8631387176728555
0.1,0.2792526803190927,0.005795006798250866,0.005773502691896259,1.0037246204777543,0.8631387244917043
0.1,0.29670597283903605,0.005797015487951742,0.005773502691896259,1.0040725357396103,0.863138731235844
0.1,0.3141592653589793,0.005798979245716457,0.005773502691896259,1.0044126685618346,0.8631387378313851
0.1,0.33161255787892263,0.005800876612549907,0.005773502691896259,1.0047413021374476,0.8631387442060652
0.1,0.3490658503988659,0.005802686875543758,0.005773502691896259,1.005054848885489,0.8631387502900421
0.1,0.3665191429188092,0.005804390291513987,0.005773502691896259,1.005349889186175,0.863138756016658
0.1,0.3839724354387525,0.005805968299353087,0.005773502691896259,1.0056232081613814,0.8631387613231716
0.1,0.4014257279586958,0.005807403718944039,0.005773502691896259,1.0058718301275522,0.8631387661514429
0.1,0.4188790204786391,0.005808680934648823,0.005773502691896259,1.0060930503768433,0.8631387704485729
0.1,0.4363323129985824,0.005809786061569938,0.005773502691896259,1.0062844639744617,0.8631387741674811
0.1,0.4537856055185257,0.005810707092967059,0.005773502691896259,1.0064439912919796,0.8631387772674222
0.1,0.47123889803846897,0.0058114340274196315,0.005773502691896259,1.0065699000325423,0.863138779714433
0.1,0.4886921905584123,0.005811958974527836,0.005773502691896259,1.006660823538812,0.863138781481703
0.1,0.5061454830783556,0.005812276238161954,0.005773502691896259,1.0067157752121805,0.8631387825498699
0.1,0.5235987755982988,0.005812382376479587,0.005773502691896259,1.0067341589080576,0.8631387829072306
0.1,0.5410520681182421,0.005812276238161965,0.005773502691896259,1.0067157752121825,0.8631387825498699
0.1,0.5585053606381855,0.005811958974527967,0.005773502691896259,1.0066608235388348,0.863138781481703
0.1,0.5759586531581288,0.005811434027419676,0.005773502691896259,1.00656990003255,0.8631387797144329
0.1,0.5934119456780721,0.005810707092967177,0.005773502691896259,1.006443991292,0.8631387772674223
0.1,0.6108652381980153,0.005809786061570189,0.005773502691896259,1.006284463974505,0.863138774167481
0.1,0.6283185307179586,0.005808680934648812,0.005773502691896259,1.0060930503768415,0.8631387704485729
0.1,0.6457718232379019,0.005807403718944009,0.005773502691896259,1.005871830127547,0.863138766151443
0.1,0.6632251157578453,0.0058059682993528315,0.005773502691896259,1.005623208161337,0.8631387613231714
0.1,0.6806784082777885,0.005804390291513717,0.005773502691896259,1.0053498891861283,0.863138756016658
0.1,0.6981317007977318,0.005802686875543903,0.005773502691896259,1.005054848885514,0.8631387502900418
0.1,0.7155849933176751,0.0058008766125501095,0.005773502691896259,1.004741302137483,0.8631387442060653
0.1,0.7330382858376184,0.005798979245716685,0.005773502691896259,1.0044126685618742,0.8631387378313852
0.1,0.7504915783575618,0.005797015487951903,0.005773502691896259,1.004072535739638,0.863138731235844
0.1,0.767944870877505,0.005795006798251096,0.005773502691896259,1.0037246204777943,0.8631387244917041
0.1,0.7853981633974483,0.005792975149077389,0.005773502691896259,1.0033727285185927,0.8631387176728555
0.1,0.8028514559173916,0.0057909427872002255,0.005773502691896259,1.0030207131155313,0.8631387108540073
0.1,0.8203047484373349,0.0057889319905353835,0.005773502691896259,1.0026724329168117,0.8631387041098675
0.1,0.8377580409572782,0.00578696482362778,0.005773502691896259,1.002331709613718,0.8631386975143273
0.1,0.8552113334772214,0.0057850628944626364,0.005773502691896259,1.0020022858190754,0.8631386911396477
0.1,0.8726646259971648,0.005783247115338363,0.005773502691896259,1.001687783649219,0.8631386850556717
0.1,0.8901179185171081,0.005781537470514014,0.005773502691896259,1.001391664479352,0.8631386793290567
0.1,0.9075712110370514,0.005779952793323481,0.005773502691896259,1.0011171903385923,0.8631386740225442
0.1,0.9250245035569946,0.005778510555364164,0.005773502691896259,1.000867387396378,0.8631386691942737
0.1,0.9424777960769379,0.005777226670268995,0.005773502691896259,1.0006450119747867,0.8631386648971447
0.1,0.9599310885968813,0.005776115314422621,0.005773502691896259,1.0004525194956657,0.8631386611782377
0.1,0.9773843811168246,0.005775188766804197,0.005773502691896259,1.0002920367405916,0.8631386580782971
0.1,0.9948376736367679,0.005774457269925061,0.005773502691896259,1.0001653377645674,0.8631386556312872
0.1,1.0122909661567112,0.005773928913591358,0.005773502691896259,1.00007382376312,0.8631386538640178
0.1,1.0297442586766545,0.005773609542937323,0.005773502691896259,1.0000185071431966,0.8631386527958512
0.1,1.0471975511965976,0.005773502691896146,0.005773502691896259,0.9999999999999805,0.8631386524384905
0.1,1.064650843716541,0.005773609542937501,0.005773502691896259,1.0000185071432273,0.8631386527958511
0.1,1.0821041362364843,0.005773928913591143,0.005773502691896259,1.0000738237630828,0.8631386538640178
0.1,1.0995574287564276,0.00577445726992513,0.005773502691896259,1.0001653377645794,0.8631386556312873
0.1,1.117010721276371,0.00577518876680424,0.005773502691896259,1.000292036740599,0.8631386580782973
0.1,1.1344640137963142,0.005776115314422963,0.005773502691896259,1.0004525194957252,0.8631386611782377
0.1,1.1519173063162575,0.005777226670268803,0.005773502691896259,1.0006450119747534,0.8631386648971447
0.1,1.1693705988362009,0.005778510555364268,0.005773502691896259,1.000867387396396,0.8631386691942737
0.1,1.1868238913561442,0.005779952793323524,0.005773502691896259,1.0011171903385996,0.8631386740225442
0.1,1.2042771838760873,0.005781537470513945,0.005773502691896259,1.0013916644793401,0.8631386793290565
0.1,1.2217304763960306,0.005783247115338497,0.005773502691896259,1.0016877836492422,0.8631386850556718
0.1,1.239183768915974,0.005785062894462896,0.005773502691896259,1.0020022858191204,0.8631386911396477
0.1,1.2566370614359172,0.0057869648236277774,0.005773502691896259,1.0023317096137176,0.8631386975143273
0.1,1.2740903539558606,0.00578893199053534,0.005773502691896259,1.0026724329168042,0.8631387041098678
0.1,1.2915436464758039,0.005790942787200076,0.005773502691896259,1.0030207131155056,0.8631387108540072
0.1,1.3089969389957472,0.005792975149077397,0.005773502691896259,1.003372728518594,0.8631387176728557
0.1,1.3264502315156905,0.0057950067982511,0.005773502691896259,1.003724620477795,0.8631387244917041
0.1,1.3439035240356338,0.005797015487952018,0.005773502691896259,1.004072535739658,0.863138731235844
0.1,1.361356816555577,0.0057989792457167795,0.005773502691896259,1.0044126685618904,0.8631387378313848
0.1,1.3788101090755203,0.005800876612550039,0.005773502691896259,1.0047413021374707,0.8631387442060651
0.1,1.3962634015954636,0.0058026868755438055,0.005773502691896259,1.0050548488854971,0.8631387502900421
0.1,1.413716694115407,0.005804390291514092,0.005773502691896259,1.0053498891861932,0.8631387560166579
0.1,1.4311699866353502,0.005805968299353202,0.005773502691896259,1.0056232081614012,0.8631387613231716
0.1,1.4486232791552935,0.005807403718943786,0.005773502691896259,1.0058718301275082,0.8631387661514429
0.1,1.4660765716752369,0.005808680934648956,0.005773502691896259,1.0060930503768664,0.8631387704485731
0.1,1.4835298641951802,0.005809786061569998,0.005773502691896259,1.0062844639744721,0.8631387741674811
0.1,1.5009831567151235,0.00581070709296744,0.005773502691896259,1.0064439912920455,0.8631387772674224
0.1,1.5184364492350666,0.005811434027419922,0.005773502691896259,1.0065699000325927,0.8631387797144328
0.1,1.53588974175501,0.005811958974528052,0.005773502691896259,1.0066608235388494,0.8631387814817029
0.1,1.5533430342749532,0.005812276238162143,0.005773502691896259,1.0067157752122133,0.8631387825498698
0.1,1.5707963267948966,0.005812382376479519,0.005773502691896259,1.0067341589080459,0.8631387829072307
0.1,1.5882496193148399,0.005812276238162143,0.005773502691896259,1.0067157752122133,0.8631387825498699
0.1,1.6057029118347832,0.005811958974528151,0.005773502691896259,1.0066608235388665,0.863138781481703
0.1,1.6231562043547265,0.00581143402741993,0.005773502691896259,1.006569900032594,0.8631387797144329
0.1,1.6406094968746698,0.005810707092967095,0.005773502691896259,1.0064439912919858,0.8631387772674223
0.1,1.6580627893946132,0.005809786061570133,0.005773502691896259,1.0062844639744952,0.8631387741674812
0.1,1.6755160819145565,0.005808680934648874,0.005773502691896259,1.0060930503768521,0.8631387704485728
0.1,1.6929693744344996,0.005807403718944043,0.005773502691896259,1.0058718301275529,0.8631387661514428
0.1,1.710422666954443,0.005805968299353377,0.005773502691896259,1.0056232081614316,0.8631387613231716
0.1,1.7278759594743862,0.005804390291514296,0.005773502691896259,1.0053498891862285,0.8631387560166579
0.1,1.7453292519943295,0.005802686875543799,0.005773502691896259,1.005054848885496,0.8631387502900421
0.1,1.7627825445142729,0.0058008766125501685,0.005773502691896259,1.0047413021374931,0.8631387442060652
0.1,1.7802358370342162,0.005798979245716766,0.005773502691896259,1.0044126685618882,0.8631387378313852
0.1,1.7976891295541595,0.005797015487951982,0.005773502691896259,1.0040725357396518,0.8631387312358441
0.1,1.8151424220741028,0.0057950067982511805,0.005773502691896259,1.003724620477809,0.8631387244917043
0.1,1.8325957145940461,0.005792975149077296,0.005773502691896259,1.0033727285185765,0.8631387176728555
0.1,1.8500490071139892,0.005790942787200326,0.005773502691896259,1.0030207131155489,0.8631387108540073
0.1,1.8675022996339325,0.0057889319905354755,0.005773502691896259,1.0026724329168277,0.8631387041098677
0.1,1.8849555921538759,0.005786964823628034,0.005773502691896259,1.002331709613762,0.8631386975143271
0.1,1.9024088846738192,0.005785062894462919,0.005773502691896259,1.0020022858191244,0.8631386911396478
0.1,1.9198621771937625,0.0057832471153386215,0.005773502691896259,1.0016877836492637,0.8631386850556719
0.1,1.9373154697137058,0.00578153747051412,0.005773502691896259,1.0013916644793703,0.8631386793290566
0.1,1.9547687622336491,0.005779952793323641,0.005773502691896259,1.0011171903386198,0.8631386740225442
0.1,1.9722220547535925,0.005778510555364428,0.005773502691896259,1.0008673873964238,0.8631386691942738
0.1,1.9896753472735358,0.00577722667026904,0.005773502691896259,1.0006450119747945,0.8631386648971449
0.1,2.007128639793479,0.005776115314422956,0.005773502691896259,1.000452519495724,0.8631386611782377
0.1,2.0245819323134224,0.005775188766804524,0.005773502691896259,1.0002920367406483,0.8631386580782971
0.1,2.0420352248333655,0.005774457269925089,0.005773502691896259,1.0001653377645723,0.8631386556312874
0.1,2.059488517353309,0.005773928913591149,0.005773502691896259,1.0000738237630837,0.8631386538640178
0.1,2.076941809873252,0.005773609542937532,0.005773502691896259,1.0000185071432326,0.8631386527958511
0.1,2.0943951023931953,0.0057735026918964375,0.005773502691896259,1.0000000000000309,0.8631386524384904
0.1,2.111848394913139,0.00577360954293755,0.005773502691896259,1.0000185071432357,0.8631386527958511
0.1,2.129301687433082,0.005773928913591245,0.005773502691896259,1.0000738237631004,0.8631386538640178
0.1,2.1467549799530254,0.005774457269925227,0.005773502691896259,1.0001653377645963,0.8631386556312873
0.1,2.1642082724729685,0.005775188766804439,0.005773502691896259,1.0002920367406336,0.8631386580782973
0.1,2.181661564992912,0.005776115314422919,0.005773502691896259,1.0004525194957175,0.8631386611782377
0.1,2.199114857512855,0.005777226670268934,0.005773502691896259,1.000645011974776,0.8631386648971449
0.1,2.2165681500327987,0.005778510555364026,0.005773502691896259,1.000867387396354,0.8631386691942738
0.1,2.234021442552742,0.005779952793323717,0.005773502691896259,1.0011171903386331,0.8631386740225442
0.1,2.251474735072685,0.00578153747051415,0.005773502691896259,1.0013916644793754,0.8631386793290566
0.1,2.2689280275926285,0.005783247115338464,0.005773502691896259,1.0016877836492364,0.8631386850556719
0.1,2.2863813201125716,0.005785062894462789,0.005773502691896259,1.0020022858191018,0.8631386911396478
0.1,2.303834612632515,0.005786964823627622,0.005773502691896259,1.0023317096136906,0.8631386975143273
0.1,2.321287905152458,0.0057889319905354755,0.005773502691896259,1.0026724329168277,0.8631387041098675
0.1,2.3387411976724017,0.005790942787200059,0.005773502691896259,1.0030207131155024,0.8631387108540073
0.1,2.356194490192345,0.0057929751490774775,0.005773502691896259,1.003372728518608,0.8631387176728558
0.1,2.3736477827122884,0.005795006798251252,0.005773502691896259,1.0037246204778212,0.863138724491704
0.1,2.3911010752322315,0.005797015487951931,0.005773502691896259,1.004072535739643,0.8631387312358441
0.1,2.4085543677521746,0.005798979245716767,0.005773502691896259,1.0044126685618884,0.8631387378313852
0.1,2.426007660272118,0.005800876612550015,0.005773502691896259,1.0047413021374665,0.8631387442060653
0.1,2.443460952792061,0.005802686875543983,0.005773502691896259,1.005054848885528,0.8631387502900421
0.1,2.4609142453120048,0.005804390291513803,0.005773502691896259,1.0053498891861432,0.8631387560166581
0.1,2.478367537831948,0.005805968299352993,0.005773502691896259,1.005623208161365,0.8631387613231716
0.1,2.4958208303518914,0.005807403718944114,0.005773502691896259,1.0058718301275653,0.863138766151443
0.1,2.5132741228718345,0.005808680934648745,0.005773502691896259,1.0060930503768297,0.8631387704485729
0.1,2.530727415391778,0.005809786061570049,0.005773502691896259,1.0062844639744808,0.8631387741674812
0.1,2.548180707911721,0.005810707092967235,0.005773502691896259,1.00644399129201,0.8631387772674224
0.1,2.5656340004316642,0.005811434027419786,0.005773502691896259,1.0065699000325692,0.863138779714433
0.1,2.5830872929516078,0.005811958974528216,0.005773502691896259,1.0066608235388779,0.8631387814817029
0.1,2.600540585471551,0.005812276238161953,0.005773502691896259,1.0067157752121805,0.8631387825498698
0.1,2.6179938779914944,0.005812382376479525,0.005773502691896259,1.006734158908047,0.8631387829072308
0.1,2.6354471705114375,0.00581227623816201,0.005773502691896259,1.0067157752121902,0.8631387825498699
0.1,2.652900463031381,0.005811958974528155,0.005773502691896259,1.0066608235388672,0.863138781481703
0.1,2.670353755551324,0.0058114340274196385,0.005773502691896259,1.0065699000325437,0.863138779714433
0.1,2.6878070480712677,0.005810707092967325,0.005773502691896259,1.0064439912920256,0.8631387772674224
0.1,2.705260340591211,0.005809786061570077,0.005773502691896259,1.0062844639744857,0.8631387741674812
0.1,2.722713633111154,0.005808680934648853,0.005773502691896259,1.0060930503768486,0.863138770448573
0.1,2.7401669256310974,0.005807403718944085,0.005773502691896259,1.0058718301275602,0.8631387661514429
0.1,2.7576202181510405,0.005805968299353155,0.005773502691896259,1.0056232081613932,0.8631387613231715
0.1,2.775073510670984,0.005804390291514064,0.005773502691896259,1.0053498891861883,0.863138756016658
0.1,2.792526803190927,0.005802686875543647,0.005773502691896259,1.0050548488854696,0.863138750290042
0.1,2.8099800957108707,0.005800876612550043,0.005773502691896259,1.0047413021374714,0.8631387442060652
0.1,2.827433388230814,0.00579897924571667,0.005773502691896259,1.0044126685618715,0.8631387378313851
0.1,2.8448866807507573,0.005797015487951739,0.005773502691896259,1.0040725357396096,0.863138731235844
0.1,2.8623399732707004,0.005795006798250938,0.005773502691896259,1.0037246204777668,0.8631387244917041
0.1,2.8797932657906435,0.005792975149077352,0.005773502691896259,1.0033727285185863,0.8631387176728557
0.1,2.897246558310587,0.005790942787200012,0.005773502691896259,1.0030207131154945,0.8631387108540072
0.1,2.91469985083053,0.0057889319905352335,0.005773502691896259,1.0026724329167858,0.8631387041098677
0.1,2.9321531433504737,0.005786964823627741,0.005773502691896259,1.0023317096137112,0.8631386975143271
0.1,2.949606435870417,0.0057850628944625965,0.005773502691896259,1.0020022858190685,0.8631386911396478
0.1,2.9670597283903604,0.005783247115338339,0.005773502691896259,1.0016877836492148,0.8631386850556719
0.1,2.9845130209103035,0.0057815374705140685,0.005773502691896259,1.0013916644793615,0.8631386793290567
0.1,3.001966313430247,0.005779952793323401,0.005773502691896259,1.0011171903385783,0.8631386740225443
0.1,3.01941960595019,0.005778510555364049,0.005773502691896259,1.000867387396358,0.8631386691942738
0.1,3.036872898470133,0.005777226670268869,0.005773502691896259,1.0006450119747647,0.863138664897145
0.1,3.0543261909900767,0.005776115314422385,0.005773502691896259,1.0004525194956249,0.8631386611782377
0.1,3.07177948351002,0.0057751887668038475,0.005773502691896259,1.000292036740531,0.8631386580782973
0.1,3.0892327760299634,0.005774457269924885,0.005773502691896259,1.000165337764537,0.8631386556312873
0.1,3.1066860685499065,0.005773928913590997,0.005773502691896259,1.0000738237630575,0.8631386538640178
0.1,3.12413936106985,0.005773609542937397,0.005773502691896259,1.0000185071432093,0.8631386527958511
0.1,3.141592653589793,0.005773502691896137,0.005773502691896259,0.999999999999979,0.8631386524384905
0.1,3.1590459461097367,0.0057736095429372835,0.005773502691896259,1.0000185071431897,0.8631386527958511
0.1,3.1764992386296798,0.005773928913590983,0.005773502691896259,1.0000738237630549,0.8631386538640178
0.1,3.193952531149623,0.005774457269924855,0.005773502691896259,1.0001653377645319,0.8631386556312873
0.1,3.2114058236695664,0.005775188766804131,0.005773502691896259,1.00029203674058,0.8631386580782974
0.1,3.2288591161895095,0.005776115314422566,0.005773502691896259,1.0004525194956564,0.8631386611782376
0.1,3.246312408709453,0.00577722667026869,0.005773502691896259,1.0006450119747339,0.863138664897145
0.1,3.263765701229396,0.005778510555363866,0.005773502691896259,1.0008673873963263,0.8631386691942737
0.1,3.2812189937493397,0.005779952793323199,0.005773502691896259,1.0011171903385434,0.8631386740225443
0.1,3.2986722862692828,0.005781537470513928,0.005773502691896259,1.001391664479337,0.8631386793290567
0.1,3.3161255787892263,0.005783247115337997,0.005773502691896259,1.0016877836491556,0.8631386850556717
0.1,3.3335788713091694,0.00578506289446274,0.005773502691896259,1.0020022858190933,0.8631386911396476
0.1,3.351032163829113,0.0057869648236276265,0.005773502691896259,1.0023317096136914,0.8631386975143271
0.1,3.368485456349056,0.005788931990535085,0.005773502691896259,1.00267243291676,0.8631387041098677
0.1,3.385938748868999,0.005790942787199967,0.005773502691896259,1.0030207131154867,0.8631387108540072
0.1,3.4033920413889427,0.005792975149077241,0.005773502691896259,1.003372728518567,0.8631387176728557
0.1,3.420845333908886,0.0057950067982508405,0.005773502691896259,1.0037246204777501,0.8631387244917041
0.1,3.4382986264288293,0.0057970154879518595,0.005773502691896259,1.0040725357396305,0.8631387312358442
0.1,3.4557519189487724,0.005798979245716326,0.005773502691896259,1.004412668561812,0.8631387378313852
0.1,3.473205211468716,0.0058008766125498094,0.005773502691896259,1.004741302137431,0.8631387442060654
0.1,3.490658503988659,0.0058026868755435175,0.005773502691896259,1.0050548488854474,0.8631387502900421
0.1,3.5081117965086026,0.005804390291513925,0.005773502691896259,1.0053498891861643,0.863138756016658
0.1,3.5255650890285457,0.005805968299353076,0.005773502691896259,1.0056232081613794,0.8631387613231715
0.1,3.543018381548489,0.005807403718943852,0.005773502691896259,1.0058718301275198,0.8631387661514428
0.1,3.5604716740684323,0.005808680934648886,0.005773502691896259,1.0060930503768541,0.8631387704485729
0.1,3.5779249665883754,0.005809786061569922,0.005773502691896259,1.0062844639744588,0.8631387741674811
0.1,3.595378259108319,0.0058107070929670586,0.005773502691896259,1.0064439912919796,0.8631387772674224
0.1,3.612831551628262,0.005811434027419471,0.005773502691896259,1.0065699000325146,0.8631387797144329
0.1,3.6302848441482056,0.005811958974527754,0.005773502691896259,1.006660823538798,0.863138781481703
0.1,3.6477381366681487,0.005812276238161988,0.005773502691896259,1.0067157752121867,0.8631387825498699
0.1,3.6651914291880923,0.005812382376479332,0.005773502691896259,1.0067341589080134,0.8631387829072308
0.1,3.6826447217080354,0.005812276238161596,0.005773502691896259,1.0067157752121187,0.8631387825498701
0.1,3.7000980142279785,0.005811958974527819,0.005773502691896259,1.006660823538809,0.8631387814817029
0.1,3.717551306747922,0.005811434027419549,0.005773502691896259,1.006569900032528,0.863138779714433
0.1,3.735004599267865,0.005810707092966955,0.005773502691896259,1.0064439912919616,0.8631387772674224
0.1,3.7524578917878086,0.005809786061569868,0.005773502691896259,1.0062844639744495,0.8631387741674812
0.1,3.7699111843077517,0.005808680934648807,0.005773502691896259,1.0060930503768406,0.8631387704485728
0.1,3.7873644768276953,0.005807403718943934,0.005773502691896259,1.005871830127534,0.863138766151443
0.1,3.8048177693476384,0.005805968299352946,0.005773502691896259,1.005623208161357,0.8631387613231716
0.1,3.822271061867582,0.005804390291513755,0.005773502691896259,1.005349889186135,0.8631387560166581
0.1,3.839724354387525,0.0058026868755437985,0.005773502691896259,1.005054848885496,0.8631387502900421
0.1,3.857177646907468,0.005800876612549858,0.005773502691896259,1.0047413021374392,0.8631387442060651
0.1,3.8746309394274117,0.005798979245716609,0.005773502691896259,1.0044126685618608,0.8631387378313851
0.1,3.8920842319473548,0.005797015487951922,0.005773502691896259,1.0040725357396414,0.8631387312358441
0.1,3.9095375244672983,0.005795006798250891,0.005773502691896259,1.0037246204777588,0.8631387244917041
0.1,3.9269908169872414,0.0057929751490773266,0.005773502691896259,1.0033727285185818,0.8631387176728555
0.1,3.944444109507185,0.005790942787199954,0.005773502691896259,1.0030207131154842,0.8631387108540073
0.1,3.961897402027128,0.005788931990535295,0.005773502691896259,1.0026724329167964,0.8631387041098677
0.1,3.9793506945470716,0.005786964823627778,0.005773502691896259,1.0023317096137176,0.8631386975143273
0.1,3.9968039870670147,0.005785062894462749,0.005773502691896259,1.002002285819095,0.8631386911396477
0.1,4.014257279586958,0.005783247115338421,0.005773502691896259,1.001687783649229,0.8631386850556718
0.1,4.031710572106901,0.005781537470513973,0.005773502691896259,1.0013916644793448,0.8631386793290567
0.1,4.049163864626845,0.005779952793323367,0.005773502691896259,1.0011171903385723,0.8631386740225443
0.1,4.066617157146788,0.005778510555363923,0.005773502691896259,1.0008673873963363,0.863138669194274
0.1,4.084070449666731,0.005777226670268922,0.005773502691896259,1.000645011974774,0.863138664897145
0.1,4.101523742186674,0.005776115314422789,0.005773502691896259,1.000452519495695,0.8631386611782377
0.1,4.118977034706618,0.005775188766804192,0.005773502691896259,1.0002920367405908,0.8631386580782974
0.1,4.136430327226561,0.00577445726992517,0.005773502691896259,1.0001653377645863,0.8631386556312873
0.1,4.153883619746504,0.005773928913591033,0.005773502691896259,1.0000738237630638,0.8631386538640178
0.1,4.171336912266447,0.005773609542937523,0.005773502691896259,1.000018507143231,0.8631386527958512
0.1,4.1887902047863905,0.005773502691896331,0.005773502691896259,1.0000000000000124,0.8631386524384903
0.1,4.2062434973063345,0.005773609542937484,0.005773502691896259,1.0000185071432244,0.8631386527958512
0.1,4.223696789826278,0.0057739289135910355,0.005773502691896259,1.0000738237630642,0.8631386538640178
0.1,4.241150082346221,0.005774457269925096,0.005773502691896259,1.0001653377645736,0.8631386556312872
0.1,4.258603374866164,0.005775188766804254,0.005773502691896259,1.0002920367406014,0.8631386580782973
0.1,4.276056667386108,0.005776115314422922,0.005773502691896259,1.000452519495718,0.8631386611782375
0.1,4.293509959906051,0.005777226670269242,0.005773502691896259,1.0006450119748294,0.8631386648971449
0.1,4.310963252425994,0.00577851055536415,0.005773502691896259,1.0008673873963756,0.8631386691942738
0.1,4.328416544945937,0.0057799527933236824,0.005773502691896259,1.0011171903386271,0.8631386740225443
0.1,4.34586983746588,0.005781537470514092,0.005773502691896259,1.0013916644793655,0.8631386793290566
0.1,4.363323129985824,0.005783247115338438,0.005773502691896259,1.001687783649232,0.8631386850556719
0.1,4.380776422505767,0.0057850628944627665,0.005773502691896259,1.002002285819098,0.8631386911396477
0.1,4.39822971502571,0.0057869648236276786,0.005773502691896259,1.0023317096137003,0.8631386975143271
0.1,4.4156830075456535,0.0057889319905354555,0.005773502691896259,1.0026724329168242,0.8631387041098677
0.1,4.4331363000655974,0.005790942787200179,0.005773502691896259,1.0030207131155233,0.8631387108540074
0.1,4.4505895925855405,0.005792975149077419,0.005773502691896259,1.003372728518598,0.8631387176728558
0.1,4.468042885105484,0.0057950067982510765,0.005773502691896259,1.003724620477791,0.8631387244917041
0.1,4.485496177625427,0.005797015487952057,0.005773502691896259,1.0040725357396647,0.8631387312358443
0.1,4.50294947014537,0.0057989792457170146,0.005773502691896259,1.0044126685619312,0.8631387378313852
0.1,4.520402762665314,0.005800876612550246,0.005773502691896259,1.0047413021375065,0.8631387442060652
0.1,4.537856055185257,0.00580268687554398,0.005773502691896259,1.0050548488855273,0.8631387502900421
0.1,4.5553093477052,0.005804390291514237,0.005773502691896259,1.0053498891862183,0.8631387560166581
0.1,4.572762640225143,0.0058059682993532695,0.005773502691896259,1.005623208161413,0.8631387613231715
0.1,4.590215932745087,0.0058074037189439764,0.005773502691896259,1.0058718301275413,0.8631387661514429
0.1,4.60766922526503,0.005808680934649076,0.005773502691896259,1.006093050376887,0.863138770448573
0.1,4.625122517784973,0.005809786061570414,0.005773502691896259,1.006284463974544,0.863138774167481
0.1,4.642575810304916,0.005810707092967295,0.005773502691896259,1.0064439912920204,0.8631387772674224
0.1,4.6600291028248595,0.005811434027419912,0.005773502691896259,1.006569900032591,0.8631387797144329
0.1,4.6774823953448035,0.005811958974528154,0.005773502691896259,1.0066608235388672,0.863138781481703
0.1,4.694935687864747,0.005812276238162472,0.005773502691896259,1.0067157752122704,0.86313878254987
0.1,4.71238898038469,0.005812382376479741,0.005773502691896259,1.0067341589080843,0.8631387829072308
0.1,4.729842272904633,0.005812276238162149,0.005773502691896259,1.0067157752122144,0.86313878254987
0.1,4.747295565424577,0.005811958974528161,0.005773502691896259,1.0066608235388683,0.8631387814817031
0.1,4.76474885794452,0.005811434027419925,0.005773502691896259,1.0065699000325932,0.863138779714433
0.1,4.782202150464463,0.00581070709296755,0.005773502691896259,1.0064439912920646,0.8631387772674224
0.1,4.799655442984406,0.00580978606156999,0.005773502691896259,1.0062844639744706,0.863138774167481
0.1,4.817108735504349,0.005808680934648967,0.005773502691896259,1.0060930503768681,0.8631387704485729
0.1,4.834562028024293,0.005807403718944015,0.005773502691896259,1.005871830127548,0.863138766151443
0.1,4.852015320544236,0.005805968299353318,0.005773502691896259,1.0056232081614214,0.8631387613231716
0.1,4.869468613064179,0.005804390291514185,0.005773502691896259,1.0053498891862094,0.863138756016658
0.1,4.886921905584122,0.00580268687554377,0.005773502691896259,1.005054848885491,0.8631387502900422
0.1,4.904375198104066,0.005800876612550174,0.005773502691896259,1.004741302137494,0.8631387442060652
0.1,4.9218284906240095,0.005798979245716656,0.005773502691896259,1.004412668561869,0.8631387378313851
0.1,4.939281783143953,0.005797015487952054,0.005773502691896259,1.0040725357396643,0.8631387312358442
0.1,4.956735075663896,0.005795006798251301,0.005773502691896259,1.0037246204778298,0.8631387244917043
0.1,4.974188368183839,0.005792975149077317,0.005773502691896259,1.0033727285185803,0.8631387176728557
0.1,4.991641660703783,0.005790942787200429,0.005773502691896259,1.0030207131155666,0.8631387108540073
0.1,5.009094953223726,0.005788931990535586,0.005773502691896259,1.0026724329168468,0.8631387041098676
0.1,5.026548245743669,0.005786964823627666,0.005773502691896259,1.0023317096136983,0.8631386975143271
0.1,5.044001538263612,0.005785062894463062,0.005773502691896259,1.002002285819149,0.8631386911396477
0.1,5.061454830783556,0.005783247115338585,0.005773502691896259,1.0016877836492575,0.8631386850556718
0.1,5.078908123303499,0.005781537470514101,0.005773502691896259,1.0013916644793672,0.8631386793290565
0.1,5.096361415823442,0.00577995279332352,0.005773502691896259,1.001117190338599,0.8631386740225442
0.1,5.113814708343385,0.0057785105553642135,0.005773502691896259,1.0008673873963865,0.8631386691942737
0.1,5.1312680008633285,0.0057772266702693816,0.005773502691896259,1.0006450119748536,0.8631386648971447
0.1,5.1487212933832724,0.005776115314423025,0.005773502691896259,1.0004525194957359,0.8631386611782376
0.1,5.1661745859032155,0.0057751887668043515,0.005773502691896259,1.0002920367406183,0.8631386580782973
0.1,5.183627878423159,0.005774457269925243,0.005773502691896259,1.000165337764599,0.8631386556312874
0.1,5.201081170943102,0.005773928913591184,0.005773502691896259,1.0000738237630897,0.8631386538640179
0.1,5.218534463463046,0.005773609542937501,0.005773502691896259,1.0000185071432273,0.8631386527958513
0.1,5.235987755982989,0.005773502691896282,0.005773502691896259,1.000000000000004,0.8631386524384905
0.1,5.253441048502932,0.0057736095429376235,0.005773502691896259,1.0000185071432486,0.8631386527958511
0.1,5.270894341022875,0.005773928913591287,0.005773502691896259,1.0000738237631077,0.8631386538640179
0.1,5.288347633542818,0.005774457269925265,0.005773502691896259,1.0001653377646027,0.8631386556312872
0.1,5.305800926062762,0.005775188766804315,0.005773502691896259,1.000292036740612,0.8631386580782971
0.1,5.323254218582705,0.005776115314422683,0.005773502691896259,1.0004525194956766,0.8631386611782376
0.1,5.340707511102648,0.0057772266702688785,0.005773502691896259,1.0006450119747665,0.8631386648971449
0.1,5.358160803622591,0.005778510555364103,0.005773502691896259,1.0008673873963674,0.8631386691942736
0.1,5.375614096142535,0.005779952793323616,0.005773502691896259,1.0011171903386153,0.8631386740225442
0.1,5.3930673886624785,0.005781537470513991,0.005773502691896259,1.0013916644793481,0.8631386793290567
0.1,5.410520681182422,0.005783247115338565,0.005773502691896259,1.001687783649254,0.8631386850556718
0.1,5.427973973702365,0.005785062894462765,0.005773502691896259,1.0020022858190976,0.8631386911396477
0.1,5.445427266222308,0.005786964823627806,0.005773502691896259,1.0023317096137225,0.8631386975143271
0.1,5.462880558742252,0.005788931990535543,0.005773502691896259,1.0026724329168393,0.8631387041098676
0.1,5.480333851262195,0.005790942787200145,0.005773502691896259,1.0030207131155173,0.8631387108540073
0.1,5.497787143782138,0.005792975149077418,0.005773502691896259,1.0033727285185976,0.8631387176728555
0.1,5.515240436302081,0.005795006798250877,0.005773502691896259,1.0037246204777563,0.8631387244917041
0.1,5.532693728822025,0.005797015487951847,0.005773502691896259,1.0040725357396285,0.8631387312358441
0.1,5.550147021341968,0.005798979245716842,0.005773502691896259,1.0044126685619013,0.8631387378313851
0.1,5.567600313861911,0.005800876612549945,0.005773502691896259,1.0047413021374543,0.8631387442060652
0.1,5.585053606381854,0.005802686875543972,0.005773502691896259,1.005054848885526,0.863138750290042
0.1,5.602506898901797,0.005804390291514001,0.005773502691896259,1.0053498891861774,0.8631387560166581
0.1,5.619960191421741,0.0058059682993530206,0.005773502691896259,1.0056232081613699,0.8631387613231715
0.1,5.6374134839416845,0.005807403718943921,0.005773502691896259,1.0058718301275318,0.863138766151443
0.1,5.654866776461628,0.005808680934648935,0.005773502691896259,1.0060930503768626,0.863138770448573
0.1,5.672320068981571,0.0058097860615699895,0.005773502691896259,1.0062844639744706,0.8631387741674809
0.1,5.689773361501515,0.0058107070929671835,0.005773502691896259,1.0064439912920011,0.8631387772674224
0.1,5.707226654021458,0.005811434027419574,0.005773502691896259,1.0065699000325325,0.8631387797144329
0.1,5.724679946541401,0.005811958974527861,0.005773502691896259,1.0066608235388164,0.863138781481703
0.1,5.742133239061344,0.005812276238162036,0.005773502691896259,1.006715775212195,0.86313878254987
0.1,5.759586531581287,0.005812382376479541,0.005773502691896259,1.0067341589080496,0.8631387829072308
0.1,5.777039824101231,0.005812276238162012,0.005773502691896259,1.0067157752121907,0.8631387825498699
0.1,5.794493116621174,0.00581195897452789,0.005773502691896259,1.0066608235388212,0.8631387814817029
0.1,5.811946409141117,0.005811434027419518,0.005773502691896259,1.0065699000325228,0.863138779714433
0.1,5.82939970166106,0.005810707092967155,0.005773502691896259,1.0064439912919962,0.8631387772674222
0.1,5.846852994181004,0.0058097860615700095,0.005773502691896259,1.006284463974474,0.8631387741674811
0.1,5.8643062867009474,0.005808680934648609,0.005773502691896259,1.0060930503768062,0.8631387704485729
0.1,5.8817595792208905,0.005807403718943999,0.005773502691896259,1.0058718301275453,0.863138766151443
0.1,5.899212871740834,0.005805968299353172,0.005773502691896259,1.005623208161396,0.8631387613231716
0.1,5.916666164260777,0.00580439029151392,0.005773502691896259,1.0053498891861634,0.8631387560166581
0.1,5.934119456780721,0.005802686875543727,0.005773502691896259,1.0050548488854836,0.8631387502900421
0.1,5.951572749300664,0.005800876612549905,0.005773502691896259,1.0047413021374474,0.8631387442060652
0.1,5.969026041820607,0.005798979245716586,0.005773502691896259,1.004412668561857,0.8631387378313851
0.1,5.98647933434055,0.005797015487951897,0.005773502691896259,1.004072535739637,0.8631387312358441
0.1,6.003932626860494,0.005795006798250926,0.005773502691896259,1.003724620477765,0.8631387244917044
0.1,6.021385919380437,0.005792975149077248,0.005773502691896259,1.0033727285185683,0.8631387176728555
0.1,6.03883921190038,0.005790942787199684,0.005773502691896259,1.0030207131154376,0.8631387108540073
0.1,6.056292504420323,0.005788931990535158,0.005773502691896259,1.0026724329167727,0.8631387041098677
0.1,6.073745796940266,0.005786964823627642,0.005773502691896259,1.002331709613694,0.8631386975143273
0.1,6.09119908946021,0.005785062894462565,0.005773502691896259,1.0020022858190631,0.8631386911396477
0.1,6.1086523819801535,0.005783247115338144,0.005773502691896259,1.0016877836491809,0.8631386850556718
0.1,6.126105674500097,0.005781537470513716,0.005773502691896259,1.0013916644793004,0.8631386793290567
0.1,6.14355896702004,0.005779952793323329,0.005773502691896259,1.0011171903385658,0.8631386740225442
0.1,6.161012259539984,0.005778510555364069,0.005773502691896259,1.0008673873963614,0.8631386691942738
0.1,6.178465552059927,0.005777226670268594,0.005773502691896259,1.0006450119747172,0.8631386648971449
0.1,6.19591884457987,0.005776115314422607,0.005773502691896259,1.0004525194956635,0.8631386611782377
0.1,6.213372137099813,0.005775188766803863,0.005773502691896259,1.0002920367405337,0.8631386580782974
0.1,6.230825429619756,0.005774457269924762,0.005773502691896259,1.0001653377645157,0.8631386556312873
0.1,6.2482787221397,0.005773928913590987,0.005773502691896259,1.0000738237630558,0.8631386538640178
0.1,6.265732014659643,0.00577360954293751,0.005773502691896259,1.0000185071432288,0.8631386527958511
0.1,6.283185307179586,0.005773502691896248,0.005773502691896259,0.9999999999999982,0.8631386524384903
0.15,0.0,0.012990381056766531,0.01299038105676658,0.9999999999999962,0.8595302132560555
0.15,0.017453292519943295,0.012990931302370157,0.01299038105676658,1.0000423579263127,0.8595302174139331
0.15,0.03490658503988659,0.012992575871710325,0.01299038105676658,1.0001689569331458,0.8595302298420124
0.15,0.05235987755982989,0.012995296336190815,0.01299038105676658,1.0003783783864966,0.8595302504041291
0.15,0.06981317007977318,0.012999062226431246,0.01299038105676658,1.00066827675237,0.8595302788750013
0.15,0.08726646259971647,0.013003831395869171,0.01299038105676658,1.0010354075868764,0.8595303149426983
0.15,0.10471975511965978,0.01300955052225817,0.01299038105676658,1.0014756661415722,0.8595303582120559
0.15,0.12217304763960307,0.013016155739731031,0.01299038105676658,1.001984136019707,0.8595304082090088
0.15,0.13962634015954636,0.01302357339230671,0.01299038105676658,1.0025551471812169,0.8595304643857817
0.15,0.15707963267948966,0.013031720898123282,0.01299038105676658,1.0031823424714066,0.8595305261268925
0.15,0.17453292519943295,0.013040507712339309,0.01299038105676658,1.003858751745132,0.8595305927558953
0.15,0.19198621771937624,0.013049836375533391,0.01299038105676658,1.0045768725726365,0.8595306635427904
0.15,0.20943951023931956,0.013059603633608705,0.01299038105676658,1.00532875644984,0.8595307377120238
0.15,0.22689280275926285,0.013069701614644496,0.01299038105676658,1.0061060993924116,0.8595308144509832
0.15,0.24434609527920614,0.013080019047826937,0.01299038105676658,1.0069003357691086,0.8595308929189021
0.15,0.2617993877991494,0.013090442509539717,0.01299038105676658,1.0077027342258769,0.85953097225607
0.15,0.2792526803190927,0.013100857681858903,0.01299038105676658,1.0085044945648285,0.8595310515932528
0.15,0.29670597283903605,0.013111150609070197,0.01299038105676658,1.0092968444709873,0.8595311300612146
0.15,0.3141592653589793,0.013121208938369613,0.01299038105676658,1.0100711350214693,0.8595312068002445
0.15,0.33161255787892263,0.013130923131593928,0.01299038105676658,1.0108189339645384,0.8595312809695717
0.15,0.3490658503988659,0.013140187635644228,0.01299038105676658,1.0115321158188515,0.8595313517565802
0.15,0.3665191429188092,0.013148902000133904,0.01299038105676658,1.0122029479100423,0.8595314183857108
0.15,0.3839724354387525,0.013156971931768976,0.01299038105676658,1.012824171536956,0.8595314801269589
0.15,0.4014257279586958,0.013164310275920877,0.01299038105676658,1.0133890775331567,0.8595315363038718
0.15,0.4188790204786391,0.013170837916887185,0.01299038105676658,1.0138915755690328,0.8595315863009618
0.15,0.4363323129985824,0.013176484589302087,0.01299038105676658,1.014326256614202,0.8595316295704475
0.15,0.4537856055185257,0.01318118959415885,0.01299038105676658,1.0146884480569474,0.8595316656382577
0.15,0.47123889803846897,0.01318490241386257,0.01299038105676658,1.0149742610510002,0.8595316941092237
0.15,0.4886921905584123,0.013187583221655554,0.01299038105676658,1.0151806297311234,0.8595317146714105
0.15,0.5061454830783556,0.013189203281665212,0.01299038105676658,1.015305342008814,0.8595317270995326
0.15,0.5235987755982988,0.013189745236686864,0.01299038105676658,1.0153470617258327,0.8595317312574254
0.15,0.5410520681182421,0.013189203281665162,0.01299038105676658,1.0153053420088103,0.8595317270995326
0.15,0.5585053606381855,0.013187583221655728,0.01299038105676658,1.0151806297311368,0.8595317146714103
0.15,0.5759586531581288,0.013184902413862753,0.01299038105676658,1.0149742610510142,0.8595316941092237
0.15,0.5934119456780721,0.013181189594158945,0.01299038105676658,1.014688448056955,0.8595316656382576
0.15,0.6108652381980153,0.013176484589302163,0.01299038105676658,1.014326256614208,0.8595316295704476
0.15,0.6283185307179586,0.0131708379168873,0.01299038105676658,1.0138915755690416,0.8595315863009616
0.15,0.6457718232379019,0.013164310275920918,0.01299038105676658,1.0133890775331598,0.8595315363038719
0.15,0.6632251157578453,0.013156971931769146,0.01299038105676658,1.012824171536969,0.8595314801269589
0.15,0.6806784082777885,0.013148902000134337,0.01299038105676658,1.0122029479100758,0.8595314183857108
0.15,0.6981317007977318,0.013140187635643931,0.01299038105676658,1.0115321158188288,0.8595313517565804
0.15,0.7155849933176751,0.013130923131593815,0.01299038105676658,1.0108189339645297,0.8595312809695719
0.15,0.7330382858376184,0.013121208938369655,0.01299038105676658,1.0100711350214726,0.8595312068002446
0.15,0.7504915783575618,0.013111150609070272,0.01299038105676658,1.0092968444709929,0.859531130061215
0.15,0.767944870877505,0.013100857681858737,0.01299038105676658,1.0085044945648158,0.8595310515932526
0.15,0.7853981633974483,0.013090442509539457,0.01299038105676658,1.0077027342258567,0.8595309722560701
0.15,0.8028514559173916,0.013080019047826824,0.01299038105676658,1.0069003357691,0.8595308929189024
0.15,0.8203047484373349,0.013069701614644824,0.01299038105676658,1.0061060993924367,0.8595308144509834
0.15,0.8377580409572782,0.013059603633609198,0.01299038105676658,1.005328756449878,0.8595307377120238
0.15,0.8552113334772214,0.013049836375533681,0.01299038105676658,1.0045768725726587,0.8595306635427902
0.15,0.8726646259971648,0.013040507712339474,0.01299038105676658,1.0038587517451447,0.8595305927558952
0.15,0.8901179185171081,0.013031720898123196,0.01299038105676658,1.0031823424714,0.8595305261268926
0.15,0.9075712110370514,0.013023573392306859,0.01299038105676658,1.0025551471812284,0.8595304643857815
0.15,0.9250245035569946,0.013016155739731555,0.01299038105676658,1.0019841360197475,0.8595304082090087
0.15,0.9424777960769379,0.013009550522257957,0.01299038105676658,1.0014756661415558,0.859530358212056
0.15,0.9599310885968813,0.013003831395869086,0.01299038105676658,1.00103540758687,0.859530314942698
0.15,0.9773843811168246,0.012999062226431235,0.01299038105676658,1.0006682767523694,0.8595302788750014
0.15,0.9948376736367679,0.012995296336191139,0.01299038105676658,1.0003783783865214,0.8595302504041291
0.15,1.0122909661567112,0.012992575871710613,0.01299038105676658,1.0001689569331678,0.8595302298420123
0.15,1.0297442586766545,0.012990931302370107,0.01299038105676658,1.000042357926309,0.8595302174139332
0.15,1.0471975511965976,0.012990381056766557,0.01299038105676658,0.9999999999999982,0.8595302132560553
0.15,1.064650843716541,0.012990931302370114,0.01299038105676658,1.0000423579263094,0.8595302174139332
0.15,1.0821041362364843,0.01299257587171055,0.01299038105676658,1.000168956933163,0.8595302298420122
0.15,1.0995574287564276,0.012995296336190888,0.01299038105676658,1.0003783783865021,0.859530250404129
0.15,1.117010721276371,0.012999062226431234,0.01299038105676658,1.0006682767523691,0.8595302788750014
0.15,1.1344640137963142,0.013003831395869149,0.01299038105676658,1.0010354075868746,0.8595303149426982
0.15,1.1519173063162575,0.013009550522258356,0.01299038105676658,1.0014756661415865,0.8595303582120558
0.15,1.1693705988362009,0.013016155739731458,0.01299038105676658,1.00198413601974,0.8595304082090087
0.15,1.1868238913561442,0.013023573392307017,0.01299038105676658,1.0025551471812404,0.8595304643857816
0.15,1.2042771838760873,0.013031720898123421,0.01299038105676658,1.0031823424714172,0.8595305261268927
0.15,1.2217304763960306,0.013040507712339455,0.01299038105676658,1.0038587517451434,0.8595305927558952
0.15,1.239183768915974,0.013049836375533776,0.01299038105676658,1.004576872572666,0.8595306635427904
0.15,1.2566370614359172,0.013059603633609026,0.01299038105676658,1.0053287564498647,0.8595307377120237
0.15,1.2740903539558606,0.013069701614644972,0.01299038105676658,1.0061060993924482,0.8595308144509832
0.15,1.2915436464758039,0.013080019047826894,0.01299038105676658,1.0069003357691053,0.8595308929189021
0.15,1.3089969389957472,0.013090442509539795,0.01299038105676658,1.0077027342258829,0.8595309722560702
0.15,1.3264502315156905,0.013100857681858768,0.01299038105676658,1.008504494564818,0.8595310515932526
0.15,1.3439035240356338,0.013111150609070527,0.01299038105676658,1.0092968444710126,0.859531130061215
0.15,1.361356816555577,0.013121208938369718,0.01299038105676658,1.0100711350214773,0.8595312068002445
0.15,1.3788101090755203,0.013130923131594092,0.01299038105676658,1.010818933964551,0.8595312809695719
0.15,1.3962634015954636,0.013140187635643936,0.01299038105676658,1.011532115818829,0.8595313517565801
0.15,1.413716694115407,0.013148902000134187,0.01299038105676658,1.0122029479100643,0.8595314183857107
0.15,1.4311699866353502,0.013156971931769413,0.01299038105676658,1.0128241715369894,0.8595314801269587
0.15,1.4486232791552935,0.013164310275920986,0.01299038105676658,1.013389077533165,0.8595315363038719
0.15,1.4660765716752369,0.013170837916887444,0.01299038105676658,1.0138915755690527,0.8595315863009618
0.15,1.4835298641951802,0.013176484589302437,0.01299038105676658,1.014326256614229,0.8595316295704475
0.15,1.5009831567151235,0.013181189594159001,0.01299038105676658,1.0146884480569591,0.8595316656382576
0.15,1.5184364492350666,0.013184902413862661,0.01299038105676658,1.0149742610510073,0.8595316941092237
0.15,1.53588974175501,0.013187583221655691,0.01299038105676658,1.015180629731134,0.8595317146714103
0.15,1.5533430342749532,0.013189203281665498,0.01299038105676658,1.015305342008836,0.8595317270995327
0.15,1.5707963267948966,0.0131897452366867,0.01299038105676658,1.01534706172582,0.8595317312574252
0.15,1.5882496193148399,0.01318920328166517,0.01299038105676658,1.015305342008811,0.8595317270995328
0.15,1.6057029118347832,0.013187583221655811,0.01299038105676658,1.0151806297311432,0.8595317146714105
0.15,1.6231562043547265,0.013184902413862658,0.01299038105676658,1.0149742610510069,0.8595316941092238
0.15,1.6406094968746698,0.013181189594159013,0.01299038105676658,1.01468844805696,0.8595316656382578
0.15,1.6580627893946132,0.013176484589302028,0.01299038105676658,1.0143262566141975,0.8595316295704476
0.15,1.6755160819145565,0.013170837916887345,0.01299038105676658,1.0138915755690452,0.8595315863009617
0.15,1.6929693744344996,0.013164310275921206,0.01299038105676658,1.013389077533182,0.8595315363038717
0.15,1.710422666954443,0.013156971931769148,0.01299038105676658,1.012824171536969,0.8595314801269587
0.15,1.7278759594743862,0.013148902000134315,0.01299038105676658,1.012202947910074,0.8595314183857108
0.15,1.7453292519943295,0.013140187635644281,0.01299038105676658,1.0115321158188557,0.8595313517565804
0.15,1.7627825445142729,0.013130923131593933,0.01299038105676658,1.0108189339645388,0.8595312809695719
0.15,1.7802358370342162,0.013121208938369943,0.01299038105676658,1.0100711350214946,0.8595312068002445
0.15,1.7976891295541595,0.013111150609070461,0.01299038105676658,1.0092968444710075,0.8595311300612148
0.15,1.8151424220741028,0.013100857681858875,0.01299038105676658,1.0085044945648265,0.8595310515932526
0.15,1.8325957145940461,0.013090442509539746,0.01299038105676658,1.007702734225879,0.8595309722560702
0.15,1.8500490071139892,0.013080019047827171,0.01299038105676658,1.0069003357691266,0.8595308929189022
0.15,1.8675022996339325,0.013069701614644855,0.01299038105676658,1.0061060993924391,0.8595308144509832
0.15,1.8849555921538759,0.013059603633609312,0.01299038105676658,1.0053287564498867,0.8595307377120238
0.15,1.9024088846738192,0.013049836375533664,0.01299038105676658,1.0045768725726574,0.8595306635427904
0.15,1.9198621771937625,0.013040507712339288,0.01299038105676658,1.0038587517451305,0.859530592755895
0.15,1.9373154697137058,0.013031720898123348,0.01299038105676658,1.0031823424714115,0.8595305261268927
0.15,1.9547687622336491,0.013023573392306864,0.01299038105676658,1.0025551471812288,0.8595304643857816
0.15,1.9722220547535925,0.01301615573973154,0.01299038105676658,1.0019841360197463,0.859530408209009
0.15,1.9896753472735358,0.013009550522258077,0.01299038105676658,1.001475666141565,0.8595303582120559
0.15,2.007128639793479,0.01300383139586956,0.01299038105676658,1.0010354075869063,0.8595303149426982
0.15,2.0245819323134224,0.012999062226431482,0.01299038105676658,1.0006682767523882,0.8595302788750013
0.15,2.0420352248333655,0.01299529633619124,0.01299038105676658,1.0003783783865292,0.859530250404129
0.15,2.059488517353309,0.012992575871710682,0.01299038105676658,1.000168956933173,0.8595302298420123
0.15,2.076941809873252,0.012990931302370282,0.01299038105676658,1.0000423579263225,0.8595302174139333
0.15,2.0943951023931953,0.012990381056766635,0.01299038105676658,1.0000000000000042,0.8595302132560554
0.15,2.111848394913139,0.01299093130237039,0.01299038105676658,1.0000423579263307,0.8595302174139332
0.15,2.129301687433082,0.012992575871710701,0.01299038105676658,1.0001689569331746,0.8595302298420124
0.15,2.1467549799530254,0.012995296336191144,0.01299038105676658,1.0003783783865219,0.8595302504041291
0.15,2.1642082724729685,0.012999062226431456,0.01299038105676658,1.0006682767523862,0.8595302788750014
0.15,2.181661564992912,0.013003831395869178,0.01299038105676658,1.0010354075868768,0.8595303149426982
0.15,2.199114857512855,0.013009550522258046,0.01299038105676658,1.0014756661415625,0.8595303582120559
0.15,2.2165681500327987,0.013016155739731555,0.01299038105676658,1.0019841360197475,0.8595304082090087
0.15,2.234021442552742,0.013023573392306953,0.01299038105676658,1.0025551471812355,0.8595304643857816
0.15,2.251474735072685,0.013031720898123466,0.01299038105676658,1.0031823424714206,0.8595305261268926
0.15,2.2689280275926285,0.013040507712339576,0.01299038105676658,1.0038587517451527,0.8595305927558952
0.15,2.2863813201125716,0.013049836375533643,0.01299038105676658,1.0045768725726558,0.8595306635427904
0.15,2.303834612632515,0.013059603633609008,0.01299038105676658,1.0053287564498634,0.8595307377120237
0.15,2.321287905152458,0.013069701614644968,0.01299038105676658,1.0061060993924478,0.8595308144509834
0.15,2.3387411976724017,0.013080019047827069,0.01299038105676658,1.0069003357691186,0.8595308929189022
0.15,2.356194490192345,0.0130904425095396,0.01299038105676658,1.0077027342258678,0.8595309722560701
0.15,2.3736477827122884,0.013100857681858803,0.01299038105676658,1.0085044945648207,0.8595310515932528
0.15,2.3911010752322315,0.013111150609070381,0.01299038105676658,1.0092968444710013,0.8595311300612148
0.15,2.4085543677521746,0.013121208938369884,0.01299038105676658,1.0100711350214902,0.8595312068002445
0.15,2.426007660272118,0.013130923131594122,0.01299038105676658,1.0108189339645532,0.8595312809695718
0.15,2.443460952792061,0.013140187635644087,0.01299038105676658,1.0115321158188408,0.8595313517565802
0.15,2.4609142453120048,0.013148902000134365,0.01299038105676658,1.0122029479100778,0.8595314183857109
0.15,2.478367537831948,0.013156971931769106,0.01299038105676658,1.012824171536966,0.8595314801269587
0.15,2.4958208303518914,0.013164310275921149,0.01299038105676658,1.0133890775331775,0.8595315363038718
0.15,2.5132741228718345,0.013170837916887378,0.01299038105676658,1.0138915755690476,0.8595315863009617
0.15,2.530727415391778,0.013176484589302012,0.01299038105676658,1.0143262566141964,0.8595316295704477
0.15,2.548180707911721,0.013181189594158826,0.01299038105676658,1.0146884480569456,0.8595316656382577
0.15,2.5656340004316642,0.013184902413862774,0.01299038105676658,1.014974261051016,0.8595316941092236
0.15,2.5830872929516078,0.01318758322165591,0.01299038105676658,1.015180629731151,0.8595317146714102
0.15,2.600540585471551,0.013189203281665248,0.01299038105676658,1.015305342008817,0.8595317270995328
0.15,2.6179938779914944,0.013189745236686834,0.01299038105676658,1.0153470617258304,0.8595317312574253
0.15,2.6354471705114375,0.013189203281665113,0.01299038105676658,1.0153053420088065,0.8595317270995328
0.15,2.652900463031381,0.013187583221655932,0.01299038105676658,1.0151806297311525,0.8595317146714104
0.15,2.670353755551324,0.013184902413862798,0.01299038105676658,1.0149742610510177,0.8595316941092237
0.15,2.6878070480712677,0.013181189594158977,0.01299038105676658,1.0146884480569571,0.8595316656382576
0.15,2.705260340591211,0.013176484589302139,0.01299038105676658,1.014326256614206,0.8595316295704474
0.15,2.722713633111154,0.013170837916887357,0.01299038105676658,1.013891575569046,0.8595315863009616
0.15,2.7401669256310974,0.013164310275920897,0.01299038105676658,1.0133890775331582,0.859531536303872
0.15,2.7576202181510405,0.013156971931769222,0.01299038105676658,1.0128241715369748,0.8595314801269588
0.15,2.775073510670984,0.01314890200013428,0.01299038105676658,1.0122029479100714,0.8595314183857107
0.15,2.792526803190927,0.013140187635644037,0.01299038105676658,1.0115321158188368,0.8595313517565802
0.15,2.8099800957108707,0.013130923131594063,0.01299038105676658,1.0108189339645488,0.8595312809695717
0.15,2.827433388230814,0.01312120893836934,0.01299038105676658,1.0100711350214482,0.8595312068002445
0.15,2.8448866807507573,0.013111150609070329,0.01299038105676658,1.0092968444709973,0.859531130061215
0.15,2.8623399732707004,0.013100857681858856,0.01299038105676658,1.008504494564825,0.8595310515932528
0.15,2.8797932657906435,0.013090442509539465,0.01299038105676658,1.0077027342258573,0.8595309722560702
0.15,2.897246558310587,0.013080019047826678,0.01299038105676658,1.0069003357690887,0.8595308929189024
0.15,2.91469985083053,0.013069701614644588,0.01299038105676658,1.0061060993924187,0.8595308144509833
0.15,2.9321531433504737,0.013059603633608932,0.01299038105676658,1.0053287564498576,0.8595307377120236
0.15,2.949606435870417,0.013049836375533709,0.01299038105676658,1.004576872572661,0.8595306635427903
0.15,2.9670597283903604,0.01304050771233961,0.01299038105676658,1.0038587517451554,0.8595305927558952
0.15,2.9845130209103035,0.013031720898123184,0.01299038105676658,1.0031823424713988,0.8595305261268927
0.15,3.001966313430247,0.01302357339230684,0.01299038105676658,1.0025551471812268,0.8595304643857816
0.15,3.01941960595019,0.01301615573973139,0.01299038105676658,1.0019841360197348,0.8595304082090086
0.15,3.036872898470133,0.013009550522258082,0.01299038105676658,1.0014756661415654,0.859530358212056
0.15,3.0543261909900767,0.013003831395868982,0.01299038105676658,1.001035407586862,0.8595303149426984
0.15,3.07177948351002,0.012999062226431256,0.01299038105676658,1.000668276752371,0.8595302788750013
0.15,3.0892327760299634,0.012995296336191049,0.01299038105676658,1.0003783783865146,0.8595302504041289
0.15,3.1066860685499065,0.012992575871710564,0.01299038105676658,1.0001689569331642,0.8595302298420127
0.15,3.12413936106985,0.012990931302370052,0.01299038105676658,1.0000423579263047,0.8595302174139332
0.15,3.141592653589793,0.01299038105676642,0.01299038105676658,0.9999999999999877,0.8595302132560554
0.15,3.1590459461097367,0.012990931302370046,0.01299038105676658,1.0000423579263042,0.8595302174139332
0.15,3.1764992386296798,0.012992575871710205,0.01299038105676658,1.0001689569331365,0.8595302298420127
0.15,3.193952531149623,0.012995296336191044,0.01299038105676658,1.0003783783865141,0.859530250404129
0.15,3.2114058236695664,0.012999062226431133,0.01299038105676658,1.0006682767523614,0.8595302788750013
0.15,3.2288591161895095,0.013003831395868923,0.01299038105676658,1.0010354075868573,0.8595303149426982
0.15,3.246312408709453,0.013009550522258058,0.01299038105676658,1.0014756661415636,0.859530358212056
0.15,3.263765701229396,0.01301615573973139,0.01299038105676658,1.0019841360197348,0.8595304082090087
0.15,3.2812189937493397,0.013023573392306672,0.01299038105676658,1.002555147181214,0.8595304643857816
0.15,3.2986722862692828,0.013031720898123078,0.01299038105676658,1.0031823424713908,0.8595305261268926
0.15,3.3161255787892263,0.01304050771233916,0.01299038105676658,1.0038587517451205,0.8595305927558952
0.15,3.3335788713091694,0.0130498363755334,0.01299038105676658,1.0045768725726372,0.8595306635427903
0.15,3.351032163829113,0.01305960363360882,0.01299038105676658,1.005328756449849,0.8595307377120238
0.15,3.368485456349056,0.013069701614644696,0.01299038105676658,1.006106099392427,0.8595308144509836
0.15,3.385938748868999,0.013080019047826722,0.01299038105676658,1.006900335769092,0.8595308929189023
0.15,3.4033920413889427,0.013090442509539528,0.01299038105676658,1.0077027342258622,0.8595309722560703
0.15,3.420845333908886,0.013100857681858863,0.01299038105676658,1.0085044945648256,0.8595310515932527
0.15,3.4382986264288293,0.01311115060907054,0.01299038105676658,1.0092968444710138,0.8595311300612148
0.15,3.4557519189487724,0.013121208938369445,0.01299038105676658,1.0100711350214564,0.8595312068002445
0.15,3.473205211468716,0.013130923131593702,0.01299038105676658,1.010818933964521,0.8595312809695717
0.15,3.490658503988659,0.01314018763564395,0.01299038105676658,1.0115321158188302,0.8595313517565802
0.15,3.5081117965086026,0.013148902000133978,0.01299038105676658,1.012202947910048,0.8595314183857108
0.15,3.5255650890285457,0.013156971931768907,0.01299038105676658,1.0128241715369506,0.8595314801269589
0.15,3.543018381548489,0.01316431027592093,0.01299038105676658,1.0133890775331609,0.8595315363038718
0.15,3.5604716740684323,0.013170837916887094,0.01299038105676658,1.0138915755690259,0.8595315863009616
0.15,3.5779249665883754,0.013176484589301807,0.01299038105676658,1.0143262566141806,0.8595316295704475
0.15,3.595378259108319,0.01318118959415878,0.01299038105676658,1.014688448056942,0.8595316656382576
0.15,3.612831551628262,0.013184902413862443,0.01299038105676658,1.0149742610509904,0.8595316941092237
0.15,3.6302848441482056,0.013187583221655577,0.01299038105676658,1.0151806297311252,0.8595317146714102
0.15,3.6477381366681487,0.013189203281664891,0.01299038105676658,1.0153053420087894,0.8595317270995328
0.15,3.6651914291880923,0.013189745236686883,0.01299038105676658,1.0153470617258342,0.8595317312574251
0.15,3.6826447217080354,0.013189203281665288,0.01299038105676658,1.01530534200882,0.8595317270995328
0.15,3.7000980142279785,0.013187583221655495,0.01299038105676658,1.015180629731119,0.8595317146714104
0.15,3.717551306747922,0.013184902413862661,0.01299038105676658,1.0149742610510073,0.8595316941092237
0.15,3.735004599267865,0.013181189594158682,0.01299038105676658,1.0146884480569345,0.8595316656382577
0.15,3.7524578917878086,0.013176484589301969,0.01299038105676658,1.0143262566141928,0.8595316295704474
0.15,3.7699111843077517,0.013170837916887133,0.01299038105676658,1.0138915755690288,0.8595315863009616
0.15,3.7873644768276953,0.013164310275920901,0.01299038105676658,1.0133890775331584,0.8595315363038718
0.15,3.8048177693476384,0.013156971931769065,0.01299038105676658,1.0128241715369626,0.8595314801269589
0.15,3.822271061867582,0.01314890200013402,0.01299038105676658,1.0122029479100514,0.8595314183857109
0.15,3.839724354387525,0.013140187635643959,0.01299038105676658,1.0115321158188308,0.8595313517565801
0.15,3.857177646907468,0.013130923131593928,0.01299038105676658,1.0108189339645384,0.8595312809695718
0.15,3.8746309394274117,0.01312120893836949,0.01299038105676658,1.01007113502146,0.8595312068002448
0.15,3.8920842319473548,0.013111150609070258,0.01299038105676658,1.009296844470992,0.8595311300612148
0.15,3.9095375244672983,0.0131008576818587,0.01299038105676658,1.008504494564813,0.8595310515932526
0.15,3.9269908169872414,0.01309044250953957,0.01299038105676658,1.0077027342258653,0.8595309722560702
0.15,3.944444109507185,0.013080019047826841,0.01299038105676658,1.0069003357691013,0.8595308929189023
0.15,3.961897402027128,0.013069701614644692,0.01299038105676658,1.0061060993924267,0.8595308144509834
0.15,3.9793506945470716,0.013059603633608896,0.01299038105676658,1.0053287564498548,0.8595307377120237
0.15,3.9968039870670147,0.013049836375533684,0.01299038105676658,1.0045768725726592,0.8595306635427903
0.15,4.014257279586958,0.0130405077123395,0.01299038105676658,1.0038587517451467,0.8595305927558953
0.15,4.031710572106901,0.013031720898123253,0.01299038105676658,1.0031823424714041,0.8595305261268926
0.15,4.049163864626845,0.013023573392306703,0.01299038105676658,1.0025551471812164,0.8595304643857816
0.15,4.066617157146788,0.013016155739731522,0.01299038105676658,1.001984136019745,0.8595304082090087
0.15,4.084070449666731,0.013009550522258077,0.01299038105676658,1.001475666141565,0.859530358212056
0.15,4.101523742186674,0.013003831395869107,0.01299038105676658,1.0010354075868715,0.8595303149426982
0.15,4.118977034706618,0.012999062226431143,0.01299038105676658,1.0006682767523623,0.8595302788750013
0.15,4.136430327226561,0.012995296336191123,0.01299038105676658,1.0003783783865203,0.859530250404129
0.15,4.153883619746504,0.012992575871710573,0.01299038105676658,1.0001689569331649,0.8595302298420125
0.15,4.171336912266447,0.012990931302370053,0.01299038105676658,1.0000423579263047,0.8595302174139332
0.15,4.1887902047863905,0.0129903810567668,0.01299038105676658,1.0000000000000169,0.8595302132560555
0.15,4.2062434973063345,0.01299093130237008,0.01299038105676658,1.0000423579263067,0.8595302174139334
0.15,4.223696789826278,0.012992575871710588,0.01299038105676658,1.000168956933166,0.8595302298420124
0.15,4.241150082346221,0.012995296336191151,0.01299038105676658,1.0003783783865225,0.8595302504041292
0.15,4.258603374866164,0.01299906222643137,0.01299038105676658,1.0006682767523798,0.8595302788750013
0.15,4.276056667386108,0.013003831395869227,0.01299038105676658,1.0010354075868806,0.859530314942698
0.15,4.293509959906051,0.01300955052225834,0.01299038105676658,1.0014756661415853,0.859530358212056
0.15,4.310963252425994,0.013016155739731411,0.01299038105676658,1.0019841360197363,0.8595304082090087
0.15,4.328416544945937,0.013023573392307012,0.01299038105676658,1.0025551471812402,0.8595304643857816
0.15,4.34586983746588,0.013031720898123385,0.01299038105676658,1.0031823424714144,0.8595305261268926
0.15,4.363323129985824,0.01304050771233969,0.01299038105676658,1.0038587517451616,0.8595305927558952
0.15,4.380776422505767,0.0130498363755337,0.01299038105676658,1.0045768725726603,0.8595306635427904
0.15,4.39822971502571,0.013059603633609208,0.01299038105676658,1.0053287564498787,0.8595307377120238
0.15,4.4156830075456535,0.01306970161464491,0.01299038105676658,1.0061060993924433,0.8595308144509834
0.15,4.4331363000655974,0.013080019047827027,0.01299038105676658,1.0069003357691155,0.8595308929189022
0.15,4.4505895925855405,0.0130904425095398,0.01299038105676658,1.007702734225883,0.8595309722560702
0.15,4.468042885105484,0.013100857681858811,0.01299038105676658,1.0085044945648214,0.8595310515932526
0.15,4.485496177625427,0.013111150609070584,0.01299038105676658,1.009296844471017,0.859531130061215
0.15,4.50294947014537,0.013121208938369754,0.01299038105676658,1.0100711350214802,0.8595312068002445
0.15,4.520402762665314,0.013130923131594193,0.01299038105676658,1.0108189339645588,0.8595312809695719
0.15,4.537856055185257,0.013140187635643836,0.01299038105676658,1.0115321158188213,0.8595313517565801
0.15,4.5553093477052,0.01314890200013427,0.01299038105676658,1.0122029479100705,0.8595314183857108
0.15,4.572762640225143,0.013156971931769405,0.01299038105676658,1.0128241715369888,0.8595314801269589
0.15,4.590215932745087,0.013164310275921218,0.01299038105676658,1.0133890775331829,0.8595315363038718
0.15,4.60766922526503,0.013170837916887444,0.01299038105676658,1.0138915755690527,0.8595315863009616
0.15,4.625122517784973,0.013176484589302014,0.01299038105676658,1.0143262566141964,0.8595316295704476
0.15,4.642575810304916,0.013181189594159143,0.01299038105676658,1.01468844805697,0.8595316656382577
0.15,4.6600291028248595,0.013184902413862746,0.01299038105676658,1.0149742610510137,0.8595316941092237
0.15,4.6774823953448035,0.013187583221656135,0.01299038105676658,1.0151806297311683,0.8595317146714104
0.15,4.694935687864747,0.013189203281665387,0.01299038105676658,1.0153053420088276,0.859531727099533
0.15,4.71238898038469,0.013189745236687145,0.01299038105676658,1.0153470617258542,0.8595317312574252
0.15,4.729842272904633,0.013189203281665722,0.01299038105676658,1.0153053420088534,0.859531727099533
0.15,4.747295565424577,0.01318758322165582,0.01299038105676658,1.0151806297311439,0.8595317146714105
0.15,4.76474885794452,0.013184902413862894,0.01299038105676658,1.014974261051025,0.8595316941092237
0.15,4.782202150464463,0.013181189594158907,0.01299038105676658,1.0146884480569518,0.8595316656382577
0.15,4.799655442984406,0.01317648458930247,0.01299038105676658,1.0143262566142315,0.8595316295704476
0.15,4.817108735504349,0.013170837916887139,0.01299038105676658,1.0138915755690292,0.8595315863009618
0.15,4.834562028024293,0.013164310275921335,0.01299038105676658,1.013389077533192,0.8595315363038719
0.15,4.852015320544236,0.013156971931769342,0.01299038105676658,1.0128241715369841,0.8595314801269588
0.15,4.869468613064179,0.01314890200013451,0.01299038105676658,1.012202947910089,0.8595314183857108
0.15,4.886921905584122,0.013140187635644143,0.01299038105676658,1.011532115818845,0.8595313517565804
0.15,4.904375198104066,0.013130923131594122,0.01299038105676658,1.0108189339645532,0.8595312809695718
0.15,4.9218284906240095,0.013121208938369731,0.01299038105676658,1.0100711350214784,0.8595312068002445
0.15,4.939281783143953,0.013111150609070423,0.01299038105676658,1.0092968444710047,0.8595311300612152
0.15,4.956735075663896,0.013100857681859163,0.01299038105676658,1.0085044945648487,0.8595310515932526
0.15,4.974188368183839,0.013090442509539698,0.01299038105676658,1.0077027342258753,0.85953097225607
0.15,4.991641660703783,0.01308001904782721,0.01299038105676658,1.0069003357691295,0.8595308929189023
0.15,5.009094953223726,0.013069701614644831,0.01299038105676658,1.0061060993924373,0.8595308144509832
0.15,5.026548245743669,0.013059603633609087,0.01299038105676658,1.0053287564498694,0.8595307377120239
0.15,5.044001538263612,0.013049836375533764,0.01299038105676658,1.0045768725726651,0.8595306635427903
0.15,5.061454830783556,0.013040507712339416,0.01299038105676658,1.0038587517451403,0.8595305927558952
0.15,5.078908123303499,0.013031720898123477,0.01299038105676658,1.0031823424714215,0.8595305261268925
0.15,5.096361415823442,0.013023573392307001,0.01299038105676658,1.0025551471812393,0.8595304643857816
0.15,5.113814708343385,0.01301615573973138,0.01299038105676658,1.001984136019734,0.8595304082090087
0.15,5.1312680008633285,0.013009550522258492,0.01299038105676658,1.0014756661415969,0.8595303582120558
0.15,5.1487212933832724,0.013003831395869234,0.01299038105676658,1.0010354075868813,0.8595303149426979
0.15,5.1661745859032155,0.01299906222643126,0.01299038105676658,1.0006682767523711,0.8595302788750014
0.15,5.183627878423159,0.012995296336191283,0.01299038105676658,1.0003783783865325,0.8595302504041289
0.15,5.201081170943102,0.012992575871710578,0.01299038105676658,1.000168956933165,0.8595302298420124
0.15,5.218534463463046,0.012990931302370126,0.01299038105676658,1.0000423579263105,0.8595302174139332
0.15,5.235987755982989,0.01299038105676646,0.01299038105676658,0.9999999999999908,0.8595302132560555
0.15,5.253441048502932,0.01299093130237016,0.01299038105676658,1.0000423579263131,0.8595302174139333
0.15,5.270894341022875,0.01299257587171086,0.01299038105676658,1.0001689569331869,0.8595302298420124
0.15,5.288347633542818,0.012995296336191061,0.01299038105676658,1.0003783783865154,0.859530250404129
0.15,5.305800926062762,0.01299906222643127,0.01299038105676658,1.000668276752372,0.8595302788750014
0.15,5.323254218582705,0.013003831395869149,0.01299038105676658,1.0010354075868746,0.859530314942698
0.15,5.340707511102648,0.013009550522258138,0.01299038105676658,1.0014756661415696,0.8595303582120559
0.15,5.358160803622591,0.013016155739731394,0.01299038105676658,1.001984136019735,0.8595304082090087
0.15,5.375614096142535,0.013023573392307102,0.01299038105676658,1.002555147181247,0.8595304643857817
0.15,5.3930673886624785,0.013031720898123286,0.01299038105676658,1.0031823424714068,0.8595305261268926
0.15,5.410520681182422,0.013040507712339621,0.01299038105676658,1.003858751745156,0.8595305927558953
0.15,5.427973973702365,0.01304983637553371,0.01299038105676658,1.0045768725726612,0.8595306635427903
0.15,5.445427266222308,0.013059603633609106,0.01299038105676658,1.005328756449871,0.8595307377120238
0.15,5.462880558742252,0.013069701614644746,0.01299038105676658,1.0061060993924307,0.8595308144509833
0.15,5.480333851262195,0.013080019047827187,0.01299038105676658,1.0069003357691277,0.8595308929189023
0.15,5.497787143782138,0.013090442509539514,0.01299038105676658,1.007702734225861,0.8595309722560702
0.15,5.515240436302081,0.013100857681858875,0.01299038105676658,1.0085044945648265,0.8595310515932526
0.15,5.532693728822025,0.013111150609070482,0.01299038105676658,1.009296844471009,0.859531130061215
0.15,5.550147021341968,0.01312120893836968,0.01299038105676658,1.0100711350214744,0.8595312068002445
0.15,5.567600313861911,0.013130923131594108,0.01299038105676658,1.0108189339645524,0.8595312809695718
0.15,5.585053606381854,0.013140187635644007,0.01299038105676658,1.0115321158188346,0.8595313517565802
0.15,5.602506898901797,0.013148902000134102,0.01299038105676658,1.0122029479100576,0.8595314183857108
0.15,5.619960191421741,0.013156971931769002,0.01299038105676658,1.012824171536958,0.8595314801269589
0.15,5.6374134839416845,0.013164310275921022,0.01299038105676658,1.0133890775331678,0.8595315363038718
0.15,5.654866776461628,0.013170837916887288,0.01299038105676658,1.0138915755690407,0.8595315863009616
0.15,5.672320068981571,0.0131764845893021,0.01299038105676658,1.014326256614203,0.8595316295704476
0.15,5.689773361501515,0.013181189594158937,0.01299038105676658,1.0146884480569542,0.8595316656382576
0.15,5.707226654021458,0.013184902413862476,0.01299038105676658,1.0149742610509929,0.8595316941092237
0.15,5.724679946541401,0.01318758322165577,0.01299038105676658,1.01518062973114,0.8595317146714103
0.15,5.742133239061344,0.013189203281665316,0.01299038105676658,1.015305342008822,0.8595317270995328
0.15,5.759586531581287,0.013189745236687027,0.01299038105676658,1.0153470617258453,0.8595317312574253
0.15,5.777039824101231,0.013189203281665344,0.01299038105676658,1.0153053420088243,0.8595317270995327
0.15,5.794493116621174,0.01318758322165567,0.01299038105676658,1.0151806297311325,0.8595317146714103
0.15,5.811946409141117,0.013184902413862509,0.01299038105676658,1.0149742610509955,0.8595316941092237
0.15,5.82939970166106,0.013181189594158971,0.01299038105676658,1.014688448056957,0.8595316656382576
0.15,5.846852994181004,0.013176484589302016,0.01299038105676658,1.0143262566141966,0.8595316295704476
0.15,5.8643062867009474,0.013170837916887217,0.01299038105676658,1.0138915755690352,0.8595315863009617
0.15,5.8817595792208905,0.013164310275920974,0.01299038105676658,1.0133890775331642,0.859531536303872
0.15,5.899212871740834,0.013156971931768936,0.01299038105676658,1.0128241715369528,0.8595314801269589
0.15,5.916666164260777,0.013148902000134135,0.01299038105676658,1.01220294791006,0.8595314183857108
0.15,5.934119456780721,0.01314018763564375,0.01299038105676658,1.0115321158188149,0.8595313517565801
0.15,5.951572749300664,0.013130923131593667,0.01299038105676658,1.0108189339645184,0.8595312809695717
0.15,5.969026041820607,0.01312120893836946,0.01299038105676658,1.0100711350214575,0.8595312068002444
0.15,5.98647933434055,0.013111150609070173,0.01299038105676658,1.0092968444709853,0.8595311300612148
0.15,6.003932626860494,0.013100857681858718,0.01299038105676658,1.0085044945648143,0.8595310515932528
0.15,6.021385919380437,0.013090442509539522,0.01299038105676658,1.0077027342258618,0.8595309722560701
0.15,6.03883921190038,0.013080019047827086,0.01299038105676658,1.00690033576912,0.8595308929189022
0.15,6.056292504420323,0.013069701614644678,0.01299038105676658,1.0061060993924256,0.8595308144509834
0.15,6.073745796940266,0.013059603633609041,0.01299038105676658,1.005328756449866,0.8595307377120238
0.15,6.09119908946021,0.013049836375533556,0.01299038105676658,1.0045768725726492,0.8595306635427903
0.15,6.1086523819801535,0.013040507712339196,0.01299038105676658,1.0038587517451234,0.8595305927558952
0.15,6.126105674500097,0.013031720898123326,0.01299038105676658,1.00318234247141,0.8595305261268926
0.15,6.14355896702004,0.013023573392306639,0.01299038105676658,1.0025551471812113,0.8595304643857816
0.15,6.161012259539984,0.013016155739731049,0.01299038105676658,1.0019841360197084,0.8595304082090087
0.15,6.178465552059927,0.013009550522258264,0.01299038105676658,1.0014756661415793,0.8595303582120559
0.15,6.19591884457987,0.013003831395868966,0.01299038105676658,1.0010354075868606,0.8595303149426982
0.15,6.213372137099813,0.012999062226431128,0.01299038105676658,1.000668276752361,0.8595302788750013
0.15,6.230825429619756,0.012995296336191052,0.01299038105676658,1.0003783783865148,0.8595302504041291
0.15,6.2482787221397,0.012992575871710321,0.01299038105676658,1.0001689569331453,0.8595302298420124
0.15,6.265732014659643,0.012990931302369944,0.01299038105676658,1.0000423579262965,0.8595302174139333
0.15,6.283185307179586,0.012990381056766531,0.01299038105676658,0.9999999999999962,0.8595302132560554
