n,eccentricity,gap,trace,normalized_gap
4,0.0,0.0,4.0,0.0
4,0.0025037593984962407,1.2537622250841096e-05,3.9999874623581,3.1344153872546965e-06
4,0.005007518796992481,5.015048900025576e-05,3.9999498491966077,1.2537779444991921e-05
4,0.007511278195488722,0.0001128386002149373,3.999887159808127,2.8210445871765574e-05
4,0.010015037593984963,0.00020060195576521167,3.999799393013587,5.0153004202061055e-05
4,0.012518796992481204,0.0003134405553151254,3.999686547162137,7.836627986198522e-05
4,0.015022556390977444,0.00045135439816634815,3.999548620130986,0.00011285133424670462
4,0.017526315789473685,0.0006143434830570005,3.9993856093252074,0.00015360946481993645
4,0.020030075187969926,0.0008024078079198471,3.9991975116774903,0.00020064220523663802
4,0.022533834586466166,0.001015547369593417,3.998984323647853,0.0002539513254873277
4,0.025037593984962407,0.0012537621634851615,3.9987460412233116,0.00031353883206386516
4,0.027541353383458648,0.001517052183195755,3.998482659917499,0.0003794069681490269
4,0.03004511278195489,0.001805417420093658,3.9981941747702447,0.0004515582138272226
4,0.03254887218045113,0.0021188578628503763,3.997880580347103,0.0005299952863190359
4,0.03505263157894737,0.00245737349691999,3.997541870738848,0.0006147211402355629
4,0.03755639097744361,0.002820964303985596,3.997178039560909,0.0007057389678583042
4,0.04006015037593985,0.0032096302613515704,3.9967890799527703,0.0008030521994394305
4,0.042563909774436096,0.003623371341292314,3.9963749845773258,0.0009066645035251961
4,0.04506766917293233,0.0040621875103579175,3.99593574562018,0.0010165797873027248
4,0.04757142857142857,0.004526078728625649,3.995471354788916,0.0011328021969675129
4,0.050075187969924814,0.00501504494891547,3.994981803312304,0.0012553361181163367
4,0.05257894736842106,0.0055290861159496,3.9944670819394745,0.0013841861761607023
4,0.055082706766917296,0.00606820216546855,3.993927180939041,0.0015193572367640943
4,0.05758646616541353,0.0066323930233009865,3.9933620900981763,0.0016608544063025173
4,0.06009022556390978,0.0072216586043840625,3.992771798721642,0.0018086830323476555
4,0.06259398496240602,0.00783599881173358,3.9921562956307737,0.0019628487041726574
4,0.06509774436090227,0.00847541353537018,3.9915155691624156,0.0021233572532822842
4,0.0676015037593985,0.009139902651192466,3.9908496071678137,0.0022902147539653295
4,0.07010526315789474,0.00982946601980439,3.990158397011452,0.0024634275238713484
4,0.07260902255639098,0.01054410348528756,3.989441925569852,0.0026430021246095564
4,0.07511278195488721,0.01128381487393293,3.988700179230317,0.0028289453623737445
4,0.07761654135338346,0.012048599992907638,3.987933143889628,0.0030212642885873568
4,0.0801203007518797,0.01283845862888544,3.987140804952699,0.0032199662005760916
4,0.08262406015037595,0.013653390546616517,3.9863231473311687,0.0034250586422622112
4,0.08512781954887219,0.014493395487446659,3.985480155441961,0.0036365494048832985
4,0.08763157894736842,0.01535847316778649,3.98461181320578,0.003854446527735906
4,0.09013533834586467,0.01624862327752452,3.983718104045569,0.004078758298942795
4,0.09263909774436091,0.017163845478387785,3.9827990108849045,0.004309493256245008
4,0.09514285714285714,0.018104139402249864,3.9818545161463526,0.004546660187818989
4,0.09764661654135338,0.019069504649378732,3.9808846017497683,0.004790268133117165
4,0.10015037593984963,0.0200599407866362,3.9798892491105464,0.00504032638373526
4,0.10265413533834587,0.021075447345613174,3.978868439137814,0.005296844484302688
4,0.10515789473684212,0.02211602382071698,3.9778221522325805,0.005559832233400432
4,0.10766165413533835,0.023181669667190707,3.9767503682858307,0.005829299684501724
4,0.11016541353383459,0.02427238429908818,3.975653066676556,0.006105257146941812
4,0.11266917293233084,0.025388167087171398,3.9745302262697546,0.006387715186908805
4,0.11517293233082707,0.02652901735676405,3.9733818254143536,0.0066766846284644545
4,0.11767669172932331,0.027694934385540604,3.9722078419410867,0.006972176554590106
4,0.12018045112781955,0.028885917401247685,3.9710082531603255,0.007274202308257314
4,0.1226842105263158,0.030101965579369727,3.9697830358598383,0.007582773493526648
4,0.12518796992481204,0.03134307804073,3.9685321663025066,0.00789790197667276
4,0.12769172932330827,0.03260925384902591,3.9672556202239813,0.00821959988733594
4,0.13019548872180453,0.0339004920083017,3.9659533728302767,0.008547879619701337
4,0.13269924812030076,0.035216791460354724,3.9646253987953153,0.008882753833705358
4,0.135203007518797,0.03655815108207516,3.963271672258408,0.009224235456269663
4,0.13770676691729325,0.03792456968271418,3.9618921668216793,0.009572337682561952
4,0.14021052631578948,0.03931604600109173,3.9604868555474324,0.009927073977286899
4,0.1427142857142857,0.040732578702726174,3.959055710955452,0.01028845807600319
4,0.14521804511278197,0.042174166376898636,3.957598705020249,0.010656503986470466
4,0.1477218045112782,0.043640807533641635,3.956115809168244,0.011031225990024018
4,0.15022556390977443,0.045132500600658654,3.9546069942748856,0.011412638642979521
4,0.1527293233082707,0.04664924392016667,3.953072230661712,0.011800756778066251
4,0.15523308270676692,0.04819103574566186,3.9515114880933426,0.01219559550588949
4,0.15773684210526318,0.049757874238615774,3.949924735774411,0.012597170216424487
4,0.1602406015037594,0.05134975746508341,3.948311942346427,0.0130054965805379
4,0.16274436090225564,0.05296668339224242,3.9466730758845814,0.013420590551542154
4,0.1652481203007519,0.05460864988484504,3.945008103894476,0.013842468366778734
4,0.16775187969924812,0.05627565470159146,3.9433169933087937,0.014271146549233208
4,0.17025563909774438,0.05796769549142011,3.9415997104838914,0.014706641909181513
4,0.1727593984962406,0.05968476978970938,3.9398562211963357,0.015148971545866748
4,0.17526315789473684,0.06142687501440136,3.9380864906393604,0.0155981528492099
4,0.1777669172932331,0.06319400846203149,3.9362904834192527,0.016054203501551064
4,0.18027067669172933,0.06498616730366957,3.934468163551676,0.01651714147942324
4,0.18277443609022556,0.06680334858077619,3.932619494457912,0.01698698505536057
4,0.18527819548872182,0.06864554920096078,3.930744438961033,0.01746375279973812
4,0.18778195488721805,0.07051276593364775,3.928842959282002,0.017947463582645713
4,0.19028571428571428,0.07240499540565026,3.9269150170356895,0.018438136575796495
4,0.19278947368421054,0.0743222340966434,3.9249605732268242,0.018935791254468815
4,0.19529323308270677,0.07626447833453853,3.92297958824586,0.019440447399482853
4,0.19779699248120303,0.0782317242907633,3.920972021864764,0.019952125099213867
4,0.20030075187969926,0.08022396797542797,3.9189378332327287,0.020470844751638042
4,0.2028045112781955,0.08224120523239797,3.9168769808718014,0.020996627066416848
4,0.20530827067669175,0.08428343173425534,3.9147894226724302,0.02152949306701643
4,0.20781203007518798,0.08635064297715211,3.9126751158889324,0.0220694640928637
4,0.21031578947368423,0.08844283427555588,3.910534017134869,0.022616561801540164
4,0.21281954887218046,0.09056000075687853,3.908366082378347,0.023170808171012046
4,0.2153233082706767,0.09270213735599642,3.9061712669372217,0.02373222550189996
4,0.21782706766917295,0.09486923880964948,3.903949525474221,0.02430083641978581
4,0.22033082706766918,0.09706129965072319,3.901700811991974,0.024876663877558956
4,0.2228345864661654,0.09927831420241051,3.899425079827954,0.025459731157802052
4,0.22533834586466167,0.10152027657224627,3.897122281649326,0.026050061875215583
4,0.2278421052631579,0.10378718064602155,3.8947923694477007,0.026647679979084238
4,0.23034586466165413,0.10607902008156933,3.8924352945337954,0.02725260975578391
4,0.2328496240601504,0.10839578830240959,3.8900510075320023,0.027864875831327476
4,0.23535338345864662,0.11073747849127669,3.887639458374847,0.028484503173956455
4,0.23785714285714288,0.1131040835834971,3.8852005962973637,0.02911151709677139
4,0.2403609022556391,0.11549559626023798,3.882734369831354,0.029745943260407616
4,0.24286466165413534,0.11791200894160969,3.8802407267995576,0.03038780767575318
4,0.2453684210526316,0.12035331377962288,3.877719614309706,0.031037136706710454
4,0.24787218045112783,0.12281950265100283,3.87517097874848,0.03169395707300338
4,0.2503759398496241,0.12531056714985067,3.8725947657753554,0.032358295853029045
4,0.2528796992481203,0.12782649858015382,3.8699909203163365,0.03303018048675555
4,0.25538345864661655,0.130367287948137,3.8673593865575864,0.03370963877866534
4,0.2578872180451128,0.1329329259544556,3.8647001079389383,0.03439669890074584
4,0.26039097744360906,0.13552340298622978,3.862013027147292,0.0350913893955286
4,0.2628947368421053,0.13813870910890413,3.859298086109898,0.03579373917917427
4,0.2653984962406015,0.14077883405794878,3.8565552259875178,0.036503777544609296
4,0.26790225563909775,0.14344376723037744,3.853784387167468,0.037221534164709365
4,0.270406015037594,0.14613349767609685,3.8509855092565353,0.03794703909553509
4,0.2729097744360902,0.1488480140890711,3.848158531073775,0.03868032277961718
4,0.2754135338345865,0.15158730479830407,3.8453033906431777,0.0394214160492936
4,0.27791729323308273,0.1543513577586353,3.842420025186204,0.04017035013009943
4,0.28042105263157896,0.1571401605413405,3.839508371114192,0.04092715664420853
4,0.2829248120300752,0.15995370032454082,3.8365683640206316,0.041691867613930164
4,0.2854285714285714,0.16279196388340766,3.8335999386732986,0.04246451546525885
4,0.2879323308270677,0.16565493758016814,3.8306030290062525,0.043245133031480656
4,0.29043609022556394,0.1685426073538976,3.8275775681116917,0.04403375355683435
4,0.29293984962406017,0.17145495871010374,3.8245234882316685,0.044830410700230465
4,0.2954436090225564,0.17439197671008655,3.8214407207496532,0.0456351385390262
4,0.2979473684210526,0.17735364596008485,3.818329196181952,0.046447971572861096
4,0.30045112781954886,0.18033995060018815,3.815188844168972,0.0472689447275499
4,0.30295488721804514,0.18335087429302188,3.8120195934663332,0.048098093359036975
4,0.3054586466165414,0.1863864002121911,3.808821371935819,0.04893545325741042
4,0.3079624060150376,0.18944651103048682,3.8055941065361747,0.049781060650979335
4,0.31046616541353383,0.19253118890784204,3.8023377233137325,0.05063495221041316
4,0.31296992481203006,0.195640415479033,3.7990521473928776,0.05149716505294417
4,0.31547368421052635,0.19877417184112978,3.7957373029663417,0.0523677367466366
4,0.3179774436090226,0.2019324385406731,3.792393113285322,0.05324670531471895
4,0.3204812030075188,0.2051151955605881,3.78901950064943,0.05413410923998459
4,0.32298496240601504,0.20832242230681874,3.785616386396456,0.055029987469259065
4,0.32548872180451127,0.2115540975946817,3.7821836908919493,0.05593437941793648
4,0.32799248120300756,0.21481019963493253,3.778721333518617,0.05684732497458567
4,0.3304962406015038,0.2180907060195345,3.77522923266553,0.057768864505626294
4,0.333,0.2213955937071288,3.7717073057171335,0.05869903886007765
4,0.33550375939849625,0.2247248390081924,3.7681554690420636,0.05963788937437916
4,0.3380075187969925,0.22807841756988823,3.7645736379817585,0.06058545787728682
4,0.34051127819548876,0.23145630436058462,3.7609617268388664,0.06154178669484266
4,0.343015037593985,0.23485847365404888,3.7573196488654452,0.0625069186554214
4,0.3455187969924812,0.23828489901330574,3.753647316250941,0.0634808970948553
4,0.34802255639097746,0.24173555327414586,3.7499446401099608,0.06446376586163613
4,0.3505263157894737,0.24521040852828802,3.7462115304698065,0.0654555693221991
4,0.3530300751879699,0.24870943610617258,3.742447896257798,0.06645635236628562
4,0.3555338345864662,0.25223260655939295,3.7386536452883536,0.0674661604123906
4,0.35803759398496243,0.2557798896427441,3.734828684249834,0.0684850394132922
4,0.36054135338345866,0.25935125429588757,3.7309729186911533,0.06951303586166728
4,0.3630451127819549,0.2629466686246196,3.7270862530081326,0.07055019679579329
4,0.3655488721804511,0.2665660998817345,3.723168590429609,0.07159656980533777
4,0.3680526315789474,0.2702095144474723,3.719219833003285,0.07265220303723673
4,0.37055639097744364,0.2738768778095475,3.715239881581316,0.07371714520166525
4,0.37306015037593987,0.27756815454273687,3.7112286358056275,0.07479144557809837
4,0.3755639097744361,0.28128330828802706,3.7071859940929626,0.07587515402146654
4,0.37806766917293233,0.28502230173130694,3.7031118536196477,0.07696832096840626
4,0.38057142857142856,0.2887850965815941,3.6990061103060685,0.07807099744360764
4,0.38307518796992485,0.29257165354878323,3.6948686588008655,0.07918323506625932
4,0.3855789473684211,0.2963819323209078,3.6906993924648166,0.08030508605659441
4,0.3880827067669173,0.30021589154090345,3.686498203354425,0.08143660324253799
4,0.39058646616541354,0.304073488782854,3.6822649822051954,0.08257784006645652
4,0.39309022556390977,0.30795468052772,3.677999618414585,0.0837288505920142
4,0.39559398496240605,0.31185942213852536,3.6737020000246368,0.08488968951113453
4,0.3980977443609023,0.3157876678349958,3.669372013704278,0.08606041215107108
4,0.4006015037593985,0.31973937066763347,3.665009544731274,0.08724107448158841
4,0.40310526315789474,0.3237144824912157,3.6606144769738416,0.08843173312225551
4,0.405609022556391,0.32771295393770106,3.656186692871903,0.08963244534985312
4,0.40811278195488726,0.33173473438852774,3.651726073417978,0.0908432691058964
4,0.4106165413533835,0.3357797719462967,3.6472324981376993,0.09206426300427736
4,0.4131203007518797,0.33984801340581283,3.642705845069956,0.09329548633902561
4,0.41562406015037595,0.3439394042244761,3.638145990746642,0.0945369990921917
4,0.4181278195488722,0.34805388849200636,3.633552810172007,0.0957888619418552
4,0.42063157894736847,0.35219140889948086,3.6289261768016035,0.09705113627025858
4,0.4231353383458647,0.35635190670767014,3.624265962520809,0.09832388417206954
4,0.42563909774436093,0.3605353217146545,3.619572037622937,0.09960716846277413
4,0.42814285714285716,0.3647415922227035,3.6148442707868913,0.10090105268720341
4,0.4306466165413534,0.36897065500439763,3.6100825290543916,0.10220560112819474
4,0.4331503759398496,0.3732224452679729,3.6052866778067276,0.10352087881539072
4,0.4356541353383459,0.377496896621875,3.6004565807410547,0.1048469515341795
4,0.43815789473684214,0.3817939410384896,3.5955920998462068,0.10618388583477531
4,0.44066165413533837,0.38611350881704376,3.5906930953780103,0.10753174904144673
4,0.4431654135338346,0.3904555285456437,3.5857594258341106,0.1088906092618907
4,0.4456691729323308,0.3948199270624366,3.580790947928264,0.11026053539675847
4,0.4481729323308271,0.39920662941586205,3.5757875165641213,0.11164159714933203
4,0.45067669172932334,0.4036155588239856,3.5707489848084535,0.11303386503535948
4,0.4531804511278196,0.40804663663287544,3.5656752038638317,0.11443741039304661
4,0.4556842105263158,0.4124997822740013,3.560566023040737,0.11585230539320962
4,0.45818796992481203,0.4169749132206422,3.5554212897290904,0.1172786230495948
4,0.46069172932330826,0.42147194494325335,3.5502408493691795,0.11871643722936209
4,0.46319548872180455,0.42599079086378655,3.5450245454219775,0.12016582266374104
4,0.4656992481203008,0.4305313623089282,3.5397722193388352,0.12162685495886048
4,0.468203007518797,0.4350935684622177,3.5344837105305285,0.12309961060675248
4,0.47070676691729324,0.4396773163150318,3.529158856335643,0.12458416699653828
4,0.47321052631578947,0.44428251061639523,3.523797491988286,0.12608060242579686
4,0.47571428571428576,0.44890905382158497,3.518399450585102,0.1275889961121192
4,0.478218045112782,0.4535568460395001,3.512964563051576,0.12910942820485297
4,0.4807218045112782,0.4582257849787643,3.5074926581076014,0.1306419797970414
4,0.48322556390977445,0.46291576589252004,3.5019835622323088,0.13218673293755795
4,0.4857293233082707,0.4676266815218837,3.4964370996281104,0.13374377064344203
4,0.48823308270676696,0.47235842203802947,3.4908530921839658,0.13531317691244066
4,0.4907368421052632,0.477110874982849,3.48523135943783,0.13689503673575557
4,0.4932406015037594,0.4818839252081686,3.479571718538267,0.13848943611100598
4,0.49574436090225565,0.48667745481346336,3.473873984205217,0.1400964620554046
4,0.4982481203007519,0.49149134308204356,3.4681379686898675,0.14171620261915663
4,0.5007518796992482,0.4963254664156569,3.462363481733643,0.143348746899081
4,0.5032556390977444,0.5011796982674717,3.456550330526251,0.14499418505246192
4,0.5057593984962406,0.5060539090733913,3.4506983196627803,0.14665260831113322
4,0.5082631578947369,0.5109479661816547,3.4448072510998227,0.1483241089958007
4,0.5107669172932331,0.5158617337806701,3.4388769241105854,0.15000878053060596
4,0.5132706766917293,0.5207950728250366,3.4329071352389695,0.15170671745793768
4,0.5157744360902256,0.5257478409597027,3.426897678252585,0.15341801545349543
4,0.5182781954887218,0.5307198924421994,3.420848344094673,0.15514277134160834
4,0.5207819548872181,0.5357110780629022,3.4147589208349043,0.15688108311081636
4,0.5232857142857144,0.5407212450632626,3.408629193619018,0.15863304992971872
4,0.5257894736842106,0.545750237051948,3.4024589446172735,0.1603987721630942
4,0.5282932330827068,0.5507978939188243,3.396247952971681,0.1621783513882966
4,0.530796992481203,0.5558640517467328,3.3899959947419633,0.1639718904119365
4,0.5333007518796993,0.560948542720979,3.3837028428502345,0.16577949328684805
4,0.5358045112781955,0.5660511950364808,3.377368267024333,0.16760126532935254
4,0.5383082706766917,0.5711718328024951,3.370992033739788,0.16943731313682026
4,0.540812030075188,0.5763102759448531,3.3645739061603717,0.1712877446055374
4,0.5433157894736842,0.581466340105643,3.358113644077192,0.17315266894888834
4,0.5458195488721804,0.5866398365402383,3.3516110038462865,0.17503219671585227
4,0.5483233082706768,0.5918305720116168,3.345065738324675,0.1769264398098275
4,0.550827067669173,0.5970383486818687,3.33847759680482,0.17883551150778437
4,0.5533308270676692,0.6022629640008255,3.331846324947438,0.1807595264797594
4,0.5558345864661655,0.6075042105917039,3.3251716647126344,0.18269860080869094
4,0.5583383458646617,0.612761876133689,3.3184533542892862,0.18465285201060913
4,0.5608421052631579,0.6180357432413488,3.3116911280226335,0.18662239905518294
4,0.5633458646616541,0.6233255893407939,3.3048847163400135,0.18860736238663545
4,0.5658496240601504,0.6286311865424707,3.29803384567469,0.19060786394503162
4,0.5683533834586466,0.6339523015104929,3.2911382383877066,0.19262402718794921
4,0.5708571428571428,0.6392886953283878,3.2841976126877133,0.1946559771125369
4,0.5733609022556391,0.6446401233611647,3.2772116825486863,0.19670384027797325
4,0.5758646616541354,0.650006335113567,3.2701801576254925,0.1987677448283285
4,0.5783684210526316,0.6553870740844019,3.2631027431672104,0.2008478205158427
4,0.5808721804511279,0.6607820776168167,3.2559791399281472,0.2029441987246266
4,0.5833759398496241,0.6661910767443884,3.2488090440764728,0.2050570124947938
4,0.5858796992481203,0.6716137960328967,3.2415921471003895,0.20718639654703525
4,0.5883834586466166,0.677049953417634,3.2343281357117624,0.20933248730764265
4,0.5908872180451128,0.6824992600361122,3.2270166917471186,0.21149542293399312
4,0.593390977443609,0.6879614200560114,3.219657492065933,0.2136753433405031
4,0.5958947368421053,0.6934361304982153,3.2122502084461058,0.21587239022506224
4,0.5983984962406015,0.6989230810547675,3.2047945074765383,0.21808670709595698
4,0.6009022556390977,0.7044219539015837,3.197290050446708,0.22031843929929526
4,0.6034060150375941,0.7099324235057403,3.1897364932331342,0.22256773404694283
4,0.6059097744360903,0.7154541564271564,3.1821334861826425,0.2248347404449808
4,0.6084135338345865,0.7209868111144824,3.174480673992293,0.2271196095226985
4,0.6109172932330827,0.7265300376949966,3.16677769558588,0.22942249426213118
4,0.613421052631579,0.7320834777582996,3.15902418398686,0.23174354962815463
4,0.6159248120300752,0.7376467641336024,3.151219766187605,0.23408293259915
4,0.6184285714285714,0.7432195206603764,3.143364063014824,0.2364408021982503
4,0.6209323308270677,0.7488013619521423,3.1354566889910376,0.23881731952518215
4,0.6234360902255639,0.7543918931531506,3.127497252191951,0.24121264778871487
4,0.6259398496240601,0.7599907096877081,3.1194853540995746,0.2436269523397317
4,0.6284436090225565,0.7655973970018917,3.1114205894509457,0.24606040070493723
4,0.6309473684210527,0.7712115302973677,3.103302546082282,0.2485131626212121
4,0.6334511278195489,0.7768326742570464,3.095130804768397,0.25098541007063363
4,0.6359548872180452,0.7824603827622729,3.0869049390572,0.253477317316176
4,0.6384586466165414,0.7880941986012417,3.0786245150991034,0.25598906093810286
4,0.6409624060150376,0.7937336531683237,3.070289091471132,0.25852081987107134
4,0.6434661654135339,0.7993782661539646,3.0618982189955375,0.2610727754419617
4,0.6459699248120301,0.8050275452248168,3.053451440552714,0.2636451114084514
4,0.6484736842105263,0.810680985693724,3.0449482908881764,0.26623801399834535
4,0.6509774436090225,0.8163380701792007,3.0363882964133873,0.2688516719496869
4,0.6534812030075188,0.8219982682539961,3.027770975000179,0.27148627655166274
4,0.6559849624060151,0.8276610360823311,3.0190958357685274,0.274142021686319
4,0.6584887218045113,0.8333258160453869,3.0103623788673977,0.27681910387111364
4,0.6609924812030076,0.8389920363545802,3.001570095248396,0.279517722302317
4,0.6634962406015038,0.844659110652163,2.99271846643194,0.2822380788992843
4,0.666,0.8503264375986541,2.9838069642656175,0.2849803783496225
4,0.6685037593984963,0.8559934004465817,2.9748350506744465,0.28774482815526636
4,0.6710075187969925,0.8616593666000003,2.9658021774026766,0.2905316386794904
4,0.6735112781954887,0.8673236871592245,2.956707785746786,0.29334102319487804
4,0.676015037593985,0.8729856964501754,2.9475513062793075,0.29617319793226765
4,0.6785187969924812,0.878644711537738,2.9383321585630884,0.2990283821307035
4,0.6810225563909775,0.8843000317224647,2.9290497508555853,0.30190679808841
4,0.6835263157894738,0.88995093801996,2.9197034798027515,0.304808671214819
4,0.68603007518797,0.8955966926222247,2.910292730122077,0.30773423008367184
4,0.6885338345864662,0.9012365383402265,2.900816874274298,0.3106837064872254
4,0.6910375939849625,0.9068696980268943,2.891275272123287,0.3136573354915839
4,0.6935413533834587,0.9124953739797331,2.881667270583584,0.31665535549318924
4,0.6960451127819549,0.9181127473221911,2.8719922032550316,0.319678008276495
4,0.6985488721804511,0.9237209773628663,2.8622493900439068,0.3227255390728536
4,0.7010526315789474,0.9293192009316136,2.852438136769967,0.32579819662064696
4,0.7035563909774436,0.9349065316915401,2.842557734758735,0.32889623322668987
4,0.7060601503759398,0.9404820594258471,2.832607460418348,0.33201990482894056
4,0.7085639097744362,0.9460448492984039,2.8225865748002548,0.3351694710605475
4,0.7110676691729324,0.9515939410868951,2.8124943231429946,0.33834519531526663
4,0.7135714285714286,0.957128348387315,2.8023299343982475,0.34154734481428645
4,0.7160751879699249,0.9626470577885132,2.7920926207383214,0.34477619067449045
4,0.7185789473684211,0.9681490280154376,2.781781577044156,0.3480320079781986
4,0.7210827067669173,0.9736331890396362,2.771395980372912,0.3513150758444222
4,0.7235864661654136,0.979098441155508,2.760934989404129,0.35462567750167096
4,0.7260902255639098,0.9845436540207013,2.7503977438633873,0.35796410036235243
4,0.728593984962406,0.9899676656589813,2.7397833639223412,0.3613306360988043
4,0.7310977443609022,0.9953692814237849,2.729090949573944,0.36472558072100103
4,0.7336015037593985,1.000747272920575,2.718319579981572,0.36814923465597793
4,0.7361052631578948,1.0061003768860188,2.7074683128007138,0.371601902829019
4,0.738609022556391,1.0114272940218676,2.696536183471804,0.3750838947466486
4,0.7411127819548873,1.0167266877813321,2.6855222044826594,0.37859552458148266
4,0.7436165413533835,1.021997183105578,2.6744253645989278,0.3821371112589798
4,0.7461203007518797,1.0272373651078535,2.6632446280608155,0.38570897854614816
4,0.748624060150376,1.0324457777025868,2.651978933744282,0.38931145514225296
4,0.7511278195488722,1.0376209221766632,2.6406271942847424,0.39294487477158624
4,0.7536315789473684,1.0427612556998762,2.6291882951612164,0.3966095762783457
4,0.7561353383458647,1.0478651897713986,2.6176610937387137,0.40030590372368235
4,0.7586390977443609,1.0529310885989032,2.606044418266494,0.40403420648497573
4,0.7611428571428571,1.057957267406747,2.5943370668297,0.40779483935739275
4,0.7636466165413535,1.062941990669415,2.5825378062516506,0.4115881626577972
4,0.7661503759398497,1.0678834702661635,2.5706453709439643,0.4154145423310672
4,0.7686541353383459,1.0727798635525376,2.5586584617013965,0.4192743500588921
4,0.7711578947368422,1.077629271344156,2.5465757444381394,0.42316796337111007
4,0.7736616541353384,1.0824297358078452,2.5343958488620424,0.427095765759663
4,0.7761654135338346,1.087179238254865,2.522117367082988,0.4310581467952329
4,0.7786691729323308,1.091875696830623,2.5097388521513704,0.4350555022466411
4,0.7811729323308271,1.0965169640948647,2.497258816522331,0.4390882342030804
4,0.7836766917293233,1.1011008244859277,2.4846757304410834,0.4431567511992636
4,0.7861804511278195,1.105624991662173,2.471988020244299,0.4472614683435672
4,0.7886842105263159,1.1100871057132216,2.4591940665721586,0.45140280744925465
4,0.7911879699248121,1.114484730233087,2.4462922024852376,0.4555811971688662
4,0.7936917293233083,1.1188153492467086,2.43328071147996,0.45979707313186535
4,0.7961954887218046,1.1230763639807557,2.4201578253958456,0.46405087808563195
4,0.7986992481203008,1.1272650894688865,2.4069217222072385,0.4683430620398995
4,0.801203007518797,1.1313787509808897,2.393570523691615,0.4726740824147345
4,0.8037067669172933,1.1354144802643202,2.3801022929659195,0.4770444041921597
4,0.8062105263157895,1.139369311586335,2.366515031881667,0.4814545000715242
4,0.8087142857142857,1.1432401775624712,2.35280667826877,0.48590485062873257
4,0.811218045112782,1.1470239047580217,2.3389751030172046,0.4903959444794418
4,0.8137218045112782,1.1507172090464959,2.325018106984663,0.4949282784463436
4,0.8162255639097745,1.1543166907083626,2.310933417717336,0.49950235773065177
4,0.8187293233082708,1.1578188292518559,2.2967186859698114,0.5041186960879172
4,0.821233082706767,1.1612199779360632,2.2823714820088,0.5087778160082996
4,0.8237368421052632,1.1645163579748083,2.2678892916840496,0.5134802489014277
4,0.8262406015037594,1.1677040523979318,2.2532695122482114,0.518226535285985
4,0.8287443609022557,1.1707789995445017,2.2385094479057686,0.5230172249841611
4,0.8312481203007519,1.1737369861601548,2.2236063050691923,0.5278528773211189
4,0.8337518796992481,1.1765736400682156,2.2085571872984247,0.5327340613296216
4,0.8362556390977444,1.1792844223813992,2.1933590898974047,0.5376613559599859
4,0.8387593984962406,1.1818646192177389,2.1780088941387716,0.5426353502955147
4,0.8412631578947369,1.1843093328808587,2.162503361084925,0.5476566437735811
4,0.8437669172932332,1.1866134724608042,2.1468391249703798,0.5527258464125373
4,0.8462706766917294,1.1887717438072498,2.1310126861066685,0.5578435790446278
4,0.8487744360902256,1.190778638822011,2.1150204032669544,0.5630104735550926
4,0.8512781954887219,1.1926284240122875,2.098858485502881,0.5682271731276523
4,0.8537819548872181,1.194315128239906,2.0825229833409677,0.5734943324965759
4,0.8562857142857143,1.1958325295948864,2.066009779300007,0.5788126182055398
4,0.8587894736842105,1.197174141313818,2.0493145776642363,0.5841827088734862
4,0.8612932330827068,1.1983331966547155,2.0324328934395375,0.5896052954677121
4,0.863796992481203,1.1993026326299854,2.0153600404113545,0.5950810815844082
4,0.8663007518796992,1.200075072487792,1.998091118213252,0.6006107837368959
4,0.8688045112781956,1.2006428068191826,1.980620998303939,0.6061951316518034
4,0.8713082706766918,1.200997773153599,1.9629443087378418,0.6118348685734398
4,0.873812030075188,1.201131533888562,1.9450554175997299,0.6175307515766325
4,0.8763157894736843,1.2010352523800205,1.9269484149571352,0.6232835518883039
4,0.8788195488721805,1.2006996669976886,1.9086170931649844,0.6290940552180719
4,0.8813233082706767,1.2001150629241437,1.8900549253345191,0.634963062098175
4,0.883827067669173,1.199271241446946,1.8712550417527214,0.6408913882330235
4,0.8863308270676692,1.1981574864588371,1.8522102040083526,0.6468798648587047
4,0.8888345864661654,1.1967625278413045,1.8329127765456632,0.6529293391127658
4,0.8913383458646617,1.1950745013604174,1.8133546953257602,0.6590406744146259
4,0.8938421052631579,1.1930809046495685,1.7935274332274969,0.665214750856969
4,0.8963458646616542,1.190768548790005,1.7734219617629703,0.6714524656084976
4,0.8988496240601505,1.1881235049248975,1.7530287086156973,0.6777547333284206
4,0.9013533834586467,1.1851310452537802,1.7323375104298806,0.6841224865930943
4,0.9038571428571429,1.1817755776485654,1.7113375601844183,0.6905566763352136
4,0.9063609022556391,1.1780405730062902,1.690017348371756,0.697058272296004
4,0.9088646616541354,1.1739084843027123,1.668364597065349,0.7036282634908555
4,0.9113684210526316,1.169360656128995,1.6463661857948042,0.7102676586888665
4,0.9138721804511278,1.164377223273676,1.6240080679479458,0.7169774869067939
4,0.9163759398496241,1.1589369966444725,1.6012751761753785,0.7237587979179043
4,0.9188796992481203,1.153017334497195,1.5781513149742463,0.730612662776263
4,0.9213834586466165,1.1465939965365115,1.5546190382593352,0.7375401743570063
4,0.9238872180451129,1.1396409779551853,1.5306595092723243,0.7445424479131683
4,0.9263909774436091,1.1321303198580637,1.506252339608869,0.7516206216496539
4,0.9288947368421053,1.1240318917391374,1.481375403424997,0.7587758573149873
4,0.9313984962406016,1.1153131406973569,1.4560046219747855,0.7660093408114685
4,0.9339022556390978,1.1059388008259534,1.430113712470195,0.7733222828244172
4,0.936406015037594,1.0958705546043546,1.4036738937597337,0.7807159194712032
4,0.9389097744360902,1.0850666360423618,1.3766535393823394,0.7881915129707919
4,0.9414135338345865,1.073481362607632,1.3490177660094824,0.795750352334564
4,0.9439172932330827,1.061064579376488,1.3207279419200948,0.8033937540792055
4,0.9464210526315789,1.047760994052091,1.2917410956425224,0.8111230629624944
4,0.9489248120300753,1.0335093750115893,1.2620091987854054,0.8189396527428398
4,0.9514285714285715,1.0182415756674403,1.231478288688112,0.8268449269634858
4,0.9539323308270677,1.001881336100203,1.2000873848372062,0.8348403197623062
4,0.956436090225564,0.9843427955312011,1.1677671364722466,0.8429272967081782
4,0.9589398496240602,0.9655286242543242,1.1344381150365836,0.8511073556649563
4,0.9614436090225564,0.9453276471695883,1.1000086302911023,0.8593820276841102
4,0.9639473684210527,0.9236117766037975,1.064371896766369,0.8677528779271514
4,0.9664511278195489,0.9002319888797821,1.027402297340799,0.8762215066190052
4,0.9689548872180451,0.8750129485194541,0.9889503650741259,0.8847895500335533
4,0.9714586466165414,0.8477456728894803,0.948835900787552,0.8934586815126148
4,0.9739624060150376,0.818177277035987,0.9068383024058833,0.9022306125197022
4,0.9764661654135339,0.7859962240871254,0.8626825863789203,0.9111070937299394
4,0.9789699248120302,0.7508103868629293,0.8160184930603279,0.9200899161576014
4,0.9814736842105264,0.7121130699296003,0.7663879665257376,0.9291809123228
4,0.9839774436090226,0.6692277017823631,0.7131719620809855,0.938381957458905
4,0.9864812030075188,0.6212119770807996,0.6554978091537862,0.947694970762377
4,0.9889849624060151,0.5666775323748806,0.5920641064583861,0.9571219166867535
4,0.9914887218045113,0.5034104392128788,0.5207704221164083,0.9666648062826251
4,0.9939924812030075,0.4274290540321235,0.4377935095341411,0.9763256985855124
4,0.9964962406015038,0.3299022579915264,0.33455026449417014,0.9861067020536618
4,0.999,0.1781271325291518,0.17884071124886403,0.9960099760578605
5,0.0,1.1102230246251565e-16,4.755282581475768,2.334715141745807e-17
5,0.0025037593984962407,7.452492088333429e-06,4.7552676764682325,1.567207693735643e-06
5,0.005007518796992481,2.980996835066918e-05,4.7552229611653125,6.268889722757388e-06
5,0.007511278195488722,6.707242877856956e-05,4.755148434726042,1.4105222938731206e-05
5,0.010015037593984963,0.00011923987333251063,4.755044095748715,2.5076502116798032e-05
5,0.012518796992481204,0.0001863123019134605,4.754909942270767,3.9183139991182404e-05
5,0.015022556390977444,0.0002682897143135854,4.75474597176858,5.642566730306142e-05
5,0.017526315789473685,0.0003651721101567418,4.754552181157252,7.680473286295059e-05
5,0.020030075187969926,0.00047695948883008654,4.754328566790301,0.00010032110362790662
5,0.022533834586466166,0.0006036518493930387,4.754075124459322,0.0001269756647906761
5,0.025037593984962407,0.0007452491904795799,4.753791849393599,0.00015676941988418047
5,0.027541353383458648,0.0009017515101876761,4.753478736259645,0.00018970349090006333
5,0.03004511278195489,0.0010731588059513797,4.753135779160706,0.00022577911842040302
5,0.03254887218045113,0.0012594710744009419,4.752762971636203,0.00026499766176375333
5,0.03505263157894737,0.0014606883112100455,4.752360306661124,0.0003073605991453717
5,0.03755639097744361,0.0016768105109310483,4.751927776645362,0.0003528695278518728
5,0.04006015037593985,0.0019078376668120178,4.751465373432993,0.0004015261644290552
5,0.042563909774436096,0.002153769770604441,4.750973088301512,0.0004533323448848288
5,0.04506766917293233,0.002414606812354503,4.750450911961007,0.0005082900249058131
5,0.04757142857142857,0.00269034878018104,4.74989883455328,0.0005664012800883291
5,0.050075187969924814,0.0029809956600397314,4.749316845650913,0.0006276683061837653
5,0.05257894736842106,0.0032865474354757396,4.74870493425628,0.0006920934193588642
5,0.055082706766917296,0.0036070040873541487,4.748063088800509,0.0007596790564687666
5,0.05758646616541353,0.00394236559358685,4.747391297142381,0.00083042777534683
5,0.06009022556390978,0.004292631928836332,4.746689546567174,0.0009043422551072004
5,0.06259398496240602,0.004657803064206156,4.745957823785461,0.000981425296462287
5,0.06509774436090227,0.005037878966924314,4.745196114931842,0.0010616798220565592
5,0.0676015037593985,0.005432859600002615,4.744404405563628,0.0011451088768132107
5,0.07010526315789474,0.005842744921880971,4.743582680659457,0.0012317156282956804
5,0.07260902255639098,0.006267534886067239,4.742730924617867,0.0013215033670863857
5,0.07511278195488721,0.006707229440746865,4.741849121255799,0.0014144755071773703
5,0.07761654135338346,0.00716182852838898,4.740937253807061,0.0015106355863786002
5,0.0801203007518797,0.007631332085332065,4.7399953049207095,0.0016099872667404936
5,0.08262406015037595,0.00811574004135096,4.739023256659391,0.0017125343349911873
5,0.08512781954887219,0.008615052319213667,4.7380210904976225,0.0018182807029904651
5,0.08763157894736842,0.00912926883421683,4.736988787320007,0.0019272304081981572
5,0.09013533834586467,0.009658389493708786,4.73592632741939,0.0020393876141590337
5,0.09263909774436091,0.01020241419659218,4.734833690494976,0.0021547566110026615
5,0.09514285714285714,0.010761342832810605,4.733710855650343,0.002273341815959343
5,0.09764661654135338,0.011335175282825016,4.732557801391444,0.0023951477738934964
5,0.10015037593984963,0.011923911417055066,4.731374505624514,0.0025201791578494336
5,0.10265413533834587,0.012527551095325329,4.730160945653931,0.0026484407696181324
5,0.10515789473684212,0.013146094166277766,4.728917098180011,0.002779937540317047
5,0.10766165413533835,0.013779540466771323,4.7276429392967385,0.00291467453098755
5,0.11016541353383459,0.01442788982126153,4.726338444489437,0.0030526569332087056
5,0.11266917293233084,0.015091142041163241,4.725003588632378,0.0031938900697282384
5,0.11517293233082707,0.015769296924196485,4.723638345986316,0.0033383793951109074
5,0.11767669172932331,0.016462354253704792,4.722242690195975,0.0034861304964022505
5,0.12018045112781955,0.017170313797962855,4.720816594287453,0.00363714909381149
5,0.1226842105263158,0.01789317530945933,4.7193600306655705,0.0037914410414108327
5,0.12518796992481204,0.01863093852416009,4.717872971111152,0.00394901232785251
5,0.12769172932330827,0.019383603160754603,4.716355386778235,0.004109869077104394
5,0.13019548872180453,0.020151168919873452,4.714807248191221,0.0042740175492018695
5,0.13269924812030076,0.020933635483290747,4.713228525241945,0.004441464141019166
5,0.135203007518797,0.021731002513106112,4.7116191871866855,0.004612215387059268
5,0.13770676691729325,0.022543269650899145,4.709979202643105,0.004786277960261164
5,0.14021052631578948,0.023370436516864768,4.70830853958711,0.004963658672826529
5,0.1427142857142857,0.024212502708922834,4.706607165349656,0.005144364477064675
5,0.14521804511278197,0.025069467801810852,4.704875046613461,0.005328402466257993
5,0.1477218045112782,0.02594133134614829,4.703112149409664,0.005515779875545696
5,0.15022556390977443,0.026828092867472453,4.7013184391144005,0.005706504082826206
5,0.1527293233082707,0.027729751865260166,4.699493880445299,0.0059005826096815
5,0.15523308270676692,0.02864630781191657,4.6976384374579165,0.006098023122319787
5,0.15773684210526318,0.02957776015173952,4.695752073542082,0.006298833432538641
5,0.1602406015037594,0.030524108299860853,4.69383475141818,0.006503021498709216
5,0.16274436090225564,0.03148535164115929,4.691886433133336,0.006710595426780767
5,0.1652481203007519,0.03246148952914618,4.689907080057537,0.006921563471306117
5,0.16775187969924812,0.033452521284822456,4.687896652879676,0.0071359340364880435
5,0.17025563909774438,0.03445844619551419,4.6858551116034945,0.0073537156772486185
5,0.1727593984962406,0.03547926351366426,4.683782415543469,0.007574917100316995
5,0.17526315789473684,0.0365149724556173,4.681678523320597,0.007799547165344054
5,0.1777669172932331,0.03756557220035095,4.6795433928581005,0.008027614886034259
5,0.18027067669172933,0.03863106188819643,4.6773769813770585,0.00825912943130428
5,0.18277443609022556,0.03971144061951337,4.675179245391936,0.008494100126461403
5,0.18527819548872182,0.04080670745334425,4.672950140706035,0.00873253645440753
5,0.18778195488721805,0.041916861406028794,4.6706896224068535,0.008974448056865019
5,0.19028571428571428,0.04304190144978781,4.668397644861358,0.009219844735626858
5,0.19278947368421054,0.04418182651127367,4.666074161711165,0.00946873645383105
5,0.19529323308270677,0.04533663547008926,4.66371912586763,0.00972113333726008
5,0.19779699248120303,0.04650632715726477,4.661332489506834,0.00997704567566368
5,0.20030075187969926,0.04769090035370205,4.658914204064495,0.010236483924107448
5,0.2028045112781955,0.048890353788587415,4.6564642202307684,0.010499458704348097
5,0.20530827067669175,0.050104686137758314,4.653982487944946,0.010765980806232683
5,0.20781203007518798,0.05133389602203664,4.65146895639008,0.011036061189125066
5,0.21031578947368423,0.05257798200552388,4.648923573987476,0.011309710983359247
5,0.21281954887218046,0.05383694259385319,4.6463462883911095,0.011586941491718928
5,0.2153233082706767,0.05511077623239924,4.643737046481925,0.011867764190944215
5,0.21782706766917295,0.05639948130445527,4.6410957943620375,0.012152190733267964
5,0.22033082706766918,0.057703056129355,4.638422477348824,0.01244023294797766
5,0.2228345864661654,0.0590214989605613,4.635717039968907,0.012731902843008118
5,0.22533834586466167,0.060354807983703296,4.632979425952035,0.01302721260656169
5,0.2278421052631579,0.06170298131457619,4.6302095782248465,0.013326174608759761
5,0.23034586466165413,0.06306601699707892,4.627407438904514,0.013628801403320793
5,0.2328496240601504,0.06444391300112828,4.624572949292297,0.013935105729273922
5,0.23535338345864662,0.0658366672204953,4.621706049866949,0.014245100512697173
5,0.23785714285714288,0.06724427747062034,4.61880668027803,0.014558798868493142
5,0.2403609022556391,0.06866674148635621,4.615874779339083,0.014876214102191948
5,0.24286466165413534,0.07010405691966692,4.612910285020702,0.015197359711788174
5,0.2453684210526316,0.0715562213372758,4.609913134443469,0.0155222493896112
5,0.24787218045112783,0.07302323221825535,4.606883263870762,0.015850897024228112
5,0.2503759398496241,0.07450508695156088,4.603820608701445,0.016183316702380334
5,0.2528796992481203,0.076001782833508,4.600725103462413,0.016519522710954974
5,0.25538345864661655,0.07751331706519515,4.597596681801025,0.01685952953899182
5,0.2578872180451128,0.07903968674985817,4.594435276477389,0.017203351879724136
5,0.26039097744360906,0.08058088889017423,4.591240819356505,0.01755100463265793
5,0.2628947368421053,0.08213692038549025,4.588013241400292,0.01790250290568506
5,0.2653984962406015,0.08370777802899942,4.5847524726594475,0.018257862017236365
5,0.26790225563909775,0.08529345850484615,4.581458442265182,0.018617097498471475
5,0.270406015037594,0.086893958385164,4.578131078420798,0.01898022509550723
5,0.2729097744360902,0.08850927412704479,4.574770308393125,0.01934726077168526
5,0.2754135338345865,0.09013940206943838,4.5713760585038035,0.0197182207098798
5,0.27791729323308273,0.09178433842997791,4.5679482541204095,0.02009312131484546
5,0.28042105263157896,0.09344407930173526,4.564486819647428,0.020471979215607224
5,0.2829248120300752,0.09511862064989751,4.560991678517073,0.020854811267891564
5,0.2854285714285714,0.09680795830836386,4.5574627531799266,0.021241634556599946
5,0.2879323308270677,0.09851208797627198,4.553899965095437,0.021632466398327537
5,0.29043609022556394,0.10023100521442885,4.550303234722227,0.02202732434392308
5,0.29293984962406017,0.1019647054416759,4.546672481508249,0.022426226181097516
5,0.2954436090225564,0.10371318393114803,4.543007623880756,0.022829189937073783
5,0.2979473684210526,0.10547643580646593,4.539308579236101,0.023236233881287725
5,0.30045112781954886,0.10725445603782324,4.535575263929346,0.023647376528132955
5,0.30295488721804514,0.1090472394379911,4.531807593263698,0.024062636639755906
5,0.3054586466165414,0.11085478065822185,4.5280054814797595,0.024482033228898463
5,0.3079624060150376,0.1126770741840617,4.524168841744578,0.024905585561791715
5,0.31046616541353383,0.1145141143310604,4.520297586140504,0.025333313161099692
5,0.31296992481203006,0.11636589524038454,4.516391625653865,0.025765235808915828
5,0.31547368421052635,0.11823241087431846,4.512450870163414,0.02620137354981037
5,0.3179774436090226,0.1201136550116697,4.508475228428587,0.026641746693933793
5,0.3204812030075188,0.12200962124305281,4.504464608077561,0.027086375820172048
5,0.32298496240601504,0.12392030296607537,4.500418915595077,0.027535281779360703
5,0.32548872180451127,0.12584569338039353,4.496338056310053,0.027988485697552187
5,0.32799248120300756,0.12778578548266273,4.492221934382991,0.028446008979343573
5,0.3304962406015038,0.12974057206136225,4.48807045279313,0.028907873311262038
5,0.333,0.13171004569149236,4.483883513325396,0.029374100665209263
5,0.33550375939849625,0.13369419872915245,4.479661016557094,0.02984471330196877
5,0.3380075187969925,0.1356930233059832,4.47540286184438,0.03031973377477399
5,0.34051127819548876,0.13770651132347655,4.471108947308473,0.03079918493294005
5,0.343015037593985,0.13973465444714606,4.466779169821625,0.03128308992555953
5,0.3455187969924812,0.14177744410056192,4.462413424992841,0.03177147220526511
5,0.34802255639097746,0.14383487145923812,4.4580116071533284,0.03226435553205841
5,0.3505263157894737,0.1459069274443694,4.453573609341687,0.03276176397720681
5,0.3530300751879699,0.1479936027164217,4.449099323288836,0.033263721927210825
5,0.3555338345864662,0.15009488766856194,4.444588639402648,0.03377025408784168
5,0.35803759398496243,0.1522107724199282,4.440041446752324,0.03428138548825102
5,0.36054135338345866,0.15434124680873706,4.4354576330524615,0.03479714148515497
5,0.3630451127819549,0.15648630038522482,4.430837084646839,0.03531754776709367
5,0.3655488721804511,0.1586459224044079,4.426179686491902,0.03584263035876597
5,0.3680526315789474,0.160820101818671,4.421485322139934,0.03637241562544336
5,0.37055639097744364,0.16300882727017152,4.416753873721932,0.03690693027746335
5,0.37306015037593987,0.1652120870830598,4.411985221930143,0.037446201374804984
5,0.3755639097744361,0.16742986925549808,4.4071792460002985,0.03799025633174502
5,0.37806766917293233,0.16966216145149016,4.4023358236934875,0.03853912292160083
5,0.38057142857142856,0.1719089509925067,4.39745483127772,0.03909282928155899
5,0.38307518796992485,0.17417022484889744,4.392536143509121,0.039651403917590956
5,0.3855789473684211,0.1764459696310916,4.387579633612786,0.04021487570945895
5,0.3880827067669173,0.17873617158058286,4.382585173263253,0.04078327391581456
5,0.39058646616541354,0.18104081656068072,4.377552632564636,0.041356628179388906
5,0.39309022556390977,0.18335989004703368,4.3724818800303495,0.041934968532279196
5,0.39559398496240605,0.18569337711791523,4.367372782562462,0.04251832540133284
5,0.3980977443609023,0.188041262444258,4.362225205430654,0.04310672961362936
5,0.4006015037593985,0.190403530279446,4.357039012250764,0.043700212402065945
5,0.40310526315789474,0.19278016444883894,4.351814064962934,0.044298805411044355
5,0.405609022556391,0.19517114833903282,4.346550223809313,0.0449025407022641
5,0.40811278195488726,0.19757646488684966,4.341247347311353,0.04551145076062387
5,0.4106165413533835,0.19999609656804607,4.335905292246638,0.04612556850023323
5,0.4131203007518797,0.2024300253857243,4.330523913625282,0.04674492727053451
5,0.41562406015037595,0.20487823285845908,4.325103064665852,0.047369560862542716
5,0.4181278195488722,0.20734070000810734,4.319642596770818,0.04799950351519973
5,0.42063157894736847,0.2098174073473067,4.314142359501529,0.04863478992184896
5,0.4231353383458647,0.2123083348666608,4.308602200552677,0.049275455236834666
5,0.42563909774436093,0.21481346202156892,4.303021965726276,0.04992153508222032
5,0.42814285714285716,0.21733276771874088,4.297401498905095,0.050573065554641236
5,0.4306466165413534,0.21986623030234176,4.291740642025584,0.05123008323228287
5,0.4331503759398496,0.22241382753977446,4.286039235050243,0.051892625181992114
5,0.4356541353383459,0.22497553660710734,4.280297115939435,0.052560728966528754
5,0.43815789473684214,0.22755133407409156,4.274514120622637,0.05323443265194918
5,0.44066165413533837,0.23014119588881243,4.268690082969091,0.05391377481513897
5,0.4431654135338346,0.2327450973619114,4.262824834757874,0.05459879455148459
5,0.4456691729323308,0.23536301315040387,4.256918205647343,0.055289531482696774
5,0.4481729323308271,0.23799491724106447,4.250970023143964,0.05598602576478449
5,0.45067669172932334,0.2406407829333661,4.24498011257048,0.056688318096183
5,0.4531804511278196,0.2433005828219641,4.238948297033433,0.05739644972604042
5,0.4556842105263158,0.24597428877871863,4.232874397390017,0.05811046246266744
5,0.45818796992481203,0.24866187193421974,4.226758232214214,0.058830398682149516
5,0.46069172932330826,0.2513633026588291,4.2205996177622485,0.05955630133713117
5,0.46319548872180455,0.2540785505431997,4.214398367937296,0.060288213965770984
5,0.4656992481203008,0.25680758437827267,4.208154294253445,0.06102618070087472
5,0.468203007518797,0.25955037213472654,4.201867205798915,0.061770246279208
5,0.47070676691729324,0.2623068809418714,4.195536909198457,0.06252045605099545
5,0.47321052631578947,0.2650770770659596,4.189163208574973,0.06327685598960725
5,0.47571428571428576,0.26786092588790833,4.182745905510312,0.06403949270144065
5,0.478218045112782,0.27065839188040086,4.176284799005197,0.06480841343599758
5,0.4807218045112782,0.2734694385843679,4.169779685438304,0.06558366609616746
5,0.48322556390977445,0.27629402858480434,4.163230358524439,0.06636529924871377
5,0.4857293233082707,0.279132123485927,4.156636609271802,0.06715336213497575
5,0.48823308270676696,0.28198368388562933,4.149998225938308,0.06794790468178412
5,0.4907368421052632,0.28484866934923403,4.143314993986956,0.06874897751260155
5,0.4932406015037594,0.28772703838249925,4.136586696040181,0.06955663195888796
5,0.49574436090225565,0.290618748403874,4.129813111833223,0.07037092007169991
5,0.4982481203007519,0.29352375571596667,4.12299401816642,0.0711918946335272
5,0.5007518796992482,0.2964420154762064,4.116129188856446,0.07201960917037317
5,0.5032556390977444,0.299373481666674,4.109218394686447,0.07285411796408489
5,0.5057593984962406,0.3023181070630727,4.10226140335503,0.07369547606493877
5,0.5082631578947369,0.3052758432028113,4.095257979424102,0.07454373930448721
5,0.5107669172932331,0.3082466403521731,4.088207884265508,0.07539896430867361
5,0.5132706766917293,0.3112304474725396,4.081110876006438,0.0762612085112212
5,0.5157744360902256,0.31422721218564176,4.0739667094735665,0.07713053016730366
5,0.5182781954887218,0.3172368807378052,4.066775136135906,0.07800698836750329
5,0.5207819548872181,0.32025939796314695,4.059535904046303,0.07889064305206206
5,0.5232857142857144,0.3232947072457175,4.052248757781577,0.07978155502543896
5,0.5257894736842106,0.32634275048051653,4.044913438381237,0.08067978597117222
5,0.5282932330827068,0.3294034680333766,4.037529683284742,0.08158539846706207
5,0.530796992481203,0.33247679869965885,4.030097226267269,0.08249845600067653
5,0.5333007518796993,0.33556267966173037,4.022615797373939,0.08341902298519133
5,0.5358045112781955,0.3386610464451758,4.015085122852453,0.08434716477557007
5,0.5383082706766917,0.34177183287371204,4.007504925084097,0.0852829476850961
5,0.540812030075188,0.3448949710227489,3.9998749225130754,0.08622643900226144
5,0.5433157894736842,0.3480303911715579,3.992194829574097,0.08717770700802373
5,0.5458195488721804,0.35117802175400614,3.9844643566181897,0.08813682099344168
5,0.5483233082706768,0.3543377893077939,3.976683209836677,0.08910385127769498
5,0.550827067669173,0.35750961842216,3.968851091183261,0.09007886922650282
5,0.5533308270676692,0.3606934316839898,3.960967698294151,0.0910619472709479
5,0.5558345864661655,0.36388914962227936,3.953032724406193,0.09205315892671775
5,0.5583383458646617,0.367096690650897,3.9450458582729193,0.09305257881377488
5,0.5608421052631579,0.3703159710095776,3.9370067840784664,0.09406028267646414
5,0.5633458646616541,0.3735469047030979,3.928915181349287,0.09507634740407214
5,0.5658496240601504,0.37678940343856393,3.9207707248635977,0.0961008510518483
5,0.5683533834586466,0.3800433765607427,3.9125730845584763,0.09713387286250005
5,0.5708571428571428,0.3833087309853733,3.9043219254345463,0.09817549328817488
5,0.5733609022556391,0.3865853711303835,3.896016907458165,0.09922579401294207
5,0.5758646616541354,0.3898731988449373,3.887657685461046,0.10028485797578687
5,0.5783684210526316,0.3931721133362387,3.879243909037208,0.10135276939413185
5,0.5808721804511279,0.3964820110940095,3.8707752224371927,0.10242961378789874
5,0.5833759398496241,0.3998027858125508,3.8622512644594473,0.10351547800412368
5,0.5858796992481203,0.4031343283103217,3.8536716683387793,0.10461045024214602
5,0.5883834586466166,0.4064765264469119,3.845036061631784,0.105714620079378
5,0.5908872180451128,0.40982926503734785,3.8363440660991577,0.10682807849767952
5,0.593390977443609,0.4131924257636084,3.827595297584772,0.10795091791034817
5,0.5958947368421053,0.4165658870832625,3.8187893658914174,0.10908323218974499
5,0.5983984962406015,0.41994952413511655,3.809925874653099,0.11022511669557186
5,0.6009022556390977,0.42334320864175856,3.801004421203752,0.11137666830381866
5,0.6034060150375941,0.4267468088088875,3.7920245964422805,0.11253798543639883
5,0.6059097744360903,0.4301601892213043,3.78298598469377,0.11370916809149252
5,0.6084135338345865,0.4335832107354416,3.773888163566752,0.11489031787461776
5,0.6109172932330827,0.43701573036829666,3.7647307038063764,0.1160815380304484
5,0.613421052631579,0.4404576011826311,3.755513169143355,0.11728293347540063
5,0.6159248120300752,0.4439086721683019,3.7462351161385152,0.11849461083101133
5,0.6184285714285714,0.4473687881195636,3.736896094022823,0.11971667845812768
5,0.6209323308270677,0.4508377895081901,3.7274956445326914,0.12094924649193271
5,0.6234360902255639,0.4543155123522622,3.7180333017404275,0.1221924268778322
5,0.6259398496240601,0.4578017880804395,3.708508591879618,0.1234463334082253
5,0.6284436090225565,0.46129644339154185,3.698921033165286,0.12471108176018443
5,0.6309473684210527,0.4647993001092612,3.689270135608619,0.12598678953407222
5,0.6334511278195489,0.46831017503180306,3.6795554008260583,0.12727357629312164
5,0.6359548872180452,0.4718288797762684,3.669776321842555,0.1285715636040096
5,0.6384586466165414,0.47535522061754376,3.6599323828887624,0.1298808750784485
5,0.6409624060150376,0.478888998321493,3.6500230591919327,0.13120163641582933
5,0.6434661654135339,0.48243000797222724,3.6400478167602888,0.13253397544694867
5,0.6459699248120301,0.4859780387931909,3.6300061121606024,0.133878022178848
5,0.6484736842105263,0.489532873961819,3.6198973922887383,0.1352339088407984
5,0.6509774436090225,0.49309429041751685,3.6097210941328655,0.13660176993147138
5,0.6534812030075188,0.4966620586626518,3.5994766445290636,0.13798174226732132
5,0.6559849624060151,0.5002359425563059,3.5891634599090265,0.13937396503222654
5,0.6584887218045113,0.503815699100449,3.5787809460395223,0.1407785798284188
5,0.6609924812030076,0.507401078218237,3.5683284977533143,0.14219573072874486
5,0.6634962406015038,0.5109918225240959,3.5578054986711694,0.14362556433030135
5,0.666,0.5145876670852325,3.547211320914595,0.1450682298094814
5,0.6685037593984963,0.5181883391742172,3.5365453248089453,0.1465238789784806
5,0.6710075187969925,0.5217935580122426,3.5258068585764635,0.1479926663433049
5,0.6735112781954887,0.5254030345026599,3.5149952580188693,0.1494747491633286
5,0.676015037593985,0.5290164709543654,3.504109846189034,0.15097028751245
5,0.6785187969924812,0.5326335607945949,3.493149933051287,0.15247944434189697
5,0.6810225563909775,0.5362539882706487,3.4821148151298758,0.1540023855447304
5,0.6835263157894738,0.5398774281400631,3.471003775145052,0.15553928002210307
5,0.68603007518797,0.5435035453487149,3.4598160816362675,0.15709029975133046
5,0.6885338345864662,0.5471319946962958,3.448550988571888,0.1586556198558264
5,0.6910375939849625,0.550762420488607,3.4372077349448684,0.16023541867696892
5,0.6935413533834587,0.5543944561760619,3.425785544353734,0.16182987784795708
5,0.6960451127819549,0.5580277239777527,3.414283624568216,0.16343918236971983
5,0.6985488721804511,0.5616618344904369,3.402701167078858,0.16506352068895047
5,0.7010526315789474,0.5652963862817217,3.3910373466298545,0.16670308477833057
5,0.7035563909774436,0.5689309654667085,3.3792913207343567,0.1683580702190167
5,0.7060601503759398,0.5725651452673273,3.3674622291714202,0.17002867628546783
5,0.7085639097744362,0.5761984855535263,3.3555491934637507,0.17171510603268728
5,0.7110676691729324,0.5798305323654502,3.3435513163353403,0.17341756638596073
5,0.7135714285714286,0.583460817415703,3.3314676811480295,0.17513626823317746
5,0.7160751879699249,0.5870888575707032,3.319297351315992,0.17687142651981505
5,0.7185789473684211,0.5907141543101369,3.307039369697067,0.1786232603466852
5,0.7210827067669173,0.5943361931634097,3.294692757959817,0.18039199307052908
5,0.7235864661654136,0.5979544431219654,3.28225651592511,0.18217785240756262
5,0.7260902255639098,0.601568356026261,3.2697296208809536,0.18398107054007182
5,0.728593984962406,0.6051773659261208,3.2571110268692482,0.18580188422616356
5,0.7310977443609022,0.6087808884131216,3.244399663943035,0.18764053491278213
5,0.7336015037593985,0.6123783199235708,3.2315944373927232,0.18949726885210344
5,0.7361052631578948,0.6159690370105764,3.2186942269397045,0.1913723372214304
5,0.738609022556391,0.6195523955835702,3.2056978858956535,0.1932659962467021
5,0.7411127819548873,0.623127730113628,3.1926042402856987,0.19517850732976091
5,0.7436165413533835,0.6266943528027229,3.1794120879335654,0.19711013717949286
5,0.7461203007518797,0.630251552715041,3.1661201975066264,0.19906115794699608
5,0.748624060150376,0.6337985948682896,3.152727307518716,0.2010318473649111
5,0.7511278195488722,0.6373347192828418,3.1392321252883657,0.20302248889106825
5,0.7536315789473684,0.6408591399864172,3.125633325850025,0.20503337185660886
5,0.7561353383458647,0.6443710439718411,3.1119295508156277,0.20706479161874128
5,0.7586390977443609,0.6478695901052818,3.0981194071837033,0.20911704971830555
5,0.7611428571428571,0.6513539079821791,3.084201466093052,0.21119045404231948
5,0.7636466165413535,0.6548230967279107,3.0701742615177787,0.2132853189916949
5,0.7661503759398497,0.6582762237400406,3.0560362889002866,0.21540196565431524
5,0.7686541353383459,0.6617123233687747,3.041786003718559,0.21754072198367563
5,0.7711578947368422,0.6651303955320356,3.027421819983843,0.21970192298329452
5,0.7736616541353384,0.6685294042613121,3.0129421086645403,0.22188591089711704
5,0.7761654135338346,0.6719082761741781,2.9983451960318144,0.22409303540613698
5,0.7786691729323308,0.6752658988690872,2.9836293619221,0.22632365383147673
5,0.7811729323308271,0.678601119237741,2.9687928379113577,0.2285781313441725
5,0.7836766917293233,0.6819127416899999,2.953833805395515,0.23085684118192715
5,0.7861804511278195,0.6851995262859272,2.938750393571121,0.233160164873099
5,0.7886842105263159,0.6884601867691784,2.923540677309786,0.2354884924682125
5,0.7911879699248121,0.6916933884955188,2.9082026749195107,0.237842222779285
5,0.7936917293233083,0.6948977462497796,2.8927343457854047,0.2402217636272813
5,0.7961954887218046,0.6980718219440762,2.877133587881784,0.24262753209801904
5,0.7986992481203008,0.7012141221895418,2.8613982351469347,0.24505995480686177
5,0.801203007518797,0.7043230957332585,2.845526054711142,0.24751946817255782
5,0.8037067669172933,0.7073971307513913,2.8295147439678434,0.2500065187005898
5,0.8062105263157895,0.7104345519888506,2.8133619274768646,0.2525215632764309
5,0.8087142857142857,0.7134336177349991,2.7970651536878357,0.25506506946910446
5,0.811218045112782,0.7163925166240943,2.7806218914708003,0.25763751584547906
5,0.8137218045112782,0.7193093642482287,2.764029526439983,0.260239392295742
5,0.8162255639097745,0.7221821995694966,2.7472853570553784,0.26287120037051875
5,0.8187293233082708,0.725008981117006,2.730386590485539,0.26553345363012465
5,0.821233082706767,0.7277875829531302,2.71333033821337,0.2682266780064649
5,0.8237368421052632,0.7305157903920344,2.6961136113651447,0.2709514121781191
5,0.8262406015037594,0.7331912954520255,2.6787333157410793,0.27370820795917344
5,0.8287443609022557,0.7358116920216273,2.66118624652381,0.2764976307023928
5,0.8312481203007519,0.7383744707174643,2.6434690826388056,0.2793202597173531
5,0.8337518796992481,0.7408770134100413,2.6255783807383284,0.2821766887041865
5,0.8362556390977444,0.7433165873912533,2.607510568777668,0.2850675262036236
5,0.8387593984962406,0.7456903391550057,2.5892619391493503,0.2879933960640487
5,0.8412631578947369,0.7479952877595799,2.570828641337487,0.29095493792633004
5,0.8437669172932332,0.7502283177372923,2.5522066740505815,0.29395280772720983
5,0.8462706766917294,0.7523861715136158,2.533391876786732,0.2969876782220983
5,0.8487744360902256,0.7544654412940874,2.514379920780301,0.30006023952814187
5,0.8512781954887219,0.7564625603730789,2.495166299273615,0.3031711996884929
5,0.8537819548872181,0.7583737938137073,2.475746317051063,0.3063212852587536
5,0.8562857142857143,0.7601952284427831,2.456115079165979,0.3095112419166133
5,0.8587894736842105,0.7619227620986511,2.436267478782778,0.31274183509576187
5,0.8612932330827068,0.7635520920629278,2.416198184047857,0.3160138506452103
5,0.863796992481203,0.7650787025994383,2.3959016238926036,0.31932809551521596
5,0.8663007518796992,0.766497851514887,2.375371972660229,0.32268539847107397
5,0.8688045112781956,0.7678045556458815,2.354603133434967,0.32608661083610496
5,0.8713082706766918,0.7689935751655977,2.3335887199370124,0.32953260726524003
5,0.873812030075188,0.7700593965904912,2.3123220368292676,0.33302428655068395
5,0.8763157894736843,0.7709962143526892,2.2907960582620013,0.3365625724612232
5,0.8788195488721805,0.7717979107867574,2.2690034044585907,0.34014841461682027
5,0.8813233082706767,0.7724580343600853,2.246936316118931,0.3437827894002488
5,0.883827067669173,0.7729697759536425,2.2245866263863565,0.34746670090760334
5,0.8863308270676692,0.773325942973897,2.2019457300881498,0.35120118193963784
5,0.8888345864661654,0.7735189310465016,2.1790045499179946,0.354987295035989
5,0.8913383458646617,0.7735406930072669,2.1557534991799714,0.3588261335544693
5,0.8938421052631579,0.773382704864895,2.1321824406564147,0.36271882279773443
5,0.8963458646616542,0.7730359283618602,2.1082806410945096,0.36666652118976917
5,0.8988496240601505,0.7724907697032494,2.084036720726796,0.3706704215047841
5,0.9013533834586467,0.771737033956492,2.0594385971460767,0.37473175215126475
5,0.9038571428571429,0.7707638745456462,2.0344734227425505,0.3788517785140816
5,0.9063609022556391,0.7695597371694642,2.0091275147760186,0.3830318043577519
5,0.9088646616541354,0.7681122973594544,1.9833862769939232,0.3872731732941237
5,0.9113684210526316,0.766408390758359,1.9572341115101823,0.3915772703179621
5,0.9138721804511278,0.7644339350353958,1.9306543194222456,0.395945523414132
5,0.9163759398496241,0.7621738421554011,1.9036289883540798,0.40037940524030036
5,0.9188796992481203,0.7596119194758023,1.8761388647575283,0.4048804348893302
5,0.9213834586466165,0.7567307578466954,1.8481632083663064,0.40945017973581
5,0.9238872180451129,0.7535116045203032,1.8196796256532326,0.4140902573714348
5,0.9263909774436091,0.7499342182172607,1.7906638784622944,0.41880233763427194
5,0.9288947368421053,0.745976703122648,1.761089663133382,0.4235881447372671
5,0.9313984962406016,0.7416153178600932,1.7309283543562266,0.4284494595017005
5,0.9339022556390978,0.7368242545711555,1.7001487066097907,0.4333881217016787
5,0.936406015037594,0.7315753820466036,1.6687165042669823,0.43840603252615573
5,0.9389097744360902,0.7258379453294334,1.636594149137951,0.44350515716541977
5,0.9414135338345865,0.7195782122160728,1.6037401712015613,0.44868752752944213
5,0.9439172932330827,0.7127590544527549,1.5701086442702414,0.45395524510600516
5,0.9464210526315789,0.7053394479168447,1.5356484829713277,0.4593104839670617
5,0.9489248120300753,0.6972738713385848,1.5003025901616067,0.46475549393237875
5,0.9514285714285715,0.6885115766441291,1.4640068139160416,0.4702926039001442
5,0.9539323308270677,0.6789956950196461,1.4266886593412933,0.4759242253549142
5,0.956436090225564,0.6686621301433631,1.3882656808215774,0.48165285606401215
5,0.9589398496240602,0.6574381718996456,1.3486434520489174,0.4874810839742981
5,0.9614436090225564,0.6452407374087725,1.3077129697740741,0.49341159132209794
5,0.9639473684210527,0.6319741067167302,1.2653472852263596,0.49944715897001785
5,0.9664511278195489,0.6175269602062806,1.2213970621782222,0.5055906709853975
5,0.9689548872180451,0.601768430309226,1.175684611245273,0.5118451194762506
5,0.9714586466165414,0.5845427275311098,1.1279957079234788,0.5182136097017527
5,0.9739624060150376,0.5656616458642545,1.078068095911438,0.5246993654756322
5,0.9764661654135339,0.544893809497307,1.025574869087536,0.5313057348822368
5,0.9789699248120302,0.5219487158185933,0.9700996315529705,0.5380361963265968
5,0.9814736842105264,0.4964520772742899,0.9110978369681184,0.54489436494147
5,0.9839774436090226,0.4679057716045812,0.8478335522201519,0.5518839993761923
5,0.9864812030075188,0.4356185750733334,0.7792693285161316,0.5590090089941422
5,0.9889849624060151,0.3985761248360615,0.7038580331396445,0.5662734615078046
5,0.9914887218045113,0.35516778142580485,0.6191026293094848,0.5736815910827914
5,0.9939924812030075,0.3025098447552695,0.5204579625427117,0.5812378069447709
5,0.9964962406015038,0.23423603644654878,0.3977202613443097,0.5889467025260972
5,0.999,0.12688814514815688,0.21260952976511516,0.5968130651920411
6,0.0,0.0,5.196152422706632,0.0
6,0.0025037593984962407,8.143437291607825e-06,5.196136135832048,1.5672101497594483e-06
6,0.005007518796992481,3.257390231725665e-05,5.196087274901995,6.268929021764947e-06
6,0.007511278195488722,7.329185453297526e-05,5.196005838997536,1.4105421895968354e-05
6,0.010015037593984963,0.00013029805972530895,5.195891826587017,2.5077130947681173e-05
6,0.012518796992481204,0.00020359359004551436,5.195745235525915,3.918467530960581e-05
6,0.015022556390977444,0.00029317982405840937,5.195566063056647,5.64288511588911e-05
6,0.017526315789473685,0.00039905844680987457,5.195354305808304,7.681063183000533e-05
6,0.020030075187969926,0.0005212314499041248,5.195109959796332,0.00010033116795174806
6,0.022533834586466166,0.0006597011315987444,5.194833020422158,0.00012699178760997669
6,0.025037593984962407,0.0008144700969126006,5.194523482472766,0.00015679399653515202
6,0.027541353383458648,0.0009855412577457479,5.194181340120192,0.0001897394783145832
6,0.03004511278195489,0.0011729178330175394,5.193806586920987,0.00022583009463062682
6,0.03254887218045113,0.0013766033488202822,5.1933992158155995,0.0002650678855243931
6,0.03505263157894737,0.0015966016385795534,5.192959219127717,0.0003074550696833204
6,0.03755639097744361,0.0018329168432358323,5.19248658856354,0.00035299404475551936
6,0.04006015037593985,0.0020855534114416763,5.191981315210999,0.00040168738768986124
6,0.042563909774436096,0.0023545160997628933,5.191443389538913,0.00045353785509968047
6,0.04506766917293233,0.0026398099729103564,5.1908728013960825,0.0005085483836553231
6,0.04757142857142857,0.0029414404039647124,5.190269540010343,0.0005667220904983772
6,0.050075187969924814,0.0032594130746388394,5.1896335939875335,0.0006280622736863432
6,0.05257894736842106,0.0035937339755371944,5.188964951310423,0.0006925724126599914
6,0.055082706766917296,0.003944409406434701,5.188263599337566,0.000760256168737903
6,0.05758646616541353,0.00431144597656985,5.187529524802114,0.0008311173856373022
6,0.06009022556390978,0.004694850604955558,5.186762713810543,0.0009051600900220105
6,0.06259398496240602,0.005094630520697141,5.185963151841344,0.0009823884920756188
6,0.06509774436090227,0.00551079326333026,5.185130823743631,0.001062806986102523
6,0.0676015037593985,0.005943346683167761,5.18426571373571,0.0011464201511548425
6,0.07010526315789474,0.0063922989416664855,5.183367805403567,0.0012332327516875476
6,0.07260902255639098,0.006857658511801645,5.182437081699299,0.0013232497382395713
6,0.07511278195488721,0.007339434178460724,5.181473524939497,0.0014164762481434132
6,0.07761654135338346,0.007837635038845825,5.180477116803542,0.0015129176062612941
6,0.0801203007518797,0.008352270502896442,5.179447838331859,0.0016125793257503781
6,0.08262406015037595,0.008883350293717562,5.178385669924094,0.0017154671088543654
6,0.08512781954887219,0.009430884448031307,5.177290591337236,0.001821586847725195
6,0.08763157894736842,0.009994883316630787,5.17616258168367,0.0019309446252709693
6,0.09013533834586467,0.01057535756486061,5.175001619429163,0.0020435467160350653
6,0.09263909774436091,0.011172318173097384,5.173807682390793,0.0021593995871015265
6,0.09514285714285714,0.011785776437256867,5.172580747734804,0.0022785098990321493
6,0.09764661654135338,0.012415743969302895,5.171320791974396,0.0024008845068307196
6,0.10015037593984963,0.013062232697776732,5.1700277909674615,0.002526530460938279
6,0.10265413533834587,0.01372525486833931,5.1687017199142264,0.002655455008258259
6,0.10515789473684212,0.014404823044321002,5.1673425533548585,0.0027876655932107266
6,0.10766165413533835,0.015100950107292732,5.165950265166977,0.00292316985881873
6,0.11016541353383459,0.01581364925764639,5.16452482856311,0.003061975647824722
6,0.11266917293233084,0.016542934015183253,5.163066216088081,0.003204091003837134
6,0.11517293233082707,0.01728881821972328,5.161574399616322,0.003349524172509926
6,0.11767669172932331,0.018051316031724163,5.160049350349115,0.003498283602753307
6,0.12018045112781955,0.018830441932911945,5.158491038811763,0.003650377947976325
6,0.1226842105263158,0.019626210726923166,5.156899434850697,0.003805816067361683
6,0.12518796992481204,0.02043863753996611,5.155274507630493,0.003964607027174635
6,0.12769172932330827,0.021267737821485166,5.153616225630834,0.0041267601021032305
6,0.13019548872180453,0.022113527344841177,5.1519245566433955,0.004292284776632809
6,0.13269924812030076,0.02297602220801087,5.15019946776863,0.004461190746455775
6,0.135203007518797,0.023855238834286308,5.148440925412521,0.004633487919913327
6,0.13770676691729325,0.024751193972995633,5.146648895283224,0.004809186419473745
6,0.14021052631578948,0.02566390470022961,5.144823342387641,0.0049882965832446545
6,0.1427142857142857,0.02659338841958414,5.142964231027925,0.00517082896652169
6,0.14521804511278197,0.02753966286291165,5.141071524797898,0.005356794343372663
6,0.1477218045112782,0.028502746091084497,5.139145186579394,0.0055462037082583135
6,0.15022556390977443,0.029482656494770332,5.137185178538509,0.005739068277690143
6,0.1527293233082707,0.030479412795218153,5.135191462121791,0.005935399491925559
6,0.15523308270676692,0.0314930340450541,5.133163998052328,0.006135209016700709
6,0.15773684210526318,0.03252353962908794,5.131102746325764,0.006338508745001669
6,0.1602406015037594,0.03357094926513504,5.129007666206228,0.006545310798875538
6,0.16274436090225564,0.03463528300483887,5.126878716222175,0.006755627531279001
6,0.1652481203007519,0.03571656123451428,5.124715854162144,0.006969471527968977
6,0.16775187969924812,0.03681480467599085,5.122519037070429,0.007186855609431811
6,0.17025563909774438,0.03793003438747711,5.1202882212426575,0.007407792832855756
6,0.1727593984962406,0.039062271764423784,5.118023362221284,0.00763229649414306
6,0.17526315789473684,0.040211538540399605,5.115724414790993,0.007860380129964933
6,0.1777669172932331,0.04137785678798167,5.113391332974002,0.008092057519860479
6,0.18027067669172933,0.042561248919645855,5.111024070025287,0.008327342688377376
6,0.18277443609022556,0.043761737688671865,5.108622578427702,0.00856624990725789
6,0.18527819548872182,0.04497934619005317,5.1061868098869985,0.008808793697669001
6,0.18778195488721805,0.04621409786142028,5.103716715326766,0.009054988832479
6,0.19028571428571428,0.04746601648396087,5.101212244883263,0.009304850338578117
6,0.19278947368421054,0.04873512618336395,5.098673347900143,0.009558393499249213
6,0.19529323308270677,0.050021451430751096,5.096099972923097,0.009815633856582103
6,0.19779699248120303,0.051325017043633014,5.093492067694379,0.010076587213939807
6,0.20030075187969926,0.052645848186858135,5.09084957914723,0.010341269638471004
6,0.2028045112781955,0.053983970373578494,5.088172453400212,0.010609697463674463
6,0.20530827067669175,0.055339409466215184,5.08546063575141,0.010881887292012914
6,0.20781203007518798,0.05671219167742647,5.082714070672557,0.011157855997577723
6,0.21031578947368423,0.05810234357109145,5.079932701803012,0.01143762072880794
6,0.21281954887218046,0.059509892063284386,5.077116471943668,0.011721198911259615
6,0.2153233082706767,0.0609348644232659,5.074265323050719,0.012008608250431613
6,0.21782706766917295,0.0623772882744702,5.071379196229319,0.012299866734644704
6,0.22033082706766918,0.06383719159549939,5.068458031727133,0.01259499263797715
6,0.2228345864661654,0.06531460272111422,5.065501768927756,0.012894004523255696
6,0.22533834586466167,0.06680955034323866,5.062510346344036,0.013196921245106418
6,0.2278421052631579,0.06832206351195325,5.059483701611243,0.013503761953061615
6,0.23034586466165413,0.06985217163650059,5.056421771480146,0.013814546094728377
6,0.2328496240601504,0.07139990448628497,5.053324491809947,0.014129293419016456
6,0.23535338345864662,0.07296529219187287,5.050191797561091,0.014448023979427927
6,0.23785714285714288,0.07454836524599795,5.047023622787949,0.014770758137410467
6,0.2403609022556391,0.07614915450455806,5.043819900631375,0.015097516565773069
6,0.24286466165413534,0.07776769118761706,5.040580563311115,0.015428320252167959
6,0.2453684210526316,0.07940400688039873,5.037305542118101,0.015763190502637386
6,0.24787218045112783,0.08105813353428104,5.033994767406586,0.016102148945228358
6,0.2503759398496241,0.08273010346778653,5.0306481685861595,0.016445217533675675
6,0.2528796992481203,0.08441994936756814,5.0272656741136,0.016792418551154636
6,0.25538345864661655,0.0861277042893911,5.023847211484609,0.017143774614104813
6,0.2578872180451128,0.08785340165910283,5.0203927072253745,0.01749930867612483
6,0.26039097744360906,0.08959707527360683,5.016902086883993,0.017859044031942776
6,0.2628947368421053,0.09135875930181658,5.013375275021754,0.018223004321458892
6,0.2653984962406015,0.09313848828561344,5.009812195204241,0.01859121353386708
6,0.26790225563909775,0.094936297140785,5.006212769992308,0.018963696011851862
6,0.270406015037594,0.09675222115796078,5.002576920932869,0.019340476455866
6,0.2729097744360902,0.09858629600353153,4.998904568549548,0.019721579928487557
6,0.2754135338345865,0.10043855772055643,4.995195632333143,0.02010703185885912
6,0.27791729323308273,0.10230904272966201,4.991450030731944,0.020496858047211478
6,0.28042105263157896,0.10419778782992184,4.9876676811418506,0.020891084669471673
6,0.2829248120300752,0.10610483019972472,4.9838484998963555,0.021289738281958466
6,0.2854285714285714,0.10803020739761804,4.979992402256313,0.021692845826164753
6,0.2879323308270677,0.10997395736314752,4.97609930239955,0.0221004346336329
6,0.29043609022556394,0.11193611841766193,4.972169113410281,0.02251253243091884
6,0.29293984962406017,0.11391672926511243,4.968201747268351,0.022929167344652796
6,0.2954436090225564,0.11591582899281594,4.964197114838272,0.023350367906692673
6,0.2979473684210526,0.11793345707220793,4.960155125858078,0.023776163059377325
6,0.30045112781954886,0.11996965335956311,4.95607568892798,0.024206582160877583
6,0.30295488721804514,0.1220244580966936,4.951958711498809,0.024641654990649242
6,0.3054586466165414,0.12409791191161412,4.947804099860276,0.025081411754988157
6,0.3079624060150376,0.1261900558191913,4.943611759129006,0.025525883092693387
6,0.31046616541353383,0.12830093122174047,4.939381593236368,0.025975100080833296
6,0.31296992481203006,0.13043057990961726,4.9351135049160835,0.02642909424062681
6,0.31547368421052635,0.13257904406174692,4.930807395691622,0.026887897543430746
6,0.3179774436090226,0.13474636624614122,4.9264631658633675,0.027351542416845977
6,0.3204812030075188,0.1369325894203599,4.922080714495552,0.0278200617509365
6,0.32298496240601504,0.13913775693194408,4.9176599394029665,0.028293488904569567
6,0.32548872180451127,0.14136191251880037,4.913200737137428,0.028771857711875595
6,0.32799248120300756,0.14360510030954599,4.908703002973999,0.0292552024888328
6,0.3304962406015038,0.14586736482380003,4.904166630896972,0.029743558039976487
6,0.333,0.1481487509724353,4.899591513585596,0.030236959665239066
6,0.33550375939849625,0.15044930405777235,4.894977542399541,0.03073544316692031
6,0.3380075187969925,0.1527690697737234,4.890324607364109,0.031239044856792464
6,0.34051127819548876,0.15510809420587757,4.885632597155174,0.031747801563341976
6,0.343015037593985,0.15746642383153198,4.880901399083854,0.03226175063915212
6,0.3455187969924812,0.15984410551965533,4.876130899080893,0.032780929968427325
6,0.34802255639097746,0.16224118653079023,4.87132098168078,0.03330537797466412
6,0.3505263157894737,0.1646577145168906,4.866471530005551,0.033835133628471625
6,0.3530300751879699,0.1670937375210868,4.861582425748324,0.03437023645554394
6,0.3555338345864662,0.169549303977373,4.856653549156514,0.03491072654478714
6,0.35803759398496243,0.17202446271022742,4.85168477901475,0.035456644556607214
6,0.36054135338345866,0.17451926293414388,4.846675992627468,0.036008031731358615
6,0.3630451127819549,0.1770337542530842,4.841627065801198,0.03656492989795951
6,0.3655488721804511,0.1795679866598392,4.836537872826513,0.03712738148267578
6,0.3680526315789474,0.1821220105353074,4.831408286459644,0.03769542951808005
6,0.37055639097744364,0.18469587664766873,4.826238177903764,0.03826911765218555
6,0.37306015037593987,0.18728963615146332,4.82102741678991,0.03884849015776195
6,0.3755639097744361,0.18990334058656932,4.815775871157561,0.039433591941836474
6,0.37806766917293233,0.19253704187707,4.810483407434845,0.0400244685553835
6,0.38057142857142856,0.1951907923300089,4.805149890418378,0.04062116620320743
6,0.38307518796992485,0.19786464463402842,4.799775183252729,0.04122373175402328
6,0.3855789473684211,0.2005586518578908,4.794359147409487,0.041832212750740144
6,0.3880827067669173,0.2032728674488653,4.788901642665936,0.04244665742094992
6,0.39058646616541354,0.20600734523098518,4.7834025270833305,0.043067114687627535
6,0.39309022556390977,0.20876213940317356,4.777861656984753,0.04369363418004879
6,0.39559398496240605,0.21153730453721709,4.772278886932554,0.04432626624492717
6,0.3980977443609023,0.21433289557559565,4.766654069705349,0.044965061957777996
6,0.4006015037593985,0.21714896782915627,4.760987056274584,0.045610073134513575
6,0.40310526315789474,0.21998557697462706,4.755277695780649,0.04626135234327534
6,0.405609022556391,0.22284277905195848,4.749525835508521,0.04691895291650713
6,0.40811278195488726,0.22572063046149404,4.743731320862951,0.04758292896327702
6,0.4106165413533835,0.2286191879609598,4.737893995343142,0.04825333538185294
6,0.4131203007518797,0.23153850866226033,4.732013700516966,0.04893022787253661
6,0.41562406015037595,0.23447865002808221,4.726090275994646,0.04961366295076414
6,0.4181278195488722,0.23743966986829212,4.720123559401941,0.050303697960478115
6,0.42063157894736847,0.24042162633611897,4.714113386352791,0.05100039108777739
6,0.4231353383458647,0.24342457792412153,4.708059590421421,0.051703801374853135
6,0.42563909774436093,0.24644858345991683,4.701962003113901,0.05241398873421454
6,0.42814285714285716,0.24949370210167787,4.695820453839124,0.053131013963215165
6,0.4306466165413534,0.25255999333337975,4.689634769879215,0.05385493875888433
6,0.4331503759398496,0.2556475169597836,4.6834047763593425,0.05458582573307104
6,0.4356541353383459,0.25875633310115864,4.677130296216918,0.05532373842791014
6,0.43815789473684214,0.26188650218771725,4.670811150170174,0.05606874133161557
6,0.44066165413533837,0.2650380849537668,4.664447156686107,0.05682089989461156
6,0.4431654135338346,0.2682111424315554,4.658038131947763,0.057580280546008035
6,0.4456691729323308,0.27140573594480477,4.651583889820856,0.05834695071042937
6,0.4481729323308271,0.274621927101915,4.645084241819697,0.05912097882520484
6,0.45067669172932334,0.27785977778883764,4.638538997072423,0.0599024343579318
6,0.4531804511278196,0.28111935016158496,4.631947962285503,0.060691387824416444
6,0.4556842105263158,0.28440070663838357,4.625310941707511,0.0614879108070067
6,0.45818796992481203,0.28770390989144223,4.6186277370921385,0.0622920759733234
6,0.46069172932330826,0.2910290228383241,4.611898147660429,0.06310395709540123
6,0.46319548872180455,0.29437610863290997,4.605121970062221,0.06392362906924973
6,0.4656992481203008,0.2977452306559316,4.59829899833678,0.0647511679348444
6,0.468203007518797,0.3011364525050646,4.591429023872582,0.06558665089656007
6,0.47070676691729324,0.30454983798455615,4.584511835366255,0.06643015634405615
6,0.47321052631578947,0.30798545109437603,4.577547218780621,0.06728176387362705
6,0.47571428571428576,0.3114433560188652,4.570534957301865,0.0681415543100277
6,0.478218045112782,0.3149236171148684,4.563474831295748,0.06900960972878847
6,0.4807218045112782,0.3184262988993338,4.556366618262885,0.06988601347903252
6,0.48322556390977445,0.32195146603634006,4.549210092793052,0.07077085020680446
6,0.4857293233082707,0.3254991833235512,4.542005026518488,0.07166420587892898
6,0.48823308270676696,0.3290695156780674,4.5347511880661635,0.0725661678074114
6,0.4907368421052632,0.33266252812163666,4.527448343009002,0.07347682467439147
6,0.4932406015037594,0.33627828576522667,4.520096253816024,0.07439626655767093
6,0.49574436090225565,0.3399168537929045,4.51269467980137,0.07532458495682368
6,0.4982481203007519,0.34357829744501833,4.505243377072178,0.07626187281990957
6,0.5007518796992482,0.34726268200064236,4.497742098475309,0.07720822457080433
6,0.5032556390977444,0.3509700727592526,4.490190593542847,0.0781637361371626
6,0.5057593984962406,0.35470053502162013,4.482588608436365,0.07912850497903448
6,0.5082631578947369,0.3584541340698659,4.474935885889929,0.08010263011814756
6,0.5107669172932331,0.3622309351466648,4.467232165151787,0.08108621216787756
6,0.5132706766917293,0.366031003433557,4.459477181924713,0.08207935336392455
6,0.5157744360902256,0.3698544040283225,4.451670668304976,0.08308215759571198
6,0.5182781954887218,0.373701201921405,4.443812352719876,0.08409473043853388
6,0.5207819548872181,0.37757146197131286,4.435901959863843,0.08511717918646294
6,0.5232857142857144,0.3814652488789889,4.427939210633003,0.08614961288604862
6,0.5257894736842106,0.38538262716108784,4.419923822058225,0.08719214237082186
6,0.5282932330827068,0.3893236611221216,4.4118555072365595,0.0882448802966308
6,0.530796992481203,0.3932884148254341,4.4037339752610585,0.08930794117783182
6,0.5333007518796993,0.3972769520629398,4.395558931148891,0.09038144142435633
6,0.5358045112781955,0.4012893363236052,4.387330075767746,0.09146549937968433
6,0.5383082706766917,0.40532563076058903,4.3790471057604385,0.09256023535974332
6,0.540812030075188,0.4093858981570102,4.370709713467683,0.09366577169276406
6,0.5433157894736842,0.4134702008902793,4.362317586848974,0.09478223276011882
6,0.5458195488721804,0.4175786008949338,4.353870409401522,0.09590974503817022
6,0.5483233082706768,0.42171115962391825,4.345367860077177,0.09704843714116032
6,0.550827067669173,0.4258679380082424,4.336809613197294,0.09819843986516924
6,0.5533308270676692,0.4300489964149514,4.328195338365454,0.09935988623317536
6,0.5558345864661655,0.4342543946033488,4.319524700378,0.10053291154125067
6,0.5583383458646617,0.4384841916793729,4.310797359132306,0.10171765340591948
6,0.5608421052631579,0.4427384460480819,4.302012969532717,0.10291425181272106
6,0.5633458646616541,0.44701721536415095,4.29317118139407,0.1041228491660089
6,0.5658496240601504,0.45132055648029645,4.2842716393427525,0.10534359034002178
6,0.5683533834586466,0.4556485253935523,4.275313982715179,0.10657662273126842
6,0.5708571428571428,0.4600011771892951,4.266297845453649,0.10782209631226104
6,0.5733609022556391,0.4643785659829378,4.2572228559994585,0.10908016368664278
6,0.5758646616541354,0.46878074485917853,4.248088637183214,0.11035098014574707
6,0.5783684210526316,0.47320776580870927,4.2388948061122385,0.11163470372663443
6,0.5808721804511279,0.47765967966227985,4.229640974054975,0.11293149527165315
6,0.5833759398496241,0.4821365360219907,4.220326746322295,0.11424151848956655
6,0.5858796992481203,0.4866383831897185,4.21095172214562,0.11556494001830067
6,0.5883834586466166,0.4911652680925227,4.201515494551724,0.1169019294893561
6,0.5908872180451128,0.49571723620493247,4.192017650234133,0.11825265959394174
6,0.593390977443609,0.5002943314679533,4.182457769420989,0.11961730615087911
6,0.5958947368421053,0.5048965962046776,4.1728354257392795,0.1209960481763375
6,0.5983984962406015,0.5095240710323214,4.16315018607528,0.12238906795545232
6,0.6009022556390977,0.514176794770564,4.153401610431118,0.123796551115892
6,0.6034060150375941,0.5188548043459975,4.143589251777277,0.1252186867034297
6,0.6059097744360903,0.52355813469254,4.133712655900959,0.12665566725958807
6,0.6084135338345865,0.528286818647624,4.1237713612501095,0.12810768890142235
6,0.6109172932330827,0.5330408868439704,4.113764898772974,0.1295749514035093
6,0.613421052631579,0.5378203675967566,4.1036927917530415,0.1310576582822144
6,0.6159248120300752,0.5426252867859738,4.093554555639187,0.1325560168823121
6,0.6184285714285714,0.5474556677337592,4.08334969787086,0.13407023846603525
6,0.6209323308270677,0.5523115310764724,4.073077717698124,0.1356005383046332
6,0.6234360902255639,0.557192894631283,4.0627381059963845,0.1371471357725215
6,0.6259398496240601,0.5620997732570205,4.052330345075589,0.1387102544441094
6,0.6284436090225565,0.5670321787090269,4.041853908483706,0.14029012219339418
6,0.6309473684210527,0.5719901194877353,4.031308260804277,0.14188697129641453
6,0.6334511278195489,0.5769736006806891,4.020692857447808,0.1435010385366594
6,0.6359548872180452,0.581982623797703,4.010007144436784,0.14513256531353239
6,0.6384586466165414,0.5870171865988429,3.9992505581840585,0.1467817977539747
6,0.6409624060150376,0.5920772829148935,3.9884225252643657,0.1484489868273544
6,0.6434661654135339,0.5971629024599698,3.9775224621786958,0.15013438846373545
6,0.6459699248120301,0.6022740306358969,3.9665497751112593,0.15183826367564074
6,0.6484736842105263,0.6074106483279738,3.9555038596787537,0.1535608786834314
6,0.6509774436090225,0.6125727316917162,3.9443841006716207,0.15530250504442805
6,0.6534812030075188,0.6177602519301486,3.9331898717870004,0.15706341978590427
6,0.6559849624060151,0.6229731750611962,3.9219205353530344,0.1588439055420889
6,0.6584887218045113,0.6282114616747037,3.910575442044181,0.1606442506953191
6,0.6609924812030076,0.6334750666785804,3.8991539305871816,0.1624647495214902
6,0.6634962406015038,0.6387639390335413,3.8876553274573,0.1643057023399555
6,0.666,0.6440780214759088,3.8760789465644274,0.16616741566803972
6,0.6685037593984963,0.6494172502278655,3.864424088928658,0.16805020238032536
6,0.6710075187969925,0.654781554694565,3.8526900423448813,0.1699543818728906
6,0.6735112781954887,0.6601708571474416,3.8408760810359306,0.1718802802326769
6,0.676015037593985,0.6655850723930405,3.8289814652938303,0.17382823041217427
6,0.6785187969924812,0.6710241074266421,3.8170054411085994,0.1757985724096196
6,0.6810225563909775,0.676487861069929,3.804947239784126,0.1777916534549135
6,0.6835263157894738,0.6819762235918769,3.7928060775405124,0.17980782820146504
6,0.68603007518797,0.6874890763120372,3.7805811551023325,0.18184745892418971
6,0.6885338345864662,0.6930262911853118,3.7682716572721677,0.18391091572389182
6,0.6910375939849625,0.6985877303672643,3.755876752488798,0.18599857673826795
6,0.6935413533834587,0.7041732457589733,3.7433955923693256,0.18811082835978804
6,0.6960451127819549,0.7097826785303791,3.730827311234547,0.19024806546071651
6,0.6985488721804511,0.7154158586209873,3.718171025616806,0.19241069162554383
6,0.7010526315789474,0.7210726042167614,3.705425833749514,0.19459911939111985
6,0.7035563909774436,0.7267527212019382,3.6925908150375184,0.1968137704947831
6,0.7060601503759398,0.7324560025844558,3.67966502950742,0.19905507613080375
6,0.7085639097744362,0.738182227893571,3.666647517236889,0.20132347721546195
6,0.7110676691729324,0.7439311625481937,3.65353729776203,0.20361942466110522
6,0.7135714285714286,0.7497025571943476,3.6403333694616933,0.20594337965954154
6,0.7160751879699249,0.7554961470100976,3.6270347089176846,0.20829581397514096
6,0.7185789473684211,0.7613116509761488,3.6136402702496664,0.2106772102480333
6,0.7210827067669173,0.7671487711102658,3.600148984423532,0.21308806230781704
6,0.7235864661654136,0.7730071916634709,3.586559758531944,0.21552887549819588
6,0.7260902255639098,0.7788865782759424,3.5728714750456474,0.21800016701300215
6,0.728593984962406,0.7847865770903164,3.5590829910340993,0.22050246624406333
6,0.7310977443609022,0.7907068138200255,3.5451931373538477,0.22303631514141245
6,0.7336015037593985,0.7966468927701005,3.5312007178030296,0.22560226858634702
6,0.7361052631578948,0.802606395807741,3.517104508240216,0.2282008947778823
6,0.738609022556391,0.8085848812797496,3.5029032556657773,0.23083277563315585
6,0.7411127819548873,0.8145818828737645,3.4885956772637563,0.23349850720238047
6,0.7436165413533835,0.820596908420012,3.474180459402196,0.23619870009896163
6,0.7461203007518797,0.826629438630087,3.4596562565896574,0.23893397994543358
6,0.748624060150376,0.8326789257690306,3.445021690385575,0.2417049878358923
6,0.7511278195488722,0.8387447922567424,3.4302753482619197,0.24451238081564633
6,0.7536315789473684,0.8448264291944738,3.4154157824134677,0.24735683237883443
6,0.7561353383458647,0.850923194811881,3.4004415085138264,0.2502390329848019
6,0.7586390977443609,0.8570344128297909,3.3853510044141353,0.25315969059406535
6,0.7611428571428571,0.8631593707335061,3.37014270878119,0.2561195312247377
6,0.7636466165413535,0.8692973179511105,3.3548150196714968,0.2591192995303306
6,0.7661503759398497,0.87544746393085,3.3393662930375165,0.2621597593998996
6,0.7686541353383459,0.8816089761112382,3.323794841162134,0.26524169458154395
6,0.7711578947368422,0.8877809777770858,3.3080989310170454,0.2683659093303311
6,0.7736616541353384,0.8939625457941618,3.292276782540533,0.27153322908176714
6,0.7761654135338346,0.9001527082146552,3.2763265668296855,0.2747445011519965
6,0.7786691729323308,0.9063504417450441,3.260246404241826,0.27800059546597883
6,0.7811729323308271,0.9125546690673321,3.2440343623995016,0.28130240531495065
6,0.7836766917293233,0.9187642560039659,3.2276884540929505,0.2846508481445612
6,0.7861804511278195,0.9249780085159838,3.2112066350735464,0.2880468663751372
6,0.7886842105263159,0.9311946695231619,3.194586801731174,0.29149142825561647
6,0.7911879699248121,0.9374129155340567,3.1778267886480025,0.29498552875277273
6,0.7936917293233083,0.9436313530728961,3.1609243660204775,0.2985301904774469
6,0.7961954887218046,0.949848514889237,3.1438772369407593,0.3021264646495913
6,0.7986992481203008,0.9560628559351956,3.1266830345280896,0.30577543210403935
6,0.801203007518797,0.9622727490938354,3.109339318899841,0.30947820433902035
6,0.8037067669172933,0.968476480640944,3.0918435739711185,0.3132359246095517
6,0.8062105263157895,0.974672245420992,3.0741932040708955,0.31704976906796734
6,0.8087142857142857,0.9808581417164544,3.056385530361653,0.32092094795396847
6,0.811218045112782,0.9870321657879328,3.0384177870483358,0.32485070683672607
6,0.8137218045112782,0.9931922060605927,3.0202871173612853,0.3288403279117081
6,0.8162255639097745,0.9993360369303204,3.001990569296413,0.3328911313550656
6,0.8187293233082708,1.0054613121606968,2.983525091094407,0.33700447673858064
6,0.821233082706767,1.011565557839334,2.9648875264391377,0.34118176450836074
6,0.8237368421052632,1.0176461648593083,2.9460746093536256,0.34542443753065094
6,0.8262406015037594,1.0237003808883356,2.9270829587698834,0.3497339827083511
6,0.8287443609022557,1.0297253017849126,2.907909072746811,0.354111932672033
6,0.8312481203007519,1.0357178624168704,2.8885493223077563,0.35855986754950114
6,0.8337518796992481,1.041674826833599,2.8689999448667134,0.36307941681818073
6,0.8362556390977444,1.047592777738565,2.849257037209003,0.36767226124489527
6,0.8387593984962406,1.0534681052035888,2.8293165479889426,0.3723401349178784
6,0.8412631578947369,1.0592969945606252,2.809174269703167,0.37708482737618
6,0.8437669172932332,1.0650754134004021,2.788825830094056,0.38190818584195396
6,0.8462706766917294,1.0707990976001724,2.768266682932933,0.38681211756147654
6,0.8487744360902256,1.0764635362948693,2.747492098127386,0.3917985922611231
6,0.8512781954887219,1.082063955697064,2.7264971510910416,0.3968696447249404
6,0.8537819548872181,1.0875953016611613,2.705276711307353,0.4020273775009025
6,0.8562857142857143,1.0930522208760594,2.6838254300113316,0.4072739637434035
6,0.8587894736842105,1.0984290405579005,2.66213772690451,0.41261165020005774
6,0.8612932330827068,1.1037197465003383,2.6402077758086255,0.4180427603514266
6,0.863796992481203,1.1089179593237053,2.618029489152399,0.4235696977128869
6,0.8663007518796992,1.1140169087462917,2.595596501173098,0.4291949493084938
6,0.8688045112781956,1.119009405680352,2.57290214970016,0.4349210893273803
6,0.8713082706766918,1.1238878119320301,2.5499394563715825,0.440750782973984
6,0.873812030075188,1.128644007257704,2.5267011051148733,0.4466867905241968
6,0.8763157894736843,1.1332693534987435,2.5031794187025556,0.4527319716003969
6,0.8788195488721805,1.137754655481769,2.4793663331671305,0.45888928967927334
6,0.8813233082706767,1.142090118331382,2.455253369831391,0.4651618168473637
6,0.883827067669173,1.1462653007961676,2.430831604676351,0.4715527388203368
6,0.8863308270676692,1.1502690641354374,2.4060916347299868,0.47806536024324003
6,0.8888345864661654,1.1540895160524314,2.381023541114422,0.4847031102902358
6,0.8913383458646617,1.157713949087917,2.355616848335849,0.491469548583759
6,0.8938421052631579,1.1611287728044792,2.3298604793389663,0.4983683714545506
6,0.8963458646616542,1.164319438993951,2.303742705773952,0.5054034185657
6,0.8988496240601505,1.1672703590255364,2.2772510928369334,0.5125786799256224
6,0.9013533834586467,1.1699648123168458,2.25037243794145,0.5198983033168868
6,0.9038571428571429,1.1723848447498972,2.2230927023552804,0.5273666021699415
6,0.9063609022556391,1.1745111556638976,2.1953969347895343,0.5349880639131411
6,0.9088646616541354,1.1763229718296122,2.1672691857497712,0.5427673588330287
6,0.9113684210526316,1.177797906538013,2.1386924112449868,0.5507093494816243
6,0.9138721804511278,1.178911801608115,2.1096483641907087,0.558819100670534
6,0.9163759398496241,1.1796385497220354,2.0801174715259205,0.5671018900950258
6,0.9188796992481203,1.1799498940122064,2.050078694675272,0.575563219634897
6,0.9213834586466165,1.1798152012341498,2.0195093705092746,0.5842088273829733
6,0.9238872180451129,1.1792012041296043,1.9883850293610834,0.5930447004564857
6,0.9263909774436091,1.1780717076814726,1.9566791859165393,0.6020770886514262
6,0.9288947368421053,1.1763872528344035,1.9243630978612034,0.6113125190053148
6,0.9313984962406016,1.1741047298368752,1.8914054859865836,0.6207578113396693
6,0.9339022556390978,1.1711769315636982,1.8577722079494947,0.6304200948599494
6,0.936406015037594,1.1675520348815442,1.8234258759374227,0.6403068258978754
6,0.9389097744360902,1.1631729951594565,1.7883254059723006,0.6504258068889018
6,0.9414135338345865,1.1579768351723303,1.752425483281115,0.6607852066863454
6,0.9439172932330827,1.1518938045766052,1.7156759237861112,0.6713935823233064
6,0.9464210526315789,1.1448463793964423,1.6780209059081532,0.6822599023442117
6,0.9489248120300753,1.136748061885271,1.6393980389367098,0.6933935718396672
6,0.9514285714285715,1.1275019287540318,1.5997372233193372,0.7048044593314821
6,0.9539323308270677,1.1169988586413344,1.5589592430453785,0.7165029256693791
6,0.956436090225564,1.105115345652416,1.5169740088343624,0.7284998551172165
6,0.9589398496240602,1.0917107714218737,1.4736783399645221,0.7408066888247512
6,0.9614436090225564,1.0766239580896764,1.4289531273213287,0.7534354609012839
6,0.9639473684210527,1.059668750107765,1.382659652510855,0.7663988373302488
6,0.9664511278195489,1.0406282593872782,1.334634734105438,0.7797101579892398
6,0.9689548872180451,1.0192472309791014,1.284684208854132,0.7933834820684954
6,0.9714586466165414,0.9952217008139571,1.2325739911570668,0.8074336372128885
6,0.9739624060150376,0.968184640772368,1.1780175105123751,0.8218762727484917
6,0.9764661654135339,0.9376854602760295,1.1206575528099123,0.8367279173953698
6,0.9789699248120302,0.9031597327089296,1.0600391174222095,0.8520060419140217
6,0.9814736842105264,0.8638826334292975,0.9955671722489801,0.8677291271846499
6,0.9839774436090226,0.8188936615176752,0.9264375546433887,0.8839167382769687
6,0.9864812030075188,0.7668670276291798,0.8515166322783339,0.9005896051347065
6,0.9889849624060151,0.705869382015459,0.7691138352928449,0.9177697105743714
6,0.9914887218045113,0.632853063854721,0.6765006226385326,0.935480386383719
6,0.9939924812030075,0.5424055560385073,0.5687104513027665,0.953746418403246
6,0.9964962406015038,0.4226831414585864,0.43459354184213167,0.9725941615858806
6,0.999,0.23047433469679546,0.23232089875859052,0.9920516661580503
8,0.0,4.965068306494546e-16,5.6568542494923815,8.77708367144175e-17
8,0.0025037593984962407,8.865437713279078e-06,5.656836518589165,1.5672076935838603e-06
8,0.005007518796992481,3.546175085489267e-05,5.656783325546059,6.268889723024611e-06
8,0.007511278195488722,7.97889394239526e-05,5.656694669362652,1.4105222941605672e-05
8,0.010015037593984963,0.00014184700341957068,5.656570548371487,2.507650213262311e-05
8,0.012518796992481204,0.0002216359428426351,5.65641096023791,3.91831400512867e-05
8,0.015022556390977444,0.00031915575769358995,5.65621590195984,5.642566748256634e-05
8,0.017526315789473685,0.0004344064479728793,5.6559853698674925,7.680473331617839e-05
8,0.020030075187969926,0.0005673880136773946,5.655719359623041,0.00010032110463755604
8,0.022533834586466166,0.0007181004548106884,5.6554178662201915,0.0001269756668379718
8,0.025037593984962407,0.0008865437713723168,5.655080883983731,0.0001567694237377184
8,0.027541353383458648,0.0010727179633600592,5.654708406568975,0.00018970349772835354
8,0.03004511278195489,0.001276623030775692,5.654300426961184,0.00022577912993239967
8,0.03254887218045113,0.0014982589736192153,5.6538569374748935,0.0002649976803778772
8,0.03505263157894737,0.0017376257918892968,5.6533779297531925,0.00030736062819086213
8,0.03755639097744361,0.0019947234855872686,5.652863394766937,0.00035286957180565465
8,0.04006015037593985,0.0022695520547122428,5.6523133228138915,0.00040152622919042134
8,0.042563909774436096,0.002562111499264663,5.651727703517823,0.00045333243809143886
8,0.04506766917293233,0.00287240181924453,5.651106525827505,0.0005082901562935796
8,0.04757142857142857,0.0032004230146527313,5.650449778015689,0.0005664014618986044
8,0.050075187969924814,0.0035461750854861585,5.649757447677985,0.0006276685536196982
8,0.05257894736842106,0.003909658031748364,5.649029521731686,0.0006920937510961839
8,0.055082706766917296,0.004290871853437572,5.648265986414535,0.0007596794952217497
8,0.05758646616541353,0.0046898165505533385,5.64746682728341,0.0008304283484935974
8,0.06009022556390978,0.005106492123096107,5.646632029212963,0.0009043429953780533
8,0.06259398496240602,0.005540898571064545,5.645761576394175,0.00098142624269362
8,0.06509774436090227,0.005993035894459098,5.644855452332852,0.0010616810200130729
8,0.0676015037593985,0.006462904093278876,5.64391363984806,0.0011451103800824394
8,0.07010526315789474,0.00695050316752388,5.642936121070484,0.0012317174992591173
8,0.07260902255639098,0.007455833117192334,5.64192287744072,0.0013215056779674445
8,0.07511278195488721,0.007978893942284238,5.6408738897075095,0.0014144783411738282
8,0.07761654135338346,0.008519685642796038,5.639789137925888,0.0015106390388789025
8,0.0801203007518797,0.009078208218726846,5.6386686014552865,0.0016099914466304772
8,0.08262406015037595,0.009654461670075332,5.637512258957541,0.0017125393660537395
8,0.08512781954887219,0.010248445996836164,5.636320088394852,0.0018182867254004347
8,0.08763157894736842,0.010860161199007567,5.635092067027665,0.0019272375801192476
8,0.09013533834586467,0.01148960727658288,5.6338281714124765,0.00203939611344275
8,0.09263909774436091,0.012136784229559439,5.632528377399581,0.0021547666369969957
8,0.09514285714285714,0.012801692057927472,5.631192660130731,0.0022733535914273395
8,0.09764661654135338,0.01348433076167943,5.62982099403674,0.0023951615470478374
8,0.10015037593984963,0.014184700340807321,5.6284133528350075,0.0025201952045086646
8,0.10265413533834587,0.01490280079529649,5.626969709526962,0.002648459395483277
8,0.10515789473684212,0.015638632125134055,5.625490036395449,0.002779959083378727
8,0.10766165413533835,0.016392194330301812,5.623974305002022,0.002914699364064025
8,0.11016541353383459,0.017163487410781553,5.622422486184172,0.003052685466621715
8,0.11266917293233084,0.01795251136654663,5.6208345500524945,0.0031939227541182415
8,0.11517293233082707,0.018759266197570845,5.619210465987744,0.003338416724398904
8,0.11767669172932331,0.019583751903821778,5.617550202637849,0.003486173010901759
8,0.12018045112781955,0.02042596848526168,5.615853727914825,0.0036371973834948643
8,0.1226842105263158,0.021285915941843925,5.6141210089916225,0.003791495749334976
8,0.12518796992481204,0.022163594273519216,5.612352012298884,0.003949074153750515
8,0.12769172932330827,0.023059003480228046,5.6105467035216385,0.004109938781144862
8,0.13019548872180453,0.023972143561899806,5.608705047595897,0.004274095955923939
8,0.13269924812030076,0.02490301451845811,5.606827008705174,0.0044415521434482685
8,0.135203007518797,0.025851616349810147,5.6049125502769375,0.004612313951005859
8,0.13770676691729325,0.026817949055853774,5.602961634978948,0.004786388128812261
8,0.14021052631578948,0.027802012636472195,5.600974224715552,0.0049637815710326955
8,0.1427142857142857,0.02880380709152952,5.598950280623857,0.005144501316828998
8,0.14521804511278197,0.029823332420872983,5.596889763069834,0.005328554551432724
8,0.1477218045112782,0.030860588624328944,5.59479263164434,0.005515948607242454
8,0.15022556390977443,0.03191557570170245,5.592658845159043,0.005706690964947431
8,0.1527293233082707,0.032988293652774114,5.590488361642256,0.005900789254676761
8,0.15523308270676692,0.034078742477292145,5.588281138334696,0.006098251257174149
8,0.15773684210526318,0.03518692217497632,5.586037131685137,0.0062990849050016074
8,0.1602406015037594,0.03631283274551356,5.583756297345975,0.006503298283768845
8,0.16274436090225564,0.03745647418855125,5.581438590168714,0.006710899633389861
8,0.1652481203007519,0.03861784650369415,5.579083964199336,0.006921897349368225
8,0.16775187969924812,0.03979694969049996,5.576692372673591,0.007136299984110548
8,0.17025563909774438,0.04099378374848106,5.574263768012186,0.007354116248269981
8,0.1727593984962406,0.04220834867708678,5.5717981018158715,0.007575355012115552
8,0.17526315789473684,0.04344064447570961,5.56929532486045,0.007800025306935596
8,0.1777669172932331,0.044690671143672756,5.5667553870916535,0.008028136326468148
8,0.18027067669172933,0.0459584286802297,5.564178237619945,0.008259697428364235
8,0.18277443609022556,0.04724391708454778,5.561563824715203,0.008494718135679591
8,0.18527819548872182,0.04854713635570995,5.558912095801315,0.008733208138401387
8,0.18778195488721805,0.04986808649270236,5.556222997450654,0.008975177295004752
8,0.19028571428571428,0.051206767494409444,5.553496475378447,0.009220635634043493
8,0.19278947368421054,0.052563179359597534,5.550732474437051,0.009469593355772101
8,0.19529323308270677,0.053937322086911266,5.547930938610116,0.00972206083380407
8,0.19779699248120303,0.0553291956748625,5.545091811006604,0.009978048616803434
8,0.20030075187969926,0.0567388001218152,5.542215033854756,0.01023756743021064
8,0.2028045112781955,0.05816613542597482,5.539300548495884,0.01050062817800507
8,0.20530827067669175,0.05961120158537714,5.536348295378089,0.01076724194450381
8,0.20781203007518798,0.061073998597870105,5.53335821404985,0.011037419996196163
8,0.21031578947368423,0.06255452646110449,5.530330243153473,0.011311173783617488
8,0.21281954887218046,0.06405278517250812,5.527264320418459,0.011588514943258368
8,0.2153233082706767,0.06556877472928102,5.524160382654713,0.01186945529951667
8,0.21782706766917295,0.06710249512836475,5.521018365745652,0.012154006866684655
8,0.22033082706766918,0.06865394636643352,5.517838204641167,0.012442181850980564
8,0.2228345864661654,0.07022312843985912,5.514619833350483,0.012733992652616653
8,0.22533834586466167,0.07181004134470692,5.511363184934858,0.013029451867914904
8,0.2278421052631579,0.07341468507669502,5.508068191500181,0.013328572291458823
8,0.23034586466165413,0.07503705963117824,5.504734784189408,0.013631366918293362
8,0.2328496240601504,0.07667716500311483,5.50136289317488,0.013937848946166108
8,0.23535338345864662,0.0783350011870434,5.497952447650501,0.0142480317778156
8,0.23785714285714288,0.08001056817704955,5.494503375823767,0.014561929023303933
8,0.2403609022556391,0.08170386596672996,5.491015604907654,0.014879554502395925
8,0.24286466165413534,0.08341489454916218,5.4874890611123694,0.015200922246987247
8,0.2453684210526316,0.08514365391686507,5.483923669636954,0.015526046503579752
8,0.24787218045112783,0.08689014406175888,5.480319354660722,0.015854941735806583
8,0.2503759398496241,0.08865436497512347,5.476676039334567,0.016187622627007757
8,0.2528796992481203,0.09043631664756013,5.4729936457721,0.016524104082858274
8,0.25538345864661655,0.09223599906893121,5.469272095040632,0.016864401234045014
8,0.2578872180451128,0.09405341222832586,5.465511307152011,0.0172085294390024
8,0.26039097744360906,0.0958885561139935,5.461711201053272,0.01755650428669713
8,0.2628947368421053,0.09774143071329844,5.457871694617147,0.017908341599472997
8,0.2653984962406015,0.09961203601265645,5.453992704632384,0.01826405743594969
8,0.26790225563909775,0.10150037199746809,5.45007414679392,0.018623668093979428
8,0.270406015037594,0.10340643865206012,5.446115935692853,0.018987190113664884
8,0.2729097744360902,0.10533023595960955,5.442117984806261,0.019354640280434734
8,0.2754135338345865,0.10727176390207127,5.438080206486829,0.01972603562818214
8,0.27791729323308273,0.10923102246010252,5.434002511952299,0.02010139344246615
8,0.28042105263157896,0.11120801161297411,5.429884811274721,0.020480731263775538
8,0.2829248120300752,0.11320273133848913,5.425727013369535,0.020864066890860202
8,0.2854285714285714,0.11521518161288702,5.421529025984444,0.02125141838412756
8,0.2879323308270677,0.11724536241074679,5.4172907556881,0.021642804069107856
8,0.29043609022556394,0.11929327370488574,5.413012107858583,0.02203824253998922
8,0.29293984962406017,0.12135891546624888,5.408692986671683,0.02243775266322314
8,0.2954436090225564,0.12344228766379839,5.404333295088975,0.022841353581203597
8,0.2979473684210526,0.12554339026438566,5.399932934845674,0.02324906471601829
8,0.30045112781954886,0.12766222323263232,5.395491806438293,0.02366090577327844
8,0.30295488721804514,0.12979878653079346,5.3910098091120595,0.024076896746023972
8,0.3054586466165414,0.1319530801186164,5.386486840848134,0.02449705791870822
8,0.3079624060150376,0.13412510395318922,5.38192279835058,0.024921409871262942
8,0.31046616541353383,0.13631485798879162,5.377317577033118,0.025349973483247756
8,0.31296992481203006,0.138522342176723,5.372671071005639,0.025782769938081252
8,0.31547368421052635,0.14074755646513504,5.367983173060473,0.02621982072736081
8,0.3179774436090226,0.14299050079884434,5.3632537746584275,0.026661147655268478
8,0.3204812030075188,0.14525117511914631,5.358482765914555,0.02710677284306907
8,0.32298496240601504,0.1475295793636091,5.353670035583694,0.027556718733698426
8,0.32548872180451127,0.14982571346586449,5.348815471045725,0.02801100809644732
8,0.32799248120300756,0.15213957735538397,5.343918958290576,0.028469664031740984
8,0.3304962406015038,0.15447117095724217,5.338980381902965,0.02893270997601685
8,0.333,0.15682049419187916,5.333999625046856,0.02940016970670514
8,0.33550375939849625,0.15918754697483184,5.328976569449638,0.02987206734730911
8,0.3380075187969925,0.1615723292164688,5.323911095386025,0.030348427372593745
8,0.34051127819548876,0.16397484082170433,5.318803081661661,0.03082927461388108
8,0.343015037593985,0.16639508168969774,5.313652405596429,0.03131463426445577
8,0.3455187969924812,0.16883305171353857,5.308458943007451,0.031804531885083774
8,0.34802255639097746,0.171288750779921,5.303222568191801,0.03229899340964752
8,0.3505263157894737,0.17376217876879219,5.29794315390887,0.032798045150897646
8,0.3530300751879699,0.17625333555299383,5.292620571362436,0.033301713806327585
8,0.3555338345864662,0.17876222099787853,5.2872546901824,0.033810026464170875
8,0.35803759398496243,0.18128883496090964,5.281845378406176,0.03432301060952573
8,0.36054135338345866,0.18383317729124293,5.2763925024597595,0.03484069413060973
8,0.3630451127819549,0.18639524782929007,5.270895927138422,0.03536310532514808
8,0.3655488721804511,0.1889750464062514,5.265355515587072,0.035890272906896246
8,0.3680526315789474,0.1915725728436386,5.259771129280244,0.0364222260123044
8,0.37055639097744364,0.1941878269527657,5.254142628001709,0.03695899420732332
8,0.37306015037593987,0.19682080853421713,5.248469869823719,0.03750060749435678
8,0.3755639097744361,0.1994715173772943,5.242752711085853,0.03804709631936479
8,0.37806766917293233,0.20213995325942946,5.236991006373477,0.03859849157911917
8,0.38057142857142856,0.2048261159455791,5.231184608495791,0.03915482462861813
8,0.38307518796992485,0.20753000518757947,5.225333368463471,0.03971612728866033
8,0.3855789473684211,0.21025162072347836,5.219437135465887,0.04028243185358555
8,0.3880827067669173,0.21299096227683645,5.213495756847877,0.0408537710991852
8,0.39058646616541354,0.2157480295559866,5.207509078086111,0.04143017829078454
8,0.39309022556390977,0.21852282225326825,5.201476942764975,0.04201168719150507
8,0.39559398496240605,0.22131534004422182,5.1953991925520056,0.04259833207070863
8,0.3980977443609023,0.2241255825867392,5.189275667172865,0.043190147712627414
8,0.4006015037593985,0.22695354952018976,5.18310620438581,0.043787169425189
8,0.40310526315789474,0.22979924046448685,5.176890639955701,0.04438943304903448
8,0.405609022556391,0.23266265501912686,5.17062880762748,0.04499697496674163
8,0.40811278195488726,0.23554379276217352,5.164320539099153,0.045609832112253244
8,0.4106165413533835,0.23844265324919656,5.157965663994238,0.0462280419805181
8,0.4131203007518797,0.24135923601216547,5.1515640098336775,0.04685164263735082
8,0.41562406015037595,0.24429354055829133,5.145115402007202,0.04748067272951507
8,0.4181278195488722,0.24724556636880513,5.138619663744125,0.04811517149503451
8,0.42063157894736847,0.25021531289769383,5.132076616083571,0.04875517877374169
8,0.4231353383458647,0.2532027795703704,5.125486077844107,0.049400735018067424
8,0.42563909774436093,0.25620796578228555,5.118847865592777,0.05005188130407856
8,0.42814285714285716,0.2592308708974689,5.112161793613502,0.05070865934276955
8,0.4306466165413534,0.26227149424701235,5.105427673874883,0.051371111491616786
8,0.4331503759398496,0.26532983512748176,5.098645315997313,0.052039280766401436
8,0.4356541353383459,0.268405892799247,5.09181452721946,0.052713210853306186
8,0.43815789473684214,0.2714996664847469,5.084935112364061,0.05339294612129725
8,0.44066165413533837,0.27461115536667347,5.078006873803011,0.054078531634797145
8,0.4431654135338346,0.2777403585860623,5.071029611421761,0.05477001316665402
8,0.4456691729323308,0.28088727524030865,5.064003122582962,0.05546743721142067
8,0.4481729323308271,0.2840519043810885,5.056927202089389,0.0561708509989477
8,0.45067669172932334,0.2872342450121832,5.049801642146075,0.05688030250830085
8,0.4531804511278196,0.29043429608720395,5.042626232321681,0.05759584048201105
8,0.4556842105263158,0.29365205650721826,5.035400759509045,0.05831751444066778
8,0.45818796992481203,0.2968875251182621,5.028125007884922,0.0590453746978633
8,0.46069172932330826,0.3001407007087473,5.020798758868871,0.059779472375500194
8,0.46319548872180455,0.30341158200673846,5.013421791081276,0.06051985941946843
8,0.4656992481203008,0.3067001676771235,5.00599388030049,0.06126658861570831
8,0.468203007518797,0.31000645631863266,4.998514799419054,0.06201971360666228
8,0.47070676691729324,0.3133304464607516,4.990984318398988,0.06277928890813705
8,0.47321052631578947,0.31667213656046567,4.983402204226132,0.06354536992657638
8,0.47571428571428576,0.3200315249988739,4.975768220863498,0.06431801297676511
8,0.478218045112782,0.3234086100776463,4.968082129203612,0.06509727529997356
8,0.4807218045112782,0.32680339001531955,4.960343687019828,0.06588321508255467
8,0.48322556390977445,0.3302158629434193,4.9525526489165745,0.06667589147500687
8,0.4857293233082707,0.3336460269024184,4.944708766278522,0.06747536461151918
8,0.48823308270676696,0.33709387983750005,4.936811787218621,0.06828169563000848
8,0.4907368421052632,0.3405594195941375,4.928861456524999,0.06909494669266734
8,0.4932406015037594,0.34404264391346917,4.920857515606676,0.06991518100703496
8,0.49574436090225565,0.34754355042746266,4.912799702438076,0.07074246284760748
8,0.4982481203007519,0.35106213665386576,4.904687751502287,0.0715768575780052
8,0.5007518796992482,0.35459839999091836,4.896521393733048,0.07241843167371048
8,0.5032556390977444,0.35815233771183497,4.888300356455429,0.07326725274539717
8,0.5057593984962406,0.36172394695902854,4.880024363325154,0.07412338956286621
8,0.5082631578947369,0.36531322473807615,4.871693134266549,0.07498691207960811
8,0.5107669172932331,0.36892016791141025,4.863306385409063,0.07585789145801054
8,0.5132706766917293,0.3725447731917173,4.85486382902232,0.07673640009523006
8,0.5157744360902256,0.37618703713504553,4.846365173449676,0.0776225116497511
8,0.5182781954887218,0.3798469561335911,4.8378101230402315,0.07851630106865033
8,0.5207819548872181,0.3835245264081588,4.829198378079235,0.0794178446155906
8,0.5232857142857144,0.38721974400027515,4.820529634716882,0.0803272198995655
8,0.5257894736842106,0.3909326047639472,4.8118035848953955,0.08124450590442081
8,0.5282932330827068,0.3946631043570412,4.803019916274412,0.08216978301917431
8,0.530796992481203,0.3984112382322649,4.794178312154555,0.08310313306916083
8,0.5333007518796993,0.4021770016277415,4.785278451399199,0.08404463934802923
8,0.5358045112781955,0.40596038955714775,4.776320008354329,0.08499438665061736
8,0.5383082706766917,0.4097613967994027,4.767302652766471,0.08595246130673448
8,0.540812030075188,0.41358001788787657,4.758226049698619,0.0869189512158785
8,0.5433157894736842,0.41741624709911385,4.749089859444101,0.08789394588292207
8,0.5458195488721804,0.42127007844102593,4.739893737438322,0.08887753645479435
8,0.5483233082706768,0.42514150564054454,4.7306373341683265,0.08986981575819464
8,0.550827067669173,0.42903052213070536,4.721320295080114,0.09087087833837068
8,0.5533308270676692,0.43293712103713,4.711942260483621,0.09188082049899621
8,0.5558345864661655,0.4368612951638906,4.70250286545533,0.0928997403431865
8,0.5583383458646617,0.44080303697870793,4.693001739738398,0.0939277378156863
8,0.5608421052631579,0.44476233859746594,4.683438507640263,0.09496491474627222
8,0.5633458646616541,0.44873919176801236,4.673812787927606,0.09601137489441158
8,0.5658496240601504,0.4527335878531895,4.664124193718642,0.09706722399521511
8,0.5683533834586466,0.45674551781308903,4.654372332372591,0.09813256980673495
8,0.5708571428571428,0.4607749721864618,4.644556805376306,0.09920752215864641
8,0.5733609022556391,0.4648219410712695,4.634677208227902,0.10029219300236814
8,0.5758646616541354,0.46888641410430987,4.624733130317358,0.10138669646266357
8,0.5783684210526316,0.4729683804398923,4.61472415480392,0.10249114889078106
8,0.5808721804511279,0.47706782872750875,4.604649858490271,0.10360566891918362
8,0.5833759398496241,0.4811847470884403,4.594509811693317,0.10473037751792252
8,0.5858796992481203,0.4853191230912661,4.584303578111491,0.10586539805271662
8,0.5883834586466166,0.48947094372620414,4.574030714688462,0.10701085634479438
8,0.5908872180451128,0.49364019537823545,4.563690771473133,0.10816688073256359
8,0.593390977443609,0.4978268637989465,4.553283291475788,0.10933360213517337
8,0.5958947368421053,0.5020309340770215,4.542807810520284,0.11051115411803528
8,0.5983984962406015,0.5062523906073313,4.532263857092124,0.11169967296037793
8,0.6009022556390977,0.5104912170585241,4.521650952182291,0.11289929772490398
8,0.6034060150375941,0.5147473963390778,4.510968609126694,0.11411017032963369
8,0.6059097744360903,0.5190209105616903,4.500216333441071,0.11533243562200557
8,0.6084135338345865,0.523311741005964,4.4893936226511855,0.11656624145532717
8,0.6109172932330827,0.5276198680792743,4.478499966118168,0.11781173876765699
8,0.613421052631579,0.5319452712757369,4.467534844858818,0.11906908166321135
8,0.6159248120300752,0.5362879291331712,4.4564977313606855,0.1203384274963893
8,0.6184285714285714,0.5406478191879616,4.44538808939176,0.1216199369585155
8,0.6209323308270677,0.5450249179277049,4.434205373804565,0.12291377416740432
8,0.6234360902255639,0.549419200741526,4.422949030334444,0.12422010675985141
8,0.6259398496240601,0.5538306418679451,4.4116184953918545,0.1255391059871672
8,0.6284436090225565,0.5582592143401657,4.4002131958484165,0.12687094681386824
8,0.6309473684210527,0.5627048899286398,4.38873254881652,0.12821580801964808
8,0.6334511278195489,0.5671676390807832,4.377175961422219,0.12957387230475895
8,0.6359548872180452,0.5716474308576724,4.365542830571185,0.13094532639893455
8,0.6384586466165414,0.5761442328675708,4.353832542707445,0.13233036117399535
8,0.6409624060150376,0.5806580111961095,4.342044473564642,0.13372917176028204
8,0.6434661654135339,0.5851887303329497,4.330177987909515,0.13514195766707085
8,0.6459699248120301,0.5897363530947288,4.318232439277312,0.13656892290712944
8,0.6484736842105263,0.5943008405440919,4.306207169698836,0.13801027612558076
8,0.6509774436090225,0.5988821519045957,4.29410150941875,0.13946623073325073
8,0.6534812030075188,0.6034802444712568,4.281914776604863,0.14093700504468173
8,0.6559849624060151,0.6080950735165029,4.269646277047987,0.1424228224210032
8,0.6584887218045113,0.6127265921912799,4.257295303852006,0.14392391141786293
8,0.6609924812030076,0.6173747514210413,4.244861137113784,0.1454405059386263
8,0.6634962406015038,0.6220394997963268,4.23234304359246,0.14697284539306454
8,0.666,0.6267207834576409,4.219740276367729,0.14852117486176425
8,0.6685037593984963,0.6314185459742994,4.207052074486656,0.15008574526649876
8,0.6710075187969925,0.6361327282169107,4.194277662598522,0.15166681354681727
8,0.6735112781954887,0.6408632682231188,4.181416250577228,0.1532646428431157
8,0.676015037593985,0.6456101010562316,4.16846703313073,0.1548795026864698
8,0.6785187969924812,0.6503731586563246,4.155429189396931,0.15651166919552587
8,0.6810225563909775,0.6551523696833803,4.142301882525504,0.15816142528075308
8,0.6835263157894738,0.6599476593520028,4.129084259244971,0.15982906085638426
8,0.68603007518797,0.6647589492572232,4.115775449414463,0.1615148730603843
8,0.6885338345864662,0.6695861571908588,4.102374565559442,0.1632191664828019
8,0.6910375939849625,0.67442919694788,4.088880702390713,0.1649422534028812
8,0.6935413533834587,0.6792879781221877,4.075292936305965,0.16668445403532778
8,0.6960451127819549,0.6841624058911708,4.061610324873052,0.16844609678614472
8,0.6985488721804511,0.689052380788371,4.0478319062942125,0.17022751851847476
8,0.7010526315789474,0.6939577984635332,4.033956698850329,0.1720290648289086
8,0.7035563909774436,0.6988785494292826,4.019983700324346,0.17385109033474308
8,0.7060601503759398,0.7038145187936098,4.0059118874028385,0.17569395897270107
8,0.7085639097744362,0.7087655859772921,3.9917402150547403,0.17755804430964767
8,0.7110676691729324,0.7137316244153182,3.977467615886161,0.17944372986586898
8,0.7135714285714286,0.7187125012413347,3.963092999470108,0.1813514094515146
8,0.7160751879699249,0.7237080769540378,3.948615251649972,0.18328148751682719
8,0.7185789473684211,0.7287182050643837,3.9340332338154624,0.18523437951682703
8,0.7210827067669173,0.7337427317224057,3.9193457821496525,0.18721051229115288
8,0.7235864661654136,0.7387814953223406,3.904551706845737,0.18921032445979816
8,0.7260902255639098,0.7438343260846643,3.8896497912919643,0.1912342668355231
8,0.728593984962406,0.748901045613563,3.8746387912231564,0.19328280285377206
8,0.7310977443609022,0.7539814664282374,3.8595174338371403,0.195356409020966
8,0.7336015037593985,0.7590753914663353,3.8442844168742747,0.197455575382096
8,0.7361052631578948,0.7641826135576726,3.8289384076581707,0.19958080600859202
8,0.738609022556391,0.7693029148662891,3.8134780420956096,0.20173261950750246
8,0.7411127819548873,0.7744360662987158,3.7979019236334697,0.2039115495530778
8,0.7436165413533835,0.7795818268761994,3.782208622170413,0.20611814544191848
8,0.7461203007518797,0.7847399430684345,3.766396672920894,0.20835297267291222
8,0.748624060150376,0.7899101480861994,3.7504645752289036,0.21061661355326586
8,0.7511278195488722,0.7950921611300676,3.7344107913286964,0.21290966783201035
8,0.7536315789473684,0.8002856865921713,3.718233745049588,0.21523275336244313
8,0.7561353383458647,0.8054904132077443,3.7019318204616782,0.21758650679506283
8,0.7586390977443609,0.8107060131529349,3.685503360459179,0.21997158430264693
8,0.7611428571428571,0.8159321410850953,3.668946665277796,0.2223886623392266
8,0.7636466165413535,0.821168433121443,3.652259990942346,0.22483843843481896
8,0.7661503759398497,0.8264145057517054,3.6354415476405704,0.2273216320279045
8,0.7686541353383459,0.8316699546799478,3.618489498018796,0.22983898533775093
8,0.7711578947368422,0.8369343535904576,3.6014019553947776,0.2323912642788341
8,0.7736616541353384,0.8422072528320901,3.584176981882773,0.2349792594197392
8,0.7761654135338346,0.8474881780150552,3.566812586425484,0.23760378698909262
8,0.7786691729323308,0.8527766285136167,3.5493067227271515,0.24026568993123698
8,0.7811729323308271,0.8580720758676155,3.531657287081666,0.24296583901454122
8,0.7836766917293233,0.8633739620751535,3.5138621160890557,0.24570513399543764
8,0.7861804511278195,0.8686816977681078,3.495918984253305,0.24848450484147871
8,0.7886842105263159,0.8739946602614328,3.477825601453791,0.25130491301694025
8,0.7911879699248121,0.8793121914664273,3.459579610282173,0.25416735283473013
8,0.7936917293233083,0.8846335956572795,3.4411785832358137,0.25707285287863196
8,0.7961954887218046,0.8899581370792626,3.422620019758182,0.26002247750018737
8,0.7986992481203008,0.8952850373859134,3.4039013431158835,0.26301732839483005
8,0.801203007518797,0.9006134728913919,3.385019897101154,0.2660585462622109
8,0.8037067669172933,0.9059425716229506,3.365972942547705,0.26914731255600727
8,0.8062105263157895,0.9112714101570791,3.3467576536468497,0.27228485132889657
8,0.8087142857142857,0.9165990102213348,3.3273711140496856,0.2754724311787867
8,0.811218045112782,0.921924335042215,3.307810312739938,0.27871136730284973
8,0.8137218045112782,0.9272462854175341,3.2880721396607298,0.28200302366638746
8,0.8162255639097745,0.9325636954897341,3.2681533810770658,0.2853488152940957
8,0.8187293233082708,0.9378753281942362,3.2480507146542212,0.2887502106918549
8,0.821233082706767,0.9431798703544547,3.227760704230425,0.2922087344078164
8,0.8237368421052632,0.948475927392233,3.207279794260295,0.29572596974221355
8,0.8262406015037594,0.9537620176193684,3.1866043039032297,0.29930356161608074
8,0.8287443609022557,0.9590365660723927,3.1657304207286474,0.30294321960985354
8,0.8312481203007519,0.9642978978489107,3.1446541940071775,0.3066467211837124
8,0.8337518796992481,0.969544230899454,3.1233715275540073,0.3104159150924735
8,0.8362556390977444,0.9747736682239865,3.1018781720872184,0.3142527250088847
8,0.8387593984962406,0.9799841894167787,3.080169717060277,0.3181591533703144
8,0.8412631578947369,0.9851736414973165,3.0582415819237037,0.32213728546507425
8,0.8437669172932332,0.9903397289580906,3.036089006766299,0.3261892937759718
8,0.8462706766917294,0.9954800029524966,3.01370704228117,0.3303174426001893
8,0.8487744360902256,1.0005918495374533,2.9910905389959406,0.33452409296621805
8,0.8512781954887219,1.0056724768756635,2.9682341357000284,0.3388117078703718
8,0.8537819548872181,1.0107189012915025,2.9451322469944756,0.34318285785738384
8,0.8562857142857143,1.0157279320621337,2.921779049881515,0.3476402269717568
8,0.8587894736842105,1.020696154811435,2.8981684693016545,0.35218661910892396
8,0.8612932330827068,1.0256199133584096,2.8742941625153855,0.3568249647979166
8,0.863796992481203,1.0304952898536568,2.8501495022145265,0.36155832845013086
8,0.8663007518796992,1.0353180830168776,2.825727558234404,0.3663899161120027
8,0.8688045112781956,1.0400837842648425,2.8010210777223694,0.3713230837629324
8,0.8713082706766918,1.0447875514923628,2.776022463600136,0.3763613462037374
8,0.873812030075188,1.0494241802379252,2.7507237511368015,0.381508386585249
8,0.8763157894736843,1.053988071930227,2.7251165824257195,0.3867680666314966
8,0.8788195488721805,1.0584731988710134,2.6991921785310344,0.39214443761728
8,0.8813233082706767,1.0628730655624956,2.672941309038145,0.3976417521658825
8,0.883827067669173,1.0671806659331058,2.646354258705731,0.40326447693931894
8,0.8863308270676692,1.071388435952044,2.6194207908744493,0.4090173063009014
8,0.8888345864661654,1.0754882010494498,2.5921301072378027,0.41490517703816177
8,0.8913383458646617,1.0794711176731064,2.564470803522622,0.42093328424340715
8,0.8938421052631579,1.0833276082120271,2.536430820558532,0.4271070984595094
8,0.8963458646616542,1.08704728839919,2.5079973901354937,0.43343238421012176
8,0.8988496240601505,1.0906188861666153,2.4791569749537117,0.4399152200465153
8,0.9013533834586467,1.0940301507615726,2.44989520185758,0.4465620202578657
8,0.9038571428571429,1.0972677507376587,2.420196787411287,0.4533795584082765
8,0.9063609022556391,1.1003171592022452,2.3900454547131527,0.4603749928824272
8,0.9088646616541354,1.1031625244240315,2.35942384015294,0.4675558946427037
8,0.9113684210526316,1.1057865235710163,2.3283133885834753,0.4749302774244522
8,0.9138721804511278,1.1081701969469193,2.2966942350953126,0.48250663062291804
8,0.9163759398496241,1.1102927596066672,2.264545071238588,0.49029395515603275
8,0.9188796992481203,1.1121313866377769,2.2318429931135135,0.49830180262201484
8,0.9213834586466165,1.1136609676674634,2.198563328229769,0.5065403181104438
8,0.9238872180451129,1.1148538252598987,2.1646794373882674,0.5150202870707702
8,0.9263909774436091,1.1156793907587708,2.130162487031068,0.5237531866941092
8,0.9288947368421053,1.1161038297469694,2.0949811864895462,0.5327512423236449
8,0.9313984962406016,1.116089607558402,2.0591014832746533,0.5420274894773277
8,0.9339022556390978,1.1155949830799405,2.0224862079110872,0.5515958421452852
8,0.936406015037594,1.1145734162804541,1.985094657704066,0.561471168115255
8,0.9389097744360902,1.1129728713019733,1.9468821060834283,0.5716693721845116
8,0.9414135338345865,1.1107349922735208,1.9077992205728649,0.5822074882387228
8,0.9439172932330827,1.1077941228810329,1.8677913676685034,0.5931037813199942
8,0.9464210526315789,1.1040761326084416,1.8267977765323367,0.6043778609716838
8,0.9489248120300753,1.0994970016814902,1.7847505247619238,0.6160508073407948
8,0.9514285714285715,1.0939611019674487,1.7415732976307374,0.628145311745242
8,0.9539323308270677,1.0873590907337438,1.6971798556696371,0.6406858336794934
8,0.956436090225564,1.0795653057116632,1.651472122092644,0.6536987765459246
8,0.9589398496240602,1.0704345094375145,1.604337767957706,0.6672126847703392
8,0.9614436090225564,1.0597977721862413,1.5556471236851288,0.6812584654003769
8,0.9639473684210527,1.047457196004565,1.5052491718157746,0.695869637809548
8,0.9664511278195489,1.0331790508364023,1.4529662629126334,0.7110826157554955
8,0.9689548872180451,1.0166846891565724,1.3985870188016527,0.7269370267912936
8,0.9714586466165414,0.9976382776128176,1.3418565993602483,0.7434760749311496
8,0.9739624060150376,0.9756298401933419,1.2824630261417942,0.7607469535620534
8,0.9764661654135339,0.950151168433295,1.2200174136801683,0.778801316914957
8,0.9789699248120302,0.9205604560605479,1.154024420033171,0.797695820019205
8,0.9814736842105264,0.886028269826761,1.0838362563002357,0.8174927390335616
8,0.9839774436090226,0.8454508346784455,1.0085774610791602,0.8382606862677934
8,0.9864812030075188,0.7973018782881848,0.9270138918111354,0.8600754371981112
8,0.9889849624060151,0.7393578854312792,0.8373050891477576,0.8830208904902598
8,0.9914887218045113,0.6681279674075156,0.7364805938397865,0.9071901866743005
8,0.9939924812030075,0.5774577946369821,0.6191335187020972,0.9326870169257178
8,0.9964962406015038,0.4540241007212904,0.47312552134316166,0.9596271607423671
8,0.999,0.24991941652810318,0.25291895935259406,0.9881403006236902
