epsilon,psi_radians,gap,quadratic,ratio_to_quadratic
0.03,0.0,0.0005196152422708433,0.0005196152422706632,1.0000000000003466
0.03,0.008726646259971648,0.0005196154561617804,0.0005196152422706632,1.000000411633647
0.03,0.017453292519943295,0.0005196160972482778,0.0005196152422706632,1.0000016454051863
0.03,0.026179938779914945,0.000519617163770749,0.0005196152422706632,1.0000036979286393
0.03,0.03490658503988659,0.0005196186528046001,0.0005196152422706632,1.0000065635756217
0.03,0.04363323129985824,0.0005196205602636366,0.0005196152422706632,1.000010234482249
0.03,0.05235987755982989,0.0005196228809160725,0.0005196152422706632,1.0000147005799442
0.03,0.061086523819801536,0.0005196256083947739,0.0005196152422706632,1.0000199496151525
0.03,0.06981317007977318,0.0005196287352179256,0.0005196152422706632,1.0000259671891136
0.03,0.07853981633974483,0.0005196322528082748,0.0005196152422706632,1.000032736794897
0.03,0.08726646259971647,0.0005196361515161217,0.0005196152422706632,1.0000402398616466
0.03,0.09599310885968812,0.0005196404206473953,0.0005196152422706632,1.0000484558086133
0.03,0.10471975511965978,0.0005196450484912923,0.0005196152422706632,1.0000573620983457
0.03,0.11344640137963143,0.0005196500223540979,0.0005196152422706632,1.0000669343017783
0.03,0.12217304763960307,0.0005196553285927785,0.0005196152422706632,1.0000771461628801
0.03,0.1308996938995747,0.0005196609526534921,0.0005196152422706632,1.00008796967277
0.03,0.13962634015954636,0.0005196668791109543,0.0005196152422706632,1.0000993751454739
0.03,0.14835298641951802,0.0005196730917113785,0.0005196152422706632,1.0001113313005647
0.03,0.15707963267948966,0.0005196795734162474,0.0005196152422706632,1.000123805347401
0.03,0.16580627893946132,0.0005196863064498613,0.0005196152422706632,1.0001367630766325
0.03,0.17453292519943295,0.0005196932723484913,0.0005196152422706632,1.0001501689547965
0.03,0.1832595714594046,0.000519700452009358,0.0005196152422706632,1.0001639862185767
0.03,0.19198621771937624,0.0005197078257460086,0.0005196152422706632,1.0001781769813771
0.03,0.2007128639793479,0.0005197153733386357,0.0005196152422706632,1.0001927023301607
0.03,0.20943951023931956,0.0005197230740941462,0.0005196152422706632,1.0002075224410503
0.03,0.2181661564992912,0.000519730906897427,0.0005196152422706632,1.0002225966779925
0.03,0.22689280275926285,0.0005197388502745835,0.0005196152422706632,1.0002378837144579
0.03,0.23561944901923448,0.0005197468824488177,0.0005196152422706632,1.0002533416409787
0.03,0.24434609527920614,0.0005197549814008422,0.0005196152422706632,1.0002689280814172
0.03,0.2530727415391778,0.0005197631249293851,0.0005196152422706632,1.0002846003094052
0.03,0.2617993877991494,0.0005197712907117767,0.0005196152422706632,1.000300315364945
0.03,0.27052603405912107,0.000519779456366091,0.0005196152422706632,1.000316030174
0.03,0.2792526803190927,0.0005197875995110377,0.0005196152422706632,1.0003317016637565
0.03,0.2879793265790644,0.0005197956978285667,0.0005196152422706632,1.0003472868831078
0.03,0.29670597283903605,0.000519803729124556,0.0005196152422706632,1.0003627431194455
0.03,0.30543261909900765,0.0005198116713887891,0.0005196152422706632,1.0003780280140888
0.03,0.3141592653589793,0.000519819502857524,0.0005196152422706632,1.0003930996826962
0.03,0.32288591161895097,0.0005198272020695242,0.0005196152422706632,1.0004079168230993
0.03,0.33161255787892263,0.0005198347479294717,0.0005196152422706632,1.000422438837339
0.03,0.34033920413889424,0.0005198421197611072,0.0005196152422706632,1.0004366259339363
0.03,0.3490658503988659,0.0005198492973660763,0.0005196152422706632,1.0004504392411397
0.03,0.35779249665883756,0.0005198562610808647,0.0005196152422706632,1.0004638409164985
0.03,0.3665191429188092,0.0005198629918259437,0.0005196152422706632,1.0004767942414425
0.03,0.3752457891787809,0.000519869471163427,0.0005196152422706632,1.0004892637322431
0.03,0.3839724354387525,0.0005198756813426325,0.0005196152422706632,1.0005012152276966
0.03,0.39269908169872414,0.0005198816053522074,0.0005196152422706632,1.000512615989439
0.03,0.4014257279586958,0.0005198872269651649,0.0005196152422706632,1.00052343478862
0.03,0.41015237421866746,0.0005198925307830188,0.0005196152422706632,1.0005336419908388
0.03,0.4188790204786391,0.0005198975022781095,0.0005196152422706632,1.000543209637602
0.03,0.4276056667386107,0.0005199021278336264,0.0005196152422706632,1.0005521115233447
0.03,0.4363323129985824,0.0005199063947804353,0.0005196152422706632,1.0005603232663072
0.03,0.44505895925855404,0.0005199102914329545,0.0005196152422706632,1.000567822377577
0.03,0.4537856055185257,0.0005199138071182659,0.0005196152422706632,1.000574588317113
0.03,0.4625122517784973,0.0005199169322082781,0.0005196152422706632,1.0005806025556456
0.03,0.47123889803846897,0.0005199196581443765,0.0005196152422706632,1.0005858486221133
0.03,0.4799655442984406,0.0005199219774614143,0.0005196152422706632,1.0005903121498336
0.03,0.4886921905584123,0.0005199238838079546,0.0005196152422706632,1.000593980915461
0.03,0.49741883681838395,0.0005199253719632141,0.0005196152422706632,1.0005968448715932
0.03,0.5061454830783556,0.0005199264378514519,0.0005196152422706632,1.0005988961744632
0.03,0.5148721293383273,0.0005199270785545418,0.0005196152422706632,1.0006001292081346
0.03,0.5235987755982988,0.0005199272923172235,0.0005196152422706632,1.0006005405946072
0.03,0.5323254218582705,0.0005199270785543427,0.0005196152422706632,1.0006001292077515
0.03,0.5410520681182421,0.0005199264378517115,0.0005196152422706632,1.0005988961749628
0.03,0.5497787143782138,0.0005199253719631316,0.0005196152422706632,1.0005968448714344
0.03,0.5585053606381855,0.0005199238838079145,0.0005196152422706632,1.0005939809153837
0.03,0.5672320068981571,0.0005199219774615817,0.0005196152422706632,1.0005903121501558
0.03,0.5759586531581288,0.0005199196581444972,0.0005196152422706632,1.0005858486223456
0.03,0.5846852994181004,0.0005199169322083407,0.0005196152422706632,1.0005806025557664
0.03,0.5934119456780721,0.0005199138071182381,0.0005196152422706632,1.0005745883170598
0.03,0.6021385919380436,0.0005199102914327355,0.0005196152422706632,1.0005678223771555
0.03,0.6108652381980153,0.000519906394780498,0.0005196152422706632,1.0005603232664277
0.03,0.619591884457987,0.0005199021278334923,0.0005196152422706632,1.0005521115230867
0.03,0.6283185307179586,0.0005198975022778969,0.0005196152422706632,1.0005432096371927
0.03,0.6370451769779303,0.0005198925307827439,0.0005196152422706632,1.00053364199031
0.03,0.6457718232379019,0.000519887226965104,0.0005196152422706632,1.0005234347885026
0.03,0.6544984694978736,0.0005198816053521443,0.0005196152422706632,1.0005126159893176
0.03,0.6632251157578453,0.0005198756813425739,0.0005196152422706632,1.0005012152275836
0.03,0.6719517620178169,0.000519869471162966,0.0005196152422706632,1.000489263731356
0.03,0.6806784082777885,0.000519862991826111,0.0005196152422706632,1.0004767942417645
0.03,0.6894050545377601,0.0005198562610804951,0.0005196152422706632,1.0004638409157873
0.03,0.6981317007977318,0.0005198492973660588,0.0005196152422706632,1.0004504392411062
0.03,0.7068583470577035,0.0005198421197607836,0.0005196152422706632,1.0004366259333135
0.03,0.7155849933176751,0.0005198347479292094,0.0005196152422706632,1.0004224388368341
0.03,0.7243116395776468,0.0005198272020694614,0.0005196152422706632,1.0004079168229782
0.03,0.7330382858376184,0.0005198195028572194,0.0005196152422706632,1.0003930996821102
0.03,0.7417649320975901,0.0005198116713887999,0.0005196152422706632,1.0003780280141097
0.03,0.7504915783575618,0.0005198037291241363,0.0005196152422706632,1.000362743118638
0.03,0.7592182246175333,0.0005197956978284967,0.0005196152422706632,1.000347286882973
0.03,0.767944870877505,0.0005197875995107923,0.0005196152422706632,1.0003317016632844
0.03,0.7766715171374766,0.0005197794563657564,0.0005196152422706632,1.000316030173356
0.03,0.7853981633974483,0.0005197712907115878,0.0005196152422706632,1.0003003153645813
0.03,0.7941248096574199,0.0005197631249290916,0.0005196152422706632,1.0002846003088404
0.03,0.8028514559173916,0.0005197549814004825,0.0005196152422706632,1.0002689280807249
0.03,0.8115781021773633,0.0005197468824484864,0.0005196152422706632,1.0002533416403412
0.03,0.8203047484373349,0.0005197388502743614,0.0005196152422706632,1.0002378837140304
0.03,0.8290313946973066,0.0005197309068970136,0.0005196152422706632,1.000222596677197
0.03,0.8377580409572782,0.0005197230740936149,0.0005196152422706632,1.0002075224400278
0.03,0.8464846872172498,0.0005197153733384716,0.0005196152422706632,1.0001927023298447
0.03,0.8552113334772214,0.0005197078257455352,0.0005196152422706632,1.000178176980466
0.03,0.8639379797371931,0.0005197004520092232,0.0005196152422706632,1.0001639862183174
0.03,0.8726646259971648,0.0005196932723480715,0.0005196152422706632,1.0001501689539884
0.03,0.8813912722571364,0.0005196863064497388,0.0005196152422706632,1.0001367630763969
0.03,0.8901179185171081,0.0005196795734158915,0.0005196152422706632,1.000123805346716
0.03,0.8988445647770797,0.0005196730917110574,0.0005196152422706632,1.0001113312999468
0.03,0.9075712110370514,0.0005196668791106754,0.0005196152422706632,1.0000993751449372
0.03,0.9162978572970231,0.0005196609526530881,0.0005196152422706632,1.0000879696719924
0.03,0.9250245035569946,0.000519655328592468,0.0005196152422706632,1.0000771461622826
0.03,0.9337511498169663,0.000519650022353588,0.0005196152422706632,1.0000669343007969
0.03,0.9424777960769379,0.0005196450484911642,0.0005196152422706632,1.0000573620980993
0.03,0.9512044423369096,0.0005196404206469114,0.0005196152422706632,1.000048455807682
0.03,0.9599310885968813,0.0005196361515158319,0.0005196152422706632,1.0000402398610888
0.03,0.9686577348568529,0.0005196322528078786,0.0005196152422706632,1.0000327367941344
0.03,0.9773843811168246,0.0005196287352175226,0.0005196152422706632,1.000025967188338
0.03,0.9861110273767962,0.0005196256083943427,0.0005196152422706632,1.0000199496143227
0.03,0.9948376736367679,0.0005196228809154688,0.0005196152422706632,1.0000147005787825
0.03,1.0035643198967394,0.0005196205602635378,0.0005196152422706632,1.0000102344820587
0.03,1.0122909661567112,0.0005196186528041933,0.0005196152422706632,1.000006563574839
0.03,1.0210176124166828,0.0005196171637707268,0.0005196152422706632,1.0000036979285964
0.03,1.0297442586766545,0.0005196160972478534,0.0005196152422706632,1.0000016454043696
0.03,1.038470904936626,0.0005196154561615915,0.0005196152422706632,1.0000004116332835
0.03,1.0471975511965976,0.0005196152422703305,0.0005196152422706632,0.9999999999993596
0.03,1.0559241974565694,0.0005196154561613969,0.0005196152422706632,1.0000004116329089
0.03,1.064650843716541,0.00051961609724787,0.0005196152422706632,1.0000016454044016
0.03,1.0733774899765127,0.0005196171637708509,0.0005196152422706632,1.0000036979288354
0.03,1.0821041362364843,0.0005196186528040451,0.0005196152422706632,1.0000065635745536
0.03,1.090830782496456,0.0005196205602633636,0.0005196152422706632,1.0000102344817237
0.03,1.0995574287564276,0.0005196228809152101,0.0005196152422706632,1.0000147005782847
0.03,1.1082840750163994,0.000519625608394232,0.0005196152422706632,1.0000199496141096
0.03,1.117010721276371,0.0005196287352175283,0.0005196152422706632,1.0000259671883491
0.03,1.1257373675363425,0.0005196322528076893,0.0005196152422706632,1.0000327367937702
0.03,1.1344640137963142,0.0005196361515158455,0.0005196152422706632,1.0000402398611152
0.03,1.1431906600562858,0.0005196404206469035,0.0005196152422706632,1.000048455807667
0.03,1.1519173063162575,0.0005196450484910074,0.0005196152422706632,1.0000573620977975
0.03,1.160643952576229,0.0005196500223538332,0.0005196152422706632,1.0000669343012687
0.03,1.1693705988362009,0.0005196553285925107,0.0005196152422706632,1.0000771461623648
0.03,1.1780972450961724,0.0005196609526529722,0.0005196152422706632,1.0000879696717693
0.03,1.1868238913561442,0.0005196668791106446,0.0005196152422706632,1.000099375144878
0.03,1.1955505376161157,0.0005196730917110795,0.0005196152422706632,1.0001113312999894
0.03,1.2042771838760873,0.0005196795734157432,0.0005196152422706632,1.0001238053464305
0.03,1.213003830136059,0.000519686306449436,0.0005196152422706632,1.000136763075814
0.03,1.2217304763960306,0.0005196932723482953,0.0005196152422706632,1.0001501689544192
0.03,1.2304571226560024,0.0005197004520092306,0.0005196152422706632,1.0001639862183316
0.03,1.239183768915974,0.000519707825745625,0.0005196152422706632,1.0001781769806388
0.03,1.2479104151759457,0.0005197153733387023,0.0005196152422706632,1.0001927023302888
0.03,1.2566370614359172,0.0005197230740937945,0.0005196152422706632,1.0002075224403735
0.03,1.265363707695889,0.0005197309068971146,0.0005196152422706632,1.0002225966773914
0.03,1.2740903539558606,0.0005197388502743124,0.0005196152422706632,1.000237883713936
0.03,1.2828170002158321,0.0005197468824485707,0.0005196152422706632,1.0002533416405035
0.03,1.2915436464758039,0.0005197549814004423,0.0005196152422706632,1.0002689280806476
0.03,1.3002702927357754,0.0005197631249289969,0.0005196152422706632,1.000284600308658
0.03,1.3089969389957472,0.0005197712907114881,0.0005196152422706632,1.0003003153643895
0.03,1.3177235852557188,0.0005197794563660168,0.0005196152422706632,1.000316030173857
0.03,1.3264502315156905,0.0005197875995107447,0.0005196152422706632,1.0003317016631927
0.03,1.335176877775662,0.0005197956978285466,0.0005196152422706632,1.000347286883069
0.03,1.3439035240356338,0.0005198037291243035,0.0005196152422706632,1.0003627431189597
0.03,1.3526301702956054,0.0005198116713889704,0.0005196152422706632,1.0003780280144376
0.03,1.361356816555577,0.0005198195028570054,0.0005196152422706632,1.0003930996816983
0.03,1.3700834628155487,0.0005198272020694693,0.0005196152422706632,1.0004079168229936
0.03,1.3788101090755203,0.0005198347479293078,0.0005196152422706632,1.0004224388370238
0.03,1.387536755335492,0.0005198421197608486,0.0005196152422706632,1.0004366259334385
0.03,1.3962634015954636,0.0005198492973661623,0.0005196152422706632,1.0004504392413052
0.03,1.4049900478554354,0.0005198562610807787,0.0005196152422706632,1.0004638409163331
0.03,1.413716694115407,0.0005198629918258043,0.0005196152422706632,1.0004767942411743
0.03,1.4224433403753787,0.0005198694711629835,0.0005196152422706632,1.0004892637313896
0.03,1.4311699866353502,0.0005198756813425382,0.0005196152422706632,1.000501215227515
0.03,1.4398966328953218,0.0005198816053521192,0.0005196152422706632,1.0005126159892692
0.03,1.4486232791552935,0.0005198872269653217,0.0005196152422706632,1.0005234347889216
0.03,1.457349925415265,0.0005198925307828857,0.0005196152422706632,1.0005336419905828
0.03,1.4660765716752369,0.0005198975022778361,0.0005196152422706632,1.0005432096370759
0.03,1.4748032179352084,0.0005199021278334896,0.0005196152422706632,1.0005521115230813
0.03,1.4835298641951802,0.0005199063947806527,0.0005196152422706632,1.0005603232667255
0.03,1.4922565104551517,0.000519910291432684,0.0005196152422706632,1.0005678223770562
0.03,1.5009831567151235,0.0005199138071179457,0.0005196152422706632,1.000574588316497
0.03,1.509709802975095,0.0005199169322083636,0.0005196152422706632,1.0005806025558104
0.03,1.5184364492350666,0.0005199196581444923,0.0005196152422706632,1.000585848622336
0.03,1.5271630954950384,0.0005199219774616778,0.0005196152422706632,1.0005903121503406
0.03,1.53588974175501,0.0005199238838079152,0.0005196152422706632,1.0005939809153852
0.03,1.5446163880149817,0.000519925371962783,0.0005196152422706632,1.0005968448707636
0.03,1.5533430342749532,0.0005199264378514929,0.0005196152422706632,1.000598896174542
0.03,1.562069680534925,0.0005199270785543643,0.0005196152422706632,1.000600129207793
0.03,1.5707963267948966,0.0005199272923173126,0.0005196152422706632,1.0006005405947789
0.03,1.5795229730548683,0.0005199270785544833,0.0005196152422706632,1.000600129208022
0.03,1.5882496193148399,0.0005199264378517277,0.0005196152422706632,1.000598896174994
0.03,1.5969762655748114,0.0005199253719628034,0.0005196152422706632,1.0005968448708027
0.03,1.6057029118347832,0.0005199238838083979,0.0005196152422706632,1.000593980916314
0.03,1.6144295580947547,0.0005199219774618193,0.0005196152422706632,1.000590312150613
0.03,1.6231562043547265,0.0005199196581445275,0.0005196152422706632,1.0005858486224037
0.03,1.631882850614698,0.0005199169322083121,0.0005196152422706632,1.0005806025557114
0.03,1.6406094968746698,0.0005199138071183271,0.0005196152422706632,1.000574588317231
0.03,1.6493361431346414,0.0005199102914327394,0.0005196152422706632,1.0005678223771628
0.03,1.6580627893946132,0.0005199063947808145,0.0005196152422706632,1.0005603232670368
0.03,1.6667894356545847,0.0005199021278334547,0.0005196152422706632,1.0005521115230143
0.03,1.6755160819145565,0.0005198975022781434,0.0005196152422706632,1.0005432096376672
0.03,1.684242728174528,0.0005198925307829435,0.0005196152422706632,1.000533641990694
0.03,1.6929693744344996,0.0005198872269652559,0.0005196152422706632,1.000523434788795
0.03,1.7016960206944713,0.0005198816053525441,0.0005196152422706632,1.000512615990087
0.03,1.710422666954443,0.0005198756813425242,0.0005196152422706632,1.0005012152274881
0.03,1.7191493132144147,0.000519869471163285,0.0005196152422706632,1.0004892637319698
0.03,1.7278759594743862,0.0005198629918262176,0.0005196152422706632,1.0004767942419697
0.03,1.736602605734358,0.0005198562610804164,0.0005196152422706632,1.0004638409156357
0.03,1.7453292519943295,0.0005198492973663152,0.0005196152422706632,1.0004504392415996
0.03,1.7540558982543013,0.000519842119760948,0.0005196152422706632,1.00043662593363
0.03,1.7627825445142729,0.0005198347479292072,0.0005196152422706632,1.0004224388368301
0.03,1.7715091907742444,0.0005198272020695967,0.0005196152422706632,1.0004079168232387
0.03,1.7802358370342162,0.0005198195028574692,0.0005196152422706632,1.000393099682591
0.03,1.7889624832941877,0.000519811671389028,0.0005196152422706632,1.0003780280145487
0.03,1.7976891295541595,0.0005198037291244098,0.0005196152422706632,1.0003627431191644
0.03,1.806415775814131,0.0005197956978284951,0.0005196152422706632,1.00034728688297
0.03,1.8151424220741028,0.0005197875995111899,0.0005196152422706632,1.0003317016640494
0.03,1.8238690683340744,0.0005197794563662218,0.0005196152422706632,1.0003160301742515
0.03,1.8325957145940461,0.0005197712907116077,0.0005196152422706632,1.0003003153646197
0.03,1.8413223608540177,0.0005197631249290915,0.0005196152422706632,1.0002846003088401
0.03,1.8500490071139892,0.0005197549814007202,0.0005196152422706632,1.0002689280811825
0.03,1.858775653373961,0.0005197468824486356,0.0005196152422706632,1.0002533416406285
0.03,1.8675022996339325,0.0005197388502744685,0.0005196152422706632,1.0002378837142365
0.03,1.8762289458939043,0.0005197309068974642,0.0005196152422706632,1.0002225966780642
0.03,1.8849555921538759,0.0005197230740937269,0.0005196152422706632,1.0002075224402434
0.03,1.8936822384138476,0.0005197153733391134,0.0005196152422706632,1.00019270233108
0.03,1.9024088846738192,0.0005197078257458961,0.0005196152422706632,1.0001781769811608
0.03,1.911135530933791,0.0005197004520095299,0.0005196152422706632,1.0001639862189073
0.03,1.9198621771937625,0.0005196932723483012,0.0005196152422706632,1.0001501689544305
0.03,1.928588823453734,0.0005196863064501467,0.0005196152422706632,1.0001367630771818
0.03,1.9373154697137058,0.0005196795734160461,0.0005196152422706632,1.0001238053470136
0.03,1.9460421159736774,0.0005196730917115037,0.0005196152422706632,1.0001113313008059
0.03,1.9547687622336491,0.0005196668791109772,0.0005196152422706632,1.0000993751455178
0.03,1.9634954084936207,0.0005196609526534407,0.0005196152422706632,1.0000879696726712
0.03,1.9722220547535925,0.0005196553285925635,0.0005196152422706632,1.0000771461624665
0.03,1.980948701013564,0.0005196500223540358,0.0005196152422706632,1.0000669343016586
0.03,1.9896753472735358,0.0005196450484913202,0.0005196152422706632,1.0000573620983995
0.03,1.9984019935335073,0.0005196404206474232,0.0005196152422706632,1.000048455808667
0.03,2.007128639793479,0.0005196361515161471,0.0005196152422706632,1.0000402398616957
0.03,2.0158552860534504,0.0005196322528082134,0.0005196152422706632,1.0000327367947788
0.03,2.0245819323134224,0.0005196287352180068,0.0005196152422706632,1.0000259671892697
0.03,2.033308578573394,0.000519625608394569,0.0005196152422706632,1.0000199496147582
0.03,2.0420352248333655,0.0005196228809156317,0.0005196152422706632,1.000014700579096
0.03,2.050761871093337,0.000519620560263818,0.0005196152422706632,1.0000102344825983
0.03,2.059488517353309,0.0005196186528042316,0.0005196152422706632,1.0000065635749125
0.03,2.0682151636132806,0.0005196171637707197,0.0005196152422706632,1.000003697928583
0.03,2.076941809873252,0.0005196160972480421,0.0005196152422706632,1.0000016454047327
0.03,2.0856684561332237,0.000519615456161681,0.0005196152422706632,1.0000004116334555
0.03,2.0943951023931953,0.000519615242270784,0.0005196152422706632,1.0000000000002325
0.03,2.1031217486531673,0.0005196154561617814,0.0005196152422706632,1.0000004116336487
0.03,2.111848394913139,0.000519616097248146,0.0005196152422706632,1.0000016454049327
0.03,2.1205750411731104,0.0005196171637711401,0.0005196152422706632,1.0000036979293918
0.03,2.129301687433082,0.0005196186528045129,0.0005196152422706632,1.000006563575454
0.03,2.138028333693054,0.000519620560263548,0.0005196152422706632,1.0000102344820785
0.03,2.1467549799530254,0.00051962288091572,0.0005196152422706632,1.000014700579266
0.03,2.155481626212997,0.0005196256083947577,0.0005196152422706632,1.0000199496151212
0.03,2.1642082724729685,0.000519628735217914,0.0005196152422706632,1.0000259671890912
0.03,2.17293491873294,0.0005196322528082346,0.0005196152422706632,1.0000327367948196
0.03,2.181661564992912,0.0005196361515162606,0.0005196152422706632,1.000040239861914
0.03,2.1903882112528836,0.0005196404206472625,0.0005196152422706632,1.0000484558083578
0.03,2.199114857512855,0.0005196450484913953,0.0005196152422706632,1.0000573620985438
0.03,2.2078415037728267,0.000519650022354094,0.0005196152422706632,1.0000669343017707
0.03,2.2165681500327987,0.0005196553285927703,0.0005196152422706632,1.0000771461628646
0.03,2.2252947962927703,0.0005196609526534852,0.0005196152422706632,1.0000879696727567
0.03,2.234021442552742,0.0005196668791110425,0.0005196152422706632,1.0000993751456437
0.03,2.2427480888127134,0.000519673091711515,0.0005196152422706632,1.0001113313008274
0.03,2.251474735072685,0.0005196795734162458,0.0005196152422706632,1.000123805347398
0.03,2.260201381332657,0.0005196863064500038,0.0005196152422706632,1.0001367630769067
0.03,2.2689280275926285,0.0005196932723484367,0.0005196152422706632,1.0001501689546912
0.03,2.2776546738526,0.0005197004520097478,0.0005196152422706632,1.0001639862193268
0.03,2.2863813201125716,0.000519707825745987,0.0005196152422706632,1.0001781769813356
0.03,2.2951079663725436,0.0005197153733390344,0.0005196152422706632,1.0001927023309278
0.03,2.303834612632515,0.00051972307409388,0.0005196152422706632,1.000207522440538
0.03,2.3125612588924866,0.0005197309068976138,0.0005196152422706632,1.000222596678352
0.03,2.321287905152458,0.000519738850274602,0.0005196152422706632,1.0002378837144934
0.03,2.3300145514124297,0.0005197468824488883,0.0005196152422706632,1.0002533416411148
0.03,2.3387411976724017,0.0005197549814008746,0.0005196152422706632,1.0002689280814796
0.03,2.3474678439323733,0.0005197631249293397,0.0005196152422706632,1.0002846003093178
0.03,2.356194490192345,0.0005197712907118792,0.0005196152422706632,1.0003003153651422
0.03,2.3649211364523164,0.0005197794563663496,0.0005196152422706632,1.0003160301744976
0.03,2.3736477827122884,0.0005197875995111984,0.0005196152422706632,1.0003317016640658
0.03,2.38237442897226,0.0005197956978288675,0.0005196152422706632,1.0003472868836867
0.03,2.3911010752322315,0.0005198037291245888,0.0005196152422706632,1.0003627431195088
0.03,2.399827721492203,0.0005198116713891214,0.0005196152422706632,1.0003780280147283
0.03,2.4085543677521746,0.0005198195028574173,0.0005196152422706632,1.000393099682491
0.03,2.4172810140121466,0.0005198272020699798,0.0005196152422706632,1.0004079168239761
0.03,2.426007660272118,0.0005198347479297813,0.0005196152422706632,1.0004224388379348
0.03,2.4347343065320897,0.000519842119761222,0.0005196152422706632,1.000436625934157
0.03,2.443460952792061,0.0005198492973665467,0.0005196152422706632,1.000450439242045
0.03,2.452187599052033,0.0005198562610808133,0.0005196152422706632,1.0004638409163997
0.03,2.4609142453120048,0.0005198629918264514,0.0005196152422706632,1.0004767942424198
0.03,2.4696408915719763,0.0005198694711635113,0.0005196152422706632,1.0004892637324052
0.03,2.478367537831948,0.0005198756813428194,0.0005196152422706632,1.0005012152280564
0.03,2.4870941840919194,0.000519881605352533,0.0005196152422706632,1.0005126159900657
0.03,2.4958208303518914,0.0005198872269656477,0.0005196152422706632,1.000523434789549
0.03,2.504547476611863,0.0005198925307830641,0.0005196152422706632,1.000533641990926
0.03,2.5132741228718345,0.0005198975022782061,0.0005196152422706632,1.0005432096377878
0.03,2.522000769131806,0.0005199021278338398,0.0005196152422706632,1.0005521115237554
0.03,2.530727415391778,0.0005199063947809111,0.0005196152422706632,1.0005603232672227
0.03,2.5394540616517496,0.0005199102914332336,0.0005196152422706632,1.000567822378114
0.03,2.548180707911721,0.0005199138071186306,0.0005196152422706632,1.000574588317815
0.03,2.5569073541716927,0.0005199169322084091,0.0005196152422706632,1.000580602555898
0.03,2.5656340004316642,0.0005199196581447095,0.0005196152422706632,1.0005858486227541
0.03,2.5743606466916362,0.0005199219774618335,0.0005196152422706632,1.0005903121506403
0.03,2.5830872929516078,0.000519923883808278,0.0005196152422706632,1.0005939809160833
0.03,2.5918139392115793,0.0005199253719635694,0.0005196152422706632,1.0005968448722768
0.03,2.600540585471551,0.0005199264378517987,0.0005196152422706632,1.0005988961751306
0.03,2.609267231731523,0.0005199270785546887,0.0005196152422706632,1.0006001292084172
0.03,2.6179938779914944,0.0005199272923173423,0.0005196152422706632,1.000600540594836
0.03,2.626720524251466,0.000519927078554814,0.0005196152422706632,1.0006001292086584
0.03,2.6354471705114375,0.00051992643785188,0.0005196152422706632,1.000598896175287
0.03,2.644173816771409,0.000519925371963473,0.0005196152422706632,1.0005968448720914
0.03,2.652900463031381,0.0005199238838084064,0.0005196152422706632,1.0005939809163304
0.03,2.6616271092913526,0.000519921977461831,0.0005196152422706632,1.0005903121506354
0.03,2.670353755551324,0.0005199196581447078,0.0005196152422706632,1.0005858486227506
0.03,2.6790804018112957,0.0005199169322085607,0.0005196152422706632,1.0005806025561896
0.03,2.6878070480712677,0.0005199138071185503,0.0005196152422706632,1.0005745883176604
0.03,2.6965336943312392,0.0005199102914331376,0.0005196152422706632,1.000567822377929
0.03,2.705260340591211,0.0005199063947808959,0.0005196152422706632,1.0005603232671936
0.03,2.7139869868511823,0.0005199021278336759,0.0005196152422706632,1.00055211152344
0.03,2.722713633111154,0.0005198975022783078,0.0005196152422706632,1.0005432096379834
0.03,2.731440279371126,0.0005198925307834153,0.0005196152422706632,1.000533641991602
0.03,2.7401669256310974,0.0005198872269655615,0.0005196152422706632,1.0005234347893832
0.03,2.748893571891069,0.0005198816053524331,0.0005196152422706632,1.0005126159898734
0.03,2.7576202181510405,0.0005198756813427785,0.0005196152422706632,1.0005012152279773
0.03,2.7663468644110125,0.0005198694711635352,0.0005196152422706632,1.0004892637324514
0.03,2.775073510670984,0.0005198629918264815,0.0005196152422706632,1.0004767942424775
0.03,2.7838001569309556,0.0005198562610808567,0.0005196152422706632,1.0004638409164832
0.03,2.792526803190927,0.0005198492973665868,0.0005196152422706632,1.0004504392421223
0.03,2.8012534494508987,0.0005198421197612247,0.0005196152422706632,1.0004366259341624
0.03,2.8099800957108707,0.0005198347479297074,0.0005196152422706632,1.0004224388377925
0.03,2.8187067419708423,0.0005198272020700321,0.0005196152422706632,1.0004079168240767
0.03,2.827433388230814,0.0005198195028575353,0.0005196152422706632,1.000393099682718
0.03,2.8361600344907854,0.0005198116713892382,0.0005196152422706632,1.000378028014953
0.03,2.8448866807507573,0.0005198037291247106,0.0005196152422706632,1.000362743119743
0.03,2.853613327010729,0.0005197956978287657,0.0005196152422706632,1.0003472868834906
0.03,2.8623399732707004,0.0005197875995113227,0.0005196152422706632,1.0003317016643052
0.03,2.871066619530672,0.0005197794563663079,0.0005196152422706632,1.0003160301744172
0.03,2.8797932657906435,0.0005197712907120477,0.0005196152422706632,1.0003003153654664
0.03,2.8885199120506155,0.0005197631249294601,0.0005196152422706632,1.0002846003095496
0.03,2.897246558310587,0.0005197549814009752,0.0005196152422706632,1.0002689280816732
0.03,2.9059732045705586,0.0005197468824487266,0.0005196152422706632,1.0002533416408035
0.03,2.91469985083053,0.0005197388502747667,0.0005196152422706632,1.0002378837148103
0.03,2.923426497090502,0.000519730906897362,0.0005196152422706632,1.0002225966778675
0.03,2.9321531433504737,0.0005197230740939241,0.0005196152422706632,1.0002075224406228
0.03,2.9408797896104453,0.0005197153733389675,0.0005196152422706632,1.000192702330799
0.03,2.949606435870417,0.0005197078257458738,0.0005196152422706632,1.0001781769811178
0.03,2.9583330821303884,0.0005197004520096006,0.0005196152422706632,1.0001639862190437
0.03,2.9670597283903604,0.000519693272348261,0.0005196152422706632,1.0001501689543533
0.03,2.975786374650332,0.000519686306450124,0.0005196152422706632,1.000136763077138
0.03,2.9845130209103035,0.0005196795734164979,0.0005196152422706632,1.000123805347883
0.03,2.993239667170275,0.0005196730917113097,0.0005196152422706632,1.0001113313004324
0.03,3.001966313430247,0.0005196668791112501,0.0005196152422706632,1.000099375146043
0.03,3.0106929596902186,0.000519660952653453,0.0005196152422706632,1.0000879696726948
0.03,3.01941960595019,0.0005196553285926532,0.0005196152422706632,1.0000771461626392
0.03,3.0281462522101616,0.0005196500223538424,0.0005196152422706632,1.0000669343012865
0.03,3.036872898470133,0.0005196450484910177,0.0005196152422706632,1.0000573620978173
0.03,3.045599544730105,0.0005196404206476956,0.0005196152422706632,1.0000484558091913
0.03,3.0543261909900767,0.0005196361515162093,0.0005196152422706632,1.0000402398618151
0.03,3.0630528372500483,0.0005196322528081447,0.0005196152422706632,1.0000327367946464
0.03,3.07177948351002,0.0005196287352180742,0.0005196152422706632,1.0000259671893996
0.03,3.080506129769992,0.000519625608394476,0.0005196152422706632,1.0000199496145792
0.03,3.0892327760299634,0.000519622880915667,0.0005196152422706632,1.0000147005791638
0.03,3.097959422289935,0.0005196205602639042,0.0005196152422706632,1.0000102344827642
0.03,3.1066860685499065,0.0005196186528045039,0.0005196152422706632,1.0000065635754367
0.03,3.115412714809878,0.0005196171637709891,0.0005196152422706632,1.0000036979291012
0.03,3.12413936106985,0.0005196160972481799,0.0005196152422706632,1.000001645404998
0.03,3.1328660073298216,0.0005196154561616749,0.0005196152422706632,1.000000411633444
0.03,3.141592653589793,0.0005196152422708433,0.0005196152422706632,1.0000000000003466
0.03,3.1503192998497647,0.0005196154561618911,0.0005196152422706632,1.0000004116338599
0.03,3.1590459461097367,0.0005196160972481644,0.0005196152422706632,1.000001645404968
0.03,3.167772592369708,0.0005196171637709716,0.0005196152422706632,1.0000036979290676
0.03,3.1764992386296798,0.0005196186528046032,0.0005196152422706632,1.000006563575628
0.03,3.1852258848896513,0.0005196205602635288,0.0005196152422706632,1.0000102344820414
0.03,3.193952531149623,0.0005196228809158645,0.0005196152422706632,1.0000147005795441
0.03,3.202679177409595,0.0005196256083946557,0.0005196152422706632,1.0000199496149251
0.03,3.2114058236695664,0.0005196287352179256,0.0005196152422706632,1.0000259671891136
0.03,3.220132469929538,0.0005196322528082857,0.0005196152422706632,1.000032736794918
0.03,3.2288591161895095,0.0005196361515161417,0.0005196152422706632,1.0000402398616852
0.03,3.2375857624494815,0.0005196404206471643,0.0005196152422706632,1.0000484558081688
0.03,3.246312408709453,0.0005196450484911656,0.0005196152422706632,1.000057362098102
0.03,3.2550390549694246,0.0005196500223537675,0.0005196152422706632,1.0000669343011421
0.03,3.263765701229396,0.0005196553285925457,0.0005196152422706632,1.0000771461624323
0.03,3.2724923474893677,0.0005196609526535812,0.0005196152422706632,1.0000879696729414
0.03,3.2812189937493397,0.0005196668791111888,0.0005196152422706632,1.000099375145925
0.03,3.2899456400093112,0.0005196730917113185,0.0005196152422706632,1.0001113313004493
0.03,3.2986722862692828,0.0005196795734162378,0.0005196152422706632,1.0001238053473824
0.03,3.3073989325292543,0.0005196863064496825,0.0005196152422706632,1.0001367630762883
0.03,3.3161255787892263,0.0005196932723481282,0.0005196152422706632,1.0001501689540977
0.03,3.324852225049198,0.0005197004520094613,0.0005196152422706632,1.0001639862187754
0.03,3.3335788713091694,0.0005197078257457283,0.0005196152422706632,1.0001781769808378
0.03,3.342305517569141,0.0005197153733388002,0.0005196152422706632,1.000192702330477
0.03,3.351032163829113,0.0005197230740937659,0.0005196152422706632,1.0002075224403184
0.03,3.3597588100890845,0.0005197309068974998,0.0005196152422706632,1.0002225966781328
0.03,3.368485456349056,0.0005197388502744453,0.0005196152422706632,1.0002378837141919
0.03,3.3772121026090276,0.0005197468824487731,0.0005196152422706632,1.000253341640893
0.03,3.385938748868999,0.0005197549814008192,0.0005196152422706632,1.000268928081373
0.03,3.394665395128971,0.0005197631249293953,0.0005196152422706632,1.0002846003094248
0.03,3.4033920413889427,0.0005197712907119217,0.0005196152422706632,1.000300315365224
0.03,3.4121186876489142,0.0005197794563660302,0.0005196152422706632,1.0003160301738827
0.03,3.420845333908886,0.0005197875995110167,0.0005196152422706632,1.0003317016637163
0.03,3.429571980168858,0.0005197956978285823,0.0005196152422706632,1.0003472868831378
0.03,3.4382986264288293,0.0005198037291247104,0.0005196152422706632,1.0003627431197428
0.03,3.447025272688801,0.0005198116713889556,0.0005196152422706632,1.0003780280144092
0.03,3.4557519189487724,0.0005198195028575522,0.0005196152422706632,1.0003930996827506
0.03,3.464478565208744,0.0005198272020695748,0.0005196152422706632,1.0004079168231965
0.03,3.473205211468716,0.0005198347479294681,0.0005196152422706632,1.0004224388373322
0.03,3.4819318577286875,0.0005198421197608582,0.0005196152422706632,1.0004366259334572
0.03,3.490658503988659,0.0005198492973660791,0.0005196152422706632,1.000450439241145
0.03,3.4993851502486306,0.000519856261080674,0.0005196152422706632,1.0004638409161315
0.03,3.5081117965086026,0.0005198629918259362,0.0005196152422706632,1.0004767942414283
0.03,3.516838442768574,0.0005198694711630357,0.0005196152422706632,1.0004892637314902
0.03,3.5255650890285457,0.0005198756813425876,0.0005196152422706632,1.0005012152276103
0.03,3.5342917352885173,0.0005198816053522368,0.0005196152422706632,1.0005126159894955
0.03,3.543018381548489,0.000519887226965282,0.0005196152422706632,1.0005234347888452
0.03,3.551745027808461,0.0005198925307828874,0.0005196152422706632,1.000533641990586
0.03,3.5604716740684323,0.0005198975022778539,0.0005196152422706632,1.00054320963711
0.03,3.569198320328404,0.0005199021278334574,0.0005196152422706632,1.0005521115230194
0.03,3.5779249665883754,0.0005199063947804555,0.0005196152422706632,1.000560323266346
0.03,3.5866516128483474,0.0005199102914329916,0.0005196152422706632,1.0005678223776482
0.03,3.595378259108319,0.0005199138071183507,0.0005196152422706632,1.0005745883172763
0.03,3.6041049053682905,0.0005199169322083609,0.0005196152422706632,1.000580602555805
0.03,3.612831551628262,0.0005199196581445731,0.0005196152422706632,1.0005858486224914
0.03,3.6215581978882336,0.0005199219774615764,0.0005196152422706632,1.0005903121501456
0.03,3.6302848441482056,0.0005199238838079692,0.0005196152422706632,1.0005939809154891
0.03,3.639011490408177,0.0005199253719631736,0.0005196152422706632,1.000596844871515
0.03,3.6477381366681487,0.0005199264378516813,0.0005196152422706632,1.0005988961749046
0.03,3.6564647829281203,0.000519927078554481,0.0005196152422706632,1.0006001292080176
0.03,3.6651914291880923,0.000519927292317372,0.0005196152422706632,1.0006005405948932
0.03,3.673918075448064,0.000519927078554213,0.0005196152422706632,1.000600129207502
0.03,3.6826447217080354,0.0005199264378514771,0.0005196152422706632,1.0005988961745116
0.03,3.691371367968007,0.0005199253719631471,0.0005196152422706632,1.0005968448714642
0.03,3.7000980142279785,0.0005199238838080322,0.0005196152422706632,1.0005939809156104
0.03,3.7088246604879505,0.0005199219774616556,0.0005196152422706632,1.000590312150298
0.03,3.717551306747922,0.0005199196581444235,0.0005196152422706632,1.0005858486222037
0.03,3.7262779530078936,0.0005199169322082048,0.0005196152422706632,1.0005806025555046
0.03,3.735004599267865,0.0005199138071182446,0.0005196152422706632,1.0005745883170722
0.03,3.743731245527837,0.0005199102914329849,0.0005196152422706632,1.0005678223776353
0.03,3.7524578917878086,0.0005199063947806376,0.0005196152422706632,1.0005603232666964
0.03,3.76118453804778,0.0005199021278335022,0.0005196152422706632,1.0005521115231055
0.03,3.7699111843077517,0.0005198975022779622,0.0005196152422706632,1.0005432096373186
0.03,3.7786378305677233,0.0005198925307828584,0.0005196152422706632,1.0005336419905302
0.03,3.7873644768276953,0.0005198872269650812,0.0005196152422706632,1.0005234347884588
0.03,3.796091123087667,0.0005198816053521329,0.0005196152422706632,1.0005126159892956
0.03,3.8048177693476384,0.0005198756813425771,0.0005196152422706632,1.0005012152275898
0.03,3.81354441560761,0.000519869471162966,0.0005196152422706632,1.000489263731356
0.03,3.822271061867582,0.0005198629918260753,0.0005196152422706632,1.0004767942416959
0.03,3.8309977081275535,0.0005198562610805349,0.0005196152422706632,1.000463840915864
0.03,3.839724354387525,0.00051984929736595,0.0005196152422706632,1.0004504392408966
0.03,3.8484510006474966,0.0005198421197607532,0.0005196152422706632,1.000436625933255
0.03,3.857177646907468,0.0005198347479291165,0.0005196152422706632,1.0004224388366554
0.03,3.86590429316744,0.0005198272020694687,0.0005196152422706632,1.0004079168229925
0.03,3.8746309394274117,0.0005198195028571966,0.0005196152422706632,1.0003930996820662
0.03,3.883357585687383,0.0005198116713886334,0.0005196152422706632,1.0003780280137893
0.03,3.8920842319473548,0.0005198037291242843,0.0005196152422706632,1.0003627431189226
0.03,3.9008108782073267,0.0005197956978287566,0.0005196152422706632,1.000347286883473
0.03,3.9095375244672983,0.0005197875995109232,0.0005196152422706632,1.0003317016635362
0.03,3.91826417072727,0.0005197794563658852,0.0005196152422706632,1.0003160301736038
0.03,3.9269908169872414,0.0005197712907115184,0.0005196152422706632,1.0003003153644479
0.03,3.935717463247213,0.0005197631249289528,0.0005196152422706632,1.0002846003085732
0.03,3.944444109507185,0.0005197549814005102,0.0005196152422706632,1.0002689280807782
0.03,3.9531707557671565,0.0005197468824484333,0.0005196152422706632,1.000253341640239
0.03,3.961897402027128,0.0005197388502743959,0.0005196152422706632,1.0002378837140968
0.03,3.9706240482870996,0.0005197309068970041,0.0005196152422706632,1.0002225966771787
0.03,3.9793506945470716,0.0005197230740935488,0.0005196152422706632,1.0002075224399007
0.03,3.988077340807043,0.0005197153733384699,0.0005196152422706632,1.0001927023298414
0.03,3.9968039870670147,0.0005197078257456623,0.0005196152422706632,1.0001781769807108
0.03,4.005530633326987,0.0005197004520092817,0.0005196152422706632,1.0001639862184297
0.03,4.014257279586958,0.0005196932723481472,0.0005196152422706632,1.0001501689541341
0.03,4.02298392584693,0.0005196863064497191,0.0005196152422706632,1.000136763076359
0.03,4.031710572106901,0.0005196795734159135,0.0005196152422706632,1.0001238053467583
0.03,4.040437218366873,0.0005196730917113024,0.0005196152422706632,1.0001113313004184
0.03,4.049163864626845,0.0005196668791106351,0.0005196152422706632,1.0000993751448595
0.03,4.057890510886816,0.0005196609526530743,0.0005196152422706632,1.000087969671966
0.03,4.066617157146788,0.0005196553285924006,0.0005196152422706632,1.000077146162153
0.03,4.075343803406759,0.0005196500223536221,0.0005196152422706632,1.0000669343008624
0.03,4.084070449666731,0.0005196450484910161,0.0005196152422706632,1.0000573620978142
0.03,4.092797095926703,0.0005196404206471214,0.0005196152422706632,1.0000484558080864
0.03,4.101523742186674,0.0005196361515159453,0.0005196152422706632,1.000040239861307
0.03,4.110250388446646,0.000519632252807979,0.0005196152422706632,1.0000327367943278
0.03,4.118977034706618,0.000519628735217518,0.0005196152422706632,1.0000259671883291
0.03,4.127703680966589,0.0005196256083945184,0.0005196152422706632,1.0000199496146607
0.03,4.136430327226561,0.0005196228809153959,0.0005196152422706632,1.0000147005786422
0.03,4.145156973486532,0.000519620560263422,0.0005196152422706632,1.000010234481836
0.03,4.153883619746504,0.0005196186528040358,0.0005196152422706632,1.0000065635745357
0.03,4.162610266006476,0.0005196171637706201,0.0005196152422706632,1.000003697928391
0.03,4.171336912266447,0.0005196160972477769,0.0005196152422706632,1.0000016454042224
0.03,4.180063558526419,0.0005196154561616023,0.0005196152422706632,1.000000411633304
0.03,4.1887902047863905,0.0005196152422705045,0.0005196152422706632,0.9999999999996946
0.03,4.1975168510463625,0.0005196154561615336,0.0005196152422706632,1.000000411633172
0.03,4.2062434973063345,0.000519616097247948,0.0005196152422706632,1.0000016454045515
0.03,4.214970143566306,0.0005196171637707183,0.0005196152422706632,1.0000036979285802
0.03,4.223696789826278,0.0005196186528041041,0.0005196152422706632,1.000006563574667
0.03,4.232423436086249,0.0005196205602632258,0.0005196152422706632,1.0000102344814585
0.03,4.241150082346221,0.0005196228809155638,0.0005196152422706632,1.0000147005789652
0.03,4.249876728606193,0.0005196256083942805,0.0005196152422706632,1.0000199496142028
0.03,4.258603374866164,0.0005196287352175953,0.0005196152422706632,1.000025967188478
0.03,4.267330021126136,0.0005196322528078331,0.0005196152422706632,1.000032736794047
0.03,4.276056667386108,0.0005196361515157169,0.0005196152422706632,1.0000402398608677
0.03,4.284783313646079,0.0005196404206470781,0.0005196152422706632,1.000048455808003
0.03,4.293509959906051,0.0005196450484910229,0.0005196152422706632,1.0000573620978273
0.03,4.302236606166022,0.0005196500223537368,0.0005196152422706632,1.000066934301083
0.03,4.310963252425994,0.0005196553285922441,0.0005196152422706632,1.0000771461618516
0.03,4.319689898685966,0.0005196609526528913,0.0005196152422706632,1.0000879696716136
0.03,4.328416544945937,0.0005196668791107654,0.0005196152422706632,1.0000993751451104
0.03,4.337143191205909,0.0005196730917112956,0.0005196152422706632,1.000111331300405
0.03,4.34586983746588,0.0005196795734157699,0.0005196152422706632,1.000123805346482
0.03,4.354596483725852,0.0005196863064497717,0.0005196152422706632,1.00013676307646
0.03,4.363323129985824,0.0005196932723481188,0.0005196152422706632,1.0001501689540795
0.03,4.372049776245795,0.0005197004520091816,0.0005196152422706632,1.0001639862182372
0.03,4.380776422505767,0.0005197078257456932,0.0005196152422706632,1.00017817698077
0.03,4.389503068765738,0.0005197153733384769,0.0005196152422706632,1.000192702329855
0.03,4.39822971502571,0.0005197230740937597,0.0005196152422706632,1.0002075224403064
0.03,4.406956361285682,0.0005197309068972708,0.0005196152422706632,1.0002225966776919
0.03,4.4156830075456535,0.0005197388502742785,0.0005196152422706632,1.0002378837138708
0.03,4.4244096538056255,0.0005197468824487381,0.0005196152422706632,1.0002533416408257
0.03,4.4331363000655974,0.000519754981400435,0.0005196152422706632,1.0002689280806334
0.03,4.4418629463255686,0.0005197631249290296,0.0005196152422706632,1.000284600308721
0.03,4.4505895925855405,0.0005197712907115652,0.0005196152422706632,1.000300315364538
0.03,4.459316238845512,0.000519779456365854,0.0005196152422706632,1.0003160301735436
0.03,4.468042885105484,0.0005197875995106874,0.0005196152422706632,1.0003317016630824
0.03,4.476769531365456,0.0005197956978284966,0.0005196152422706632,1.0003472868829728
0.03,4.485496177625427,0.0005198037291244489,0.0005196152422706632,1.0003627431192395
0.03,4.494222823885399,0.0005198116713884028,0.0005196152422706632,1.0003780280133454
0.03,4.50294947014537,0.0005198195028574128,0.0005196152422706632,1.0003930996824821
0.03,4.511676116405342,0.0005198272020696385,0.0005196152422706632,1.000407916823319
0.03,4.520402762665314,0.0005198347479292261,0.0005196152422706632,1.0004224388368663
0.03,4.529129408925285,0.0005198421197606388,0.0005196152422706632,1.0004366259330348
0.03,4.537856055185257,0.0005198492973660212,0.0005196152422706632,1.0004504392410338
0.03,4.546582701445229,0.0005198562610805451,0.0005196152422706632,1.0004638409158835
0.03,4.5553093477052,0.0005198629918260701,0.0005196152422706632,1.000476794241686
0.03,4.564035993965172,0.000519869471163392,0.0005196152422706632,1.0004892637321758
0.03,4.572762640225143,0.0005198756813424478,0.0005196152422706632,1.000501215227341
0.03,4.581489286485115,0.0005198816053521076,0.0005196152422706632,1.0005126159892468
0.03,4.590215932745087,0.0005198872269651491,0.0005196152422706632,1.0005234347885894
0.03,4.598942579005058,0.0005198925307828874,0.0005196152422706632,1.000533641990586
0.03,4.60766922526503,0.0005198975022780288,0.0005196152422706632,1.0005432096374467
0.03,4.616395871525001,0.0005199021278332723,0.0005196152422706632,1.0005521115226632
0.03,4.625122517784973,0.0005199063947805621,0.0005196152422706632,1.0005603232665512
0.03,4.633849164044945,0.00051991029143288,0.0005196152422706632,1.0005678223774335
0.03,4.642575810304916,0.0005199138071182727,0.0005196152422706632,1.0005745883171262
0.03,4.651302456564888,0.0005199169322083957,0.0005196152422706632,1.0005806025558721
0.03,4.6600291028248595,0.0005199196581444786,0.0005196152422706632,1.0005858486223096
0.03,4.6687557490848315,0.0005199219774617851,0.0005196152422706632,1.0005903121505473
0.03,4.6774823953448035,0.0005199238838082525,0.0005196152422706632,1.0005939809160342
0.03,4.686209041604775,0.00051992537196277,0.0005196152422706632,1.0005968448707385
0.03,4.694935687864747,0.0005199264378513825,0.0005196152422706632,1.0005988961743297
0.03,4.703662334124719,0.0005199270785545866,0.0005196152422706632,1.0006001292082207
0.03,4.71238898038469,0.0005199272923173126,0.0005196152422706632,1.0006005405947789
0.03,4.721115626644662,0.000519927078554151,0.0005196152422706632,1.0006001292073825
0.03,4.729842272904633,0.0005199264378517255,0.0005196152422706632,1.0005988961749896
0.03,4.738568919164605,0.0005199253719629041,0.0005196152422706632,1.0005968448709965
0.03,4.747295565424577,0.0005199238838081544,0.0005196152422706632,1.0005939809158455
0.03,4.756022211684548,0.0005199219774618271,0.0005196152422706632,1.0005903121506279
0.03,4.76474885794452,0.0005199196581443965,0.0005196152422706632,1.0005858486221517
0.03,4.773475504204491,0.0005199169322085211,0.0005196152422706632,1.0005806025561135
0.03,4.782202150464463,0.0005199138071182081,0.0005196152422706632,1.0005745883170019
0.03,4.790928796724435,0.0005199102914328284,0.0005196152422706632,1.0005678223773342
0.03,4.799655442984406,0.000519906394780606,0.0005196152422706632,1.0005603232666356
0.03,4.808382089244378,0.0005199021278334547,0.0005196152422706632,1.0005521115230143
0.03,4.817108735504349,0.0005198975022776823,0.0005196152422706632,1.0005432096367797
0.03,4.825835381764321,0.0005198925307829474,0.0005196152422706632,1.0005336419907016
0.03,4.834562028024293,0.0005198872269652945,0.0005196152422706632,1.0005234347888694
0.03,4.843288674284264,0.000519881605351998,0.0005196152422706632,1.000512615989036
0.03,4.852015320544236,0.0005198756813426452,0.0005196152422706632,1.000501215227721
0.03,4.860741966804208,0.0005198694711632275,0.0005196152422706632,1.0004892637318592
0.03,4.869468613064179,0.0005198629918260385,0.0005196152422706632,1.000476794241625
0.03,4.878195259324151,0.000519856261080763,0.0005196152422706632,1.000463840916303
0.03,4.886921905584122,0.0005198492973661623,0.0005196152422706632,1.0004504392413052
0.03,4.895648551844094,0.000519842119760894,0.0005196152422706632,1.000436625933526
0.03,4.904375198104066,0.0005198347479292266,0.0005196152422706632,1.0004224388368674
0.03,4.9131018443640375,0.0005198272020695452,0.0005196152422706632,1.0004079168231395
0.03,4.9218284906240095,0.0005198195028572,0.0005196152422706632,1.000393099682073
0.03,4.930555136883981,0.0005198116713890002,0.0005196152422706632,1.0003780280144952
0.03,4.939281783143953,0.0005198037291244858,0.0005196152422706632,1.0003627431193105
0.03,4.948008429403925,0.000519795697828178,0.0005196152422706632,1.0003472868823597
0.03,4.956735075663896,0.0005197875995112013,0.0005196152422706632,1.0003317016640714
0.03,4.965461721923868,0.0005197794563660406,0.0005196152422706632,1.000316030173903
0.03,4.974188368183839,0.0005197712907118608,0.0005196152422706632,1.0003003153651067
0.03,4.982915014443811,0.000519763124929016,0.0005196152422706632,1.000284600308695
0.03,4.991641660703783,0.0005197549814007239,0.0005196152422706632,1.0002689280811896
0.03,5.000368306963754,0.0005197468824489081,0.0005196152422706632,1.0002533416411528
0.03,5.009094953223726,0.0005197388502745636,0.0005196152422706632,1.0002378837144195
0.03,5.017821599483698,0.0005197309068974259,0.0005196152422706632,1.0002225966779905
0.03,5.026548245743669,0.0005197230740939146,0.0005196152422706632,1.0002075224406046
0.03,5.035274892003641,0.0005197153733387451,0.0005196152422706632,1.0001927023303712
0.03,5.044001538263612,0.0005197078257458129,0.0005196152422706632,1.0001781769810005
0.03,5.052728184523584,0.0005197004520092163,0.0005196152422706632,1.000163986218304
0.03,5.061454830783556,0.0005196932723484758,0.0005196152422706632,1.0001501689547665
0.03,5.070181477043527,0.0005196863064498563,0.0005196152422706632,1.0001367630766227
0.03,5.078908123303499,0.0005196795734158195,0.0005196152422706632,1.0001238053465775
0.03,5.08763476956347,0.0005196730917113823,0.0005196152422706632,1.000111331300572
0.03,5.096361415823442,0.0005196668791111128,0.0005196152422706632,1.000099375145779
0.03,5.105088062083414,0.0005196609526533843,0.0005196152422706632,1.0000879696725624
0.03,5.113814708343385,0.0005196553285923815,0.0005196152422706632,1.0000771461621163
0.03,5.122541354603357,0.0005196500223541474,0.0005196152422706632,1.0000669343018733
0.03,5.1312680008633285,0.0005196450484912631,0.0005196152422706632,1.0000573620982895
0.03,5.1399946471233005,0.0005196404206472487,0.0005196152422706632,1.0000484558083313
0.03,5.1487212933832724,0.0005196361515161192,0.0005196152422706632,1.0000402398616417
0.03,5.1574479396432436,0.0005196322528080611,0.0005196152422706632,1.0000327367944857
0.03,5.1661745859032155,0.0005196287352179521,0.0005196152422706632,1.0000259671891647
0.03,5.1749012321631875,0.0005196256083945898,0.0005196152422706632,1.0000199496147981
0.03,5.183627878423159,0.0005196228809157447,0.0005196152422706632,1.0000147005793134
0.03,5.192354524683131,0.0005196205602636546,0.0005196152422706632,1.0000102344822837
0.03,5.201081170943102,0.0005196186528043943,0.0005196152422706632,1.0000065635752258
0.03,5.209807817203074,0.0005196171637711767,0.0005196152422706632,1.0000036979294624
0.03,5.218534463463046,0.0005196160972481524,0.0005196152422706632,1.0000016454049452
0.03,5.227261109723017,0.0005196154561616409,0.0005196152422706632,1.0000004116333783
0.03,5.235987755982989,0.0005196152422708923,0.0005196152422706632,1.000000000000441
0.03,5.24471440224296,0.0005196154561618951,0.0005196152422706632,1.0000004116338677
0.03,5.253441048502932,0.0005196160972482946,0.0005196152422706632,1.0000016454052187
0.03,5.262167694762904,0.0005196171637709222,0.0005196152422706632,1.0000036979289724
0.03,5.270894341022875,0.0005196186528043442,0.0005196152422706632,1.0000065635751294
0.03,5.279620987282847,0.0005196205602638697,0.0005196152422706632,1.0000102344826978
0.03,5.288347633542818,0.0005196228809158182,0.0005196152422706632,1.0000147005794549
0.03,5.29707427980279,0.0005196256083945905,0.0005196152422706632,1.0000199496147995
0.03,5.305800926062762,0.0005196287352180832,0.0005196152422706632,1.000025967189417
0.03,5.314527572322733,0.0005196322528083329,0.0005196152422706632,1.0000327367950088
0.03,5.323254218582705,0.0005196361515164208,0.0005196152422706632,1.0000402398622223
0.03,5.331980864842677,0.0005196404206473051,0.0005196152422706632,1.0000484558084397
0.03,5.340707511102648,0.0005196450484912541,0.0005196152422706632,1.0000573620982722
0.03,5.34943415736262,0.0005196500223539406,0.0005196152422706632,1.0000669343014754
0.03,5.358160803622591,0.0005196553285927348,0.0005196152422706632,1.0000771461627962
0.03,5.366887449882563,0.0005196609526533541,0.0005196152422706632,1.0000879696725045
0.03,5.375614096142535,0.0005196668791109955,0.0005196152422706632,1.0000993751455531
0.03,5.3843407424025065,0.0005196730917114647,0.0005196152422706632,1.0001113313007306
0.03,5.3930673886624785,0.0005196795734163629,0.0005196152422706632,1.0001238053476231
0.03,5.40179403492245,0.0005196863064500352,0.0005196152422706632,1.000136763076967
0.03,5.410520681182422,0.0005196932723484577,0.0005196152422706632,1.0001501689547316
0.03,5.419247327442394,0.0005197004520096143,0.0005196152422706632,1.0001639862190699
0.03,5.427973973702365,0.0005197078257458994,0.0005196152422706632,1.000178176981167
0.03,5.436700619962337,0.0005197153733388433,0.0005196152422706632,1.00019270233056
0.03,5.445427266222308,0.0005197230740941073,0.0005196152422706632,1.0002075224409754
0.03,5.45415391248228,0.0005197309068975547,0.0005196152422706632,1.0002225966782383
0.03,5.462880558742252,0.000519738850274666,0.0005196152422706632,1.0002378837146164
0.03,5.471607205002223,0.000519746882448975,0.0005196152422706632,1.0002533416412815
0.03,5.480333851262195,0.0005197549814007595,0.0005196152422706632,1.000268928081258
0.03,5.489060497522167,0.0005197631249292897,0.0005196152422706632,1.0002846003092216
0.03,5.497787143782138,0.0005197712907118931,0.0005196152422706632,1.0003003153651688
0.03,5.50651379004211,0.0005197794563662059,0.0005196152422706632,1.000316030174221
0.03,5.515240436302081,0.0005197875995113132,0.0005196152422706632,1.0003317016642868
0.03,5.523967082562053,0.0005197956978287127,0.0005196152422706632,1.0003472868833887
0.03,5.532693728822025,0.0005198037291246477,0.0005196152422706632,1.000362743119622
0.03,5.541420375081996,0.0005198116713890924,0.0005196152422706632,1.0003780280146726
0.03,5.550147021341968,0.0005198195028575623,0.0005196152422706632,1.00039309968277
0.03,5.558873667601939,0.0005198272020697919,0.0005196152422706632,1.0004079168236144
0.03,5.567600313861911,0.0005198347479296044,0.0005196152422706632,1.0004224388375944
0.03,5.576326960121883,0.0005198421197610677,0.0005196152422706632,1.0004366259338602
0.03,5.585053606381854,0.0005198492973666873,0.0005196152422706632,1.0004504392423157
0.03,5.593780252641826,0.0005198562610807528,0.0005196152422706632,1.0004638409162832
0.03,5.602506898901797,0.0005198629918261422,0.0005196152422706632,1.0004767942418247
0.03,5.611233545161769,0.0005198694711634008,0.0005196152422706632,1.0004892637321927
0.03,5.619960191421741,0.0005198756813429507,0.0005196152422706632,1.000501215228309
0.03,5.6286868376817125,0.0005198816053527093,0.0005196152422706632,1.000512615990405
0.03,5.6374134839416845,0.0005198872269655381,0.0005196152422706632,1.0005234347893381
0.03,5.6461401302016565,0.0005198925307833511,0.0005196152422706632,1.0005336419914783
0.03,5.654866776461628,0.0005198975022783113,0.0005196152422706632,1.0005432096379903
0.03,5.6635934227216,0.0005199021278340172,0.0005196152422706632,1.0005521115240967
0.03,5.672320068981571,0.0005199063947808512,0.0005196152422706632,1.0005603232671076
0.03,5.681046715241543,0.0005199102914330966,0.0005196152422706632,1.0005678223778502
0.03,5.689773361501515,0.0005199138071185261,0.0005196152422706632,1.0005745883176138
0.03,5.698500007761486,0.000519916932208655,0.0005196152422706632,1.0005806025563713
0.03,5.707226654021458,0.0005199196581449171,0.0005196152422706632,1.0005858486231536
0.03,5.715953300281429,0.0005199219774618599,0.0005196152422706632,1.0005903121506912
0.03,5.724679946541401,0.0005199238838083884,0.0005196152422706632,1.0005939809162958
0.03,5.733406592801373,0.0005199253719634512,0.0005196152422706632,1.0005968448720495
0.03,5.742133239061344,0.0005199264378519075,0.0005196152422706632,1.00059889617534
0.03,5.750859885321316,0.0005199270785547576,0.0005196152422706632,1.00060012920855
0.03,5.759586531581287,0.0005199272923177191,0.0005196152422706632,1.0006005405955611
0.03,5.768313177841259,0.0005199270785549113,0.0005196152422706632,1.0006001292088456
0.03,5.777039824101231,0.0005199264378517579,0.0005196152422706632,1.000598896175052
0.03,5.785766470361202,0.0005199253719634811,0.0005196152422706632,1.000596844872107
0.03,5.794493116621174,0.000519923883808463,0.0005196152422706632,1.0005939809164393
0.03,5.803219762881146,0.000519921977461951,0.0005196152422706632,1.0005903121508664
0.03,5.811946409141117,0.0005199196581448257,0.0005196152422706632,1.0005858486229777
0.03,5.820673055401089,0.0005199169322085452,0.0005196152422706632,1.0005806025561599
0.03,5.82939970166106,0.000519913807118525,0.0005196152422706632,1.0005745883176118
0.03,5.838126347921032,0.0005199102914330305,0.0005196152422706632,1.000567822377723
0.03,5.846852994181004,0.0005199063947807831,0.0005196152422706632,1.0005603232669766
0.03,5.8555796404409755,0.0005199021278339388,0.0005196152422706632,1.0005521115239457
0.03,5.8643062867009474,0.0005198975022781672,0.0005196152422706632,1.000543209637713
0.03,5.8730329329609186,0.0005198925307831719,0.0005196152422706632,1.0005336419911335
0.03,5.8817595792208905,0.0005198872269654251,0.0005196152422706632,1.0005234347891208
0.03,5.8904862254808625,0.0005198816053524625,0.0005196152422706632,1.00051261598993
0.03,5.899212871740834,0.0005198756813428061,0.0005196152422706632,1.0005012152280306
0.03,5.907939518000806,0.0005198694711635541,0.0005196152422706632,1.0004892637324878
0.03,5.916666164260777,0.0005198629918262491,0.0005196152422706632,1.0004767942420303
0.03,5.925392810520749,0.0005198562610808143,0.0005196152422706632,1.0004638409164015
0.03,5.934119456780721,0.0005198492973662233,0.0005196152422706632,1.0004504392414226
0.03,5.942846103040692,0.000519842119761128,0.0005196152422706632,1.0004366259339763
0.03,5.951572749300664,0.0005198347479295702,0.0005196152422706632,1.0004224388375287
0.03,5.960299395560636,0.0005198272020699137,0.0005196152422706632,1.0004079168238487
0.03,5.969026041820607,0.0005198195028574669,0.0005196152422706632,1.0003930996825863
0.03,5.977752688080579,0.0005198116713892417,0.0005196152422706632,1.00037802801496
0.03,5.98647933434055,0.0005198037291249418,0.0005196152422706632,1.0003627431201882
0.03,5.995205980600522,0.0005197956978288413,0.0005196152422706632,1.0003472868836363
0.03,6.003932626860494,0.0005197875995113231,0.0005196152422706632,1.0003317016643059
0.03,6.012659273120465,0.0005197794563663583,0.0005196152422706632,1.0003160301745142
0.03,6.021385919380437,0.0005197712907119016,0.0005196152422706632,1.0003003153651853
0.03,6.030112565640408,0.0005197631249295035,0.0005196152422706632,1.000284600309633
0.03,6.03883921190038,0.0005197549814007501,0.0005196152422706632,1.00026892808124
0.03,6.047565858160352,0.0005197468824489098,0.0005196152422706632,1.000253341641156
0.03,6.056292504420323,0.0005197388502747171,0.0005196152422706632,1.000237883714715
0.03,6.065019150680295,0.0005197309068973666,0.0005196152422706632,1.0002225966778764
0.03,6.073745796940266,0.0005197230740939775,0.0005196152422706632,1.0002075224407256
0.03,6.082472443200238,0.0005197153733389917,0.0005196152422706632,1.0001927023308457
0.03,6.09119908946021,0.0005197078257460409,0.0005196152422706632,1.0001781769814393
0.03,6.0999257357201815,0.0005197004520098082,0.0005196152422706632,1.000163986219443
0.03,6.1086523819801535,0.000519693272348558,0.0005196152422706632,1.0001501689549248
0.03,6.1173790282401255,0.000519686306450006,0.0005196152422706632,1.000136763076911
0.03,6.126105674500097,0.00051967957341643,0.0005196152422706632,1.0001238053477524
0.03,6.134832320760069,0.0005196730917113537,0.0005196152422706632,1.000111331300517
0.03,6.14355896702004,0.0005196668791111682,0.0005196152422706632,1.0000993751458855
0.03,6.152285613280012,0.0005196609526533783,0.0005196152422706632,1.000087969672551
0.03,6.161012259539984,0.0005196553285928188,0.0005196152422706632,1.0000771461629578
0.03,6.169738905799955,0.000519650022353861,0.0005196152422706632,1.0000669343013222
0.03,6.178465552059927,0.0005196450484911501,0.0005196152422706632,1.0000573620980722
0.03,6.187192198319898,0.0005196404206474696,0.0005196152422706632,1.0000484558087563
0.03,6.19591884457987,0.0005196361515161088,0.0005196152422706632,1.0000402398616217
0.03,6.204645490839842,0.000519632252808467,0.0005196152422706632,1.0000327367952668
0.03,6.213372137099813,0.0005196287352177637,0.0005196152422706632,1.000025967188802
0.03,6.222098783359785,0.0005196256083948146,0.0005196152422706632,1.0000199496152307
0.03,6.230825429619756,0.0005196228809158923,0.0005196152422706632,1.0000147005795974
0.03,6.239552075879728,0.0005196205602638916,0.0005196152422706632,1.00001023448274
0.03,6.2482787221397,0.0005196186528045203,0.0005196152422706632,1.0000065635754682
0.03,6.257005368399671,0.0005196171637712144,0.0005196152422706632,1.0000036979295348
0.03,6.265732014659643,0.0005196160972479546,0.0005196152422706632,1.0000016454045644
0.03,6.274458660919615,0.0005196154561616729,0.0005196152422706632,1.00000041163344
0.03,6.283185307179586,0.0005196152422708433,0.0005196152422706632,1.0000000000003466
0.05,0.0,0.0014433756729740344,0.0014433756729740647,0.999999999999979
0.05,0.008726646259971648,0.0014433773269009241,0.0014433756729740647,1.000001145874141
0.05,0.017453292519943295,0.0014433822841365468,0.0014433756729740647,1.0000045803477264
0.05,0.026179938779914945,0.0014433905310598958,0.0014433756729740647,1.0000102939838251
0.05,0.03490658503988659,0.0014434020450104542,0.0014433756729740647,1.0000182710827703
0.05,0.04363323129985824,0.001443416794351087,0.0014433756729740647,1.000028489725712
0.05,0.05235987755982989,0.0014434347385571845,0.0014433756729740647,1.0000409218363768
0.05,0.061086523819801536,0.001443455828326156,0.0014433756729740647,1.0000555332569283
0.05,0.06981317007977318,0.001443480005716355,0.0014433756729740647,1.0000722838442158
0.05,0.07853981633974483,0.0014435072043058152,0.0014433756729740647,1.0000911275797517
0.05,0.08726646259971647,0.0014435373493767109,0.0014433756729740647,1.0001120126975072
0.05,0.09599310885968812,0.0014435703581212964,0.0014433756729740647,1.0001348818265938
0.05,0.10471975511965978,0.0014436061398718516,0.0014433756729740647,1.0001596721505719
0.05,0.11344640137963143,0.0014436445963508353,0.0014433756729740647,1.0001863155807638
0.05,0.12217304763960307,0.0014436856219420741,0.0014433756729740647,1.0002147389441383
0.05,0.1308996938995747,0.0014437291039838046,0.0014433756729740647,1.000244864186336
0.05,0.13962634015954636,0.0014437749230780264,0.0014433756729740647,1.0002766085859955
0.05,0.14835298641951802,0.0014438229534216567,0.0014433756729740647,1.0003098849841845
0.05,0.15707963267948966,0.0014438730631527777,0.0014433756729740647,1.0003446020242868
0.05,0.16580627893946132,0.0014439251147151451,0.0014433756729740647,1.00038066440454
0.05,0.17453292519943295,0.0014439789652367044,0.0014433756729740647,1.000417973140282
0.05,0.1832595714594046,0.0014440344669239375,0.0014433756729740647,1.0004564258371595
0.05,0.19198621771937624,0.0014440914674699215,0.0014433756729740647,1.0004959169738408
0.05,0.2007128639793479,0.0014441498104712336,0.0014433756729740647,1.0005363381908563
0.05,0.20943951023931956,0.0014442093358614748,0.0014433756729740647,1.0005775785909516
0.05,0.2181661564992912,0.0014442698803489769,0.0014433756729740647,1.0006195250423402
0.05,0.22689280275926285,0.0014443312778687444,0.0014433756729740647,1.0006620624918188
0.05,0.23561944901923448,0.0014443933600361695,0.0014433756729740647,1.0007050742791084
0.05,0.24434609527920614,0.0014444559566107738,0.0014433756729740647,1.000748442458146
0.05,0.2530727415391778,0.0014445188959645242,0.0014433756729740647,1.0007920481215427
0.05,0.2617993877991494,0.0014445820055512912,0.0014433756729740647,1.0008357717258327
0.05,0.27052603405912107,0.0014446451123810693,0.0014433756729740647,1.000879493420025
0.05,0.2792526803190927,0.0014447080434938843,0.0014433756729740647,1.000923093373934
0.05,0.2879793265790644,0.0014447706264346025,0.0014433756729740647,1.0009664521071382
0.05,0.29670597283903605,0.0014448326897239128,0.0014433756729740647,1.0010094508152863
0.05,0.30543261909900765,0.0014448940633282764,0.0014433756729740647,1.001051971695687
0.05,0.3141592653589793,0.0014449545791258632,0.0014433756729740647,1.0010938982701192
0.05,0.32288591161895097,0.0014450140713648592,0.0014433756729740647,1.001135115702358
0.05,0.33161255787892263,0.001445072377117239,0.0014433756729740647,1.0011755111125562
0.05,0.34033920413889424,0.0014451293367247174,0.0014433756729740647,1.0012149738862088
0.05,0.3490658503988659,0.001445184794233188,0.0014433756729740647,1.001253395975142
0.05,0.35779249665883756,0.0014452385978183096,0.0014433756729740647,1.0012906721923658
0.05,0.3665191429188092,0.0014452906002020325,0.0014433756729740647,1.001326700500655
0.05,0.3752457891787809,0.0014453406590504614,0.0014433756729740647,1.0013613822881937
0.05,0.3839724354387525,0.0014453886373644058,0.0014433756729740647,1.001394622639159
0.05,0.39269908169872414,0.0014454344038533555,0.0014433756729740647,1.001426330592817
0.05,0.4014257279586958,0.0014454778332894003,0.0014433756729740647,1.0014564193887265
0.05,0.41015237421866746,0.0014455188068516112,0.0014433756729740647,1.001484806705333
0.05,0.4188790204786391,0.001445557212447743,0.0014433756729740647,1.0015114148828512
0.05,0.4276056667386107,0.0014455929450195026,0.0014433756729740647,1.0015361711347603
0.05,0.4363323129985824,0.0014456259068277614,0.0014433756729740647,1.0015590077454057
0.05,0.44505895925855404,0.001445656007719095,0.0014433756729740647,1.0015798622546628
0.05,0.4537856055185257,0.001445683165370166,0.0014433756729740647,1.0015986776272505
0.05,0.4625122517784973,0.0014457073055114413,0.0014433756729740647,1.0016154024077268
0.05,0.47123889803846897,0.0014457283621291993,0.0014433756729740647,1.0016299908604438
0.05,0.4799655442984406,0.0014457462776450677,0.0014433756729740647,1.0016424030939348
0.05,0.4886921905584123,0.0014457610030706638,0.0014433756729740647,1.0016526051680532
0.05,0.49741883681838395,0.0014457724981431367,0.0014433756729740647,1.001660569187877
0.05,0.5061454830783556,0.0014457807314322735,0.0014433756729740647,1.0016662733779162
0.05,0.5148721293383273,0.0014457856804274299,0.0014433756729740647,1.0016697021423393
0.05,0.5235987755982988,0.001445787331597047,0.0014433756729740647,1.0016708461062067
0.05,0.5323254218582705,0.0014457856804273948,0.0014433756729740647,1.0016697021423149
0.05,0.5410520681182421,0.0014457807314322455,0.0014433756729740647,1.001666273377897
0.05,0.5497787143782138,0.0014457724981430168,0.0014433756729740647,1.001660569187794
0.05,0.5585053606381855,0.0014457610030708364,0.0014433756729740647,1.0016526051681727
0.05,0.5672320068981571,0.001445746277644955,0.0014433756729740647,1.0016424030938567
0.05,0.5759586531581288,0.001445728362129538,0.0014433756729740647,1.0016299908606785
0.05,0.5846852994181004,0.0014457073055114268,0.0014433756729740647,1.0016154024077166
0.05,0.5934119456780721,0.001445683165370156,0.0014433756729740647,1.0015986776272436
0.05,0.6021385919380436,0.0014456560077189924,0.0014433756729740647,1.0015798622545917
0.05,0.6108652381980153,0.001445625906827484,0.0014433756729740647,1.0015590077452134
0.05,0.619591884457987,0.001445592945019188,0.0014433756729740647,1.0015361711345423
0.05,0.6283185307179586,0.0014455572124475779,0.0014433756729740647,1.0015114148827367
0.05,0.6370451769779303,0.0014455188068515103,0.0014433756729740647,1.001484806705263
0.05,0.6457718232379019,0.0014454778332891138,0.0014433756729740647,1.001456419388528
0.05,0.6544984694978736,0.0014454344038529528,0.0014433756729740647,1.0014263305925382
0.05,0.6632251157578453,0.0014453886373642388,0.0014433756729740647,1.0013946226390433
0.05,0.6719517620178169,0.0014453406590500112,0.0014433756729740647,1.001361382287882
0.05,0.6806784082777885,0.0014452906002017892,0.0014433756729740647,1.0013267005004864
0.05,0.6894050545377601,0.0014452385978185307,0.0014433756729740647,1.001290672192519
0.05,0.6981317007977318,0.0014451847942330363,0.0014433756729740647,1.0012533959750367
0.05,0.7068583470577035,0.0014451293367248681,0.0014433756729740647,1.0012149738863134
0.05,0.7155849933176751,0.001445072377117203,0.0014433756729740647,1.0011755111125313
0.05,0.7243116395776468,0.0014450140713644043,0.0014433756729740647,1.001135115702043
0.05,0.7330382858376184,0.0014449545791254713,0.0014433756729740647,1.0010938982698476
0.05,0.7417649320975901,0.0014448940633281632,0.0014433756729740647,1.0010519716956083
0.05,0.7504915783575618,0.0014448326897239115,0.0014433756729740647,1.0010094508152854
0.05,0.7592182246175333,0.00144477062643437,0.0014433756729740647,1.0009664521069772
0.05,0.767944870877505,0.0014447080434938234,0.0014433756729740647,1.0009230933738915
0.05,0.7766715171374766,0.0014446451123806042,0.0014433756729740647,1.0008794934197025
0.05,0.7853981633974483,0.001444582005551071,0.0014433756729740647,1.0008357717256802
0.05,0.7941248096574199,0.0014445188959642617,0.0014433756729740647,1.0007920481213608
0.05,0.8028514559173916,0.0014444559566106432,0.0014433756729740647,1.0007484424580557
0.05,0.8115781021773633,0.0014443933600359548,0.0014433756729740647,1.0007050742789596
0.05,0.8203047484373349,0.0014443312778686273,0.0014433756729740647,1.0006620624917375
0.05,0.8290313946973066,0.0014442698803490423,0.0014433756729740647,1.0006195250423857
0.05,0.8377580409572782,0.0014442093358611285,0.0014433756729740647,1.0005775785907116
0.05,0.8464846872172498,0.0014441498104710339,0.0014433756729740647,1.000536338190718
0.05,0.8552113334772214,0.0014440914674697116,0.0014433756729740647,1.0004959169736953
0.05,0.8639379797371931,0.001444034466924175,0.0014433756729740647,1.000456425837324
0.05,0.8726646259971648,0.0014439789652365346,0.0014433756729740647,1.0004179731401643
0.05,0.8813912722571364,0.0014439251147149005,0.0014433756729740647,1.0003806644043707
0.05,0.8901179185171081,0.0014438730631526624,0.0014433756729740647,1.0003446020242068
0.05,0.8988445647770797,0.0014438229534214466,0.0014433756729740647,1.000309884984039
0.05,0.9075712110370514,0.0014437749230778762,0.0014433756729740647,1.0002766085858914
0.05,0.9162978572970231,0.0014437291039836387,0.0014433756729740647,1.000244864186221
0.05,0.9250245035569946,0.0014436856219421075,0.0014433756729740647,1.0002147389441616
0.05,0.9337511498169663,0.0014436445963504588,0.0014433756729740647,1.000186315580503
0.05,0.9424777960769379,0.0014436061398715322,0.0014433756729740647,1.0001596721503505
0.05,0.9512044423369096,0.0014435703581208146,0.0014433756729740647,1.0001348818262599
0.05,0.9599310885968813,0.0014435373493762124,0.0014433756729740647,1.0001120126971619
0.05,0.9686577348568529,0.0014435072043058165,0.0014433756729740647,1.0000911275797526
0.05,0.9773843811168246,0.0014434800057163783,0.0014433756729740647,1.0000722838442322
0.05,0.9861110273767962,0.001443455828326048,0.0014433756729740647,1.0000555332568535
0.05,0.9948376736367679,0.0014434347385567843,0.0014433756729740647,1.0000409218360995
0.05,1.0035643198967394,0.001443416794350936,0.0014433756729740647,1.0000284897256073
0.05,1.0122909661567112,0.0014434020450099223,0.0014433756729740647,1.0000182710824017
0.05,1.0210176124166828,0.0014433905310596994,0.0014433756729740647,1.000010293983689
0.05,1.0297442586766545,0.0014433822841363045,0.0014433756729740647,1.0000045803475586
0.05,1.038470904936626,0.0014433773269007537,0.0014433756729740647,1.000001145874023
0.05,1.0471975511965976,0.0014433756729740376,0.0014433756729740647,0.9999999999999812
0.05,1.0559241974565694,0.0014433773269006793,0.0014433756729740647,1.0000011458739715
0.05,1.064650843716541,0.0014433822841363828,0.0014433756729740647,1.0000045803476127
0.05,1.0733774899765127,0.0014433905310595931,0.0014433756729740647,1.0000102939836153
0.05,1.0821041362364843,0.0014434020450098937,0.0014433756729740647,1.000018271082382
0.05,1.090830782496456,0.0014434167943507227,0.0014433756729740647,1.0000284897254594
0.05,1.0995574287564276,0.0014434347385569517,0.0014433756729740647,1.0000409218362156
0.05,1.1082840750163994,0.001443455828325989,0.0014433756729740647,1.0000555332568126
0.05,1.117010721276371,0.0014434800057160828,0.0014433756729740647,1.0000722838440272
0.05,1.1257373675363425,0.0014435072043058692,0.0014433756729740647,1.000091127579789
0.05,1.1344640137963142,0.0014435373493764374,0.0014433756729740647,1.0001120126973178
0.05,1.1431906600562858,0.001443570358120923,0.0014433756729740647,1.0001348818263351
0.05,1.1519173063162575,0.0014436061398716343,0.0014433756729740647,1.0001596721504213
0.05,1.160643952576229,0.0014436445963505865,0.0014433756729740647,1.0001863155805915
0.05,1.1693705988362009,0.001443685621941832,0.0014433756729740647,1.0002147389439706
0.05,1.1780972450961724,0.001443729103983516,0.0014433756729740647,1.000244864186136
0.05,1.1868238913561442,0.001443774923077944,0.0014433756729740647,1.0002766085859385
0.05,1.1955505376161157,0.001443822953421281,0.0014433756729740647,1.0003098849839243
0.05,1.2042771838760873,0.0014438730631524265,0.0014433756729740647,1.0003446020240434
0.05,1.213003830136059,0.0014439251147148264,0.0014433756729740647,1.0003806644043194
0.05,1.2217304763960306,0.0014439789652364345,0.0014433756729740647,1.000417973140095
0.05,1.2304571226560024,0.0014440344669240024,0.0014433756729740647,1.0004564258372044
0.05,1.239183768915974,0.0014440914674698415,0.0014433756729740647,1.0004959169737855
0.05,1.2479104151759457,0.0014441498104711392,0.0014433756729740647,1.000536338190791
0.05,1.2566370614359172,0.001444209335861392,0.0014433756729740647,1.0005775785908941
0.05,1.265363707695889,0.001444269880349105,0.0014433756729740647,1.000619525042429
0.05,1.2740903539558606,0.0014443312778686926,0.0014433756729740647,1.0006620624917828
0.05,1.2828170002158321,0.001444393360035906,0.0014433756729740647,1.0007050742789259
0.05,1.2915436464758039,0.001444455956610776,0.0014433756729740647,1.0007484424581476
0.05,1.3002702927357754,0.0014445188959644154,0.0014433756729740647,1.0007920481214674
0.05,1.3089969389957472,0.0014445820055510753,0.0014433756729740647,1.000835771725683
0.05,1.3177235852557188,0.0014446451123806688,0.0014433756729740647,1.0008794934197474
0.05,1.3264502315156905,0.0014447080434937742,0.0014433756729740647,1.0009230933738575
0.05,1.335176877775662,0.001444770626434324,0.0014433756729740647,1.0009664521069452
0.05,1.3439035240356338,0.0014448326897239382,0.0014433756729740647,1.0010094508153038
0.05,1.3526301702956054,0.0014448940633284364,0.0014433756729740647,1.0010519716957977
0.05,1.361356816555577,0.0014449545791259436,0.0014433756729740647,1.001093898270175
0.05,1.3700834628155487,0.0014450140713646086,0.0014433756729740647,1.0011351157021844
0.05,1.3788101090755203,0.0014450723771172447,0.0014433756729740647,1.0011755111125602
0.05,1.387536755335492,0.0014451293367246437,0.0014433756729740647,1.0012149738861578
0.05,1.3962634015954636,0.0014451847942329743,0.0014433756729740647,1.0012533959749936
0.05,1.4049900478554354,0.001445238597818429,0.0014433756729740647,1.0012906721924486
0.05,1.413716694115407,0.001445290600201814,0.0014433756729740647,1.0013267005005035
0.05,1.4224433403753787,0.0014453406590499997,0.0014433756729740647,1.001361382287874
0.05,1.4311699866353502,0.0014453886373644157,0.0014433756729740647,1.001394622639166
0.05,1.4398966328953218,0.0014454344038530343,0.0014433756729740647,1.0014263305925946
0.05,1.4486232791552935,0.0014454778332890267,0.0014433756729740647,1.0014564193884676
0.05,1.457349925415265,0.0014455188068514535,0.0014433756729740647,1.0014848067052238
0.05,1.4660765716752369,0.001445557212447722,0.0014433756729740647,1.0015114148828366
0.05,1.4748032179352084,0.0014455929450190655,0.0014433756729740647,1.0015361711344575
0.05,1.4835298641951802,0.0014456259068277688,0.0014433756729740647,1.0015590077454108
0.05,1.4922565104551517,0.0014456560077187727,0.0014433756729740647,1.0015798622544396
0.05,1.5009831567151235,0.0014456831653700247,0.0014433756729740647,1.0015986776271526
0.05,1.509709802975095,0.0014457073055116761,0.0014433756729740647,1.0016154024078896
0.05,1.5184364492350666,0.0014457283621295293,0.0014433756729740647,1.0016299908606725
0.05,1.5271630954950384,0.001445746277645088,0.0014433756729740647,1.001642403093949
0.05,1.53588974175501,0.0014457610030711053,0.0014433756729740647,1.001652605168359
0.05,1.5446163880149817,0.0014457724981434953,0.0014433756729740647,1.0016605691881255
0.05,1.5533430342749532,0.0014457807314324494,0.0014433756729740647,1.0016662733780382
0.05,1.562069680534925,0.0014457856804273971,0.0014433756729740647,1.0016697021423167
0.05,1.5707963267948966,0.0014457873315971703,0.0014433756729740647,1.0016708461062922
0.05,1.5795229730548683,0.001445785680427512,0.0014433756729740647,1.0016697021423961
0.05,1.5882496193148399,0.0014457807314321267,0.0014433756729740647,1.0016662733778146
0.05,1.5969762655748114,0.0014457724981431824,0.0014433756729740647,1.0016605691879088
0.05,1.6057029118347832,0.0014457610030709108,0.0014433756729740647,1.0016526051682242
0.05,1.6144295580947547,0.001445746277645017,0.0014433756729740647,1.0016424030938997
0.05,1.6231562043547265,0.0014457283621294695,0.0014433756729740647,1.001629990860631
0.05,1.631882850614698,0.001445707305511394,0.0014433756729740647,1.001615402407694
0.05,1.6406094968746698,0.0014456831653700912,0.0014433756729740647,1.0015986776271988
0.05,1.6493361431346414,0.0014456560077188505,0.0014433756729740647,1.0015798622544934
0.05,1.6580627893946132,0.0014456259068276979,0.0014433756729740647,1.0015590077453616
0.05,1.6667894356545847,0.0014455929450194539,0.0014433756729740647,1.0015361711347264
0.05,1.6755160819145565,0.0014455572124477867,0.0014433756729740647,1.0015114148828814
0.05,1.684242728174528,0.001445518806851691,0.0014433756729740647,1.0014848067053883
0.05,1.6929693744344996,0.0014454778332891364,0.0014433756729740647,1.0014564193885436
0.05,1.7016960206944713,0.001445434403853147,0.0014433756729740647,1.0014263305926727
0.05,1.710422666954443,0.0014453886373646159,0.0014433756729740647,1.0013946226393047
0.05,1.7191493132144147,0.0014453406590501493,0.0014433756729740647,1.0013613822879777
0.05,1.7278759594743862,0.0014452906002019638,0.0014433756729740647,1.0013267005006072
0.05,1.736602605734358,0.0014452385978184548,0.0014433756729740647,1.0012906721924664
0.05,1.7453292519943295,0.0014451847942330356,0.0014433756729740647,1.0012533959750363
0.05,1.7540558982543013,0.0014451293367251285,0.0014433756729740647,1.0012149738864937
0.05,1.7627825445142729,0.0014450723771173798,0.0014433756729740647,1.0011755111126537
0.05,1.7715091907742444,0.0014450140713646903,0.0014433756729740647,1.001135115702241
0.05,1.7802358370342162,0.001444954579125911,0.0014433756729740647,1.0010938982701525
0.05,1.7889624832941877,0.001444894063328787,0.0014433756729740647,1.0010519716960407
0.05,1.7976891295541595,0.001444832689724007,0.0014433756729740647,1.0010094508153515
0.05,1.806415775814131,0.0014447706264346276,0.0014433756729740647,1.0009664521071555
0.05,1.8151424220741028,0.0014447080434937618,0.0014433756729740647,1.0009230933738489
0.05,1.8238690683340744,0.0014446451123806122,0.0014433756729740647,1.000879493419708
0.05,1.8325957145940461,0.001444582005551135,0.0014433756729740647,1.0008357717257246
0.05,1.8413223608540177,0.0014445188959648653,0.0014433756729740647,1.000792048121779
0.05,1.8500490071139892,0.0014444559566110997,0.0014433756729740647,1.000748442458372
0.05,1.858775653373961,0.0014443933600363325,0.0014433756729740647,1.0007050742792214
0.05,1.8675022996339325,0.0014443312778690326,0.0014433756729740647,1.0006620624920184
0.05,1.8762289458939043,0.0014442698803492113,0.0014433756729740647,1.0006195250425027
0.05,1.8849555921538759,0.0014442093358615284,0.0014433756729740647,1.0005775785909887
0.05,1.8936822384138476,0.0014441498104714615,0.0014433756729740647,1.0005363381910142
0.05,1.9024088846738192,0.0014440914674699054,0.0014433756729740647,1.0004959169738297
0.05,1.911135530933791,0.0014440344669241812,0.0014433756729740647,1.0004564258373283
0.05,1.9198621771937625,0.0014439789652365771,0.0014433756729740647,1.0004179731401939
0.05,1.928588823453734,0.0014439251147151597,0.0014433756729740647,1.0003806644045503
0.05,1.9373154697137058,0.001443873063152818,0.0014433756729740647,1.0003446020243147
0.05,1.9460421159736774,0.0014438229534218241,0.0014433756729740647,1.0003098849843006
0.05,1.9547687622336491,0.0014437749230782548,0.0014433756729740647,1.0002766085861536
0.05,1.9634954084936207,0.001443729103983894,0.0014433756729740647,1.000244864186398
0.05,1.9722220547535925,0.0014436856219421609,0.0014433756729740647,1.0002147389441984
0.05,1.980948701013564,0.0014436445963509769,0.0014433756729740647,1.000186315580862
0.05,1.9896753472735358,0.0014436061398718104,0.0014433756729740647,1.0001596721505432
0.05,1.9984019935335073,0.001443570358121133,0.0014433756729740647,1.0001348818264806
0.05,2.007128639793479,0.0014435373493765123,0.0014433756729740647,1.0001120126973697
0.05,2.0158552860534504,0.0014435072043061119,0.0014433756729740647,1.000091127579957
0.05,2.0245819323134224,0.0014434800057164928,0.0014433756729740647,1.0000722838443115
0.05,2.033308578573394,0.00144345582832634,0.0014433756729740647,1.0000555332570558
0.05,2.0420352248333655,0.00144343473855712,0.0014433756729740647,1.0000409218363322
0.05,2.050761871093337,0.0014434167943510865,0.0014433756729740647,1.0000284897257117
0.05,2.059488517353309,0.001443402045010282,0.0014433756729740647,1.000018271082651
0.05,2.0682151636132806,0.0014433905310600314,0.0014433756729740647,1.000010293983919
0.05,2.076941809873252,0.0014433822841366975,0.0014433756729740647,1.0000045803478308
0.05,2.0856684561332237,0.0014433773269007485,0.0014433756729740647,1.0000011458740192
0.05,2.0943951023931953,0.0014433756729739836,0.0014433756729740647,0.9999999999999438
0.05,2.1031217486531673,0.0014433773269009827,0.0014433756729740647,1.0000011458741815
0.05,2.111848394913139,0.0014433822841367395,0.0014433756729740647,1.0000045803478599
0.05,2.1205750411731104,0.0014433905310599646,0.0014433756729740647,1.0000102939838726
0.05,2.129301687433082,0.0014434020450105156,0.0014433756729740647,1.0000182710828127
0.05,2.138028333693054,0.0014434167943511529,0.0014433756729740647,1.0000284897257576
0.05,2.1467549799530254,0.0014434347385570473,0.0014433756729740647,1.0000409218362818
0.05,2.155481626212997,0.0014434558283261962,0.0014433756729740647,1.000055533256956
0.05,2.1642082724729685,0.0014434800057167162,0.0014433756729740647,1.0000722838444662
0.05,2.17293491873294,0.0014435072043060976,0.0014433756729740647,1.0000911275799473
0.05,2.181661564992912,0.0014435373493766439,0.0014433756729740647,1.0001120126974608
0.05,2.1903882112528836,0.0014435703581213166,0.0014433756729740647,1.0001348818266078
0.05,2.199114857512855,0.0014436061398718622,0.0014433756729740647,1.0001596721505792
0.05,2.2078415037728267,0.001443644596351112,0.0014433756729740647,1.0001863155809556
0.05,2.2165681500327987,0.0014436856219423506,0.0014433756729740647,1.0002147389443299
0.05,2.2252947962927703,0.001443729103984058,0.0014433756729740647,1.0002448641865116
0.05,2.234021442552742,0.0014437749230780715,0.0014433756729740647,1.0002766085860268
0.05,2.2427480888127134,0.001443822953421772,0.0014433756729740647,1.0003098849842644
0.05,2.251474735072685,0.001443873063153025,0.0014433756729740647,1.000344602024458
0.05,2.260201381332657,0.0014439251147152514,0.0014433756729740647,1.0003806644046138
0.05,2.2689280275926285,0.001443978965236765,0.0014433756729740647,1.000417973140324
0.05,2.2776546738526,0.001444034466924261,0.0014433756729740647,1.0004564258373836
0.05,2.2863813201125716,0.0014440914674700724,0.0014433756729740647,1.0004959169739454
0.05,2.2951079663725436,0.0014441498104716362,0.0014433756729740647,1.0005363381911352
0.05,2.303834612632515,0.0014442093358616817,0.0014433756729740647,1.0005775785910949
0.05,2.3125612588924866,0.001444269880349448,0.0014433756729740647,1.0006195250426666
0.05,2.321287905152458,0.0014443312778691319,0.0014433756729740647,1.0006620624920872
0.05,2.3300145514124297,0.0014443933600363612,0.0014433756729740647,1.0007050742792412
0.05,2.3387411976724017,0.001444455956611084,0.0014433756729740647,1.000748442458361
0.05,2.3474678439323733,0.0014445188959647684,0.0014433756729740647,1.0007920481217119
0.05,2.356194490192345,0.0014445820055511683,0.0014433756729740647,1.0008357717257474
0.05,2.3649211364523164,0.001444645112380988,0.0014433756729740647,1.0008794934199685
0.05,2.3736477827122884,0.0014447080434941563,0.0014433756729740647,1.0009230933741222
0.05,2.38237442897226,0.001444770626434722,0.0014433756729740647,1.000966452107221
0.05,2.3911010752322315,0.0014448326897239167,0.0014433756729740647,1.001009450815289
0.05,2.399827721492203,0.001444894063328654,0.0014433756729740647,1.0010519716959485
0.05,2.4085543677521746,0.001444954579126111,0.0014433756729740647,1.0010938982702908
0.05,2.4172810140121466,0.0014450140713648451,0.0014433756729740647,1.0011351157023483
0.05,2.426007660272118,0.0014450723771176738,0.0014433756729740647,1.0011755111128575
0.05,2.4347343065320897,0.0014451293367251528,0.0014433756729740647,1.0012149738865106
0.05,2.443460952792061,0.001445184794233313,0.0014433756729740647,1.0012533959752283
0.05,2.452187599052033,0.0014452385978187402,0.0014433756729740647,1.0012906721926642
0.05,2.4609142453120048,0.0014452906002020397,0.0014433756729740647,1.0013267005006599
0.05,2.4696408915719763,0.00144534065905026,0.0014433756729740647,1.0013613822880543
0.05,2.478367537831948,0.0014453886373649086,0.0014433756729740647,1.0013946226395074
0.05,2.4870941840919194,0.001445434403853481,0.0014433756729740647,1.001426330592904
0.05,2.4958208303518914,0.0014454778332894534,0.0014433756729740647,1.0014564193887634
0.05,2.504547476611863,0.0014455188068519774,0.0014433756729740647,1.0014848067055868
0.05,2.5132741228718345,0.0014455572124480345,0.0014433756729740647,1.001511414883053
0.05,2.522000769131806,0.0014455929450195555,0.0014433756729740647,1.001536171134797
0.05,2.530727415391778,0.0014456259068279373,0.0014433756729740647,1.0015590077455274
0.05,2.5394540616517496,0.001445656007719316,0.0014433756729740647,1.001579862254816
0.05,2.548180707911721,0.0014456831653703794,0.0014433756729740647,1.0015986776273984
0.05,2.5569073541716927,0.0014457073055118789,0.0014433756729740647,1.00161540240803
0.05,2.5656340004316642,0.0014457283621296974,0.0014433756729740647,1.0016299908607889
0.05,2.5743606466916362,0.0014457462776454014,0.0014433756729740647,1.0016424030941662
0.05,2.5830872929516078,0.001445761003070959,0.0014433756729740647,1.0016526051682575
0.05,2.5918139392115793,0.001445772498143379,0.0014433756729740647,1.001660569188045
0.05,2.600540585471551,0.001445780731432679,0.0014433756729740647,1.0016662733781974
0.05,2.609267231731523,0.001445785680427564,0.0014433756729740647,1.0016697021424321
0.05,2.6179938779914944,0.0014457873315975593,0.0014433756729740647,1.0016708461065618
0.05,2.626720524251466,0.0014457856804277898,0.0014433756729740647,1.0016697021425887
0.05,2.6354471705114375,0.0014457807314326105,0.0014433756729740647,1.0016662733781498
0.05,2.644173816771409,0.0014457724981434817,0.0014433756729740647,1.001660569188116
0.05,2.652900463031381,0.0014457610030711387,0.0014433756729740647,1.001652605168382
0.05,2.6616271092913526,0.00144574627764549,0.0014433756729740647,1.0016424030942275
0.05,2.670353755551324,0.0014457283621298182,0.0014433756729740647,1.0016299908608726
0.05,2.6790804018112957,0.001445707305511879,0.0014433756729740647,1.0016154024080302
0.05,2.6878070480712677,0.001445683165370501,0.0014433756729740647,1.0015986776274826
0.05,2.6965336943312392,0.0014456560077191695,0.0014433756729740647,1.0015798622547145
0.05,2.705260340591211,0.0014456259068280238,0.0014433756729740647,1.0015590077455874
0.05,2.7139869868511823,0.0014455929450195772,0.0014433756729740647,1.0015361711348119
0.05,2.722713633111154,0.0014455572124482405,0.0014433756729740647,1.0015114148831958
0.05,2.731440279371126,0.0014455188068517716,0.0014433756729740647,1.0014848067054443
0.05,2.7401669256310974,0.0014454778332895135,0.0014433756729740647,1.001456419388805
0.05,2.748893571891069,0.0014454344038536023,0.0014433756729740647,1.001426330592988
0.05,2.7576202181510405,0.001445388637364649,0.0014433756729740647,1.0013946226393275
0.05,2.7663468644110125,0.0014453406590504416,0.0014433756729740647,1.0013613822881802
0.05,2.775073510670984,0.0014452906002020546,0.0014433756729740647,1.0013267005006703
0.05,2.7838001569309556,0.0014452385978187007,0.0014433756729740647,1.0012906721926367
0.05,2.792526803190927,0.0014451847942334873,0.0014433756729740647,1.0012533959753491
0.05,2.8012534494508987,0.001445129336725091,0.0014433756729740647,1.0012149738864677
0.05,2.8099800957108707,0.0014450723771176697,0.0014433756729740647,1.0011755111128546
0.05,2.8187067419708423,0.0014450140713649306,0.0014433756729740647,1.0011351157024075
0.05,2.827433388230814,0.0014449545791262828,0.0014433756729740647,1.0010938982704098
0.05,2.8361600344907854,0.001444894063328466,0.0014433756729740647,1.0010519716958182
0.05,2.8448866807507573,0.0014448326897240594,0.0014433756729740647,1.001009450815388
0.05,2.853613327010729,0.0014447706264348941,0.0014433756729740647,1.0009664521073403
0.05,2.8623399732707004,0.0014447080434940235,0.0014433756729740647,1.0009230933740303
0.05,2.871066619530672,0.001444645112381319,0.0014433756729740647,1.0008794934201977
0.05,2.8797932657906435,0.001444582005551326,0.0014433756729740647,1.0008357717258567
0.05,2.8885199120506155,0.0014445188959648577,0.0014433756729740647,1.0007920481217738
0.05,2.897246558310587,0.001444455956611205,0.0014433756729740647,1.000748442458445
0.05,2.9059732045705586,0.00144439336003632,0.0014433756729740647,1.0007050742792127
0.05,2.91469985083053,0.0014443312778691206,0.0014433756729740647,1.0006620624920792
0.05,2.923426497090502,0.0014442698803493292,0.0014433756729740647,1.0006195250425844
0.05,2.9321531433504737,0.001444209335861738,0.0014433756729740647,1.000577578591134
0.05,2.9408797896104453,0.0014441498104714556,0.0014433756729740647,1.0005363381910102
0.05,2.949606435870417,0.0014440914674700123,0.0014433756729740647,1.0004959169739038
0.05,2.9583330821303884,0.0014440344669242081,0.0014433756729740647,1.000456425837347
0.05,2.9670597283903604,0.0014439789652367333,0.0014433756729740647,1.000417973140302
0.05,2.975786374650332,0.001443925114715162,0.0014433756729740647,1.0003806644045519
0.05,2.9845130209103035,0.0014438730631530334,0.0014433756729740647,1.0003446020244637
0.05,2.993239667170275,0.0014438229534215305,0.0014433756729740647,1.0003098849840972
0.05,3.001966313430247,0.0014437749230780327,0.0014433756729740647,1.000276608586
0.05,3.0106929596902186,0.0014437291039839889,0.0014433756729740647,1.0002448641864636
0.05,3.01941960595019,0.001443685621942165,0.0014433756729740647,1.0002147389442013
0.05,3.0281462522101616,0.0014436445963505009,0.0014433756729740647,1.0001863155805322
0.05,3.036872898470133,0.0014436061398720222,0.0014433756729740647,1.00015967215069
0.05,3.045599544730105,0.0014435703581212958,0.0014433756729740647,1.0001348818265934
0.05,3.0543261909900767,0.001443537349376678,0.0014433756729740647,1.0001120126974845
0.05,3.0630528372500483,0.0014435072043059995,0.0014433756729740647,1.0000911275798794
0.05,3.07177948351002,0.001443480005716608,0.0014433756729740647,1.0000722838443912
0.05,3.080506129769992,0.0014434558283263987,0.0014433756729740647,1.0000555332570964
0.05,3.0892327760299634,0.0014434347385572002,0.0014433756729740647,1.0000409218363877
0.05,3.097959422289935,0.001443416794351123,0.0014433756729740647,1.0000284897257368
0.05,3.1066860685499065,0.001443402045010468,0.0014433756729740647,1.0000182710827799
0.05,3.115412714809878,0.0014433905310598182,0.0014433756729740647,1.0000102939837714
0.05,3.12413936106985,0.001443382284136782,0.0014433756729740647,1.0000045803478894
0.05,3.1328660073298216,0.0014433773269009302,0.0014433756729740647,1.0000011458741451
0.05,3.141592653589793,0.0014433756729740344,0.0014433756729740647,0.999999999999979
0.05,3.1503192998497647,0.0014433773269008135,0.0014433756729740647,1.0000011458740643
0.05,3.1590459461097367,0.0014433822841366593,0.0014433756729740647,1.0000045803478044
0.05,3.167772592369708,0.0014433905310598009,0.0014433756729740647,1.0000102939837592
0.05,3.1764992386296798,0.001443402045010445,0.0014433756729740647,1.0000182710827639
0.05,3.1852258848896513,0.001443416794351089,0.0014433756729740647,1.0000284897257132
0.05,3.193952531149623,0.0014434347385569504,0.0014433756729740647,1.0000409218362147
0.05,3.202679177409595,0.0014434558283262689,0.0014433756729740647,1.0000555332570065
0.05,3.2114058236695664,0.0014434800057164826,0.0014433756729740647,1.0000722838443044
0.05,3.220132469929538,0.0014435072043061492,0.0014433756729740647,1.000091127579983
0.05,3.2288591161895095,0.0014435373493768,0.0014433756729740647,1.000112012697569
0.05,3.2375857624494815,0.001443570358121102,0.0014433756729740647,1.000134881826459
0.05,3.246312408709453,0.0014436061398717588,0.0014433756729740647,1.0001596721505075
0.05,3.2550390549694246,0.0014436445963505217,0.0014433756729740647,1.0001863155805466
0.05,3.263765701229396,0.0014436856219421652,0.0014433756729740647,1.0002147389442015
0.05,3.2724923474893677,0.001443729103983917,0.0014433756729740647,1.0002448641864137
0.05,3.2812189937493397,0.0014437749230782762,0.0014433756729740647,1.0002766085861685
0.05,3.2899456400093112,0.001443822953421678,0.0014433756729740647,1.0003098849841994
0.05,3.2986722862692828,0.0014438730631527903,0.0014433756729740647,1.0003446020242954
0.05,3.3073989325292543,0.0014439251147149665,0.0014433756729740647,1.0003806644044164
0.05,3.3161255787892263,0.0014439789652364767,0.0014433756729740647,1.0004179731401244
0.05,3.324852225049198,0.0014440344669243356,0.0014433756729740647,1.0004564258374353
0.05,3.3335788713091694,0.0014440914674698458,0.0014433756729740647,1.0004959169737884
0.05,3.342305517569141,0.0014441498104715079,0.0014433756729740647,1.0005363381910464
0.05,3.351032163829113,0.001444209335861625,0.0014433756729740647,1.0005775785910556
0.05,3.3597588100890845,0.0014442698803492653,0.0014433756729740647,1.00061952504254
0.05,3.368485456349056,0.0014443312778689747,0.0014433756729740647,1.0006620624919782
0.05,3.3772121026090276,0.0014443933600361495,0.0014433756729740647,1.0007050742790946
0.05,3.385938748868999,0.00144445595661097,0.0014433756729740647,1.0007484424582822
0.05,3.394665395128971,0.0014445188959647122,0.0014433756729740647,1.000792048121673
0.05,3.4033920413889427,0.001444582005551408,0.0014433756729740647,1.0008357717259138
0.05,3.4121186876489142,0.0014446451123810609,0.0014433756729740647,1.000879493420019
0.05,3.420845333908886,0.001444708043493724,0.0014433756729740647,1.000923093373823
0.05,3.429571980168858,0.0014447706264345264,0.0014433756729740647,1.0009664521070853
0.05,3.4382986264288293,0.001444832689723689,0.0014433756729740647,1.0010094508151313
0.05,3.447025272688801,0.0014448940633284052,0.0014433756729740647,1.0010519716957762
0.05,3.4557519189487724,0.001444954579125899,0.0014433756729740647,1.001093898270144
0.05,3.464478565208744,0.0014450140713647298,0.0014433756729740647,1.0011351157022683
0.05,3.473205211468716,0.0014450723771175366,0.0014433756729740647,1.0011755111127623
0.05,3.4819318577286875,0.0014451293367248451,0.0014433756729740647,1.0012149738862974
0.05,3.490658503988659,0.0014451847942330304,0.0014433756729740647,1.0012533959750327
0.05,3.4993851502486306,0.0014452385978184577,0.0014433756729740647,1.0012906721924684
0.05,3.5081117965086026,0.0014452906002018315,0.0014433756729740647,1.0013267005005155
0.05,3.516838442768574,0.0014453406590500984,0.0014433756729740647,1.0013613822879424
0.05,3.5255650890285457,0.0014453886373644936,0.0014433756729740647,1.0013946226392199
0.05,3.5342917352885173,0.0014454344038534058,0.0014433756729740647,1.001426330592852
0.05,3.543018381548489,0.0014454778332893907,0.0014433756729740647,1.0014564193887199
0.05,3.551745027808461,0.0014455188068515671,0.0014433756729740647,1.0014848067053026
0.05,3.5604716740684323,0.0014455572124478773,0.0014433756729740647,1.0015114148829443
0.05,3.569198320328404,0.0014455929450193786,0.0014433756729740647,1.0015361711346744
0.05,3.5779249665883754,0.0014456259068277547,0.0014433756729740647,1.001559007745401
0.05,3.5866516128483474,0.0014456560077190236,0.0014433756729740647,1.0015798622546133
0.05,3.595378259108319,0.0014456831653701019,0.0014433756729740647,1.0015986776272061
0.05,3.6041049053682905,0.001445707305511678,0.0014433756729740647,1.001615402407891
0.05,3.612831551628262,0.0014457283621295038,0.0014433756729740647,1.0016299908606547
0.05,3.6215581978882336,0.0014457462776450035,0.0014433756729740647,1.0016424030938904
0.05,3.6302848441482056,0.0014457610030706464,0.0014433756729740647,1.001652605168041
0.05,3.639011490408177,0.0014457724981432117,0.0014433756729740647,1.001660569187929
0.05,3.6477381366681487,0.0014457807314325545,0.0014433756729740647,1.001666273378111
0.05,3.6564647829281203,0.001445785680427404,0.0014433756729740647,1.0016697021423213
0.05,3.6651914291880923,0.0014457873315972978,0.0014433756729740647,1.0016708461063806
0.05,3.673918075448064,0.0014457856804274288,0.0014433756729740647,1.0016697021423384
0.05,3.6826447217080354,0.00144578073143229,0.0014433756729740647,1.0016662733779278
0.05,3.691371367968007,0.0014457724981431813,0.0014433756729740647,1.001660569187908
0.05,3.7000980142279785,0.0014457610030707093,0.0014433756729740647,1.0016526051680847
0.05,3.7088246604879505,0.0014457462776449486,0.0014433756729740647,1.0016424030938524
0.05,3.717551306747922,0.0014457283621293821,0.0014433756729740647,1.0016299908605704
0.05,3.7262779530078936,0.0014457073055115237,0.0014433756729740647,1.001615402407784
0.05,3.735004599267865,0.001445683165369989,0.0014433756729740647,1.001598677627128
0.05,3.743731245527837,0.0014456560077190021,0.0014433756729740647,1.0015798622545984
0.05,3.7524578917878086,0.001445625906827572,0.0014433756729740647,1.0015590077452745
0.05,3.76118453804778,0.0014455929450194506,0.0014433756729740647,1.0015361711347242
0.05,3.7699111843077517,0.001445557212447733,0.0014433756729740647,1.0015114148828441
0.05,3.7786378305677233,0.001445518806851473,0.0014433756729740647,1.0014848067052373
0.05,3.7873644768276953,0.0014454778332891399,0.0014433756729740647,1.001456419388546
0.05,3.796091123087667,0.0014454344038530233,0.0014433756729740647,1.0014263305925868
0.05,3.8048177693476384,0.0014453886373643396,0.0014433756729740647,1.0013946226391133
0.05,3.81354441560761,0.0014453406590500416,0.0014433756729740647,1.0013613822879028
0.05,3.822271061867582,0.001445290600201718,0.0014433756729740647,1.0013267005004372
0.05,3.8309977081275535,0.0014452385978184414,0.0014433756729740647,1.001290672192457
0.05,3.839724354387525,0.0014451847942329851,0.0014433756729740647,1.0012533959750012
0.05,3.8484510006474966,0.0014451293367246244,0.0014433756729740647,1.0012149738861444
0.05,3.857177646907468,0.001445072377117069,0.0014433756729740647,1.0011755111124385
0.05,3.86590429316744,0.001445014071364535,0.0014433756729740647,1.0011351157021335
0.05,3.8746309394274117,0.0014449545791257198,0.0014433756729740647,1.00109389827002
0.05,3.883357585687383,0.001444894063328148,0.0014433756729740647,1.001051971695598
0.05,3.8920842319473548,0.0014448326897237784,0.0014433756729740647,1.0010094508151932
0.05,3.9008108782073267,0.0014447706264343022,0.0014433756729740647,1.0009664521069301
0.05,3.9095375244672983,0.0014447080434937124,0.0014433756729740647,1.0009230933738147
0.05,3.91826417072727,0.0014446451123805418,0.0014433756729740647,1.0008794934196594
0.05,3.9269908169872414,0.001444582005550939,0.0014433756729740647,1.0008357717255887
0.05,3.935717463247213,0.0014445188959644872,0.0014433756729740647,1.0007920481215171
0.05,3.944444109507185,0.0014444559566107586,0.0014433756729740647,1.0007484424581357
0.05,3.9531707557671565,0.0014443933600359804,0.0014433756729740647,1.0007050742789774
0.05,3.961897402027128,0.001444331277868704,0.0014433756729740647,1.0006620624917908
0.05,3.9706240482870996,0.0014442698803491224,0.0014433756729740647,1.000619525042441
0.05,3.9793506945470716,0.0014442093358612953,0.0014433756729740647,1.000577578590827
0.05,3.988077340807043,0.001444149810471206,0.0014433756729740647,1.0005363381908372
0.05,3.9968039870670147,0.0014440914674696533,0.0014433756729740647,1.000495916973655
0.05,4.005530633326987,0.001444034466923973,0.0014433756729740647,1.0004564258371842
0.05,4.014257279586958,0.001443978965236461,0.0014433756729740647,1.0004179731401133
0.05,4.02298392584693,0.001443925114714842,0.0014433756729740647,1.00038066440433
0.05,4.031710572106901,0.001443873063152583,0.0014433756729740647,1.0003446020241518
0.05,4.040437218366873,0.001443822953421294,0.0014433756729740647,1.0003098849839334
0.05,4.049163864626845,0.001443774923077883,0.0014433756729740647,1.000276608585896
0.05,4.057890510886816,0.0014437291039836719,0.0014433756729740647,1.000244864186244
0.05,4.066617157146788,0.0014436856219420264,0.0014433756729740647,1.0002147389441052
0.05,4.075343803406759,0.0014436445963504955,0.0014433756729740647,1.0001863155805284
0.05,4.084070449666731,0.0014436061398714782,0.0014433756729740647,1.0001596721503132
0.05,4.092797095926703,0.0014435703581210278,0.0014433756729740647,1.0001348818264075
0.05,4.101523742186674,0.0014435373493762644,0.0014433756729740647,1.0001120126971978
0.05,4.110250388446646,0.0014435072043056797,0.0014433756729740647,1.0000911275796578
0.05,4.118977034706618,0.0014434800057160984,0.0014433756729740647,1.0000722838440381
0.05,4.127703680966589,0.0014434558283260685,0.0014433756729740647,1.0000555332568677
0.05,4.136430327226561,0.0014434347385568927,0.0014433756729740647,1.0000409218361748
0.05,4.145156973486532,0.0014434167943508291,0.0014433756729740647,1.0000284897255334
0.05,4.153883619746504,0.0014434020450100177,0.0014433756729740647,1.0000182710824679
0.05,4.162610266006476,0.0014433905310595955,0.0014433756729740647,1.000010293983617
0.05,4.171336912266447,0.001443382284136323,0.0014433756729740647,1.0000045803475714
0.05,4.180063558526419,0.001443377326900818,0.0014433756729740647,1.0000011458740676
0.05,4.1887902047863905,0.0014433756729739099,0.0014433756729740647,0.9999999999998928
0.05,4.1975168510463625,0.001443377326900466,0.0014433756729740647,1.0000011458738236
0.05,4.2062434973063345,0.001443382284136474,0.0014433756729740647,1.000004580347676
0.05,4.214970143566306,0.0014433905310594869,0.0014433756729740647,1.0000102939835418
0.05,4.223696789826278,0.0014434020450098046,0.0014433756729740647,1.0000182710823202
0.05,4.232423436086249,0.0014434167943507164,0.0014433756729740647,1.0000284897254552
0.05,4.241150082346221,0.0014434347385568751,0.0014433756729740647,1.0000409218361626
0.05,4.249876728606193,0.0014434558283259102,0.0014433756729740647,1.000055533256758
0.05,4.258603374866164,0.0014434800057162112,0.0014433756729740647,1.0000722838441163
0.05,4.267330021126136,0.0014435072043057883,0.0014433756729740647,1.000091127579733
0.05,4.276056667386108,0.0014435373493762226,0.0014433756729740647,1.000112012697169
0.05,4.284783313646079,0.001443570358120848,0.0014433756729740647,1.000134881826283
0.05,4.293509959906051,0.0014436061398714656,0.0014433756729740647,1.0001596721503045
0.05,4.302236606166022,0.0014436445963504601,0.0014433756729740647,1.000186315580504
0.05,4.310963252425994,0.0014436856219417072,0.0014433756729740647,1.0002147389438842
0.05,4.319689898685966,0.0014437291039836782,0.0014433756729740647,1.0002448641862483
0.05,4.328416544945937,0.0014437749230779657,0.0014433756729740647,1.0002766085859536
0.05,4.337143191205909,0.0014438229534215403,0.0014433756729740647,1.000309884984104
0.05,4.34586983746588,0.001443873063152478,0.0014433756729740647,1.0003446020240792
0.05,4.354596483725852,0.0014439251147147032,0.0014433756729740647,1.000380664404234
0.05,4.363323129985824,0.0014439789652365932,0.0014433756729740647,1.000417973140205
0.05,4.372049776245795,0.0014440344669240743,0.0014433756729740647,1.0004564258372544
0.05,4.380776422505767,0.0014440914674697881,0.0014433756729740647,1.0004959169737484
0.05,4.389503068765738,0.0014441498104713314,0.0014433756729740647,1.000536338190924
0.05,4.39822971502571,0.0014442093358612755,0.0014433756729740647,1.0005775785908135
0.05,4.406956361285682,0.001444269880349175,0.0014433756729740647,1.0006195250424776
0.05,4.4156830075456535,0.0014443312778687468,0.0014433756729740647,1.0006620624918203
0.05,4.4244096538056255,0.0014443933600360602,0.0014433756729740647,1.0007050742790327
0.05,4.4331363000655974,0.0014444559566107558,0.0014433756729740647,1.0007484424581337
0.05,4.4418629463255686,0.0014445188959643334,0.0014433756729740647,1.0007920481214105
0.05,4.4505895925855405,0.0014445820055509827,0.0014433756729740647,1.0008357717256189
0.05,4.459316238845512,0.00144464511238056,0.0014433756729740647,1.0008794934196719
0.05,4.468042885105484,0.0014447080434937904,0.0014433756729740647,1.0009230933738689
0.05,4.476769531365456,0.001444770626434442,0.0014433756729740647,1.000966452107027
0.05,4.485496177625427,0.0014448326897236493,0.0014433756729740647,1.0010094508151037
0.05,4.494222823885399,0.001444894063328457,0.0014433756729740647,1.001051971695812
0.05,4.50294947014537,0.0014449545791259098,0.0014433756729740647,1.0010938982701516
0.05,4.511676116405342,0.001445014071364643,0.0014433756729740647,1.0011351157022084
0.05,4.520402762665314,0.001445072377117092,0.0014433756729740647,1.0011755111124543
0.05,4.529129408925285,0.001445129336724755,0.0014433756729740647,1.0012149738862348
0.05,4.537856055185257,0.0014451847942330669,0.0014433756729740647,1.0012533959750578
0.05,4.546582701445229,0.0014452385978186526,0.0014433756729740647,1.0012906721926034
0.05,4.5553093477052,0.001445290600201527,0.0014433756729740647,1.0013267005003048
0.05,4.564035993965172,0.0014453406590500624,0.0014433756729740647,1.0013613822879173
0.05,4.572762640225143,0.0014453886373643184,0.0014433756729740647,1.0013946226390984
0.05,4.581489286485115,0.001445434403853071,0.0014433756729740647,1.0014263305926199
0.05,4.590215932745087,0.0014454778332891637,0.0014433756729740647,1.0014564193885627
0.05,4.598942579005058,0.0014455188068513414,0.0014433756729740647,1.001484806705146
0.05,4.60766922526503,0.0014455572124477652,0.0014433756729740647,1.0015114148828665
0.05,4.616395871525001,0.0014455929450192815,0.0014433756729740647,1.0015361711346071
0.05,4.625122517784973,0.001445625906827669,0.0014433756729740647,1.0015590077453416
0.05,4.633849164044945,0.0014456560077190793,0.0014433756729740647,1.001579862254652
0.05,4.642575810304916,0.0014456831653700262,0.0014433756729740647,1.0015986776271537
0.05,4.651302456564888,0.0014457073055113368,0.0014433756729740647,1.0016154024076545
0.05,4.6600291028248595,0.0014457283621294227,0.0014433756729740647,1.0016299908605986
0.05,4.6687557490848315,0.001445746277644875,0.0014433756729740647,1.0016424030938014
0.05,4.6774823953448035,0.0014457610030708939,0.0014433756729740647,1.0016526051682124
0.05,4.686209041604775,0.0014457724981431564,0.0014433756729740647,1.0016605691878906
0.05,4.694935687864747,0.001445780731432445,0.0014433756729740647,1.0016662733780353
0.05,4.703662334124719,0.0014457856804275043,0.0014433756729740647,1.0016697021423908
0.05,4.71238898038469,0.0014457873315971703,0.0014433756729740647,1.0016708461062922
0.05,4.721115626644662,0.0014457856804275158,0.0014433756729740647,1.0016697021423988
0.05,4.729842272904633,0.0014457807314322351,0.0014433756729740647,1.0016662733778898
0.05,4.738568919164605,0.0014457724981432926,0.0014433756729740647,1.001660569187985
0.05,4.747295565424577,0.0014457610030709105,0.0014433756729740647,1.001652605168224
0.05,4.756022211684548,0.0014457462776451282,0.0014433756729740647,1.0016424030939768
0.05,4.76474885794452,0.0014457283621295673,0.0014433756729740647,1.0016299908606987
0.05,4.773475504204491,0.0014457073055117204,0.0014433756729740647,1.0016154024079202
0.05,4.782202150464463,0.0014456831653701968,0.0014433756729740647,1.0015986776272718
0.05,4.790928796724435,0.0014456560077189592,0.0014433756729740647,1.0015798622545686
0.05,4.799655442984406,0.001445625906827865,0.0014433756729740647,1.0015590077454775
0.05,4.808382089244378,0.001445592945019336,0.0014433756729740647,1.0015361711346449
0.05,4.817108735504349,0.0014455572124475867,0.0014433756729740647,1.0015114148827429
0.05,4.825835381764321,0.0014455188068515873,0.0014433756729740647,1.0014848067053166
0.05,4.834562028024293,0.001445477833289357,0.0014433756729740647,1.0014564193886963
0.05,4.843288674284264,0.0014454344038529934,0.0014433756729740647,1.0014263305925661
0.05,4.852015320544236,0.001445388637364615,0.0014433756729740647,1.001394622639304
0.05,4.860741966804208,0.0014453406590500654,0.0014433756729740647,1.0013613822879195
0.05,4.869468613064179,0.001445290600201871,0.0014433756729740647,1.001326700500543
0.05,4.878195259324151,0.0014452385978186626,0.0014433756729740647,1.0012906721926103
0.05,4.886921905584122,0.0014451847942329754,0.0014433756729740647,1.0012533959749945
0.05,4.895648551844094,0.001445129336724794,0.0014433756729740647,1.001214973886262
0.05,4.904375198104066,0.001445072377117265,0.0014433756729740647,1.0011755111125742
0.05,4.9131018443640375,0.001445014071364907,0.0014433756729740647,1.001135115702391
0.05,4.9218284906240095,0.0014449545791257758,0.0014433756729740647,1.0010938982700586
0.05,4.930555136883981,0.001444894063328389,0.0014433756729740647,1.0010519716957649
0.05,4.939281783143953,0.0014448326897238087,0.0014433756729740647,1.0010094508152143
0.05,4.948008429403925,0.0014447706264344971,0.0014433756729740647,1.0009664521070651
0.05,4.956735075663896,0.0014447080434939158,0.0014433756729740647,1.0009230933739557
0.05,4.965461721923868,0.001444645112380733,0.0014433756729740647,1.0008794934197918
0.05,4.974188368183839,0.0014445820055513378,0.0014433756729740647,1.0008357717258651
0.05,4.982915014443811,0.0014445188959645167,0.0014433756729740647,1.0007920481215375
0.05,4.991641660703783,0.001444455956611061,0.0014433756729740647,1.0007484424583453
0.05,5.000368306963754,0.0014443933600360242,0.0014433756729740647,1.0007050742790078
0.05,5.009094953223726,0.0014443312778691549,0.0014433756729740647,1.000662062492103
0.05,5.017821599483698,0.0014442698803494708,0.0014433756729740647,1.0006195250426824
0.05,5.026548245743669,0.001444209335861314,0.0014433756729740647,1.0005775785908402
0.05,5.035274892003641,0.0014441498104713541,0.0014433756729740647,1.0005363381909398
0.05,5.044001538263612,0.001444091467469869,0.0014433756729740647,1.0004959169738046
0.05,5.052728184523584,0.0014440344669240338,0.0014433756729740647,1.0004564258372262
0.05,5.061454830783556,0.0014439789652365633,0.0014433756729740647,1.0004179731401843
0.05,5.070181477043527,0.0014439251147149582,0.0014433756729740647,1.0003806644044106
0.05,5.078908123303499,0.0014438730631529072,0.0014433756729740647,1.0003446020243765
0.05,5.08763476956347,0.001443822953421865,0.0014433756729740647,1.000309884984329
0.05,5.096361415823442,0.001443774923078151,0.0014433756729740647,1.0002766085860817
0.05,5.105088062083414,0.0014437291039839943,0.0014433756729740647,1.0002448641864674
0.05,5.113814708343385,0.0014436856219421487,0.0014433756729740647,1.00021473894419
0.05,5.122541354603357,0.0014436445963507745,0.0014433756729740647,1.0001863155807218
0.05,5.1312680008633285,0.0014436061398716436,0.0014433756729740647,1.0001596721504278
0.05,5.1399946471233005,0.0014435703581211743,0.0014433756729740647,1.0001348818265092
0.05,5.1487212933832724,0.0014435373493766391,0.0014433756729740647,1.0001120126974574
0.05,5.1574479396432436,0.001443507204306066,0.0014433756729740647,1.0000911275799254
0.05,5.1661745859032155,0.0014434800057164792,0.0014433756729740647,1.000072283844302
0.05,5.1749012321631875,0.0014434558283262986,0.0014433756729740647,1.0000555332570271
0.05,5.183627878423159,0.0014434347385571986,0.0014433756729740647,1.0000409218363866
0.05,5.192354524683131,0.001443416794351182,0.0014433756729740647,1.0000284897257776
0.05,5.201081170943102,0.0014434020450102647,0.0014433756729740647,1.000018271082639
0.05,5.209807817203074,0.001443390531059871,0.0014433756729740647,1.0000102939838078
0.05,5.218534463463046,0.0014433822841367387,0.0014433756729740647,1.0000045803478594
0.05,5.227261109723017,0.0014433773269010442,0.0014433756729740647,1.0000011458742242
0.05,5.235987755982989,0.001443375672974209,0.0014433756729740647,1.0000000000001
0.05,5.24471440224296,0.0014433773269009267,0.0014433756729740647,1.000001145874143
0.05,5.253441048502932,0.0014433822841366016,0.0014433756729740647,1.0000045803477644
0.05,5.262167694762904,0.0014433905310598935,0.0014433756729740647,1.0000102939838234
0.05,5.270894341022875,0.001443402045010397,0.0014433756729740647,1.0000182710827306
0.05,5.279620987282847,0.001443416794351165,0.0014433756729740647,1.000028489725766
0.05,5.288347633542818,0.0014434347385573055,0.0014433756729740647,1.0000409218364608
0.05,5.29707427980279,0.00144345582832638,0.0014433756729740647,1.0000555332570835
0.05,5.305800926062762,0.0014434800057164686,0.0014433756729740647,1.0000722838442946
0.05,5.314527572322733,0.0014435072043061793,0.0014433756729740647,1.000091127580004
0.05,5.323254218582705,0.0014435373493766146,0.0014433756729740647,1.0001120126974405
0.05,5.331980864842677,0.001443570358121359,0.0014433756729740647,1.0001348818266371
0.05,5.340707511102648,0.001443606139871673,0.0014433756729740647,1.000159672150448
0.05,5.34943415736262,0.001443644596350893,0.0014433756729740647,1.0001863155808037
0.05,5.358160803622591,0.001443685621942405,0.0014433756729740647,1.0002147389443676
0.05,5.366887449882563,0.0014437291039839067,0.0014433756729740647,1.0002448641864068
0.05,5.375614096142535,0.0014437749230783075,0.0014433756729740647,1.0002766085861903
0.05,5.3843407424025065,0.0014438229534216617,0.0014433756729740647,1.000309884984188
0.05,5.3930673886624785,0.0014438730631530683,0.0014433756729740647,1.000344602024488
0.05,5.40179403492245,0.0014439251147151213,0.0014433756729740647,1.0003806644045237
0.05,5.410520681182422,0.0014439789652367504,0.0014433756729740647,1.000417973140314
0.05,5.419247327442394,0.0014440344669243497,0.0014433756729740647,1.000456425837445
0.05,5.427973973702365,0.0014440914674700262,0.0014433756729740647,1.0004959169739134
0.05,5.436700619962337,0.0014441498104715714,0.0014433756729740647,1.0005363381910903
0.05,5.445427266222308,0.0014442093358616403,0.0014433756729740647,1.0005775785910662
0.05,5.45415391248228,0.001444269880349244,0.0014433756729740647,1.0006195250425254
0.05,5.462880558742252,0.0014443312778689187,0.0014433756729740647,1.0006620624919396
0.05,5.471607205002223,0.001444393360036515,0.0014433756729740647,1.0007050742793477
0.05,5.480333851262195,0.0014444559566112814,0.0014433756729740647,1.0007484424584978
0.05,5.489060497522167,0.0014445188959646745,0.0014433756729740647,1.0007920481216468
0.05,5.497787143782138,0.001444582005551404,0.0014433756729740647,1.0008357717259109
0.05,5.50651379004211,0.001444645112380984,0.0014433756729740647,1.0008794934199656
0.05,5.515240436302081,0.0014447080434941042,0.0014433756729740647,1.0009230933740862
0.05,5.523967082562053,0.001444770626434675,0.0014433756729740647,1.0009664521071884
0.05,5.532693728822025,0.0014448326897242396,0.0014433756729740647,1.0010094508155127
0.05,5.541420375081996,0.0014448940633285698,0.0014433756729740647,1.00105197169589
0.05,5.550147021341968,0.0014449545791259061,0.0014433756729740647,1.001093898270149
0.05,5.558873667601939,0.0014450140713651862,0.0014433756729740647,1.0011351157025847
0.05,5.567600313861911,0.0014450723771175999,0.0014433756729740647,1.0011755111128062
0.05,5.576326960121883,0.0014451293367252862,0.0014433756729740647,1.001214973886603
0.05,5.585053606381854,0.0014451847942333256,0.0014433756729740647,1.0012533959752372
0.05,5.593780252641826,0.0014452385978187615,0.0014433756729740647,1.0012906721926789
0.05,5.602506898901797,0.0014452906002022428,0.0014433756729740647,1.0013267005008006
0.05,5.611233545161769,0.001445340659050356,0.0014433756729740647,1.0013613822881207
0.05,5.619960191421741,0.0014453886373646696,0.0014433756729740647,1.001394622639342
0.05,5.6286868376817125,0.0014454344038535426,0.0014433756729740647,1.0014263305929467
0.05,5.6374134839416845,0.0014454778332894872,0.0014433756729740647,1.0014564193887867
0.05,5.6461401302016565,0.0014455188068515654,0.0014433756729740647,1.0014848067053013
0.05,5.654866776461628,0.001445557212447905,0.0014433756729740647,1.0015114148829634
0.05,5.6635934227216,0.0014455929450197557,0.0014433756729740647,1.0015361711349355
0.05,5.672320068981571,0.0014456259068280034,0.0014433756729740647,1.0015590077455734
0.05,5.681046715241543,0.0014456560077192773,0.0014433756729740647,1.0015798622547891
0.05,5.689773361501515,0.0014456831653703395,0.0014433756729740647,1.0015986776273706
0.05,5.698500007761486,0.0014457073055120066,0.0014433756729740647,1.0016154024081185
0.05,5.707226654021458,0.0014457283621298479,0.0014433756729740647,1.0016299908608932
0.05,5.715953300281429,0.0014457462776454077,0.0014433756729740647,1.0016424030941704
0.05,5.724679946541401,0.0014457610030709372,0.0014433756729740647,1.0016526051682426
0.05,5.733406592801373,0.0014457724981433889,0.0014433756729740647,1.0016605691880518
0.05,5.742133239061344,0.001445780731432768,0.0014433756729740647,1.0016662733782589
0.05,5.750859885321316,0.0014457856804276404,0.0014433756729740647,1.0016697021424852
0.05,5.759586531581287,0.0014457873315974526,0.0014433756729740647,1.0016708461064878
0.05,5.768313177841259,0.0014457856804277298,0.0014433756729740647,1.0016697021425471
0.05,5.777039824101231,0.0014457807314326207,0.0014433756729740647,1.001666273378157
0.05,5.785766470361202,0.0014457724981435107,0.0014433756729740647,1.0016605691881362
0.05,5.794493116621174,0.001445761003071032,0.0014433756729740647,1.0016526051683081
0.05,5.803219762881146,0.0014457462776454907,0.0014433756729740647,1.001642403094228
0.05,5.811946409141117,0.0014457283621298407,0.0014433756729740647,1.001629990860888
0.05,5.820673055401089,0.0014457073055119916,0.0014433756729740647,1.001615402408108
0.05,5.82939970166106,0.0014456831653704067,0.0014433756729740647,1.0015986776274173
0.05,5.838126347921032,0.0014456560077194512,0.0014433756729740647,1.0015798622549097
0.05,5.846852994181004,0.0014456259068278828,0.0014433756729740647,1.00155900774549
0.05,5.8555796404409755,0.0014455929450195469,0.0014433756729740647,1.001536171134791
0.05,5.8643062867009474,0.0014455572124480855,0.0014433756729740647,1.0015114148830884
0.05,5.8730329329609186,0.0014455188068516888,0.0014433756729740647,1.0014848067053868
0.05,5.8817595792208905,0.0014454778332896458,0.0014433756729740647,1.0014564193888966
0.05,5.8904862254808625,0.0014454344038535912,0.0014433756729740647,1.0014263305929803
0.05,5.899212871740834,0.0014453886373646527,0.0014433756729740647,1.0013946226393302
0.05,5.907939518000806,0.0014453406590504074,0.0014433756729740647,1.0013613822881564
0.05,5.916666164260777,0.0014452906002022754,0.0014433756729740647,1.001326700500823
0.05,5.925392810520749,0.0014452385978186086,0.0014433756729740647,1.001290672192573
0.05,5.934119456780721,0.0014451847942334236,0.0014433756729740647,1.001253395975305
0.05,5.942846103040692,0.0014451293367251858,0.0014433756729740647,1.0012149738865335
0.05,5.951572749300664,0.0014450723771174956,0.0014433756729740647,1.001175511112734
0.05,5.960299395560636,0.001445014071364821,0.0014433756729740647,1.0011351157023316
0.05,5.969026041820607,0.0014449545791261349,0.0014433756729740647,1.0010938982703075
0.05,5.977752688080579,0.0014448940633286702,0.0014433756729740647,1.0010519716959596
0.05,5.98647933434055,0.0014448326897240822,0.0014433756729740647,1.0010094508154037
0.05,5.995205980600522,0.001444770626434753,0.0014433756729740647,1.0009664521072426
0.05,6.003932626860494,0.0014447080434939758,0.0014433756729740647,1.0009230933739972
0.05,6.012659273120465,0.0014446451123809843,0.0014433756729740647,1.0008794934199658
0.05,6.021385919380437,0.0014445820055514313,0.0014433756729740647,1.0008357717259297
0.05,6.030112565640408,0.0014445188959646665,0.0014433756729740647,1.0007920481216412
0.05,6.03883921190038,0.0014444559566110936,0.0014433756729740647,1.0007484424583677
0.05,6.047565858160352,0.0014443933600366428,0.0014433756729740647,1.0007050742794363
0.05,6.056292504420323,0.001444331277869003,0.0014433756729740647,1.000662062491998
0.05,6.065019150680295,0.001444269880349345,0.0014433756729740647,1.0006195250425953
0.05,6.073745796940266,0.0014442093358613965,0.0014433756729740647,1.0005775785908972
0.05,6.082472443200238,0.0014441498104715575,0.0014433756729740647,1.0005363381910808
0.05,6.09119908946021,0.0014440914674701691,0.0014433756729740647,1.0004959169740124
0.05,6.0999257357201815,0.0014440344669243341,0.0014433756729740647,1.0004564258374342
0.05,6.1086523819801535,0.001443978965236705,0.0014433756729740647,1.0004179731402825
0.05,6.1173790282401255,0.0014439251147154038,0.0014433756729740647,1.0003806644047193
0.05,6.126105674500097,0.0014438730631528807,0.0014433756729740647,1.000344602024358
0.05,6.134832320760069,0.001443822953421705,0.0014433756729740647,1.000309884984218
0.05,6.14355896702004,0.0014437749230781262,0.0014433756729740647,1.0002766085860646
0.05,6.152285613280012,0.0014437291039835402,0.0014433756729740647,1.0002448641861528
0.05,6.161012259539984,0.001443685621942377,0.0014433756729740647,1.0002147389443483
0.05,6.169738905799955,0.0014436445963510623,0.0014433756729740647,1.0001863155809212
0.05,6.178465552059927,0.001443606139871921,0.0014433756729740647,1.0001596721506198
0.05,6.187192198319898,0.0014435703581214905,0.0014433756729740647,1.0001348818267282
0.05,6.19591884457987,0.001443537349376912,0.0014433756729740647,1.0001120126976466
0.05,6.204645490839842,0.001443507204306078,0.0014433756729740647,1.0000911275799338
0.05,6.213372137099813,0.0014434800057167429,0.0014433756729740647,1.0000722838444847
0.05,6.222098783359785,0.0014434558283264,0.0014433756729740647,1.0000555332570973
0.05,6.230825429619756,0.001443434738557106,0.0014433756729740647,1.0000409218363224
0.05,6.239552075879728,0.0014434167943511258,0.0014433756729740647,1.0000284897257388
0.05,6.2482787221397,0.001443402045010254,0.0014433756729740647,1.0000182710826315
0.05,6.257005368399671,0.0014433905310599307,0.0014433756729740647,1.0000102939838493
0.05,6.265732014659643,0.0014433822841365622,0.0014433756729740647,1.000004580347737
0.05,6.274458660919615,0.0014433773269010386,0.0014433756729740647,1.0000011458742204
0.05,6.283185307179586,0.0014433756729740344,0.0014433756729740647,0.999999999999979
0.08,0.0,0.0036950417228136523,0.0036950417228136054,1.0000000000000127
0.08,0.008726646259971648,0.0036950526188690223,0.0036950417228136054,1.0000029488314974
0.08,0.017453292519943295,0.0036950852769775657,0.0036950417228136054,1.0000117871913845
0.08,0.026179938779914945,0.0036951396070499395,0.0036950417228136054,1.0000264906985297
0.08,0.03490658503988659,0.003695215459219644,0.0036950417228136054,1.0000470187941224
0.08,0.04363323129985824,0.003695312624263695,0.0036950417228136054,1.0000733148555312
0.08,0.05235987755982989,0.0036954308341903817,0.0036950417228136054,1.0001053063553718
0.08,0.061086523819801536,0.0036955697629925226,0.0036950417228136054,1.0001429050653627
0.08,0.06981317007977318,0.003695729027562668,0.0036950417228136054,1.0001860073040092
0.08,0.07853981633974483,0.0036959081887695446,0.0036950417228136054,1.0002344942279242
0.08,0.08726646259971647,0.003696106752690135,0.0036950417228136054,1.00028823216527
0.08,0.09599310885968812,0.0036963241719939668,0.0036950417228136054,1.0003470729903923
0.08,0.10471975511965978,0.003696559847479184,0.0036950417228136054,1.000410854539532
0.08,0.11344640137963143,0.0036968131297482314,0.0036950417228136054,1.0004794010643205
0.08,0.12217304763960307,0.003697083321028781,0.0036950417228136054,1.0005525237245823
0.08,0.1308996938995747,0.003697369677122319,0.0036950417228136054,1.000630021115686
0.08,0.13962634015954636,0.003697671409486941,0.0036950417228136054,1.0007116798322193
0.08,0.14835298641951802,0.003697987687434839,0.0036950417228136054,1.0007972750626994
0.08,0.15707963267948966,0.0036983176404540067,0.0036950417228136054,1.000886571217904
0.08,0.16580627893946132,0.0036986603606300864,0.0036950417228136054,1.0009793225863024
0.08,0.17453292519943295,0.0036990149051762335,0.0036950417228136054,1.00107527401872
0.08,0.1832595714594046,0.003699380299053483,0.0036950417228136054,1.0011741616374967
0.08,0.19198621771937624,0.0036997555376794174,0.0036950417228136054,1.0012757135695405
0.08,0.2007128639793479,0.0037001395897151104,0.0036950417228136054,1.0013796507005672
0.08,0.20943951023931956,0.0037005313999231987,0.0036950417228136054,1.001485687448588
0.08,0.2181661564992912,0.003700929892087447,0.0036950417228136054,1.0015935325540406
0.08,0.22689280275926285,0.003701333971988567,0.0036950417228136054,1.0017028898851432
0.08,0.23561944901923448,0.0037017425304246444,0.0036950417228136054,1.0018134592553225
0.08,0.24434609527920614,0.003702154446269893,0.0036950417228136054,1.001924937251012
0.08,0.2530727415391778,0.0037025685895596392,0.0036950417228136054,1.0020370180665517
0.08,0.2617993877991494,0.0037029838246002795,0.0036950417228136054,1.0021493943458442
0.08,0.27052603405912107,0.003703399013085224,0.0036950417228136054,1.0022617580256319
0.08,0.2792526803190927,0.0037038130172187167,0.0036950417228136054,1.0023738011809058
0.08,0.2879793265790644,0.0037042247028306356,0.0036950417228136054,1.0024852168678728
0.08,0.29670597283903605,0.0037046329424801423,0.0036950417228136054,1.0025956999639056
0.08,0.30543261909900765,0.0037050366185328626,0.0036950417228136054,1.0027049480003292
0.08,0.3141592653589793,0.0037054346262117882,0.0036950417228136054,1.002812661988095
0.08,0.32288591161895097,0.003705825876605779,0.0036950417228136054,1.0029185472319815
0.08,0.33161255787892263,0.003706209299632176,0.0036950417228136054,1.003022314132374
0.08,0.34033920413889424,0.003706583846945109,0.0036950417228136054,1.0031236789723486
0.08,0.3490658503988659,0.0037069484947789668,0.0036950417228136054,1.0032223646872098
0.08,0.35779249665883756,0.0037073022467260697,0.0036950417228136054,1.003318101616219
0.08,0.3665191429188092,0.003707644136430709,0.0036950417228136054,1.0034106282316908
0.08,0.3752457891787809,0.0037079732302045345,0.0036950417228136054,1.0034996918468033
0.08,0.3839724354387525,0.0037082886295483407,0.0036950417228136054,1.0035850492980762
0.08,0.39269908169872414,0.0037085894735747393,0.0036950417228136054,1.0036664676010256
0.08,0.4014257279586958,0.003708874941330547,0.0036950417228136054,1.0037437245786789
0.08,0.41015237421866746,0.0037091442540050593,0.0036950417228136054,1.0038166094592067
0.08,0.4188790204786391,0.0037093966770266437,0.0036950417228136054,1.0038849234433294
0.08,0.4276056667386107,0.0037096315220364515,0.0036950417228136054,1.0039484802384684
0.08,0.4363323129985824,0.0037098481487373865,0.0036950417228136054,1.0040071065591396
0.08,0.44505895925855404,0.0037100459666102835,0.0036950417228136054,1.0040606425914058
0.08,0.4537856055185257,0.003710224436498775,0.0036950417228136054,1.0041089424217944
0.08,0.4625122517784973,0.0037103830720544018,0.0036950417228136054,1.0041518744283933
0.08,0.47123889803846897,0.003710521441037541,0.0036950417228136054,1.004189321632923
0.08,0.4799655442984406,0.003710639166474397,0.0036950417228136054,1.004221182013857
0.08,0.4886921905584123,0.0037107359276659273,0.0036950417228136054,1.004247368779471
0.08,0.49741883681838395,0.00371081146104517,0.0036950417228136054,1.0042678105998641
0.08,0.5061454830783556,0.0037108655608821465,0.0036950417228136054,1.0042824517977273
0.08,0.5148721293383273,0.0037108980798322973,0.0036950417228136054,1.0042912524967695
0.08,0.5235987755982988,0.003710908929331652,0.0036950417228136054,1.0042941887286634
0.08,0.5323254218582705,0.0037108980798322686,0.0036950417228136054,1.0042912524967618
0.08,0.5410520681182421,0.003710865560881772,0.0036950417228136054,1.004282451797626
0.08,0.5497787143782138,0.003710811461045149,0.0036950417228136054,1.0042678105998586
0.08,0.5585053606381855,0.0037107359276657777,0.0036950417228136054,1.0042473687794307
0.08,0.5672320068981571,0.0037106391664741578,0.0036950417228136054,1.004221182013792
0.08,0.5759586531581288,0.003710521441037645,0.0036950417228136054,1.004189321632951
0.08,0.5846852994181004,0.003710383072054416,0.0036950417228136054,1.0041518744283973
0.08,0.5934119456780721,0.0037102244364986964,0.0036950417228136054,1.0041089424217733
0.08,0.6021385919380436,0.0037100459666099825,0.0036950417228136054,1.0040606425913243
0.08,0.6108652381980153,0.003709848148737513,0.0036950417228136054,1.004007106559174
0.08,0.619591884457987,0.003709631522036547,0.0036950417228136054,1.0039484802384944
0.08,0.6283185307179586,0.0037093966770265566,0.0036950417228136054,1.0038849234433056
0.08,0.6370451769779303,0.0037091442540046677,0.0036950417228136054,1.0038166094591008
0.08,0.6457718232379019,0.0037088749413303206,0.0036950417228136054,1.0037437245786176
0.08,0.6544984694978736,0.0037085894735747996,0.0036950417228136054,1.0036664676010418
0.08,0.6632251157578453,0.003708288629548168,0.0036950417228136054,1.0035850492980294
0.08,0.6719517620178169,0.0037079732302047566,0.0036950417228136054,1.0034996918468635
0.08,0.6806784082777885,0.003707644136430586,0.0036950417228136054,1.0034106282316575
0.08,0.6894050545377601,0.003707302246725871,0.0036950417228136054,1.0033181016161652
0.08,0.6981317007977318,0.0037069484947788883,0.0036950417228136054,1.0032223646871885
0.08,0.7068583470577035,0.0037065838469448795,0.0036950417228136054,1.0031236789722864
0.08,0.7155849933176751,0.0037062092996321427,0.0036950417228136054,1.0030223141323649
0.08,0.7243116395776468,0.0037058258766054348,0.0036950417228136054,1.0029185472318882
0.08,0.7330382858376184,0.0037054346262116464,0.0036950417228136054,1.0028126619880566
0.08,0.7417649320975901,0.0037050366185326956,0.0036950417228136054,1.0027049480002839
0.08,0.7504915783575618,0.003704632942479912,0.0036950417228136054,1.0025956999638432
0.08,0.7592182246175333,0.003704224702830709,0.0036950417228136054,1.0024852168678926
0.08,0.767944870877505,0.003703813017218589,0.0036950417228136054,1.0023738011808714
0.08,0.7766715171374766,0.003703399013085062,0.0036950417228136054,1.0022617580255881
0.08,0.7853981633974483,0.003702983824600189,0.0036950417228136054,1.0021493943458197
0.08,0.7941248096574199,0.003702568589559721,0.0036950417228136054,1.0020370180665739
0.08,0.8028514559173916,0.00370215444626981,0.0036950417228136054,1.0019249372509895
0.08,0.8115781021773633,0.003701742530424552,0.0036950417228136054,1.0018134592552974
0.08,0.8203047484373349,0.0037013339719884574,0.0036950417228136054,1.0017028898851137
0.08,0.8290313946973066,0.003700929892086873,0.0036950417228136054,1.0015935325538852
0.08,0.8377580409572782,0.0037005313999229103,0.0036950417228136054,1.00148568744851
0.08,0.8464846872172498,0.0037001395897150627,0.0036950417228136054,1.0013796507005543
0.08,0.8552113334772214,0.003699755537679292,0.0036950417228136054,1.0012757135695067
0.08,0.8639379797371931,0.0036993802990532123,0.0036950417228136054,1.0011741616374235
0.08,0.8726646259971648,0.00369901490517576,0.0036950417228136054,1.001075274018592
0.08,0.8813912722571364,0.0036986603606298137,0.0036950417228136054,1.0009793225862285
0.08,0.8901179185171081,0.0036983176404537872,0.0036950417228136054,1.0008865712178447
0.08,0.8988445647770797,0.0036979876874348168,0.0036950417228136054,1.0007972750626934
0.08,0.9075712110370514,0.003697671409486598,0.0036950417228136054,1.0007116798321265
0.08,0.9162978572970231,0.0036973696771223554,0.0036950417228136054,1.000630021115696
0.08,0.9250245035569946,0.003697083321028473,0.0036950417228136054,1.000552523724499
0.08,0.9337511498169663,0.0036968131297477913,0.0036950417228136054,1.0004794010642015
0.08,0.9424777960769379,0.0036965598474786856,0.0036950417228136054,1.0004108545393973
0.08,0.9512044423369096,0.0036963241719938375,0.0036950417228136054,1.0003470729903574
0.08,0.9599310885968813,0.003696106752689795,0.0036950417228136054,1.000288232165178
0.08,0.9686577348568529,0.003695908188769359,0.0036950417228136054,1.000234494227874
0.08,0.9773843811168246,0.0036957290275622325,0.0036950417228136054,1.0001860073038915
0.08,0.9861110273767962,0.0036955697629921843,0.0036950417228136054,1.0001429050652713
0.08,0.9948376736367679,0.003695430834190301,0.0036950417228136054,1.00010530635535
0.08,1.0035643198967394,0.003695312624263504,0.0036950417228136054,1.0000733148554795
0.08,1.0122909661567112,0.003695215459219555,0.0036950417228136054,1.0000470187940984
0.08,1.0210176124166828,0.003695139607049714,0.0036950417228136054,1.0000264906984688
0.08,1.0297442586766545,0.0036950852769772648,0.0036950417228136054,1.000011787191303
0.08,1.038470904936626,0.003695052618868906,0.0036950417228136054,1.0000029488314661
0.08,1.0471975511965976,0.003695041722813379,0.0036950417228136054,0.9999999999999387
0.08,1.0559241974565694,0.0036950526188688124,0.0036950417228136054,1.0000029488314408
0.08,1.064650843716541,0.0036950852769770323,0.0036950417228136054,1.0000117871912402
0.08,1.0733774899765127,0.0036951396070496268,0.0036950417228136054,1.000026490698445
0.08,1.0821041362364843,0.003695215459219555,0.0036950417228136054,1.0000470187940984
0.08,1.090830782496456,0.0036953126242634305,0.0036950417228136054,1.0000733148554595
0.08,1.0995574287564276,0.0036954308341900686,0.0036950417228136054,1.0001053063552872
0.08,1.1082840750163994,0.0036955697629922468,0.0036950417228136054,1.0001429050652881
0.08,1.117010721276371,0.00369572902756237,0.0036950417228136054,1.0001860073039286
0.08,1.1257373675363425,0.0036959081887693694,0.0036950417228136054,1.000234494227877
0.08,1.1344640137963142,0.003696106752689696,0.0036950417228136054,1.0002882321651512
0.08,1.1431906600562858,0.003696324171993777,0.0036950417228136054,1.000347072990341
0.08,1.1519173063162575,0.0036965598474787897,0.0036950417228136054,1.0004108545394255
0.08,1.160643952576229,0.003696813129748184,0.0036950417228136054,1.0004794010643079
0.08,1.1693705988362009,0.0036970833210284173,0.0036950417228136054,1.0005525237244837
0.08,1.1780972450961724,0.0036973696771222804,0.0036950417228136054,1.0006300211156756
0.08,1.1868238913561442,0.003697671409486619,0.0036950417228136054,1.0007116798321323
0.08,1.1955505376161157,0.003697987687434676,0.0036950417228136054,1.0007972750626553
0.08,1.2042771838760873,0.003698317640453952,0.0036950417228136054,1.0008865712178894
0.08,1.213003830136059,0.003698660360629749,0.0036950417228136054,1.0009793225862111
0.08,1.2217304763960306,0.003699014905176051,0.0036950417228136054,1.0010752740186706
0.08,1.2304571226560024,0.003699380299053036,0.0036950417228136054,1.0011741616373757
0.08,1.239183768915974,0.0036997555376790353,0.0036950417228136054,1.0012757135694372
0.08,1.2479104151759457,0.003700139589714761,0.0036950417228136054,1.0013796507004726
0.08,1.2566370614359172,0.0037005313999228253,0.0036950417228136054,1.001485687448487
0.08,1.265363707695889,0.003700929892086727,0.0036950417228136054,1.0015935325538456
0.08,1.2740903539558606,0.0037013339719882115,0.0036950417228136054,1.001702889885047
0.08,1.2828170002158321,0.00370174253042485,0.0036950417228136054,1.001813459255378
0.08,1.2915436464758039,0.003702154446269925,0.0036950417228136054,1.0019249372510206
0.08,1.3002702927357754,0.003702568589559648,0.0036950417228136054,1.002037018066554
0.08,1.3089969389957472,0.003702983824599992,0.0036950417228136054,1.0021493943457664
0.08,1.3177235852557188,0.003703399013085076,0.0036950417228136054,1.002261758025592
0.08,1.3264502315156905,0.0037038130172185654,0.0036950417228136054,1.002373801180865
0.08,1.335176877775662,0.003704224702830741,0.0036950417228136054,1.0024852168679013
0.08,1.3439035240356338,0.003704632942479733,0.0036950417228136054,1.0025956999637948
0.08,1.3526301702956054,0.0037050366185327178,0.0036950417228136054,1.0027049480002899
0.08,1.361356816555577,0.0037054346262115866,0.0036950417228136054,1.0028126619880404
0.08,1.3700834628155487,0.0037058258766056113,0.0036950417228136054,1.002918547231936
0.08,1.3788101090755203,0.0037062092996319367,0.0036950417228136054,1.0030223141323091
0.08,1.387536755335492,0.003706583846944587,0.0036950417228136054,1.0031236789722073
0.08,1.3962634015954636,0.003706948494778958,0.0036950417228136054,1.0032223646872074
0.08,1.4049900478554354,0.003707302246726169,0.0036950417228136054,1.0033181016162458
0.08,1.413716694115407,0.0037076441364303947,0.0036950417228136054,1.0034106282316058
0.08,1.4224433403753787,0.0037079732302046304,0.0036950417228136054,1.0034996918468293
0.08,1.4311699866353502,0.0037082886295483415,0.0036950417228136054,1.0035850492980765
0.08,1.4398966328953218,0.003708589473574959,0.0036950417228136054,1.0036664676010851
0.08,1.4486232791552935,0.003708874941330326,0.0036950417228136054,1.0037437245786192
0.08,1.457349925415265,0.0037091442540048178,0.0036950417228136054,1.0038166094591414
0.08,1.4660765716752369,0.003709396677026634,0.0036950417228136054,1.0038849234433267
0.08,1.4748032179352084,0.0037096315220366055,0.0036950417228136054,1.0039484802385101
0.08,1.4835298641951802,0.0037098481487375674,0.0036950417228136054,1.0040071065591887
0.08,1.4922565104551517,0.0037100459666101807,0.0036950417228136054,1.0040606425913778
0.08,1.5009831567151235,0.0037102244364986187,0.0036950417228136054,1.0041089424217522
0.08,1.509709802975095,0.0037103830720543124,0.0036950417228136054,1.004151874428369
0.08,1.5184364492350666,0.003710521441037529,0.0036950417228136054,1.0041893216329196
0.08,1.5271630954950384,0.003710639166474362,0.0036950417228136054,1.0042211820138474
0.08,1.53588974175501,0.0037107359276659906,0.0036950417228136054,1.0042473687794884
0.08,1.5446163880149817,0.003710811461045398,0.0036950417228136054,1.0042678105999259
0.08,1.5533430342749532,0.0037108655608820654,0.0036950417228136054,1.0042824517977056
0.08,1.562069680534925,0.003710898079832471,0.0036950417228136054,1.0042912524968166
0.08,1.5707963267948966,0.003710908929331569,0.0036950417228136054,1.0042941887286407
0.08,1.5795229730548683,0.003710898079832141,0.0036950417228136054,1.0042912524967273
0.08,1.5882496193148399,0.0037108655608820737,0.0036950417228136054,1.0042824517977078
0.08,1.5969762655748114,0.003710811461045085,0.0036950417228136054,1.0042678105998413
0.08,1.6057029118347832,0.0037107359276657838,0.0036950417228136054,1.0042473687794322
0.08,1.6144295580947547,0.0037106391664741833,0.0036950417228136054,1.0042211820137992
0.08,1.6231562043547265,0.0037105214410377884,0.0036950417228136054,1.0041893216329898
0.08,1.631882850614698,0.0037103830720543597,0.0036950417228136054,1.004151874428382
0.08,1.6406094968746698,0.003710224436498749,0.0036950417228136054,1.0041089424217875
0.08,1.6493361431346414,0.003710045966610025,0.0036950417228136054,1.0040606425913357
0.08,1.6580627893946132,0.0037098481487373787,0.0036950417228136054,1.0040071065591376
0.08,1.6667894356545847,0.0037096315220365426,0.0036950417228136054,1.003948480238493
0.08,1.6755160819145565,0.003709396677026547,0.0036950417228136054,1.0038849234433032
0.08,1.684242728174528,0.0037091442540049973,0.0036950417228136054,1.0038166094591898
0.08,1.6929693744344996,0.0037088749413307512,0.0036950417228136054,1.0037437245787342
0.08,1.7016960206944713,0.003708589473574696,0.0036950417228136054,1.0036664676010139
0.08,1.710422666954443,0.003708288629548469,0.0036950417228136054,1.0035850492981109
0.08,1.7191493132144147,0.003707973230204633,0.0036950417228136054,1.00349969184683
0.08,1.7278759594743862,0.0037076441364305964,0.0036950417228136054,1.0034106282316604
0.08,1.736602605734358,0.003707302246725977,0.0036950417228136054,1.0033181016161938
0.08,1.7453292519943295,0.0037069484947793987,0.0036950417228136054,1.0032223646873266
0.08,1.7540558982543013,0.0037065838469446683,0.0036950417228136054,1.0031236789722293
0.08,1.7627825445142729,0.0037062092996320403,0.0036950417228136054,1.0030223141323371
0.08,1.7715091907742444,0.003705825876605768,0.0036950417228136054,1.0029185472319784
0.08,1.7802358370342162,0.0037054346262118424,0.0036950417228136054,1.0028126619881097
0.08,1.7889624832941877,0.003705036618532979,0.0036950417228136054,1.0027049480003605
0.08,1.7976891295541595,0.0037046329424797932,0.0036950417228136054,1.002595699963811
0.08,1.806415775814131,0.0037042247028307423,0.0036950417228136054,1.0024852168679017
0.08,1.8151424220741028,0.0037038130172187987,0.0036950417228136054,1.002373801180928
0.08,1.8238690683340744,0.003703399013085468,0.0036950417228136054,1.002261758025698
0.08,1.8325957145940461,0.0037029838246003745,0.0036950417228136054,1.00214939434587
0.08,1.8413223608540177,0.003702568589559851,0.0036950417228136054,1.002037018066609
0.08,1.8500490071139892,0.003702154446270221,0.0036950417228136054,1.0019249372511008
0.08,1.858775653373961,0.0037017425304249592,0.0036950417228136054,1.0018134592554075
0.08,1.8675022996339325,0.003701333971988109,0.0036950417228136054,1.0017028898850193
0.08,1.8762289458939043,0.0037009298920872426,0.0036950417228136054,1.0015935325539853
0.08,1.8849555921538759,0.003700531399923086,0.0036950417228136054,1.0014856874485576
0.08,1.8936822384138476,0.003700139589715513,0.0036950417228136054,1.0013796507006762
0.08,1.9024088846738192,0.0036997555376793107,0.0036950417228136054,1.0012757135695116
0.08,1.911135530933791,0.0036993802990533463,0.0036950417228136054,1.0011741616374596
0.08,1.9198621771937625,0.003699014905176126,0.0036950417228136054,1.001075274018691
0.08,1.928588823453734,0.0036986603606298765,0.0036950417228136054,1.0009793225862456
0.08,1.9373154697137058,0.0036983176404538475,0.0036950417228136054,1.000886571217861
0.08,1.9460421159736774,0.0036979876874351975,0.0036950417228136054,1.0007972750627965
0.08,1.9547687622336491,0.003697671409486889,0.0036950417228136054,1.0007116798322053
0.08,1.9634954084936207,0.0036973696771223485,0.0036950417228136054,1.000630021115694
0.08,1.9722220547535925,0.003697083321028689,0.0036950417228136054,1.0005525237245574
0.08,1.980948701013564,0.0036968131297483416,0.0036950417228136054,1.0004794010643505
0.08,1.9896753472735358,0.003696559847479076,0.0036950417228136054,1.000410854539503
0.08,1.9984019935335073,0.003696324171994075,0.0036950417228136054,1.0003470729904216
0.08,2.007128639793479,0.0036961067526898525,0.0036950417228136054,1.0002882321651936
0.08,2.0158552860534504,0.0036959081887697515,0.0036950417228136054,1.0002344942279802
0.08,2.0245819323134224,0.0036957290275627195,0.0036950417228136054,1.0001860073040232
0.08,2.033308578573394,0.003695569762992658,0.0036950417228136054,1.0001429050653994
0.08,2.0420352248333655,0.003695430834190521,0.0036950417228136054,1.0001053063554095
0.08,2.050761871093337,0.003695312624263582,0.0036950417228136054,1.0000733148555006
0.08,2.059488517353309,0.0036952154592196436,0.0036950417228136054,1.0000470187941222
0.08,2.0682151636132806,0.0036951396070498605,0.0036950417228136054,1.0000264906985084
0.08,2.076941809873252,0.00369508527697765,0.0036950417228136054,1.0000117871914072
0.08,2.0856684561332237,0.0036950526188689967,0.0036950417228136054,1.0000029488314905
0.08,2.0943951023931953,0.003695041722813702,0.0036950417228136054,1.0000000000000262
0.08,2.1031217486531673,0.003695052618868945,0.0036950417228136054,1.0000029488314766
0.08,2.111848394913139,0.0036950852769773047,0.0036950417228136054,1.000011787191314
0.08,2.1205750411731104,0.0036951396070498133,0.0036950417228136054,1.0000264906984957
0.08,2.129301687433082,0.0036952154592197824,0.0036950417228136054,1.00004701879416
0.08,2.138028333693054,0.003695312624263869,0.0036950417228136054,1.0000733148555783
0.08,2.1467549799530254,0.0036954308341906107,0.0036950417228136054,1.0001053063554337
0.08,2.155481626212997,0.0036955697629925967,0.0036950417228136054,1.000142905065383
0.08,2.1642082724729685,0.003695729027562628,0.0036950417228136054,1.0001860073039985
0.08,2.17293491873294,0.003695908188769611,0.0036950417228136054,1.0002344942279422
0.08,2.181661564992912,0.003696106752690224,0.0036950417228136054,1.0002882321652942
0.08,2.1903882112528836,0.0036963241719939854,0.0036950417228136054,1.0003470729903974
0.08,2.199114857512855,0.003696559847478819,0.0036950417228136054,1.0004108545394335
0.08,2.2078415037728267,0.0036968131297482674,0.0036950417228136054,1.0004794010643303
0.08,2.2165681500327987,0.003697083321028726,0.0036950417228136054,1.0005525237245674
0.08,2.2252947962927703,0.003697369677122666,0.0036950417228136054,1.00063002111578
0.08,2.234021442552742,0.0036976714094867874,0.0036950417228136054,1.0007116798321778
0.08,2.2427480888127134,0.003697987687435076,0.0036950417228136054,1.0007972750627636
0.08,2.251474735072685,0.0036983176404541047,0.0036950417228136054,1.0008865712179307
0.08,2.260201381332657,0.0036986603606300236,0.0036950417228136054,1.0009793225862853
0.08,2.2689280275926285,0.003699014905176393,0.0036950417228136054,1.0010752740187632
0.08,2.2776546738526,0.0036993802990535687,0.0036950417228136054,1.00117416163752
0.08,2.2863813201125716,0.0036997555376797045,0.0036950417228136054,1.0012757135696182
0.08,2.2951079663725436,0.00370013958971536,0.0036950417228136054,1.0013796507006347
0.08,2.303834612632515,0.0037005313999231154,0.0036950417228136054,1.0014856874485656
0.08,2.3125612588924866,0.0037009298920872864,0.0036950417228136054,1.001593532553997
0.08,2.321287905152458,0.0037013339719886643,0.0036950417228136054,1.0017028898851696
0.08,2.3300145514124297,0.0037017425304249553,0.0036950417228136054,1.0018134592554067
0.08,2.3387411976724017,0.003702154446270195,0.0036950417228136054,1.0019249372510937
0.08,2.3474678439323733,0.0037025685895601098,0.0036950417228136054,1.002037018066679
0.08,2.356194490192345,0.0037029838246006156,0.0036950417228136054,1.0021493943459352
0.08,2.3649211364523164,0.003703399013085452,0.0036950417228136054,1.0022617580256936
0.08,2.3736477827122884,0.003703813017219016,0.0036950417228136054,1.0023738011809868
0.08,2.38237442897226,0.003704224702830945,0.0036950417228136054,1.0024852168679566
0.08,2.3911010752322315,0.0037046329424801957,0.0036950417228136054,1.00259569996392
0.08,2.399827721492203,0.003705036618533058,0.0036950417228136054,1.002704948000382
0.08,2.4085543677521746,0.0037054346262120176,0.0036950417228136054,1.002812661988157
0.08,2.4172810140121466,0.0037058258766059925,0.0036950417228136054,1.0029185472320392
0.08,2.426007660272118,0.0037062092996323352,0.0036950417228136054,1.003022314132417
0.08,2.4347343065320897,0.0037065838469449407,0.0036950417228136054,1.003123678972303
0.08,2.443460952792061,0.0037069484947791997,0.0036950417228136054,1.0032223646872729
0.08,2.452187599052033,0.0037073022467262696,0.0036950417228136054,1.003318101616273
0.08,2.4609142453120048,0.003707644136430848,0.0036950417228136054,1.0034106282317283
0.08,2.4696408915719763,0.0037079732302050575,0.0036950417228136054,1.003499691846945
0.08,2.478367537831948,0.0037082886295485853,0.0036950417228136054,1.0035850492981424
0.08,2.4870941840919194,0.003708589473575042,0.0036950417228136054,1.0036664676011076
0.08,2.4958208303518914,0.003708874941330486,0.0036950417228136054,1.0037437245786625
0.08,2.504547476611863,0.003709144254005152,0.0036950417228136054,1.0038166094592318
0.08,2.5132741228718345,0.0037093966770268497,0.0036950417228136054,1.003884923443385
0.08,2.522000769131806,0.0037096315220370383,0.0036950417228136054,1.0039484802386274
0.08,2.530727415391778,0.003709848148737599,0.0036950417228136054,1.0040071065591971
0.08,2.5394540616517496,0.0037100459666104786,0.0036950417228136054,1.0040606425914584
0.08,2.548180707911721,0.0037102244364990177,0.0036950417228136054,1.00410894242186
0.08,2.5569073541716927,0.003710383072054796,0.0036950417228136054,1.0041518744285
0.08,2.5656340004316642,0.0037105214410378855,0.0036950417228136054,1.004189321633016
0.08,2.5743606466916362,0.0037106391664746235,0.0036950417228136054,1.0042211820139182
0.08,2.5830872929516078,0.0037107359276661333,0.0036950417228136054,1.004247368779527
0.08,2.5918139392115793,0.0037108114610456683,0.0036950417228136054,1.0042678105999991
0.08,2.600540585471551,0.0037108655608824766,0.0036950417228136054,1.0042824517978168
0.08,2.609267231731523,0.0037108980798325622,0.0036950417228136054,1.0042912524968413
0.08,2.6179938779914944,0.0037109089293320685,0.0036950417228136054,1.004294188728776
0.08,2.626720524251466,0.00371089807983259,0.0036950417228136054,1.0042912524968488
0.08,2.6354471705114375,0.0037108655608825204,0.0036950417228136054,1.0042824517978286
0.08,2.644173816771409,0.0037108114610455017,0.0036950417228136054,1.004267810599954
0.08,2.652900463031381,0.0037107359276660275,0.0036950417228136054,1.0042473687794984
0.08,2.6616271092913526,0.0037106391664747393,0.0036950417228136054,1.0042211820139495
0.08,2.670353755551324,0.0037105214410379965,0.0036950417228136054,1.0041893216330462
0.08,2.6790804018112957,0.003710383072054815,0.0036950417228136054,1.0041518744285052
0.08,2.6878070480712677,0.00371022443649918,0.0036950417228136054,1.004108942421904
0.08,2.6965336943312392,0.003710045966610481,0.0036950417228136054,1.004060642591459
0.08,2.705260340591211,0.0037098481487375496,0.0036950417228136054,1.0040071065591838
0.08,2.7139869868511823,0.0037096315220369394,0.0036950417228136054,1.0039484802386005
0.08,2.722713633111154,0.0037093966770269586,0.0036950417228136054,1.0038849234434144
0.08,2.731440279371126,0.003709144254005068,0.0036950417228136054,1.0038166094592091
0.08,2.7401669256310974,0.0037088749413305092,0.0036950417228136054,1.0037437245786687
0.08,2.748893571891069,0.003708589473574983,0.0036950417228136054,1.0036664676010916
0.08,2.7576202181510405,0.0037082886295487245,0.0036950417228136054,1.0035850492981802
0.08,2.7663468644110125,0.003707973230204719,0.0036950417228136054,1.0034996918468533
0.08,2.775073510670984,0.0037076441364306714,0.0036950417228136054,1.0034106282316806
0.08,2.7838001569309556,0.0037073022467261807,0.0036950417228136054,1.003318101616249
0.08,2.792526803190927,0.0037069484947789832,0.0036950417228136054,1.0032223646872143
0.08,2.8012534494508987,0.0037065838469452603,0.0036950417228136054,1.0031236789723896
0.08,2.8099800957108707,0.003706209299632207,0.0036950417228136054,1.0030223141323822
0.08,2.8187067419708423,0.0037058258766057804,0.0036950417228136054,1.0029185472319817
0.08,2.827433388230814,0.003705434626212015,0.0036950417228136054,1.0028126619881563
0.08,2.8361600344907854,0.0037050366185332026,0.0036950417228136054,1.002704948000421
0.08,2.8448866807507573,0.0037046329424805634,0.0036950417228136054,1.0025956999640195
0.08,2.853613327010729,0.0037042247028310432,0.0036950417228136054,1.0024852168679832
0.08,2.8623399732707004,0.0037038130172189574,0.0036950417228136054,1.002373801180971
0.08,2.871066619530672,0.003703399013085622,0.0036950417228136054,1.0022617580257396
0.08,2.8797932657906435,0.003702983824600552,0.0036950417228136054,1.0021493943459179
0.08,2.8885199120506155,0.003702568589559963,0.0036950417228136054,1.0020370180666394
0.08,2.897246558310587,0.0037021544462699616,0.0036950417228136054,1.0019249372510306
0.08,2.9059732045705586,0.003701742530424894,0.0036950417228136054,1.00181345925539
0.08,2.91469985083053,0.0037013339719886265,0.0036950417228136054,1.0017028898851594
0.08,2.923426497090502,0.0037009298920873605,0.0036950417228136054,1.001593532554017
0.08,2.9321531433504737,0.003700531399923135,0.0036950417228136054,1.0014856874485707
0.08,2.9408797896104453,0.003700139589715126,0.0036950417228136054,1.0013796507005714
0.08,2.949606435870417,0.0036997555376794516,0.0036950417228136054,1.0012757135695498
0.08,2.9583330821303884,0.003699380299053585,0.0036950417228136054,1.0011741616375243
0.08,2.9670597283903604,0.003699014905176303,0.0036950417228136054,1.0010752740187387
0.08,2.975786374650332,0.0036986603606301953,0.0036950417228136054,1.000979322586332
0.08,2.9845130209103035,0.003698317640453998,0.0036950417228136054,1.0008865712179018
0.08,2.993239667170275,0.00369798768743518,0.0036950417228136054,1.0007972750627918
0.08,3.001966313430247,0.0036976714094867137,0.0036950417228136054,1.0007116798321578
0.08,3.0106929596902186,0.0036973696771225475,0.0036950417228136054,1.000630021115748
0.08,3.01941960595019,0.0036970833210289993,0.0036950417228136054,1.0005525237246413
0.08,3.0281462522101616,0.0036968131297481924,0.0036950417228136054,1.00047940106431
0.08,3.036872898470133,0.0036965598474794996,0.0036950417228136054,1.0004108545396175
0.08,3.045599544730105,0.003696324171994283,0.0036950417228136054,1.000347072990478
0.08,3.0543261909900767,0.003696106752690104,0.0036950417228136054,1.0002882321652615
0.08,3.0630528372500483,0.003695908188769266,0.0036950417228136054,1.000234494227849
0.08,3.07177948351002,0.0036957290275627403,0.0036950417228136054,1.000186007304029
0.08,3.080506129769992,0.003695569762992355,0.0036950417228136054,1.0001429050653174
0.08,3.0892327760299634,0.003695430834190637,0.0036950417228136054,1.000105306355441
0.08,3.097959422289935,0.003695312624263509,0.0036950417228136054,1.0000733148554808
0.08,3.1066860685499065,0.0036952154592196835,0.0036950417228136054,1.000047018794133
0.08,3.115412714809878,0.00369513960705006,0.0036950417228136054,1.0000264906985623
0.08,3.12413936106985,0.003695085276977578,0.0036950417228136054,1.0000117871913878
0.08,3.1328660073298216,0.0036950526188691385,0.0036950417228136054,1.000002948831529
0.08,3.141592653589793,0.0036950417228136523,0.0036950417228136054,1.0000000000000127
0.08,3.1503192998497647,0.0036950526188692435,0.0036950417228136054,1.0000029488315574
0.08,3.1590459461097367,0.003695085276977677,0.0036950417228136054,1.0000117871914147
0.08,3.167772592369708,0.003695139607049943,0.0036950417228136054,1.0000264906985308
0.08,3.1764992386296798,0.0036952154592198735,0.0036950417228136054,1.0000470187941846
0.08,3.1852258848896513,0.003695312624263807,0.0036950417228136054,1.0000733148555614
0.08,3.193952531149623,0.003695430834190492,0.0036950417228136054,1.0001053063554015
0.08,3.202679177409595,0.003695569762992424,0.0036950417228136054,1.000142905065336
0.08,3.2114058236695664,0.003695729027562466,0.0036950417228136054,1.0001860073039546
0.08,3.220132469929538,0.0036959081887696695,0.0036950417228136054,1.0002344942279582
0.08,3.2288591161895095,0.0036961067526901066,0.0036950417228136054,1.0002882321652624
0.08,3.2375857624494815,0.0036963241719942157,0.0036950417228136054,1.0003470729904598
0.08,3.246312408709453,0.0036965598474790807,0.0036950417228136054,1.000410854539504
0.08,3.2550390549694246,0.00369681312974825,0.0036950417228136054,1.0004794010643256
0.08,3.263765701229396,0.0036970833210289203,0.0036950417228136054,1.00055252372462
0.08,3.2724923474893677,0.0036973696771224604,0.0036950417228136054,1.0006300211157244
0.08,3.2812189937493397,0.003697671409486591,0.0036950417228136054,1.0007116798321247
0.08,3.2899456400093112,0.00369798768743496,0.0036950417228136054,1.0007972750627323
0.08,3.2986722862692828,0.003698317640453772,0.0036950417228136054,1.0008865712178405
0.08,3.3073989325292543,0.00369866036063005,0.0036950417228136054,1.0009793225862924
0.08,3.3161255787892263,0.0036990149051761884,0.0036950417228136054,1.0010752740187079
0.08,3.324852225049198,0.003699380299053484,0.0036950417228136054,1.001174161637497
0.08,3.3335788713091694,0.0036997555376791394,0.0036950417228136054,1.0012757135694654
0.08,3.342305517569141,0.003700139589715243,0.0036950417228136054,1.0013796507006032
0.08,3.351032163829113,0.003700531399923247,0.0036950417228136054,1.0014856874486011
0.08,3.3597588100890845,0.0037009298920874676,0.0036950417228136054,1.0015935325540462
0.08,3.368485456349056,0.0037013339719884288,0.0036950417228136054,1.001702889885106
0.08,3.3772121026090276,0.0037017425304247424,0.0036950417228136054,1.001813459255349
0.08,3.385938748868999,0.0037021544462697785,0.0036950417228136054,1.001924937250981
0.08,3.394665395128971,0.0037025685895599393,0.0036950417228136054,1.002037018066633
0.08,3.4033920413889427,0.003702983824600328,0.0036950417228136054,1.0021493943458575
0.08,3.4121186876489142,0.0037033990130854785,0.0036950417228136054,1.0022617580257007
0.08,3.420845333908886,0.0037038130172185628,0.0036950417228136054,1.0023738011808643
0.08,3.429571980168858,0.00370422470283074,0.0036950417228136054,1.002485216867901
0.08,3.4382986264288293,0.003704632942480254,0.0036950417228136054,1.0025956999639358
0.08,3.447025272688801,0.0037050366185330122,0.0036950417228136054,1.0027049480003696
0.08,3.4557519189487724,0.0037054346262116447,0.0036950417228136054,1.0028126619880562
0.08,3.464478565208744,0.0037058258766055575,0.0036950417228136054,1.0029185472319215
0.08,3.473205211468716,0.0037062092996321895,0.0036950417228136054,1.0030223141323775
0.08,3.4819318577286875,0.00370658384694496,0.0036950417228136054,1.0031236789723084
0.08,3.490658503988659,0.0037069484947788896,0.0036950417228136054,1.003222364687189
0.08,3.4993851502486306,0.003707302246726095,0.0036950417228136054,1.0033181016162258
0.08,3.5081117965086026,0.003707644136430448,0.0036950417228136054,1.0034106282316202
0.08,3.516838442768574,0.0037079732302045345,0.0036950417228136054,1.0034996918468033
0.08,3.5255650890285457,0.0037082886295483285,0.0036950417228136054,1.003585049298073
0.08,3.5342917352885173,0.00370858947357471,0.0036950417228136054,1.0036664676010176
0.08,3.543018381548489,0.0037088749413303466,0.0036950417228136054,1.0037437245786247
0.08,3.551745027808461,0.003709144254004859,0.0036950417228136054,1.0038166094591525
0.08,3.5604716740684323,0.0037093966770265926,0.0036950417228136054,1.0038849234433154
0.08,3.569198320328404,0.0037096315220365795,0.0036950417228136054,1.003948480238503
0.08,3.5779249665883754,0.0037098481487372777,0.0036950417228136054,1.0040071065591103
0.08,3.5866516128483474,0.0037100459666101976,0.0036950417228136054,1.0040606425913825
0.08,3.595378259108319,0.0037102244364989392,0.0036950417228136054,1.004108942421839
0.08,3.6041049053682905,0.003710383072054463,0.0036950417228136054,1.00415187442841
0.08,3.612831551628262,0.003710521441037688,0.0036950417228136054,1.0041893216329627
0.08,3.6215581978882336,0.0037106391664743165,0.0036950417228136054,1.0042211820138351
0.08,3.6302848441482056,0.0037107359276658852,0.0036950417228136054,1.0042473687794597
0.08,3.639011490408177,0.0037108114610452194,0.0036950417228136054,1.0042678105998777
0.08,3.6477381366681487,0.0037108655608820464,0.0036950417228136054,1.0042824517977003
0.08,3.6564647829281203,0.0037108980798324282,0.0036950417228136054,1.004291252496805
0.08,3.6651914291880923,0.0037109089293315893,0.0036950417228136054,1.0042941887286463
0.08,3.673918075448064,0.0037108980798323163,0.0036950417228136054,1.0042912524967749
0.08,3.6826447217080354,0.0037108655608820602,0.0036950417228136054,1.004282451797704
0.08,3.691371367968007,0.003710811461045249,0.0036950417228136054,1.0042678105998857
0.08,3.7000980142279785,0.003710735927665861,0.0036950417228136054,1.0042473687794533
0.08,3.7088246604879505,0.003710639166474136,0.0036950417228136054,1.0042211820137863
0.08,3.717551306747922,0.003710521441037633,0.0036950417228136054,1.0041893216329478
0.08,3.7262779530078936,0.0037103830720545067,0.0036950417228136054,1.0041518744284217
0.08,3.735004599267865,0.00371022443649877,0.0036950417228136054,1.0041089424217933
0.08,3.743731245527837,0.003710045966610085,0.0036950417228136054,1.0040606425913519
0.08,3.7524578917878086,0.003709848148737221,0.0036950417228136054,1.0040071065590948
0.08,3.76118453804778,0.003709631522036793,0.0036950417228136054,1.0039484802385608
0.08,3.7699111843077517,0.0037093966770264724,0.0036950417228136054,1.003884923443283
0.08,3.7786378305677233,0.003709144254004834,0.0036950417228136054,1.0038166094591456
0.08,3.7873644768276953,0.0037088749413303266,0.0036950417228136054,1.0037437245786194
0.08,3.796091123087667,0.0037085894735747415,0.0036950417228136054,1.003666467601026
0.08,3.8048177693476384,0.0037082886295481212,0.0036950417228136054,1.0035850492980167
0.08,3.81354441560761,0.0037079732302044543,0.0036950417228136054,1.0034996918467816
0.08,3.822271061867582,0.0037076441364304537,0.0036950417228136054,1.0034106282316217
0.08,3.8309977081275535,0.003707302246725842,0.0036950417228136054,1.0033181016161574
0.08,3.839724354387525,0.003706948494778949,0.0036950417228136054,1.003222364687205
0.08,3.8484510006474966,0.00370658384694477,0.0036950417228136054,1.0031236789722568
0.08,3.857177646907468,0.003706209299631992,0.0036950417228136054,1.003022314132324
0.08,3.86590429316744,0.003705825876605662,0.0036950417228136054,1.0029185472319497
0.08,3.8746309394274117,0.003705434626211533,0.0036950417228136054,1.0028126619880258
0.08,3.883357585687383,0.0037050366185328205,0.0036950417228136054,1.0027049480003176
0.08,3.8920842319473548,0.0037046329424799337,0.0036950417228136054,1.0025956999638492
0.08,3.9008108782073267,0.00370422470283064,0.0036950417228136054,1.002485216867874
0.08,3.9095375244672983,0.0037038130172185584,0.0036950417228136054,1.002373801180863
0.08,3.91826417072727,0.003703399013085038,0.0036950417228136054,1.0022617580255815
0.08,3.9269908169872414,0.0037029838246001126,0.0036950417228136054,1.002149394345799
0.08,3.935717463247213,0.003702568589559553,0.0036950417228136054,1.0020370180665283
0.08,3.944444109507185,0.003702154446269724,0.0036950417228136054,1.0019249372509662
0.08,3.9531707557671565,0.003701742530424556,0.0036950417228136054,1.0018134592552985
0.08,3.961897402027128,0.0037013339719883043,0.0036950417228136054,1.0017028898850722
0.08,3.9706240482870996,0.003700929892086968,0.0036950417228136054,1.001593532553911
0.08,3.9793506945470716,0.003700531399922844,0.0036950417228136054,1.001485687448492
0.08,3.988077340807043,0.003700139589714919,0.0036950417228136054,1.0013796507005155
0.08,3.9968039870670147,0.0036997555376790297,0.0036950417228136054,1.0012757135694357
0.08,4.005530633326987,0.003699380299053312,0.0036950417228136054,1.0011741616374505
0.08,4.014257279586958,0.0036990149051759394,0.0036950417228136054,1.0010752740186404
0.08,4.02298392584693,0.0036986603606298327,0.0036950417228136054,1.0009793225862338
0.08,4.031710572106901,0.0036983176404537846,0.0036950417228136054,1.000886571217844
0.08,4.040437218366873,0.0036979876874347443,0.0036950417228136054,1.000797275062674
0.08,4.049163864626845,0.0036976714094864903,0.0036950417228136054,1.0007116798320974
0.08,4.057890510886816,0.0036973696771224226,0.0036950417228136054,1.0006300211157142
0.08,4.066617157146788,0.00369708332102842,0.0036950417228136054,1.0005525237244846
0.08,4.075343803406759,0.0036968131297479487,0.0036950417228136054,1.0004794010642442
0.08,4.084070449666731,0.0036965598474787476,0.0036950417228136054,1.000410854539414
0.08,4.092797095926703,0.003696324171993601,0.0036950417228136054,1.0003470729902935
0.08,4.101523742186674,0.0036961067526897267,0.0036950417228136054,1.0002882321651596
0.08,4.110250388446646,0.0036959081887692675,0.0036950417228136054,1.0002344942278494
0.08,4.118977034706618,0.003695729027562284,0.0036950417228136054,1.0001860073039055
0.08,4.127703680966589,0.0036955697629921587,0.0036950417228136054,1.0001429050652644
0.08,4.136430327226561,0.0036954308341902438,0.0036950417228136054,1.0001053063553345
0.08,4.145156973486532,0.003695312624263589,0.0036950417228136054,1.0000733148555023
0.08,4.153883619746504,0.0036952154592195343,0.0036950417228136054,1.0000470187940926
0.08,4.162610266006476,0.0036951396070495886,0.0036950417228136054,1.0000264906984349
0.08,4.171336912266447,0.0036950852769770106,0.0036950417228136054,1.0000117871912342
0.08,4.180063558526419,0.0036950526188686355,0.0036950417228136054,1.0000029488313928
0.08,4.1887902047863905,0.0036950417228133626,0.0036950417228136054,0.9999999999999343
0.08,4.1975168510463625,0.003695052618868768,0.0036950417228136054,1.0000029488314288
0.08,4.2062434973063345,0.003695085276977191,0.0036950417228136054,1.000011787191283
0.08,4.214970143566306,0.0036951396070495405,0.0036950417228136054,1.0000264906984218
0.08,4.223696789826278,0.003695215459219549,0.0036950417228136054,1.0000470187940966
0.08,4.232423436086249,0.003695312624263842,0.0036950417228136054,1.000073314855571
0.08,4.241150082346221,0.003695430834190188,0.0036950417228136054,1.0001053063553194
0.08,4.249876728606193,0.0036955697629921804,0.0036950417228136054,1.0001429050652701
0.08,4.258603374866164,0.003695729027562307,0.0036950417228136054,1.0001860073039117
0.08,4.267330021126136,0.0036959081887693907,0.0036950417228136054,1.0002344942278827
0.08,4.276056667386108,0.0036961067526895632,0.0036950417228136054,1.0002882321651152
0.08,4.284783313646079,0.003696324171993824,0.0036950417228136054,1.0003470729903536
0.08,4.293509959906051,0.0036965598474787286,0.0036950417228136054,1.0004108545394088
0.08,4.302236606166022,0.003696813129747739,0.0036950417228136054,1.0004794010641873
0.08,4.310963252425994,0.0036970833210284424,0.0036950417228136054,1.0005525237244906
0.08,4.319689898685966,0.0036973696771224673,0.0036950417228136054,1.0006300211157262
0.08,4.328416544945937,0.0036976714094867887,0.0036950417228136054,1.0007116798321782
0.08,4.337143191205909,0.003697987687434684,0.0036950417228136054,1.0007972750626577
0.08,4.34586983746588,0.0036983176404535834,0.0036950417228136054,1.0008865712177895
0.08,4.354596483725852,0.003698660360629765,0.0036950417228136054,1.0009793225862154
0.08,4.363323129985824,0.0036990149051757196,0.0036950417228136054,1.0010752740185809
0.08,4.372049776245795,0.003699380299053262,0.0036950417228136054,1.001174161637437
0.08,4.380776422505767,0.003699755537679358,0.0036950417228136054,1.0012757135695245
0.08,4.389503068765738,0.003700139589714926,0.0036950417228136054,1.0013796507005173
0.08,4.39822971502571,0.0037005313999228335,0.0036950417228136054,1.0014856874484892
0.08,4.406956361285682,0.0037009298920868345,0.0036950417228136054,1.0015935325538747
0.08,4.4156830075456535,0.0037013339719884075,0.0036950417228136054,1.0017028898851001
0.08,4.4244096538056255,0.0037017425304248443,0.0036950417228136054,1.0018134592553765
0.08,4.4331363000655974,0.0037021544462698124,0.0036950417228136054,1.0019249372509902
0.08,4.4418629463255686,0.003702568589559637,0.0036950417228136054,1.0020370180665512
0.08,4.4505895925855405,0.003702983824600099,0.0036950417228136054,1.0021493943457953
0.08,4.459316238845512,0.003703399013084898,0.0036950417228136054,1.0022617580255437
0.08,4.468042885105484,0.003703813017218631,0.0036950417228136054,1.0023738011808827
0.08,4.476769531365456,0.003704224702830774,0.0036950417228136054,1.0024852168679101
0.08,4.485496177625427,0.0037046329424797932,0.0036950417228136054,1.002595699963811
0.08,4.494222823885399,0.0037050366185327616,0.0036950417228136054,1.0027049480003016
0.08,4.50294947014537,0.0037054346262116685,0.0036950417228136054,1.0028126619880626
0.08,4.511676116405342,0.0037058258766053207,0.0036950417228136054,1.0029185472318574
0.08,4.520402762665314,0.003706209299632053,0.0036950417228136054,1.0030223141323404
0.08,4.529129408925285,0.00370658384694452,0.0036950417228136054,1.0031236789721891
0.08,4.537856055185257,0.003706948494778932,0.0036950417228136054,1.0032223646872003
0.08,4.546582701445229,0.003707302246725965,0.0036950417228136054,1.0033181016161907
0.08,4.5553093477052,0.0037076441364303544,0.0036950417228136054,1.0034106282315949
0.08,4.564035993965172,0.0037079732302045024,0.0036950417228136054,1.0034996918467947
0.08,4.572762640225143,0.0037082886295482878,0.0036950417228136054,1.0035850492980618
0.08,4.581489286485115,0.0037085894735748963,0.0036950417228136054,1.003666467601068
0.08,4.590215932745087,0.0037088749413301055,0.0036950417228136054,1.0037437245785594
0.08,4.598942579005058,0.0037091442540049106,0.0036950417228136054,1.0038166094591665
0.08,4.60766922526503,0.003709396677026467,0.0036950417228136054,1.0038849234432814
0.08,4.616395871525001,0.003709631522036599,0.0036950417228136054,1.0039484802385084
0.08,4.625122517784973,0.0037098481487374555,0.0036950417228136054,1.0040071065591583
0.08,4.633849164044945,0.003710045966610154,0.0036950417228136054,1.0040606425913705
0.08,4.642575810304916,0.003710224436498937,0.0036950417228136054,1.0041089424218383
0.08,4.651302456564888,0.0037103830720546624,0.0036950417228136054,1.0041518744284639
0.08,4.6600291028248595,0.0037105214410373083,0.0036950417228136054,1.00418932163286
0.08,4.6687557490848315,0.003710639166474142,0.0036950417228136054,1.0042211820137878
0.08,4.6774823953448035,0.003710735927665769,0.0036950417228136054,1.0042473687794282
0.08,4.686209041604775,0.003710811461045068,0.0036950417228136054,1.0042678105998366
0.08,4.694935687864747,0.003710865560882173,0.0036950417228136054,1.0042824517977347
0.08,4.703662334124719,0.003710898079832466,0.0036950417228136054,1.0042912524968153
0.08,4.71238898038469,0.003710908929331791,0.0036950417228136054,1.004294188728701
0.08,4.721115626644662,0.0037108980798322526,0.0036950417228136054,1.0042912524967575
0.08,4.729842272904633,0.0037108655608820698,0.0036950417228136054,1.0042824517977067
0.08,4.738568919164605,0.0037108114610452016,0.0036950417228136054,1.0042678105998728
0.08,4.747295565424577,0.0037107359276659074,0.0036950417228136054,1.0042473687794657
0.08,4.756022211684548,0.003710639166474403,0.0036950417228136054,1.0042211820138585
0.08,4.76474885794452,0.003710521441037469,0.0036950417228136054,1.0041893216329034
0.08,4.773475504204491,0.003710383072054463,0.0036950417228136054,1.00415187442841
0.08,4.782202150464463,0.003710224436498881,0.0036950417228136054,1.0041089424218232
0.08,4.790928796724435,0.00371004596661002,0.0036950417228136054,1.0040606425913343
0.08,4.799655442984406,0.0037098481487375153,0.0036950417228136054,1.0040071065591745
0.08,4.808382089244378,0.0037096315220364507,0.0036950417228136054,1.0039484802384682
0.08,4.817108735504349,0.0037093966770266286,0.0036950417228136054,1.0038849234433251
0.08,4.825835381764321,0.003709144254005115,0.0036950417228136054,1.0038166094592218
0.08,4.834562028024293,0.0037088749413303865,0.0036950417228136054,1.0037437245786356
0.08,4.843288674284264,0.0037085894735747514,0.0036950417228136054,1.003666467601029
0.08,4.852015320544236,0.003708288629548318,0.0036950417228136054,1.00358504929807
0.08,4.860741966804208,0.0037079732302045094,0.0036950417228136054,1.0034996918467967
0.08,4.869468613064179,0.0037076441364304333,0.0036950417228136054,1.0034106282316162
0.08,4.878195259324151,0.0037073022467259704,0.0036950417228136054,1.003318101616192
0.08,4.886921905584122,0.0037069484947790878,0.0036950417228136054,1.0032223646872425
0.08,4.895648551844094,0.0037065838469448288,0.0036950417228136054,1.0031236789722728
0.08,4.904375198104066,0.003706209299632063,0.0036950417228136054,1.0030223141323433
0.08,4.9131018443640375,0.0037058258766056546,0.0036950417228136054,1.0029185472319477
0.08,4.9218284906240095,0.003705434626211668,0.0036950417228136054,1.0028126619880624
0.08,4.930555136883981,0.003705036618532643,0.0036950417228136054,1.0027049480002697
0.08,4.939281783143953,0.0037046329424799507,0.0036950417228136054,1.0025956999638537
0.08,4.948008429403925,0.0037042247028309405,0.0036950417228136054,1.0024852168679552
0.08,4.956735075663896,0.0037038130172187965,0.0036950417228136054,1.0023738011809273
0.08,4.965461721923868,0.0037033990130853037,0.0036950417228136054,1.0022617580256534
0.08,4.974188368183839,0.0037029838246004985,0.0036950417228136054,1.0021493943459034
0.08,4.982915014443811,0.0037025685895598617,0.0036950417228136054,1.002037018066612
0.08,4.991641660703783,0.003702154446270188,0.0036950417228136054,1.0019249372510919
0.08,5.000368306963754,0.0037017425304248057,0.0036950417228136054,1.001813459255366
0.08,5.009094953223726,0.003701333971988662,0.0036950417228136054,1.001702889885169
0.08,5.017821599483698,0.0037009298920871515,0.0036950417228136054,1.0015935325539607
0.08,5.026548245743669,0.003700531399923008,0.0036950417228136054,1.0014856874485363
0.08,5.035274892003641,0.0037001395897151746,0.0036950417228136054,1.0013796507005845
0.08,5.044001538263612,0.003699755537679349,0.0036950417228136054,1.001275713569522
0.08,5.052728184523584,0.0036993802990534885,0.0036950417228136054,1.0011741616374983
0.08,5.061454830783556,0.003699014905176009,0.0036950417228136054,1.0010752740186593
0.08,5.070181477043527,0.003698660360630065,0.0036950417228136054,1.0009793225862966
0.08,5.078908123303499,0.003698317640453894,0.0036950417228136054,1.0008865712178736
0.08,5.08763476956347,0.0036979876874351503,0.0036950417228136054,1.0007972750627838
0.08,5.096361415823442,0.003697671409486698,0.0036950417228136054,1.0007116798321536
0.08,5.105088062083414,0.003697369677122643,0.0036950417228136054,1.0006300211157737
0.08,5.113814708343385,0.003697083321028871,0.0036950417228136054,1.0005525237246065
0.08,5.122541354603357,0.0036968131297483264,0.0036950417228136054,1.0004794010643463
0.08,5.1312680008633285,0.0036965598474790885,0.0036950417228136054,1.0004108545395063
0.08,5.1399946471233005,0.0036963241719939863,0.0036950417228136054,1.0003470729903976
0.08,5.1487212933832724,0.003696106752689964,0.0036950417228136054,1.0002882321652238
0.08,5.1574479396432436,0.0036959081887694986,0.0036950417228136054,1.0002344942279118
0.08,5.1661745859032155,0.0036957290275627416,0.0036950417228136054,1.0001860073040292
0.08,5.1749012321631875,0.0036955697629924584,0.0036950417228136054,1.0001429050653454
0.08,5.183627878423159,0.003695430834190456,0.0036950417228136054,1.000105306355392
0.08,5.192354524683131,0.003695312624263966,0.0036950417228136054,1.0000733148556045
0.08,5.201081170943102,0.003695215459219885,0.0036950417228136054,1.0000470187941877
0.08,5.209807817203074,0.0036951396070500245,0.0036950417228136054,1.0000264906985528
0.08,5.218534463463046,0.003695085276977785,0.0036950417228136054,1.0000117871914438
0.08,5.227261109723017,0.0036950526188689954,0.0036950417228136054,1.0000029488314903
0.08,5.235987755982989,0.0036950417228137668,0.0036950417228136054,1.0000000000000437
0.08,5.24471440224296,0.0036950526188691984,0.0036950417228136054,1.0000029488315452
0.08,5.253441048502932,0.003695085276977562,0.0036950417228136054,1.0000117871913834
0.08,5.262167694762904,0.003695139607049862,0.0036950417228136054,1.0000264906985088
0.08,5.270894341022875,0.003695215459219826,0.0036950417228136054,1.0000470187941717
0.08,5.279620987282847,0.003695312624263806,0.0036950417228136054,1.0000733148555612
0.08,5.288347633542818,0.0036954308341906558,0.0036950417228136054,1.000105306355446
0.08,5.29707427980279,0.0036955697629924306,0.0036950417228136054,1.0001429050653379
0.08,5.305800926062762,0.0036957290275626024,0.0036950417228136054,1.0001860073039917
0.08,5.314527572322733,0.0036959081887695112,0.0036950417228136054,1.0002344942279153
0.08,5.323254218582705,0.0036961067526901366,0.0036950417228136054,1.0002882321652704
0.08,5.331980864842677,0.0036963241719940314,0.0036950417228136054,1.0003470729904098
0.08,5.340707511102648,0.0036965598474790013,0.0036950417228136054,1.0004108545394828
0.08,5.34943415736262,0.003696813129748508,0.0036950417228136054,1.0004794010643956
0.08,5.358160803622591,0.0036970833210288974,0.0036950417228136054,1.0005525237246138
0.08,5.366887449882563,0.0036973696771227865,0.0036950417228136054,1.0006300211158126
0.08,5.375614096142535,0.0036976714094870016,0.0036950417228136054,1.0007116798322357
0.08,5.3843407424025065,0.003697987687435184,0.0036950417228136054,1.000797275062793
0.08,5.3930673886624785,0.0036983176404540743,0.0036950417228136054,1.0008865712179225
0.08,5.40179403492245,0.0036986603606301532,0.0036950417228136054,1.0009793225863204
0.08,5.410520681182422,0.003699014905176244,0.0036950417228136054,1.0010752740187228
0.08,5.419247327442394,0.0036993802990536685,0.0036950417228136054,1.001174161637547
0.08,5.427973973702365,0.0036997555376795574,0.0036950417228136054,1.0012757135695785
0.08,5.436700619962337,0.0037001395897155046,0.0036950417228136054,1.0013796507006738
0.08,5.445427266222308,0.0037005313999234238,0.0036950417228136054,1.0014856874486489
0.08,5.45415391248228,0.0037009298920872794,0.0036950417228136054,1.0015935325539953
0.08,5.462880558742252,0.0037013339719887688,0.0036950417228136054,1.0017028898851978
0.08,5.471607205002223,0.003701742530424936,0.0036950417228136054,1.0018134592554013
0.08,5.480333851262195,0.0037021544462700322,0.0036950417228136054,1.0019249372510497
0.08,5.489060497522167,0.00370256858956003,0.0036950417228136054,1.0020370180666576
0.08,5.497787143782138,0.003702983824600529,0.0036950417228136054,1.0021493943459117
0.08,5.50651379004211,0.0037033990130854208,0.0036950417228136054,1.0022617580256852
0.08,5.515240436302081,0.003703813017218776,0.0036950417228136054,1.002373801180922
0.08,5.523967082562053,0.0037042247028309587,0.0036950417228136054,1.0024852168679603
0.08,5.532693728822025,0.0037046329424803123,0.0036950417228136054,1.0025956999639516
0.08,5.541420375081996,0.0037050366185328574,0.0036950417228136054,1.0027049480003276
0.08,5.550147021341968,0.003705434626212083,0.0036950417228136054,1.0028126619881748
0.08,5.558873667601939,0.0037058258766059925,0.0036950417228136054,1.0029185472320392
0.08,5.567600313861911,0.0037062092996322064,0.0036950417228136054,1.0030223141323822
0.08,5.576326960121883,0.003706583846945181,0.0036950417228136054,1.003123678972368
0.08,5.585053606381854,0.0037069484947793315,0.0036950417228136054,1.0032223646873084
0.08,5.593780252641826,0.003707302246726141,0.0036950417228136054,1.0033181016162382
0.08,5.602506898901797,0.00370764413643087,0.0036950417228136054,1.0034106282317343
0.08,5.611233545161769,0.0037079732302049764,0.0036950417228136054,1.003499691846923
0.08,5.619960191421741,0.0037082886295485454,0.0036950417228136054,1.0035850492981315
0.08,5.6286868376817125,0.00370858947357512,0.0036950417228136054,1.0036664676011287
0.08,5.6374134839416845,0.0037088749413307165,0.0036950417228136054,1.0037437245787248
0.08,5.6461401302016565,0.0037091442540051326,0.0036950417228136054,1.0038166094592265
0.08,5.654866776461628,0.0037093966770269946,0.0036950417228136054,1.0038849234434242
0.08,5.6635934227216,0.003709631522037019,0.0036950417228136054,1.003948480238622
0.08,5.672320068981571,0.003709848148737574,0.0036950417228136054,1.0040071065591905
0.08,5.681046715241543,0.0037100459666104518,0.0036950417228136054,1.0040606425914513
0.08,5.689773361501515,0.003710224436499175,0.0036950417228136054,1.0041089424219027
0.08,5.698500007761486,0.003710383072054743,0.0036950417228136054,1.0041518744284856
0.08,5.707226654021458,0.0037105214410379545,0.0036950417228136054,1.0041893216330346
0.08,5.715953300281429,0.003710639166474557,0.0036950417228136054,1.0042211820139002
0.08,5.724679946541401,0.0037107359276663753,0.0036950417228136054,1.0042473687795923
0.08,5.733406592801373,0.0037108114610454666,0.0036950417228136054,1.0042678105999445
0.08,5.742133239061344,0.0037108655608824523,0.0036950417228136054,1.0042824517978102
0.08,5.750859885321316,0.003710898079832576,0.0036950417228136054,1.004291252496845
0.08,5.759586531581287,0.003710908929331905,0.0036950417228136054,1.0042941887287318
0.08,5.768313177841259,0.0037108980798326494,0.0036950417228136054,1.004291252496865
0.08,5.777039824101231,0.0037108655608825347,0.0036950417228136054,1.0042824517978326
0.08,5.785766470361202,0.003710811461045607,0.0036950417228136054,1.0042678105999825
0.08,5.794493116621174,0.0037107359276664265,0.0036950417228136054,1.0042473687796063
0.08,5.803219762881146,0.0037106391664746244,0.0036950417228136054,1.0042211820139184
0.08,5.811946409141117,0.003710521441037941,0.0036950417228136054,1.004189321633031
0.08,5.820673055401089,0.003710383072054712,0.0036950417228136054,1.0041518744284772
0.08,5.82939970166106,0.003710224436499188,0.0036950417228136054,1.0041089424219063
0.08,5.838126347921032,0.0037100459666104973,0.0036950417228136054,1.0040606425914635
0.08,5.846852994181004,0.003709848148737742,0.0036950417228136054,1.004007106559236
0.08,5.8555796404409755,0.00370963152203705,0.0036950417228136054,1.0039484802386305
0.08,5.8643062867009474,0.003709396677026981,0.0036950417228136054,1.0038849234434206
0.08,5.8730329329609186,0.003709144254005344,0.0036950417228136054,1.0038166094592837
0.08,5.8817595792208905,0.0037088749413305986,0.0036950417228136054,1.0037437245786929
0.08,5.8904862254808625,0.0037085894735750928,0.0036950417228136054,1.0036664676011213
0.08,5.899212871740834,0.003708288629548524,0.0036950417228136054,1.0035850492981258
0.08,5.907939518000806,0.003707973230204871,0.0036950417228136054,1.0034996918468944
0.08,5.916666164260777,0.0037076441364308982,0.0036950417228136054,1.003410628231742
0.08,5.925392810520749,0.0037073022467263143,0.0036950417228136054,1.003318101616285
0.08,5.934119456780721,0.0037069484947791858,0.0036950417228136054,1.003222364687269
0.08,5.942846103040692,0.0037065838469452833,0.0036950417228136054,1.0031236789723958
0.08,5.951572749300664,0.003706209299632344,0.0036950417228136054,1.0030223141324193
0.08,5.960299395560636,0.0037058258766059587,0.0036950417228136054,1.00291854723203
0.08,5.969026041820607,0.003705434626212132,0.0036950417228136054,1.002812661988188
0.08,5.977752688080579,0.0037050366185332226,0.0036950417228136054,1.0027049480004264
0.08,5.98647933434055,0.0037046329424803293,0.0036950417228136054,1.0025956999639563
0.08,5.995205980600522,0.003704224702831052,0.0036950417228136054,1.0024852168679854
0.08,6.003932626860494,0.0037038130172189453,0.0036950417228136054,1.0023738011809677
0.08,6.012659273120465,0.0037033990130852868,0.0036950417228136054,1.002261758025649
0.08,6.021385919380437,0.0037029838246007917,0.0036950417228136054,1.002149394345983
0.08,6.030112565640408,0.0037025685895601124,0.0036950417228136054,1.0020370180666798
0.08,6.03883921190038,0.003702154446270042,0.0036950417228136054,1.0019249372510524
0.08,6.047565858160352,0.0037017425304251826,0.0036950417228136054,1.0018134592554682
0.08,6.056292504420323,0.003701333971988663,0.0036950417228136054,1.0017028898851692
0.08,6.065019150680295,0.003700929892087512,0.0036950417228136054,1.0015935325540581
0.08,6.073745796940266,0.0037005313999232447,0.0036950417228136054,1.0014856874486004
0.08,6.082472443200238,0.0037001395897151975,0.0036950417228136054,1.0013796507005908
0.08,6.09119908946021,0.003699755537679501,0.0036950417228136054,1.0012757135695631
0.08,6.0999257357201815,0.0036993802990536034,0.0036950417228136054,1.0011741616375294
0.08,6.1086523819801535,0.0036990149051763393,0.0036950417228136054,1.0010752740187487
0.08,6.1173790282401255,0.003698660360630048,0.0036950417228136054,1.000979322586292
0.08,6.126105674500097,0.0036983176404538905,0.0036950417228136054,1.0008865712178727
0.08,6.134832320760069,0.003697987687435059,0.0036950417228136054,1.0007972750627592
0.08,6.14355896702004,0.0036976714094866824,0.0036950417228136054,1.0007116798321494
0.08,6.152285613280012,0.0036973696771226564,0.0036950417228136054,1.0006300211157773
0.08,6.161012259539984,0.003697083321028797,0.0036950417228136054,1.0005525237245865
0.08,6.169738905799955,0.0036968131297482236,0.0036950417228136054,1.0004794010643185
0.08,6.178465552059927,0.003696559847479265,0.0036950417228136054,1.000410854539554
0.08,6.187192198319898,0.003696324171994177,0.0036950417228136054,1.0003470729904493
0.08,6.19591884457987,0.003696106752690232,0.0036950417228136054,1.0002882321652962
0.08,6.204645490839842,0.0036959081887694696,0.0036950417228136054,1.000234494227904
0.08,6.213372137099813,0.003695729027562726,0.0036950417228136054,1.000186007304025
0.08,6.222098783359785,0.003695569762992357,0.0036950417228136054,1.000142905065318
0.08,6.230825429619756,0.003695430834190529,0.0036950417228136054,1.0001053063554117
0.08,6.239552075879728,0.0036953126242638347,0.0036950417228136054,1.000073314855569
0.08,6.2482787221397,0.003695215459219786,0.0036950417228136054,1.0000470187941608
0.08,6.257005368399671,0.00369513960704995,0.0036950417228136054,1.0000264906985326
0.08,6.265732014659643,0.0036950852769772505,0.0036950417228136054,1.000011787191299
0.08,6.274458660919615,0.00369505261886914,0.0036950417228136054,1.0000029488315294
0.08,6.283185307179586,0.0036950417228136523,0.0036950417228136054,1.0000000000000127
