beta,condition,realization,region,n,area,regional_gap,local_mean_gap,coherence,normalized_gap,Dxx,Dxy2,major_axis_degrees
0.0,coherent,0,inner,37,128.17175976008906,1.9484801000165996e-15,4.1409540016527555e-15,nan,9.742400500083e-16,-1.8848499124193207e-15,-4.938780292881809e-16,0.0
0.0,coherent,0,domain,127,439.94090512246936,3.836145009872235e-15,8.000284225285788e-15,nan,1.9180725049361176e-15,-2.8021755471921692e-15,-2.619889451768131e-15,0.0
0.0,coherent,0,core,517,1790.9405350261434,2.9937510974718554e-15,2.355096575244147e-14,nan,1.4968755487359279e-15,-1.996112137380831e-15,-2.2311615738477723e-15,0.0
0.0,coherent,0,exterior,216,748.245948869733,9.404960723974766e-16,3.623598337520135e-14,nan,4.702480361987384e-16,-1.549053275142361e-16,-9.276514440795026e-16,0.0
0.1,coherent,0,inner,37,128.2340049810043,0.00935822256157341,0.009358227296359031,0.9999994940510131,0.004684797981213284,0.00935822256157341,-6.717934205755872e-16,-2.0565298298038496e-12
0.1,coherent,0,domain,127,440.1189343086326,0.00885878062613165,0.00887983856818358,0.9976285670183939,0.004433832839285764,0.00885878062613165,3.840792786226497e-16,1.242051394668999e-12
0.1,coherent,0,core,517,1791.1801525426756,0.009329532429130887,0.009347722171872134,0.9980540989123552,0.004665956705471848,0.009329532429130887,4.592458181008097e-16,1.4101910967182485e-12
0.1,coherent,0,exterior,216,748.2354156917578,0.009323413865600797,0.009336752948604761,0.9985713359797147,0.004661654004885558,0.009323413865600797,-6.836740491773058e-16,-2.100713222921747e-12
0.1,permuted,0,inner,37,128.17851589862306,0.014962739485030265,0.04624868441637608,0.3235278943357824,0.007499708907646499,0.0033219834982745867,-0.014589311105534596,-38.58623371141507
0.1,permuted,0,domain,127,440.5533192302891,0.0015248974598643895,0.03900144025738232,0.03909849097369557,0.0007633182713315963,0.000823112982491031,-0.0012836655643724292,-28.66558261430746
0.1,permuted,0,core,517,1791.2064147688798,0.00023005937022006995,0.014848090861920987,0.015494205440921296,0.0001150561748796918,-0.00010156689402618994,-0.0002064254825934238,-58.09921388267678
0.1,permuted,0,exterior,216,748.1779932185482,0.00022398034898466298,0.0029516734928685946,0.07588249497304218,0.00011198949537437752,-0.00010816448781248659,-0.00019613169123717326,-59.438128115209174
0.1,permuted,1,inner,37,127.19850008085572,0.009959631060527056,0.04587124678299827,0.21712143791606067,0.0049764358373024994,-0.009958958539273558,-0.000115739685698422,-89.6670787935089
0.1,permuted,1,domain,127,440.1786239434921,0.001137532746537609,0.0416857900586821,0.027288261657900124,0.0005689013232977827,0.000908131046364453,0.0006850392339672228,18.514348750830404
0.1,permuted,1,core,517,1791.0896970484866,0.0004449623570278599,0.01604837663436402,0.027726315699437926,0.0002225098322744745,-0.0001747398706127764,0.0004092156849266885,56.5615237058812
0.1,permuted,1,exterior,216,748.217120079697,0.00045613525247113453,0.002669173716170624,0.17089005848803906,0.00022806778170848162,-0.00017772126738985,0.00042008870451876125,56.46555456288552
0.1,permuted,2,inner,37,127.9657152664295,0.004876852745542736,0.046481752289734835,0.1049197266734661,0.002444306664082767,0.0028455411473406697,-0.003960629783317151,-27.15219468518904
0.1,permuted,2,domain,127,439.94124770911316,0.0015749566767800554,0.047208376473261524,0.03336180556160619,0.0007881711356972242,0.0011835650604989582,-0.0010390679868517618,-20.640170260546274
0.1,permuted,2,core,517,1791.1467906048078,0.0004255506135825292,0.017019076122355765,0.025004331053172638,0.0002128136982118957,0.0003619030665778085,-0.00022387383751132115,-15.870501920916379
0.1,permuted,2,exterior,216,748.193402545164,0.0004127903619904297,0.001884248435152715,0.21907427613544697,0.0002063960725749987,0.0003617845013266747,-0.00019876583597791474,-14.39228384131462
0.1,permuted,3,inner,37,128.33438806638415,0.006011177572231441,0.05731275634211315,0.10488376333445432,0.0030097570202775865,-0.00588611338691538,0.0012198053128568672,84.14603405499656
0.1,permuted,3,domain,127,440.6591577694872,0.0011717834214133474,0.048400945468869395,0.02420992834049114,0.0005862696743396749,0.0010696401567482853,-0.00047848335579273184,-12.050227434832458
0.1,permuted,3,core,517,1791.1069633534612,0.0006487471058876302,0.017403713681721757,0.03727636053729019,0.0003244199435116931,0.0006477548988159192,3.586639733168711e-05,1.584624783403922
0.1,permuted,3,exterior,216,748.2170203011253,0.0006575506755315261,0.002287961186769034,0.28739590484928307,0.0003287751970397838,0.0006562027376172263,4.2081564082433574e-05,1.8346455956474068
0.1,permuted,4,inner,37,127.92213611488447,0.009330162596223391,0.05052651893545699,0.18465872561182814,0.004660462406826073,-0.008391343499167333,-0.004078883223499804,-77.03821776731783
0.1,permuted,4,domain,127,440.2024895130853,0.0014215049224770068,0.043388100928958374,0.032762552221506806,0.0007110822139287774,0.0003852001023346913,0.0013683190877086032,37.13868993927935
0.1,permuted,4,core,517,1791.1697882724075,0.0005782829206552162,0.014883984873035456,0.03885269473115774,0.0002891989754219348,0.000574773302326747,-6.361436358192221e-05,-3.157819388054706
0.1,permuted,4,exterior,216,748.1894270622854,0.0005745987792956222,0.0015754420365477748,0.3647222595092902,0.00028729846718167243,0.0005717898469477962,-5.6746172517932694e-05,-2.8338248523507596
0.1,permuted,5,inner,37,128.463421405615,0.0029798062264972482,0.04556480499703142,0.06539710258150748,0.0014922181125553546,-0.0026711581307847206,-0.0013206662666300096,-76.84571048582363
0.1,permuted,5,domain,127,440.71389705672556,0.000744601086663387,0.039681441226252355,0.018764466804970167,0.00037271759668477885,8.34558470564156e-05,-0.0007399093862442839,-41.78234674340801
0.1,permuted,5,core,517,1791.1647377774393,0.0001900766265026243,0.014786823899279503,0.01285445933469769,9.505664202594465e-05,0.00019006421575926195,-2.1720567291991688e-06,-0.3273742658065297
0.1,permuted,5,exterior,216,748.1991139423162,0.00018200545517663708,0.0022083683926141353,0.08241625617598604,9.10024346030576e-05,0.00018199557840603897,1.8960893191419503e-06,0.2984522651570525
0.1,permuted,6,inner,37,127.87751047060507,0.013269407876623682,0.054410234892787936,0.2438770555350523,0.006640426941241617,-0.005206705682951227,0.012205220249029756,56.5514657004876
0.1,permuted,6,domain,127,440.2834145452227,0.000369910282167479,0.04484643146998648,0.008248377185039613,0.00018505285840351591,-0.00016418880592978217,0.0003314749656619278,58.17524946722646
0.1,permuted,6,core,517,1791.1529583168096,0.00024642003006838416,0.01724763509763049,0.014287177846326174,0.00012323265996748214,0.00023265608352610704,8.120331284619145e-05,9.62018951922494
0.1,permuted,6,exterior,216,748.2025129344156,0.00025213524690788613,0.0030835639257839865,0.08176747846853266,0.00012606781774420113,0.00024445352239680203,6.176291865753208e-05,7.089719531134416
0.1,permuted,7,inner,37,128.0255097085977,0.008206193381986427,0.053069268606355934,0.15463174069453067,0.004100245519402144,-0.00808307729640081,-0.0014161466177510114,-85.03134742476252
0.1,permuted,7,domain,127,440.10213012301824,0.0013648703171550982,0.04606644692362894,0.029628295827065682,0.000682854402570076,0.0009837012291783393,0.0009461516127788836,21.94266136331328
0.1,permuted,7,core,517,1791.1156581481573,0.0007963668442849803,0.01643337581980128,0.04846033176734167,0.000398244267236276,-0.0005616496909335045,0.0005645792905790266,67.42547993369237
0.1,permuted,7,exterior,216,748.2003786973399,0.000803547983409372,0.0015015079301419335,0.5351606656738834,0.00040177314721829833,-0.0005771122406457486,0.0005591339940820196,67.95324317571773
0.1,permuted,8,inner,37,128.0574133000721,0.0030449123355558026,0.04698471593434193,0.06480644343600733,0.001520903306779126,0.0028442385358783523,0.001087105460497951,10.458757572329512
0.1,permuted,8,domain,127,439.9837036059486,0.000778182362919238,0.04156045850530828,0.018724104374831314,0.0003892335386833077,0.0007116784685009752,-0.00031477221515037695,-11.929796508661402
0.1,permuted,8,core,517,1791.1517547244475,0.0007394638509626921,0.01543562672099694,0.04790630560901076,0.00036979954912889283,0.00044408723638692714,0.0005912641654614256,26.545243074344544
0.1,permuted,8,exterior,216,748.19782812969,0.0007238492667341695,0.0025965228297226647,0.2787763921996727,0.0003619242112381427,0.0004324186760200091,0.0005804927644516314,26.658481823281008
0.1,permuted,9,inner,37,129.08858400890884,0.004267969311160658,0.04955393730824947,0.08612775377689615,0.002134883551356464,-0.0002479027083132855,-0.0042607635804184345,-46.664934401664425
0.1,permuted,9,domain,127,440.72907460675486,0.0011210926416913795,0.04262940800935033,0.026298574013635827,0.0005612055401176238,0.0011127262371725456,0.00013670783577536248,3.5020856900510844
0.1,permuted,9,core,517,1791.2235567906882,5.979567533111309e-05,0.015568661009745355,0.003840771874580827,2.9905028600811734e-05,3.08300969627049e-05,-5.123502619862803e-05,-29.481525213407824
0.1,permuted,9,exterior,216,748.190756918327,4.3635927996014375e-05,0.0021273053882634578,0.02051230078989028,2.1817866231968253e-05,6.348277380038596e-06,-4.317167574208165e-05,-40.8173807079219
0.1,permuted,10,inner,37,127.91001505712173,0.010787819690110235,0.04643363771512785,0.2323276878777821,0.005394658258570451,0.003781613128652016,0.010103289356023452,34.73968217716785
0.1,permuted,10,domain,127,440.03644093199046,0.002318829870569973,0.04460488070993153,0.0519860121507661,0.0011598731653811476,0.0010188065724068165,-0.002083027877074196,-31.96839775138394
0.1,permuted,10,core,517,1791.141073389546,0.0005692591297796633,0.015544687175828263,0.036620816060219726,0.000284679418733765,-0.00030383897881823237,-0.00048139155766194447,-61.12940617846565
0.1,permuted,10,exterior,216,748.1988831212063,0.0005662534684963357,0.0018539936835450072,0.30542362335000334,0.0002831269682673432,-0.0003025425184225704,-0.0004786554242152273,-61.14782420404081
0.1,permuted,11,inner,37,127.66281550041846,0.012844215756880488,0.04064843521477847,0.315983030810759,0.006431148452159627,0.012171847922874639,-0.004101218910483727,-9.310441716401586
0.1,permuted,11,domain,127,440.4978109875436,0.0026895886181801327,0.04160119584046624,0.06465171406356356,0.0013463785337676545,0.002294423567015291,-0.0014033914030550938,-15.726086065129657
0.1,permuted,11,core,517,1791.143847034149,0.0009807043428834879,0.015588217147642637,0.06291318202683602,0.0004904386920729603,0.0002936802282498166,-0.0009356991672998695,-36.28745956536267
0.1,permuted,11,exterior,216,748.2012489816562,0.0009979458041080044,0.0023448434547301247,0.42559165393105575,0.0004989734755437788,0.0003065242155519267,-0.0009497045504877018,-36.05606433480905
0.1,permuted,12,inner,37,128.62133974210406,0.01578033485136318,0.03798623131974289,0.41542249133731624,0.007902005338727114,-0.012285557827137467,0.009903738531343038,70.56336110953023
0.1,permuted,12,domain,127,440.36730407877735,0.0016598461605676243,0.039860604067067346,0.0416412696048172,0.0008305178359504814,-0.0016428084588427222,0.00023721223473059536,85.89180158001324
0.1,permuted,12,core,517,1791.146102472665,0.0005335471038070156,0.015610181297905564,0.0341794303105629,0.0002668212593450014,0.00012627977640174043,-0.0005183878181948151,-38.154671538457386
0.1,permuted,12,exterior,216,748.2042674064814,0.0005391818292891186,0.0030552588179613782,0.17647664614184397,0.00026959173459835677,0.00010457552877747791,-0.0005289432897924608,-39.40823828060963
0.1,permuted,13,inner,37,127.89574224500282,0.00919331634909803,0.052247359366264415,0.17595753088019334,0.0046065405644045085,0.00043267820006331084,0.009183128827898642,43.65120512171955
0.1,permuted,13,domain,127,440.15443907705486,0.0008308178825545364,0.045224327815057246,0.018371038834499143,0.0004156953317695903,0.0005760130210666045,0.0005987214323323716,23.05371411605194
0.1,permuted,13,core,517,1791.120521399605,0.0005397445154572121,0.016833898883930647,0.03206295340008505,0.0002699148767308509,0.00010399606815544828,-0.0005296309656490526,-39.44548933924997
0.1,permuted,13,exterior,216,748.1991608272965,0.0005421826904484699,0.002718971435063339,0.19940727712567516,0.00027109045927341437,9.979592539070111e-05,-0.0005329191712608535,-39.6967377007873
0.1,permuted,14,inner,37,129.4187718677308,0.009726456900188292,0.051498749151622066,0.18886782806222657,0.004871183416575396,0.00855959247399938,-0.004619235922777012,-14.176893336916581
0.1,permuted,14,domain,127,440.4036096683116,0.0009055726627895797,0.04317511174864044,0.020974413872086747,0.00045328237837664995,-0.0003286521563197312,-0.0008438303192811936,-55.63987452458709
0.1,permuted,14,core,517,1791.1901595842687,0.0005694009676853765,0.015163767339478976,0.03755009918959499,0.000284761285919522,8.25783129619145e-05,-0.0005633811180980485,-40.83058887902263
0.1,permuted,14,exterior,216,748.1937385249307,0.0005754558245688944,0.001663570669901906,0.3459160677573299,0.00028772754420480583,8.50775342806978e-05,-0.0005691319874958558,-40.749005979188084
0.1,permuted,15,inner,37,127.63073992745262,0.017257139886826423,0.054275338654718244,0.31795545296567634,0.00862819985472876,-0.014217620157006314,0.0097810098734529,72.73698901816637
0.1,permuted,15,domain,127,440.0257222107089,0.0009592155770825852,0.04624125907953406,0.020743716675896588,0.00047987936258488156,0.0008593598404071375,0.00042613986907269794,13.187960304591977
0.1,permuted,15,core,517,1791.1144355459774,0.0005277973120280141,0.01804804842392922,0.029244010190499475,0.0002639383641441616,-0.0002541303534522264,0.0004625881170525712,59.391456683758534
0.1,permuted,15,exterior,216,748.2066067935887,0.0005393330374647294,0.0039053029622472114,0.1381027394490243,0.00026966569359677077,-0.0002504894754642095,0.00047763495263914303,58.83709125336889
0.1,permuted,16,inner,37,128.11380220530327,0.01998973377261324,0.048215441370830295,0.41459194822816176,0.009983561660865456,-0.0005028663813299135,0.019983407659918326,45.72074899531045
0.1,permuted,16,domain,127,440.1744632607924,0.0021682960802857187,0.04104217556635329,0.052830924539568155,0.0010848724473018268,-2.1250066283792896e-05,0.0021681919487133387,45.28076391745864
0.1,permuted,16,core,517,1791.1755506678805,0.0009912703121807804,0.015632302942545185,0.06341166210916496,0.0004957373115133708,0.0009358642851917354,0.00032676424454573366,9.623521335888599
0.1,permuted,16,exterior,216,748.1843438577799,0.0009744889143817721,0.0026675707425544274,0.36530949257923545,0.00048724419605333764,0.0009205120670811063,0.00031982210463167457,9.57961909353438
0.1,permuted,17,inner,37,128.9334943439646,0.00474440624832875,0.05090930624470145,0.09319329997396184,0.002372015703749805,-0.0014061670867638553,-0.004531234354266279,-53.62027954781315
0.1,permuted,17,domain,127,440.1431863747353,0.00039285405130687904,0.04304445828956339,0.009126704503146945,0.0001964327992309987,0.00010643600136904908,0.0003781609224137203,37.140188588170645
0.1,permuted,17,core,517,1791.130377758893,0.0007339067256812668,0.01707996416826015,0.04296886799359288,0.0003670134475806919,-0.0006702574818930108,0.0002989548293081055,77.9808515570999
0.1,permuted,17,exterior,216,748.2077306673991,0.000759486858977822,0.0036717962897580944,0.20684340825124006,0.0003797442870874556,-0.0006960860602848853,0.0003037836164724246,78.21136870654699
0.1,permuted,18,inner,37,128.6057307901819,0.0048463131097321414,0.04547220092038422,0.10657749155835654,0.0024248770971048244,0.002861225271253357,-0.00391153942901037,-26.907578951567256
0.1,permuted,18,domain,127,440.1654492627184,0.0013943606158582382,0.04611970172925611,0.030233513305089808,0.0006976055513826909,0.0005144206620330555,0.0012959988076885094,34.17519631223679
0.1,permuted,18,core,517,1791.1006497243093,0.0005230794719903735,0.015973489048747996,0.032746726178234216,0.0002615753532424556,-0.0005230731360637024,-2.574557478754715e-06,-89.85899669062069
0.1,permuted,18,exterior,216,748.2157729941907,0.0005112501120734573,0.001613326443783361,0.3168919185844005,0.00025562476254238246,-0.0005111985784165649,7.2588235965426045e-06,89.59323829844169
0.1,permuted,19,inner,37,128.5260434533283,0.008560690246891886,0.04713177674324347,0.18163308999631755,0.004284262006250773,0.003771504358836167,0.007685126698663442,31.93016676171544
0.1,permuted,19,domain,127,439.9779304003487,0.0012592510307871388,0.043905635468677526,0.02868085195317339,0.0006300687042822516,-0.00030970183025468933,0.0012205727896669528,52.11873409944465
0.1,permuted,19,core,517,1791.1804928934034,0.0003295961594242349,0.014930611712505737,0.022075194625024528,0.0001648324269031393,-0.0002742327733053928,-0.00018283876600009826,-73.1537427855167
0.1,permuted,19,exterior,216,748.1906921662394,0.0003340139675880754,0.001666854207465193,0.2003858322414501,0.00016700750668404045,-0.00027464331441335785,-0.00019009571376539072,-72.65538256289305
0.1,permuted,20,inner,37,128.75023408048767,0.01182516284997498,0.0527019472363723,0.2243781011911801,0.005928993732420075,0.0104476850491323,-0.005538984883763969,-13.965459088837523
0.1,permuted,20,domain,127,440.5937641122093,0.00036689542637628487,0.04307259946090387,0.008518070210954147,0.00018362283809375825,0.0003081322867902331,-0.0001991651267999933,-16.438554083750216
0.1,permuted,20,core,517,1791.1576236231128,0.00032147099067506517,0.015809499988621026,0.020334039084502716,0.0001607655014091711,8.163559024950213e-05,0.000310932835593514,37.64449298987423
0.1,permuted,20,exterior,216,748.1971089517729,0.0003195414063818803,0.0025847757855708806,0.1236244196365781,0.0001597700563974426,7.750662043807795e-05,0.0003099990873870078,37.98128260077077
0.1,permuted,21,inner,37,127.46860949629563,0.00690554380473917,0.04468107927528826,0.1545518576709586,0.0034511314120557763,-0.006225539493113455,0.0029881755736328817,77.17980894048961
0.1,permuted,21,domain,127,440.66574946616555,0.0018384521821885023,0.04040097776427032,0.04550514081405194,0.0009205095361444808,-0.00043598943261002855,-0.0017860066183656913,-51.85920392107813
0.1,permuted,21,core,517,1791.1618720407234,0.0007737452656952816,0.015334611477151837,0.05045744177139026,0.0003869463450196636,0.0007059844551972761,-0.0003166507306255065,-12.07868144961563
0.1,permuted,21,exterior,216,748.2006773312435,0.000772741486376685,0.0023102366293619365,0.33448586026017096,0.0003863710517936305,0.0007094450370434504,-0.00030629584421285516,-11.675896128265187
0.1,permuted,22,inner,37,128.72709464809404,0.00297538774681209,0.03538197117987811,0.08409332910497103,0.0014906021576874657,-0.001176782275859397,0.002732785340838666,56.64875286571291
0.1,permuted,22,domain,127,440.0919750440737,0.0031266829046852243,0.03682632881020683,0.08490346460542733,0.001563924817233481,-0.002917198154711266,0.0011252114968307134,79.4537747304035
0.1,permuted,22,core,517,1791.155989664841,0.0011533682343617907,0.014852263736844014,0.07765605666566705,0.0005767913980952888,-0.0009152397776017498,0.0007018507202606076,71.2586204753475
0.1,permuted,22,exterior,216,748.2014089866137,0.0011562421633969867,0.00356160288801493,0.32464095514068436,0.0005781191752310115,-0.0009240021824425437,0.0006950653978284062,71.52414457846106
0.1,permuted,23,inner,37,128.2032394687644,0.01017272638987972,0.04882781116664939,0.20833877552201124,0.005088357588317445,-0.008553495246247397,-0.005506548944282479,-73.61373563893741
0.1,permuted,23,domain,127,440.0426983766051,0.0015412510882963511,0.0431678825914722,0.03570365271056461,0.0007710922456821433,-0.001220627748558376,-0.0009410222189852889,-71.18509213013472
0.1,permuted,23,core,517,1791.169530330879,0.0009021066941847311,0.015564215360520516,0.05796030659360922,0.0004511424552696025,-0.0008812245170163015,-0.00019297626357220774,-83.82399113713399
0.1,permuted,23,exterior,216,748.1950154110801,0.000890664894967832,0.0022671334348356473,0.39285949440924706,0.0004453305194763335,-0.0008708500617398207,-0.00018682645716228144,-83.94583662723976
0.1,permuted,24,inner,37,128.67500019042814,0.0072674922070783046,0.04641147066238702,0.1565882766341222,0.003637212434243835,0.006421824634147319,-0.0034024419683813182,-13.957876204336861
0.1,permuted,24,domain,127,440.35821957232537,0.0010131469258739159,0.03969706808340549,0.0255219585422592,0.0005070324833483221,0.00034901956313256966,-0.000951131977150656,-34.92464927790385
0.1,permuted,24,core,517,1791.1351522300222,0.0004601117757070186,0.014257891361298587,0.03227067481773212,0.0002300943912630835,0.00041424323821892447,-0.00020026329102999682,-12.900576564310738
0.1,permuted,24,exterior,216,748.2089428585073,0.0004543943291098575,0.0015215399742609323,0.2986410720694824,0.00022719734150930987,0.00040242944939176565,-0.00021100887324811208,-13.834855191405037
0.1,permuted,25,inner,37,128.26487874077543,0.019447602223248192,0.04798687404944228,0.4052692034744909,0.009722785809515456,-0.007569498831893852,0.017914014616150276,56.45315198208373
0.1,permuted,25,domain,127,440.06817904485587,0.00022120091233093797,0.04440115987885262,0.004981872386543026,0.00011065504685126168,-0.00016936811199991217,-0.000142282417232856,-69.98356104712663
0.1,permuted,25,core,517,1791.1059533862983,0.000934999667760471,0.01694209949619422,0.05518794574252761,0.00046756571541048294,0.0005879270397567353,0.0007270255666997367,25.51920755616426
0.1,permuted,25,exterior,216,748.2146250742518,0.0009131772553912242,0.002836204565224005,0.3219715765879888,0.00045658693564317127,0.0005497860304881491,0.0007291282606262995,26.49126908308052
0.1,permuted,26,inner,37,128.88973982401984,0.006707628135236863,0.04913488550646706,0.1365145774961461,0.003358280398798444,-0.006114070824535005,0.002758697727767761,77.8574390646387
0.1,permuted,26,domain,127,440.1638050052084,0.0013648118186301717,0.04228435691762623,0.0322769912591777,0.0006828558733527212,-0.0008670187644759078,-0.0010540349910317338,-64.71986396256835
0.1,permuted,26,core,517,1791.197198763928,0.0004142419430781305,0.01650237441496803,0.02510196003687831,0.00020716637392786063,-0.00022768798909182254,0.0003460557282121873,61.67149455248049
0.1,permuted,26,exterior,216,748.1968313008349,0.0003932096801139117,0.003275355536117197,0.12005099164900004,0.0001966044232541294,-0.0002025067256122758,0.000337053228165937,60.49904540399729
0.1,permuted,27,inner,37,128.3939610866161,0.007780640515178365,0.051229809691565945,0.15187720903166477,0.0038993263798179426,-0.007774644373714649,0.00030540413995592066,88.8752298316857
0.1,permuted,27,domain,127,440.2376130072081,0.0011908421555962992,0.03990093581217131,0.02984496807799297,0.0005959971060991046,-0.0011808055838837077,0.000154282897996818,86.27797978892593
0.1,permuted,27,core,517,1791.1658000142224,0.0005218764765360453,0.015053028112022011,0.034669202279589965,0.000260988948730004,0.0005218237123774393,7.420913845672848e-06,0.407377408881241
0.1,permuted,27,exterior,216,748.196219159396,0.0005112272384870029,0.0025637899247886223,0.199402936076813,0.00025561393288484025,0.00051069144254774,2.3399570072018793e-05,1.311711386914984
0.1,permuted,28,inner,37,129.11968431087556,0.006513582012121346,0.04768365743562644,0.13659988269387194,0.0032622292100145615,0.00289034966754875,-0.005837176494498997,-31.828561013443977
0.1,permuted,28,domain,127,440.055557355717,0.0006405493655465466,0.043129524301182325,0.014851760503395744,0.00032052545977216126,0.00018258480696714435,-0.0006139757959128796,-36.71925815080967
0.1,permuted,28,core,517,1791.155666328485,0.0006039959631721355,0.015058701036015197,0.040109433192649646,0.00030205435898086614,-0.00011356714710802797,0.0005932230833556456,50.41881285024264
0.1,permuted,28,exterior,216,748.1943840590344,0.0006085371751269566,0.0018852060923580933,0.3227961004336524,0.0003042679326178382,-0.00011559693887020303,0.0005974569785644275,50.475187386624675
0.1,permuted,29,inner,37,128.33643865403474,0.0010145267686788306,0.04197434146128832,0.024170165233312793,0.0005077610127322085,-0.0007291434233079415,0.0007054179134475433,67.97375027745102
0.1,permuted,29,domain,127,439.8470525185551,0.0012226603817820948,0.04219925104158305,0.02897350904586643,0.0006114373265261484,-0.000612610336965572,0.001058114825632108,60.0346471447566
0.1,permuted,29,core,517,1791.1734802642818,0.00026942312719693915,0.014247014670291776,0.01891084788160897,0.00013473904369518938,1.6785806259252906e-05,-0.00026889971769565856,-43.21400049948396
0.1,permuted,29,exterior,216,748.1850878678288,0.00028673755757205007,0.0013773540580425821,0.20817999257180492,0.00014336872061723334,-6.953341182955468e-06,-0.00028665323645264874,-45.69477497746238
0.1,permuted,30,inner,37,127.77074961121403,0.006415015870956767,0.05053124037069941,0.12695148236805445,0.0032123411190081584,0.0018763801391414566,0.006134462176757038,36.49621265169092
0.1,permuted,30,domain,127,440.28455572749033,0.0027738654406825017,0.04192010078104264,0.06617029513289995,0.0013888584744619484,-0.0025029531844485042,-0.0011956399288547618,-77.2332908338502
0.1,permuted,30,core,517,1791.178544795112,0.0003051021745909484,0.015831531970222003,0.019271803585706303,0.00015258246093749822,-0.00015120459586960108,-0.00026499907005126674,-59.85422445071503
0.1,permuted,30,exterior,216,748.1881177749046,0.00033174000336025236,0.0028828688865982434,0.11507287233992188,0.00016586956944346032,-0.0001630892055614564,-0.0002888829189460555,-59.723476786890735
0.1,permuted,31,inner,37,128.44284356079157,0.008606973279675745,0.0522604826187349,0.1646937197742262,0.004309712639749988,-0.008565798879353798,0.000840879655785228,87.19670157110103
0.1,permuted,31,domain,127,440.59428549612477,0.0013789691167853425,0.04458772500093259,0.030927101949168753,0.0006900779277509914,0.0007092988618845322,-0.0011825611821707387,-29.522358818074032
0.1,permuted,31,core,517,1791.1369397377243,0.00020511946666526554,0.015907135574685673,0.012894808477755666,0.00010257720127748565,0.00015670604465831307,0.00013235260168425014,20.092076880859622
0.1,permuted,31,exterior,216,748.1971378341871,0.00022607854440266745,0.0015057555138518644,0.15014292979365373,0.00011303916971290208,0.00018724796886274457,0.0001266874358253632,17.040664476527063
0.1,permuted,32,inner,37,127.38632589035078,0.004248814958161522,0.05581006192866821,0.07612990939863147,0.002120744878304772,0.002552870560777298,0.003396362826409114,26.534852912194868
0.1,permuted,32,domain,127,440.23333167696387,0.0029924533444839153,0.04602726932988391,0.06501479205808586,0.001497234220906601,-0.0010261503881524114,-0.0028110127000438166,-55.027216938499365
0.1,permuted,32,core,517,1791.1532996051944,0.0006455390550642193,0.017238620423348006,0.03744725733330148,0.00032282977750682206,-0.0003362130647233605,-0.0005510729958204544,-60.69381326352733
0.1,permuted,32,exterior,216,748.1894629381233,0.0006477010244073428,0.003015045584618908,0.21482296244924276,0.0003238490373175311,-0.00033736801407205564,-0.0005529009315414458,-60.69531278446578
0.1,permuted,33,inner,37,128.1915700531519,0.00460162403657681,0.05314273137205982,0.08658990454141668,0.0023017540520164884,0.0014214830722916664,0.004376565965364819,36.00325301262062
0.1,permuted,33,domain,127,440.0231652720881,0.0003216446382739672,0.043861151994897374,0.007333246475409173,0.00016086896887868162,-4.30845755403986e-05,-0.00031874596888571764,-48.84897876242966
0.1,permuted,33,core,517,1791.1592738810455,0.0005650315197970564,0.015521087421609028,0.036404119405345194,0.00028256942372359157,-6.837153586363698e-05,0.0005608796229564939,48.47504848990262
0.1,permuted,33,exterior,216,748.1967870168667,0.0005716930516022846,0.0016475428845283586,0.34699737225106764,0.00028584663535603246,-7.209524713642159e-05,0.0005671289276616656,48.62238201956748
0.1,permuted,34,inner,37,128.53415676824824,0.00946530385577247,0.04751195112254391,0.19921943073563408,0.0047341497181581475,-0.009417051690335238,-0.0009545232022614276,-87.10610062171138
0.1,permuted,34,domain,127,439.9993724098398,0.0011801754031168215,0.04187400986869367,0.02818395961641968,0.0005901302274121368,0.0011672821494396728,0.0001739723130887491,4.238496190332222
0.1,permuted,34,core,517,1791.160092176604,0.000609762260896146,0.015159870562916889,0.04022212843872873,0.00030493966852260474,-0.00043678621590098355,-0.0004254736377404351,-67.87582974350181
0.1,permuted,34,exterior,216,748.1796376012373,0.0006182287931182669,0.0018038934869872764,0.3427191225967476,0.00030911230279610677,-0.00044594213277513524,-0.00042818507080050384,-68.08187457762646
0.1,permuted,35,inner,37,128.01482438809424,0.009353587198667083,0.04770014314833367,0.19609138634196813,0.004681267449818866,0.007407389695324206,-0.005711407128254253,-18.81686274778339
0.1,permuted,35,domain,127,440.3266981990364,0.0018848680397256052,0.0453434343825667,0.041568709238537185,0.0009429162848866994,0.001336394807982967,0.0013292014310762735,22.422691004234
0.1,permuted,35,core,517,1791.1422246914926,0.0004929038081051662,0.017493083215094792,0.028177068733077265,0.0002464944956836818,-0.0003355020797361623,0.0003610990425593569,66.44779211320059
0.1,permuted,35,exterior,216,748.204258277319,0.000492422187763919,0.003071543065408134,0.16031752681888178,0.0002462105664691671,-0.0003528941700649426,0.0003434316754994792,67.88927725903656
0.1,permuted,36,inner,37,128.4370194327951,0.006030383832596018,0.05195065580378794,0.1160790704042723,0.003017205993393388,0.0026405944379133163,-0.005421511798649589,-32.015599921733326
0.1,permuted,36,domain,127,440.1816421783094,0.0013466390122035665,0.04305946586240725,0.03127393675775342,0.0006739206538050444,-0.001322747296473471,0.0002525395392027163,84.59556993011405
0.1,permuted,36,core,517,1791.1410337820494,0.0004024331645801793,0.015857409081444344,0.025378241963316013,0.00020125172634799504,1.3701529050307517e-06,-0.0004024308321128421,-44.902463145034915
0.1,permuted,36,exterior,216,748.196652580425,0.00039329845831401216,0.00230138168203794,0.17089666672141712,0.00019664943699292437,-1.9998454212441182e-05,-0.0003927896881809547,-46.4573173815023
0.1,permuted,37,inner,37,127.71682396661959,0.010133752760188552,0.04691141183757348,0.2160189251023984,0.005077757498692881,0.009730169833680767,-0.0028313848223718886,-8.112241159542227
0.1,permuted,37,domain,127,440.31787380199796,0.0016361907363401404,0.04015319560254245,0.04074870534679284,0.0008188921784725192,0.0011132116884106423,0.001199116283965495,23.563799838446126
0.1,permuted,37,core,517,1791.1363242887576,0.0008734251548834142,0.014374635790289194,0.06076155024904755,0.0004367872279904793,0.0007056775615946959,0.0005146753153638516,18.052289388804105
0.1,permuted,37,exterior,216,748.2010713388718,0.0008793201562913918,0.002048066058504367,0.4293416965923108,0.0004396607179675119,0.0007092346313082824,0.0005197982060505043,18.118848260972168
0.1,permuted,38,inner,37,128.59099689335522,0.004638608914998073,0.04473630165822274,0.10368780482651889,0.0023203868809636412,-0.0036368624743402687,0.002879222813370853,70.81606351538117
0.1,permuted,38,domain,127,440.5939476938836,0.0013766295599365928,0.0438170526391299,0.03141766679914072,0.0006892363544581137,-0.00010423538679309328,0.0013726776494979844,47.171233771324644
0.1,permuted,38,core,517,1791.1608933456023,0.0006168856980481003,0.016434854850003556,0.037535208170576984,0.00030850159417255765,-0.0005102565632492221,-0.0003466788198280718,-72.9035022497416
0.1,permuted,38,exterior,216,748.1978181893141,0.000605760143934824,0.002664022171775634,0.22738554894649038,0.0003028800853049223,-0.0005175603125431158,-0.00031476447521950615,-74.34665115692121
0.1,permuted,39,inner,37,127.90855804000657,0.012836318582568309,0.044677832996179355,0.2873084418321276,0.006425314394951655,-0.009435615317804135,-0.008702886781270252,-68.65664012290627
0.1,permuted,39,domain,127,440.05871033808177,0.001156522285173799,0.04234048089662714,0.02731481222420239,0.0005786640716506536,-0.00026181654896568227,-0.0011264971774448999,-51.54209735835846
0.1,permuted,39,core,517,1791.1857496458879,0.0004591464175330813,0.015564974555870153,0.02949869374247833,0.000229622121358161,0.00045397119326832957,-6.874291538763531e-05,-4.305319567037029
0.1,permuted,39,exterior,216,748.1845689783695,0.00046804133218648984,0.001882824876329794,0.2485846336908649,0.00023402015184962514,0.0004634877618380947,-6.512897405316446e-05,-3.999394914679653
0.25,coherent,0,inner,37,128.49853654022039,0.0246378521958478,0.024637882607297747,0.9999987656630065,0.012410006035191625,0.0246378521958478,-8.294950460946212e-15,-9.645030112698113e-12
0.25,coherent,0,domain,127,440.8906898021293,0.023225448583918045,0.02338645697649384,0.993115314870584,0.01168362517791625,0.023225448583918045,-9.282048588457994e-15,-1.1449126750607842e-11
0.25,coherent,0,core,517,1792.359159071181,0.02398536424906461,0.02425913597454418,0.9887146959493182,0.012011208844281026,0.02398536424906461,-6.575018908541809e-15,-7.853139726507388e-12
0.25,coherent,0,exterior,216,748.2132640741106,0.02387699076099583,0.024065707635416038,0.9921582661403862,0.011937584041110502,0.02387699076099583,-4.87409240973773e-15,-5.847992463332382e-12
0.25,permuted,0,inner,37,128.6810675132426,0.01974336620867537,0.12835703368415025,0.15381600557440522,0.009953438513450718,-0.01502799708216069,-0.012804679337977753,-69.78358925541299
0.25,permuted,0,domain,127,441.1617120929647,0.004709739014247203,0.10565288772288338,0.044577475502613456,0.002366634761733356,-0.0032977492057495055,0.003362512714964916,67.22144047466105
0.25,permuted,0,core,517,1792.2277922909423,0.002064041715967276,0.04084876180372737,0.0505288685587267,0.0010331632992127506,-0.0009729476499158562,0.0018203409229527172,59.06195107321987
0.25,permuted,0,exterior,216,747.9934763364088,0.0020447578205910885,0.006459548264661814,0.3165481140186419,0.0010223760502245484,-0.0009624395723590131,0.0018040910770872457,59.03942874941808
0.25,permuted,1,inner,37,129.7656586574621,0.020048261838484516,0.10671517047952171,0.1878670272314442,0.010053423579189329,-0.017578989035367795,-0.009639084356869861,-75.63136329627484
0.25,permuted,1,domain,127,441.09460226669677,0.006098509576919882,0.10182555370241371,0.05989173989412169,0.003059982938039365,-0.0013810958109910505,-0.005940066785874254,-51.544504955485934
0.25,permuted,1,core,517,1792.2700729580233,0.0019748875758112006,0.0359023816996931,0.05500714666592947,0.000988580897593263,0.0009953067857327985,-0.0017057389423260775,-29.86811759726481
0.25,permuted,1,exterior,216,747.948352741229,0.0019857464042544863,0.005653783708191008,0.35122433165909844,0.0009928631803870023,0.0009607990091946258,-0.0017378302696006438,-30.531494853186267
0.25,permuted,2,inner,37,127.07549187736444,0.04124609539584595,0.1367140818040158,0.301696027589708,0.02068915652287555,-0.02893732855630994,-0.029391689325851848,-67.27684839474756
0.25,permuted,2,domain,127,442.10926304568943,0.0033351873521572364,0.10873745846537897,0.030671926668390272,0.0016766138551125,0.003332532132174653,0.00013305736361832565,1.1432115084911916
0.25,permuted,2,core,517,1792.293070389465,0.0010687516028372321,0.04177852970503892,0.02558135986074038,0.0005350016424470057,-0.00013096600889477334,-0.0010606968902949262,-48.51939005841164
0.25,permuted,2,exterior,216,747.9398198743185,0.0011246072286922178,0.007196099559666099,0.15628010971326806,0.0005623017066456763,-0.00014291271034201262,-0.0011154897471736306,-48.6503835073467
0.25,permuted,3,inner,37,128.21163747077955,0.02125386344463118,0.11050518151989204,0.19233363677888055,0.010706035398972677,0.019171948582994938,0.009174044846959713,12.785882570221382
0.25,permuted,3,domain,127,441.10753364371595,0.002285673192629903,0.09617046394466332,0.023766893689366873,0.001147215272975954,-0.0006437348711086818,0.002193150099565842,53.179026939589974
0.25,permuted,3,core,517,1792.1579781517953,0.0010472997633019612,0.03614919009792912,0.028971596886812626,0.0005242016873669253,0.0009833705817715902,0.0003603041675009439,10.061344789039982
0.25,permuted,3,exterior,216,747.9776213454609,0.001095414187829693,0.0050780672966723684,0.21571478356490317,0.0005477088987559183,0.0010233623917988684,0.0003907194107672224,10.44841958782885
0.25,permuted,4,inner,37,128.26093424290008,0.015872097810119064,0.14849583336849054,0.10688581255160642,0.008010223727897572,-0.011598318673480339,0.010835243091060934,68.4740798303702
0.25,permuted,4,domain,127,441.7733518199348,0.006853328441146841,0.11432947445960666,0.0599436713370721,0.0034469671501632954,-0.006725858968053473,0.0013156488376792927,84.46604774487385
0.25,permuted,4,core,517,1792.2575550707352,0.0014451308007915943,0.041386169279501984,0.034918206394795474,0.0007233902359110067,-0.0010038344652605294,-0.00103957654732668,-66.99895991762547
0.25,permuted,4,exterior,216,747.9342542165161,0.0013912051891800934,0.005663346045424911,0.24565074745944007,0.0006955954490826897,-0.0009728221273272907,-0.0009945194754171604,-67.18406196704933
0.25,permuted,5,inner,37,128.78124989537216,0.048492235543136634,0.13530497784166465,0.35839210291200646,0.024337030523752065,0.04410360483638979,0.020158594901595172,12.281945292978355
0.25,permuted,5,domain,127,442.19833725550933,0.0033767408147957656,0.11533909440575207,0.02927663713845983,0.0016975922247203694,-0.003374238272779295,0.00012997926303442208,88.89699803724542
0.25,permuted,5,core,517,1792.1707931768888,0.001728462473806822,0.044645466338985626,0.0387152966593045,0.0008651494074137928,0.0006618184607622887,-0.0015967400691260408,-33.74346048383804
0.25,permuted,5,exterior,216,747.9814506896353,0.0017071224994206719,0.009334184002762685,0.18288931297212552,0.000853554801377989,0.0006896072788979827,-0.0015616366507351196,-33.08704943393536
0.25,permuted,6,inner,37,128.44611210971908,0.007525203093170491,0.13382612264836657,0.05623119720014051,0.003777105838328587,0.0075251793849532385,-1.8889619835377288e-05,-0.0719114564995035
0.25,permuted,6,domain,127,441.4391429014273,0.0037219457880685175,0.11222892286846779,0.03316387338432032,0.0018655909299988423,-0.002821717857003926,0.0024270947210164972,69.64979884151188
0.25,permuted,6,core,517,1792.154803129943,0.0012653660054106812,0.03902843453151631,0.03242164387579703,0.0006333467357122769,0.0006093942625184673,0.0011089588632850892,30.60517876004547
0.25,permuted,6,exterior,216,747.9731275065113,0.0012571653813171783,0.005566503644314602,0.22584470641660237,0.0006285778419689139,0.000602352172118704,0.0011034657478717887,30.685532477979034
0.25,permuted,7,inner,37,126.33793945608834,0.021825761942022216,0.14378649187854864,0.1517928538131222,0.010961743433443234,-0.02174008528160676,-0.0019319876547976434,-87.46080319567999
0.25,permuted,7,domain,127,441.2723615761672,0.0009172750982825666,0.1166834077615302,0.00786122993731236,0.00046081173120669967,0.00016552864317876054,0.0009022160906438606,39.80181225484279
0.25,permuted,7,core,517,1792.2363840065764,0.0008823406530539449,0.04234590949313836,0.020836502595295955,0.00044166695646225424,0.0001866843542206422,0.0008623653401667323,38.89256237735716
0.25,permuted,7,exterior,216,747.920169681606,0.0008868163640167676,0.005336991602525785,0.1661640920695983,0.000443400547178951,0.00013160911278845553,0.0008769961829557502,40.73271043960567
0.25,permuted,8,inner,37,128.7353130946238,0.017543713124088107,0.1307076779165869,0.13422098382991618,0.008753612841035218,-0.016339338917747893,0.0063881040936470635,79.32312896937609
0.25,permuted,8,domain,127,441.5824920164438,0.004588474178061458,0.10835835394833344,0.042345366193448246,0.0023021396121115363,-0.004481011763775112,0.0009872329287690068,83.78769100471888
0.25,permuted,8,core,517,1792.3090170651992,0.0019541961250071935,0.03895979506575787,0.050159301960105915,0.0009782597321880229,-0.0015960781885088918,-0.0011275712443829457,-72.38009152461107
0.25,permuted,8,exterior,216,747.9314040627335,0.001993021434806216,0.00561635443011268,0.35486033860691196,0.0009965051028984996,-0.0016501367857586788,-0.0011176685679945746,-72.94473936749144
0.25,permuted,9,inner,37,127.25312451235328,0.033014318790218954,0.12471094116054764,0.26472672311660056,0.016532216097605322,-0.0009966332002468588,0.03299927222601083,45.86495125170298
0.25,permuted,9,domain,127,441.81057201066636,0.004097459469332459,0.107035192577738,0.0382814228727298,0.0020600335196539745,-0.00012710127077606478,0.004095487683999226,45.88878667491867
0.25,permuted,9,core,517,1792.2989503669064,0.0006434152839005661,0.042025293546285425,0.015310191306383794,0.00032208527684650476,-0.00036312717941565983,-0.0005311514653340168,-62.17943338544366
0.25,permuted,9,exterior,216,747.9518782095408,0.0006074756291408444,0.009077571194631734,0.06692050286535801,0.0003037352877218067,-0.0003395786654247084,-0.0005036992852768789,-61.99332261231286
0.25,permuted,10,inner,37,127.59424500820221,0.004760639577130164,0.14073206246579487,0.03382768285860405,0.002378985037108596,0.0018902925263334992,-0.004369265767634852,-33.30252725471743
0.25,permuted,10,domain,127,441.42340186858587,0.0004813417922811735,0.10989867946498937,0.0043798687538781165,0.00024162205830444123,-0.0004502085253268738,-0.00017030033681544497,-79.63993897239337
0.25,permuted,10,core,517,1792.1513311806764,0.0013444348494683865,0.039833824766191274,0.03375108610231844,0.0006729237511541775,-0.00021012070065203745,-0.0013279135346936485,-49.495787793958556
0.25,permuted,10,exterior,216,747.9574599235436,0.001315960220110153,0.005602541797456556,0.23488628334867098,0.0006579705499474664,-0.00018134364863524113,-0.0013034054557243577,-48.96037600717121
0.25,permuted,11,inner,37,130.72827188607468,0.04088610241786937,0.12923311252027345,0.31637481772680637,0.020477385953269495,0.040406821471050076,-0.006241966799910947,-4.390763256509789
0.25,permuted,11,domain,127,441.6062284337124,0.0017261337764296497,0.11122613010498646,0.015519139026057548,0.0008670230393968333,0.0012784738184937353,-0.0011597596775010464,-21.106275374812135
0.25,permuted,11,core,517,1792.2070112824763,0.0017259661717597885,0.043352586277340746,0.039812300025613596,0.0008639356213842042,-6.470523635519002e-05,0.001724752868803922,46.07424061273371
0.25,permuted,11,exterior,216,747.9216205912173,0.0017660294350911186,0.007676304471820542,0.2300624527823452,0.0008829981541855693,-0.00014612980643336182,0.0017599733081157802,47.37317813267562
0.25,permuted,12,inner,37,130.18692238570824,0.03894774154600685,0.1127855677543259,0.34532557951780146,0.019650538854616886,-0.0048876391089719045,-0.03863984414403086,-48.604591286391134
0.25,permuted,12,domain,127,441.5516687636329,0.0012782383882463642,0.10025030815006498,0.012750468420834831,0.0006422657747631349,0.0003688183745289144,0.0012238735162575065,36.614821973045636
0.25,permuted,12,core,517,1792.0722254046964,0.0019938786962526065,0.038040553795975124,0.05241455492331893,0.0009979150761812755,-0.0006672263637608861,-0.0018789255533076393,-54.775244679479506
0.25,permuted,12,exterior,216,748.0006829864906,0.0018992373623395657,0.00570878605881495,0.33268672932784876,0.0009496057001847126,-0.0006500396243233942,-0.0017845310435282576,-55.00741938784276
0.25,permuted,13,inner,37,127.40346131807676,0.0293364575358634,0.12424599316614375,0.2361159244518591,0.014706080139750635,0.024472319997893816,-0.016178173403515086,-16.733956517957804
0.25,permuted,13,domain,127,440.9663247887278,0.0022260883073105015,0.1123128281659637,0.01982042785015644,0.001117097148218995,0.0006058907991157386,0.002142047032978367,37.10306371350549
0.25,permuted,13,core,517,1791.9626828217215,0.0017101383065648466,0.04233000557383186,0.04040014366598721,0.0008558260327418269,-0.0016711594345226784,-0.00036304155683106393,-83.87177052734522
0.25,permuted,13,exterior,216,748.0090937657087,0.001715308375609973,0.007048724508341545,0.2433501796786151,0.0008576422412152469,-0.0016899818629512859,-0.0002936735029474491,-85.07098610432494
0.25,permuted,14,inner,37,128.85019103200264,0.020283125571857196,0.14796612225362785,0.13707952376483862,0.01017021891561428,-0.0005133672606081647,0.020276627851283924,45.72515743648202
0.25,permuted,14,domain,127,442.03507719600015,0.00537576535728739,0.11504788858139038,0.04672632782377676,0.002698337603554125,0.0053213936845374656,-0.0007626417447111041,-4.077937413055317
0.25,permuted,14,core,517,1792.1572077632918,0.0004504673597324156,0.040701390355277575,0.011067616015087932,0.00022547076042748652,0.0004239998072600926,-0.00015213482713599086,-9.869214492833901
0.25,permuted,14,exterior,216,747.9530790022286,0.00039700498683884996,0.005114404198069177,0.07762487505166875,0.00019849994620393786,0.00036816487433309733,-0.0001485516236269738,-10.986843611130434
0.25,permuted,15,inner,37,129.77917701221818,0.01901698756344178,0.1305544061038111,0.1456633148659901,0.009603144842398619,-0.002659694411815006,-0.018830078109871435,-49.01983990484707
0.25,permuted,15,domain,127,442.4400272445907,0.004993104816562694,0.11052152035319725,0.045177670381352564,0.002511192588367979,0.003995312546692407,-0.002994757646859559,-18.427022993509734
0.25,permuted,15,core,517,1792.3597742231052,0.00045094045036266046,0.04090059749776284,0.011025277818675527,0.00022574844029901224,0.00019477085374703615,-0.00040670825453134054,-32.20521889896599
0.25,permuted,15,exterior,216,747.9058114818577,0.0005207071636794249,0.005200493964167905,0.10012648168946382,0.0002603534753825944,0.00020087512355425682,-0.00048040101482421264,-33.65410988166255
0.25,permuted,16,inner,37,126.45432781904944,0.024151711738797384,0.12764803148930823,0.18920551658346824,0.012056793998403852,0.0028002462865924114,0.023988826579230356,41.670961482917406
0.25,permuted,16,domain,127,442.04980410892773,0.00403567287184979,0.1106543781086547,0.03647097332097468,0.002028328291364871,0.0035830518221685787,0.001856985505662002,13.698158780007399
0.25,permuted,16,core,517,1792.561293746077,0.0039632517650833275,0.03844797680702069,0.10308089252591383,0.0019844250839414997,0.001479835562822462,0.003676608662944975,34.03760352739826
0.25,permuted,16,exterior,216,747.8761576938546,0.003947704132452446,0.00555965986412125,0.7100621672790793,0.001973841570904847,0.0015208920819364655,0.0036429733999145653,33.670062077552394
0.25,permuted,17,inner,37,126.39667759507536,0.007048399003364404,0.12357265794161176,0.05703849962258464,0.0035254907115254658,0.006917555695050367,0.0013517957377150414,5.5285633171653
0.25,permuted,17,domain,127,440.7735681627058,0.0036721998401879263,0.10289749748439361,0.03568794120328229,0.001840498451920012,0.0015433403355916645,0.0033321392940289934,32.57396840413159
0.25,permuted,17,core,517,1792.095394949239,0.002213725021400876,0.038701135535762855,0.05720051855727133,0.0011079748459501553,0.0012085719932490593,0.0018547054233786847,28.455369101338153
0.25,permuted,17,exterior,216,747.9921616630919,0.002247674546070016,0.006411185145207909,0.35058643529426975,0.0011238313018276497,0.001245038795729651,0.0018713415674801628,28.181714578173136
0.25,permuted,18,inner,37,127.69216147260914,0.01927979752115725,0.10955040432723948,0.1759901995757707,0.009667665453481121,0.018264907439922054,-0.00617282339516539,-9.336619697933491
0.25,permuted,18,domain,127,440.17746478615123,0.006762783953086591,0.10764009237582568,0.06282774200410672,0.003388315405297757,-0.0023476233792955577,-0.006342232356600506,-55.15619943966916
0.25,permuted,18,core,517,1792.1498157615242,0.001271856703538553,0.04122529739568674,0.030851365154047933,0.0006365947738958156,-0.0011345629392105897,-0.0005747924941279093,-76.56615290844333
0.25,permuted,18,exterior,216,747.9708282322447,0.001226215782255487,0.007405636893843061,0.16557870711632447,0.0006130963539341925,-0.0010853998295370037,-0.0005705369003784762,-76.13574264400383
0.25,permuted,19,inner,37,128.32989181331826,0.030995326565669758,0.12848814223185512,0.2412310274495144,0.015569493842533123,-0.026975806605990672,-0.015264865766481651,-75.24783708905817
0.25,permuted,19,domain,127,441.6719633123142,0.001905729642591725,0.11306875052145014,0.01685460955217853,0.0009580399957495713,-0.0018381933806232615,-0.0005028424863569195,-82.35043959914029
0.25,permuted,19,core,517,1792.4316238132722,0.0018541122870618743,0.04362717531889138,0.042499022077622545,0.0009282548598467541,-0.001356960648134236,-0.001263483348702676,-68.52150335538443
0.25,permuted,19,exterior,216,747.9199552191944,0.0018465819411114812,0.008199023555110388,0.2252197385090473,0.000923294704630594,-0.0013485154469003496,-0.0012614955230638735,-68.45479065173564
0.25,permuted,20,inner,37,128.74036666709566,0.020355584947659974,0.12727577311384394,0.15993291142260502,0.010166966110521522,0.01803767032586155,0.00943357237619635,13.804622458516349
0.25,permuted,20,domain,127,442.05338215657,0.0024956496017854994,0.10531583335455093,0.023696812932047666,0.0012545973589391623,0.002329637874097731,-0.0008950163744097236,-10.508060880592407
0.25,permuted,20,core,517,1792.0955165238693,0.0016772390246808271,0.039563514364671225,0.042393580338215366,0.0008394643922332176,0.0013933432771289407,-0.0009336622826225104,-16.912777844836572
0.25,permuted,20,exterior,216,747.9662044816862,0.0016247449444166508,0.0062688306203279535,0.25917831296128596,0.0008123644487146042,0.001311034186067999,-0.0009596798931771389,-18.102104679531255
0.25,permuted,21,inner,37,130.33043658392634,0.03899452758199969,0.13862547697745078,0.28129409133317285,0.019682218769868382,-0.005232289499831359,0.03864189860673631,48.85560578206373
0.25,permuted,21,domain,127,441.44642532546607,0.002078998401082433,0.12052036331517296,0.017250183652746234,0.0010442146443318738,-0.0005056246066221432,-0.0020165758376221605,-52.037915372776844
0.25,permuted,21,core,517,1792.213667205997,0.00030522744620531834,0.04548473123633754,0.006710547427869014,0.00015278120902283612,0.0003044922649603019,-2.1172021546507793e-05,-1.988750320512496
0.25,permuted,21,exterior,216,747.9733468128893,0.00027860794479799965,0.007846405377364522,0.03550771740671643,0.00013930198595916692,0.00027389568000147794,-5.102492901605283e-05,-5.276424891267615
0.25,permuted,22,inner,37,126.7374359284536,0.04405039853025932,0.14636666993877667,0.30095921802883846,0.022124917334648327,0.012219500717078578,-0.042321642370068635,-36.94750919605912
0.25,permuted,22,domain,127,442.2315323359747,0.002292247731706457,0.11957150213452675,0.01917051881749808,0.0011511412431414755,0.0006278486866276349,-0.0022045874194990206,-37.051737545557714
0.25,permuted,22,core,517,1791.7994744116984,0.002251128014877634,0.044067400242656284,0.05108374904082931,0.001126399087684004,0.0014266311948914593,0.0017413502729575934,25.336680600309304
0.25,permuted,22,exterior,216,748.0723903412497,0.0022512478536816176,0.007094941868861576,0.31730321337260564,0.001125615512897597,0.001418518631712535,0.0017481195011184126,25.47112903034117
0.25,permuted,23,inner,37,128.60105131783294,0.02185490497572929,0.1065211682287203,0.20516959529398737,0.011003655641908803,0.021725886629967425,0.0023712278760084707,3.114388527146128
0.25,permuted,23,domain,127,442.0383409419296,0.003109566346336758,0.10666141945447001,0.02915361863962557,0.0015623741726634535,-0.0023506053736615457,0.0020356957630214786,69.5532205311103
0.25,permuted,23,core,517,1792.0965975215267,0.0019615597075768485,0.04031063367675733,0.04866109829248014,0.0009817623436331239,-0.0018392490689933235,-0.00068182061320861,-79.82997798409589
0.25,permuted,23,exterior,216,747.9881896295612,0.0019822960213848563,0.0065270190595254525,0.30370617939163475,0.0009911516657126716,-0.0018406469561706227,-0.0007358779104838329,-79.10440588357412
0.25,permuted,24,inner,37,129.44910064024774,0.02356522397105479,0.12626386950830193,0.18663473615075105,0.01186621126261216,-0.02322742114856368,0.003975762517207485,85.14349714605807
0.25,permuted,24,domain,127,442.2303653004735,0.004151668052075055,0.1069101381537833,0.03883324934164008,0.0020890064567143777,0.0034204373036073755,0.002353073791174383,17.2629223447345
0.25,permuted,24,core,517,1792.4172771747621,0.0011815487075159045,0.03873441405207363,0.03050384874616816,0.0005915308471934238,-0.0008013270899303836,0.0008682927174497135,66.35159711800944
0.25,permuted,24,exterior,216,747.9097577673684,0.0011437357417461676,0.004836817303363461,0.23646453235908418,0.0005718661214190925,-0.0007615423306617173,0.0008533374042885827,65.87331028026809
0.25,permuted,25,inner,37,129.89408156694435,0.03025020338324397,0.10704743418112865,0.2825869075204492,0.015133132945121303,-0.02957438387583316,0.006358507929733571,83.93304565953282
0.25,permuted,25,domain,127,440.98340389438556,0.0035971606514372994,0.10154235352757741,0.03542522431746043,0.0018033581642722058,0.0035540293883334117,-0.0005553736211878003,-4.4407743789104
0.25,permuted,25,core,517,1791.9161639703984,0.0016948284306024309,0.03766075884298753,0.045002503472338015,0.0008481247982505261,0.001161509845526574,-0.0012342359125884863,-23.3693780328162
0.25,permuted,25,exterior,216,748.043267721014,0.0017490664324376246,0.005756108164546121,0.3038626763844945,0.0008745221243844266,0.0012134146346188378,-0.0012597056440188366,-23.03615867644687
0.25,permuted,26,inner,37,128.89840798605593,0.03996559047123547,0.1291624809884245,0.30942104986987023,0.020156306758396032,-0.018811887422838326,-0.035261328864706225,-59.03994055882601
0.25,permuted,26,domain,127,441.34419409047393,0.00454436980284112,0.11066998853996164,0.0410623499902162,0.002282383522182193,-0.0012091882179441605,-0.0043805434318768335,-52.71571406608586
0.25,permuted,26,core,517,1792.2170878370057,0.0010154604075002741,0.043534819093070325,0.023325246978272398,0.0005082936032408242,-0.0008208549199079885,-0.0005977934757618826,-71.9678762943899
0.25,permuted,26,exterior,216,747.9321425110606,0.0010456372311372507,0.008210130646202483,0.12735939002638164,0.0005228166052826396,-0.0008295328865702431,-0.0006365786748225362,-71.24878923165662
0.25,permuted,27,inner,37,128.5808641967518,0.012368735056884343,0.12655614837958615,0.09773318179521537,0.0062432165458946,0.012074899267063424,-0.002680002723444679,-6.256923961093877
0.25,permuted,27,domain,127,441.0117538489912,0.0009301131994802784,0.09962212316377064,0.00933641213359053,0.000467143378156764,-0.0002661565752462231,-0.0008912189637236416,-53.313951477465444
0.25,permuted,27,core,517,1792.420142484897,0.0004754579360754587,0.03948465244628077,0.012041588481051557,0.00023803428797808767,-0.0004754538502903965,1.971096439101931e-06,89.8812346772399
0.25,permuted,27,exterior,216,747.8971406109952,0.0005204209655957029,0.00891901122725918,0.05834962557342006,0.0002602099242310577,-0.0005199023252490694,2.3228293785267366e-05,88.72091482340839
0.25,permuted,28,inner,37,127.81839122249428,0.021744638750243007,0.1256027198636157,0.17312235574081655,0.010921176377767721,0.006917681841182323,0.020614921593902463,35.72498031518795
0.25,permuted,28,domain,127,441.70623548691105,0.003853237673804831,0.10739520392459932,0.03587904797415475,0.0019342360866972004,-0.0023789491738875398,0.0030311782195853575,64.06288231697005
0.25,permuted,28,core,517,1792.1860580800017,0.001515049148763231,0.04087297059120166,0.0370672629576222,0.0007583453265582174,-0.00044395185937051485,0.0014485443278442168,53.519663351491836
0.25,permuted,28,exterior,216,747.9436531475134,0.00153998663072075,0.006203113682691237,0.24826026242559893,0.000769989804256123,-0.0004756188785613822,0.001464699800353185,53.99485270637757
0.25,permuted,29,inner,37,127.33435386375197,0.002896699113916237,0.11859719019488472,0.02442468585601597,0.0014515485139912634,0.0028239209988034286,0.0006452410007742526,6.435315544348936
0.25,permuted,29,domain,127,442.53961466365723,0.003126303277407556,0.1111289626659815,0.0281322096635081,0.0015725490033507783,0.0026996305648545327,0.0015766315345166803,15.142838335406774
0.25,permuted,29,core,517,1792.4687825057372,0.0017806138022655234,0.04315442268869014,0.04126144416554053,0.0008914834582611826,-0.00043464165906184214,0.0017267519048857177,52.06422402195391
0.25,permuted,29,exterior,216,747.8984921468561,0.0017400513847586519,0.008330655442069056,0.2088732869650988,0.000870008783893557,-0.00045022916495789534,0.0016807952048425825,52.49779661840756
0.25,permuted,30,inner,37,129.75696905216424,0.016580793032689226,0.1279499901154095,0.12958807591726682,0.008356686983890773,0.007461714023955004,0.014806941663206107,31.62746701130494
0.25,permuted,30,domain,127,441.85487091870715,0.0030018068482461227,0.11164429588032611,0.026887238838102605,0.0015092016300927104,-0.0014036617784124574,0.002653408744615367,58.93949231413545
0.25,permuted,30,core,517,1792.3459593793823,0.0018597853488168034,0.03869667237139071,0.04806060146380398,0.0009310259130175125,-0.0010810306158442952,0.0015133322012304312,62.76982967856143
0.25,permuted,30,exterior,216,747.9303202812765,0.0018559519764957606,0.005092246528747696,0.3644662460896572,0.000927975132142507,-0.001046796591947966,0.001532571249288151,62.16718082069372
0.25,permuted,31,inner,37,129.6151296749134,0.026612317808643884,0.14236497277516152,0.1869302349439071,0.013405498278200775,0.005436800720478761,-0.026051039462448827,-39.10584296295623
0.25,permuted,31,domain,127,442.2934321942113,0.0010733046138205959,0.11816886527371515,0.009082803759979372,0.000539655504563492,-0.0005597611562658883,-0.000915778489583837,-60.71748727014807
0.25,permuted,31,core,517,1792.2657965781368,0.000220708749957708,0.04300433716475694,0.005132243966745382,0.0001104812826514666,-0.00015456840876171596,0.00015754668933609862,67.22664294491095
0.25,permuted,31,exterior,216,747.9298912747998,0.0002494138477614694,0.007981554161171236,0.03124878222023738,0.0001247057329965236,-0.00015903624815699277,0.00019213208796900333,64.80803258945097
0.25,permuted,32,inner,37,131.461377427933,0.003398554311099912,0.11138171159562796,0.03051267809062215,0.0017167042758259449,-0.002434675371475152,0.0023711868844585255,67.87843477075747
0.25,permuted,32,domain,127,441.8513479047163,0.0025599807202476375,0.111573282033998,0.022944388419689706,0.001285617581748113,0.0022949141688485826,0.0011344030349296635,13.151864071452696
0.25,permuted,32,core,517,1792.2365962835072,0.0006722306009557004,0.04104822731562313,0.016376604908827492,0.0003364919002614099,0.00025105535391057996,-0.0006235905628969185,-34.03522933039432
0.25,permuted,32,exterior,216,747.9589434732555,0.0006993594698711129,0.006478747486940451,0.10794670903301114,0.0003496774104991899,0.00026035740947701606,-0.0006490898916396877,-34.07185607328968
0.25,permuted,33,inner,37,128.57792662832608,0.0407164142632459,0.1393809808788737,0.2921231720892371,0.020552460096332596,0.0404258672093993,0.004855476374596824,3.4244411307572937
0.25,permuted,33,domain,127,441.9722273608248,0.0034869545898209924,0.11957972506840886,0.0291600820107772,0.0017523116913893983,-0.0031284157357065467,0.0015400867819890377,76.89472633799706
0.25,permuted,33,core,517,1792.0711071098963,0.001167993874189561,0.04400104663534721,0.02654468389966162,0.0005845676484228283,0.0003849748594721768,0.0011027257354930635,35.37764458023337
0.25,permuted,33,exterior,216,747.9956309372344,0.001176888962435092,0.0075533202452769364,0.15581081222803922,0.0005884368610425525,0.0003347108770795035,0.0011282890847057845,36.73841364402266
0.25,permuted,34,inner,37,131.31488064636386,0.04627787452037635,0.12973862473308556,0.35670082533698005,0.023454423549876917,0.04062508343324052,-0.022164030909695674,-14.307889759729221
0.25,permuted,34,domain,127,440.67168159193017,0.0015736184249904746,0.11115624316670916,0.014156815489260496,0.0007888939280965817,0.0007906341662558214,0.00136057802518579,29.919528584837057
0.25,permuted,34,core,517,1792.2191984691501,0.0003803204517721605,0.04071250381924866,0.00934161292217913,0.00019037029250527107,-0.00036732342683345754,-9.857558589988605e-05,-82.4889718945676
0.25,permuted,34,exterior,216,747.9614941504371,0.0004209137145262479,0.007619495356046564,0.05524167872774219,0.00021045694222210105,-0.00040498658197634946,-0.00011469186324843297,-82.09396107043767
0.25,permuted,35,inner,37,130.30447416678655,0.017877719952172848,0.12921758807758082,0.1383536112857892,0.00901305522360371,-0.009806717310174346,0.014947948564490244,61.63359374483633
0.25,permuted,35,domain,127,441.807141292311,0.002259398300303454,0.10374215861687054,0.021778979061421136,0.0011360794442023933,-0.0016589443922657582,0.001533878803160188,68.62158870450855
0.25,permuted,35,core,517,1792.3157936002265,0.0009354780672371277,0.0365735181995748,0.025578016917388147,0.00046829898134626615,-0.0006204041704871482,-0.0007001556109350731,-65.77199119560838
0.25,permuted,35,exterior,216,747.9072653317457,0.000932506695415247,0.004897579245273797,0.1904015532398222,0.00046624620694990786,-0.0006174902913123725,-0.0006987663966800534,-65.73329564201256
0.25,permuted,36,inner,37,129.39005715366272,0.0203848489985287,0.10464872556376159,0.19479309364458894,0.010213443879801413,-0.0010996284166083865,-0.02035516853377058,-46.546115529998
0.25,permuted,36,domain,127,442.5237407786759,0.0028388874484889587,0.1001722312096272,0.02834006404976755,0.001425947920198541,-0.0015486709501189608,0.002379264641322143,61.53011576231902
0.25,permuted,36,core,517,1792.2280092900385,0.0007506186632772109,0.036631539953582544,0.020491048539819874,0.00037572623400833013,-0.0006594943927713425,0.0003584627226968309,75.73703709052273
0.25,permuted,36,exterior,216,747.9731141025304,0.0007515397034563594,0.005783115560103459,0.12995412172654466,0.00037577300903555413,-0.0006696048824335657,0.0003412348565026779,76.49816159181842
0.25,permuted,37,inner,37,129.89990700530888,0.005743027493862402,0.11855855294167542,0.048440431764443605,0.002902359962003668,-0.0048170840791133575,0.003126989889656197,73.5052758042552
0.25,permuted,37,domain,127,441.2989021050254,0.004564276104451901,0.10250789130766076,0.04452609497890234,0.0022923474942636328,-0.003719609404699938,0.0026452074085293186,72.2906957259325
0.25,permuted,37,core,517,1791.963051559563,0.0021855398487675647,0.03728816619793168,0.058612156928457185,0.0010937328992541527,-0.0017503868383937236,0.0013087132407555806,71.6078028230944
0.25,permuted,37,exterior,216,748.0277315077508,0.002183626383111549,0.005641750894659413,0.3870476424577006,0.0010918029164767094,-0.0017066776512191858,0.0013621584253858982,70.70271137060436
0.25,permuted,38,inner,37,127.83395996955927,0.01971113923402351,0.11873331689348812,0.16601186381161867,0.009880245889486713,-0.015410623332006409,0.012289902295058356,70.7138990512553
0.25,permuted,38,domain,127,441.5569700741865,0.0030089156762754424,0.10781748913537166,0.027907491636144102,0.0015106853199419478,-6.164765730069929e-05,0.0030082840812139795,45.58698849071519
0.25,permuted,38,core,517,1792.3122505708989,0.0017767249280673724,0.04105176513800856,0.043280110418987994,0.0008894231421385609,-0.0009159684500751426,0.0015224169167750831,60.516696806401434
0.25,permuted,38,exterior,216,747.925831078981,0.001781093259353341,0.007205107560475794,0.24719870514129083,0.0008905423146234749,-0.0009344843728986228,0.001516255966294008,60.82298070814858
0.25,permuted,39,inner,37,128.94134684889437,0.0250333614418085,0.133547771504852,0.1874487395763021,0.01253712961742893,-0.007755873942161505,0.02380158827619545,54.02423721396883
0.25,permuted,39,domain,127,441.0014208081226,0.001104315531441974,0.11402559301672067,0.009684804106039927,0.0005536369781750226,0.00028837700820021826,0.0010659978865483087,37.431247915080796
0.25,permuted,39,core,517,1792.1368457834965,0.0012077389867155128,0.039879923593509184,0.03028438567299771,0.0006044933898297733,0.0002986684860666408,0.0011702267282297368,37.84123263526142
0.25,permuted,39,exterior,216,747.986477523281,0.0012559702333051629,0.004925017213096108,0.25501844541079244,0.000627980948969036,0.00028798931899675105,0.0012225070057436942,38.37217742832589
0.5,coherent,0,inner,37,129.06068323738185,0.05523399107539721,0.055234137175193494,0.9999973549003612,0.028395971283483607,0.05523399107539721,-9.022118857708234e-15,-4.679449400156855e-12
0.5,coherent,0,domain,127,442.63879918786273,0.05142901018356264,0.05220380138334368,0.9851583375300281,0.026313549186327376,0.05142901018356264,-8.594225285931478e-15,-4.787306184884229e-12
0.5,coherent,0,core,517,1796.03572491288,0.04991077182135419,0.05186371465676665,0.9623447173358675,0.025099923555210853,0.04991077182135419,-3.921556108558831e-15,-2.2509030209790857e-12
0.5,coherent,0,exterior,216,748.3331830888848,0.049051696145874873,0.05034521711192964,0.9743069741227066,0.024517394361913414,0.049051696145874873,-1.171446248882832e-15,-6.841651895972473e-13
0.5,permuted,0,inner,37,132.26350571445718,0.08863233316628956,0.2779742153148461,0.3188509159595993,0.04507393024117427,0.056973677555743604,0.067894701916087,24.999193257936053
0.5,permuted,0,domain,127,447.2814652818031,0.002434005608073421,0.22754968458334462,0.010696589681195176,0.0012400696606464329,0.0017013076053100983,0.0017406710580252901,22.827611181068505
0.5,permuted,0,core,517,1795.081751537924,0.00045605054620227595,0.0879764628399959,0.005183779064085605,0.00022883857815688457,-0.0004377019610955253,0.0001280589471474973,81.84602452517797
0.5,permuted,0,exterior,216,747.3708441289726,0.0003923344551974744,0.01609461475777822,0.024376753411128816,0.0001961598585636471,-0.00037601743118688717,0.00011196971098789864,81.70881371622305
0.5,permuted,1,inner,37,134.8821613691548,0.046468625381790245,0.271926900998051,0.17088645960085905,0.02373476909439516,-0.007412260522606249,-0.04587364754211478,-49.58925929116638
0.5,permuted,1,domain,127,445.7126805596602,0.005847860095523199,0.2242671174390453,0.026075423639012166,0.0029696597715523024,-0.004369606660190494,0.0038863871824654163,69.17483690043511
0.5,permuted,1,core,517,1795.9299237427672,0.003752109762402454,0.08281725677445316,0.045305892860241136,0.001884209181334229,-0.0037439527011052494,0.0002472768509232307,88.11063684821269
0.5,permuted,1,exterior,216,747.0361300577977,0.003795304833122895,0.013551459274814935,0.28006613576859424,0.0018975743518690337,-0.0037869880121144056,0.00025111864213513016,88.1031092465086
0.5,permuted,2,inner,37,132.81006320433562,0.0364741190593176,0.258973023175169,0.14084138421879777,0.018927530525680927,-0.03510617453024696,0.009895345926500737,82.1292478475914
0.5,permuted,2,domain,127,449.0264212798265,0.005407327735663392,0.225504915452484,0.023978757734896324,0.0027607549632377424,-0.0041567232344813625,-0.0034584454879031112,-70.11956105341605
0.5,permuted,2,core,517,1797.1029988946389,0.0011184409116198452,0.08243582459738247,0.01356741340409129,0.0005622051535267867,-0.0009429706843560725,0.0006014286002761015,73.73509366863138
0.5,permuted,2,exterior,216,746.8503177049041,0.001144005129107493,0.014806259855955286,0.07726496361924635,0.0005719765009402867,-0.0009466487628543728,0.0006423424750166667,72.92069828849102
0.5,permuted,3,inner,37,131.04149720616113,0.09641727433857412,0.23745495693894425,0.4060444792625048,0.04969625738080705,-0.06905470143287107,0.06728847598881178,67.87109155500058
0.5,permuted,3,domain,127,448.43074633617994,0.002188604788887455,0.21459619975866612,0.010198711772849426,0.0011176975584700488,-0.0006480999593604816,-0.002090444298377272,-53.612496092909424
0.5,permuted,3,core,517,1796.942882688123,0.0019510774065403381,0.0841720104405974,0.023179646016858176,0.0009806140593211963,-0.0019490294644118034,8.937109805082474e-05,88.68729475657489
0.5,permuted,3,exterior,216,746.8660842510637,0.0019468205493523667,0.017793834092238458,0.10940984046836515,0.0009733501539924315,-0.0019466828704311045,2.3152825977968945e-05,89.65929307530807
0.5,permuted,4,inner,37,131.20469219994462,0.03976675769970961,0.218796613366116,0.18175216283246232,0.02016546604083921,0.006822753505455196,0.03917709857239575,40.06046392478067
0.5,permuted,4,domain,127,445.1985506862967,0.00406328591879659,0.2151615103905142,0.018884817788375814,0.002064298220444831,-0.003460826456779213,-0.0021290778975762456,-74.20022065082841
0.5,permuted,4,core,517,1795.597200792602,0.002752139424407931,0.07891629423195336,0.034874159401336716,0.0013816361135197263,0.0017904119384720295,0.002090142698945994,24.70835416022142
0.5,permuted,4,exterior,216,747.1794592034839,0.0026587233071750454,0.011612536368227714,0.22895285085602843,0.001329352783650667,0.0017187097868792104,0.0020285083910601483,24.863069846862235
0.5,permuted,5,inner,37,131.89819238085,0.0096772387796999,0.2608802574804775,0.037094561593738376,0.00494003560204139,-0.003591922205198298,0.008985935970789631,55.89396466262004
0.5,permuted,5,domain,127,446.49819085020886,0.008471614260414664,0.19892125328154736,0.04258777843322849,0.004307671655644623,-0.004282087190187044,-0.0073097180159632106,-60.18104463393966
0.5,permuted,5,core,517,1796.0953944697064,0.0032835849349004756,0.07560896262771752,0.0434285145673556,0.0016491130713012516,-0.0027958636024350953,-0.001721939819297995,-74.1857841702706
0.5,permuted,5,exterior,216,747.1123334504701,0.0033169364561300156,0.01414146220747703,0.23455399501589363,0.0016584211448396793,-0.0027804413207718343,-0.001808649638749564,-73.4781976302778
0.5,permuted,6,inner,37,130.90318548093197,0.0657556167934167,0.2526297748050408,0.26028450860220875,0.0335129686044444,-0.0534450927489401,0.038306960215342786,72.18440190299054
0.5,permuted,6,domain,127,447.6384898620658,0.009969932936020795,0.23156812006797636,0.043053996090196445,0.0050813639506667,-0.004519009451987383,0.00888696327896098,58.4766390361127
0.5,permuted,6,core,517,1796.2283343741394,0.003131152007543639,0.08744570485248061,0.03580681307133195,0.0015727605400861697,-0.0013325440322097912,0.0028334500695383056,57.59357284226923
0.5,permuted,6,exterior,216,747.0214128581983,0.003288670141524899,0.014857784154517311,0.2213432438729447,0.001644250194426036,-0.0013312107722403097,0.003007196232311546,56.938888664525024
0.5,permuted,7,inner,37,131.20840250629013,0.04847646862016981,0.22269379155334634,0.21768217372399115,0.024722364907576913,0.042680739348714615,-0.022985266988429624,-14.152110790009242
0.5,permuted,7,domain,127,445.7238387834561,0.008470924076226266,0.206863806140919,0.04094928075748414,0.004294386051769663,0.007674603259366392,0.0035856686289327624,12.521278669344989
0.5,permuted,7,core,517,1795.0932914227606,0.001976051092258759,0.07735585023195787,0.025544946973414518,0.000991579571852922,-0.001112643779147714,0.0016330345189067277,62.13398946300309
0.5,permuted,7,exterior,216,747.3025622711939,0.002007343627036171,0.012227617168987666,0.16416474275358428,0.0010036525435545185,-0.0010534534930120387,0.0017087024828984897,60.827382746000815
0.5,permuted,8,inner,37,131.67364997383504,0.0918991124431513,0.27049929928401184,0.33973881886718477,0.04716198394752289,-0.05020401993182359,0.07697404270612286,61.5565998260622
0.5,permuted,8,domain,127,442.09399129687756,0.006859570120294172,0.2314695098616251,0.029634875558318223,0.0034765569782266663,-0.0066660155480387645,-0.0016180046194427431,-83.17838156822174
0.5,permuted,8,core,517,1795.291395611828,0.003351659704662405,0.08838523970718416,0.03792103427864522,0.0016821642946780798,-0.003090113744122957,-0.0012980060956097553,-78.6075494656124
0.5,permuted,8,exterior,216,747.2755404685605,0.003263805366409251,0.015241704132334208,0.21413651243139645,0.0016318631506407513,-0.003019239432438543,-0.0012396042591932357,-78.83924843204332
0.5,permuted,9,inner,37,132.71791466970245,0.04031624616371715,0.2330672674215489,0.1729811595156223,0.02063834802389338,0.020273392416417308,-0.03484808839324463,-29.905330302676415
0.5,permuted,9,domain,127,445.3714863500629,0.011136091774060945,0.21082558934651432,0.05282134777177163,0.005660603537992848,-0.010498335492024972,0.0037144975295720158,80.25765817401644
0.5,permuted,9,core,517,1796.42712417273,0.005356663871028505,0.07858171447599714,0.06816679817624369,0.0026911594190654835,-0.0038483693461690673,-0.0037261107340829727,-67.96236138848516
0.5,permuted,9,exterior,216,746.9651077882471,0.005374366337967543,0.0143751123194506,0.37386604142881197,0.002687122504141489,-0.0039033116094988234,-0.003694316176754551,-68.28784704922148
0.5,permuted,10,inner,37,131.89200118251648,0.059435571622987626,0.27611523678190325,0.2152563991603779,0.030634347714566693,0.05882595915840409,-0.008490801095601328,-4.106607858625371
0.5,permuted,10,domain,127,446.36379586064373,0.014455631668655582,0.2316069094388162,0.06241450958298953,0.0073402494602741696,0.010266033112603707,-0.010177123909571035,-22.375408432007426
0.5,permuted,10,core,517,1795.0457661443797,0.0023471136520754844,0.09346221178555247,0.025112969265706,0.0011777407740023694,0.0019278733802887778,0.0013387481934004765,17.3883866969411
0.5,permuted,10,exterior,216,747.2768739984101,0.0022638870517414527,0.020814160558626532,0.1087666757141053,0.0011318664185125558,0.001900880360013088,0.0012295683958036328,16.448233535987043
0.5,permuted,11,inner,37,131.65518961290607,0.025306518364099317,0.20312555359055112,0.12458559702001232,0.012914655046765783,-0.024565809645834172,0.0060778999791981465,83.05167391887234
0.5,permuted,11,domain,127,446.5073975593952,0.013863545000930452,0.19862033851917024,0.0697992214910679,0.0070673185154938745,-0.011811453298521638,-0.007258612193089394,-74.21380274416548
0.5,permuted,11,core,517,1796.3662343002277,0.003955920961148364,0.07986392990788418,0.04953326195832287,0.001987290745015785,0.0016176903388263573,0.0036100399746430596,32.93121668355839
0.5,permuted,11,exterior,216,746.940407794996,0.003881105256126346,0.01895213963077376,0.20478454315650754,0.001940409209025453,0.0015708520418768492,0.003549000122804011,33.06247340698343
0.5,permuted,12,inner,37,132.16680027359456,0.0700721473148496,0.24988553574141154,0.28041698014631067,0.03552424762306732,-0.013260290923148706,-0.06880603544709901,-50.45414985170828
0.5,permuted,12,domain,127,446.51251377369755,0.011449784284671555,0.21656844394628305,0.052869125695484624,0.005841807101716919,-0.005845509552528809,-0.009845180457300217,-60.34971854318362
0.5,permuted,12,core,517,1795.548903391336,0.0027062307586894264,0.08842046008106275,0.030606386307065,0.001358519059282526,-6.550391167066462e-06,-0.00270622283111578,-45.06934185736061
0.5,permuted,12,exterior,216,747.1611807101627,0.002754522984408612,0.018752773286424565,0.14688616677313832,0.0013771499688806223,4.14490475158653e-05,-0.0027542111117514856,-44.56890083443778
0.5,permuted,13,inner,37,128.00528180082688,0.02469564636658872,0.2342986823349285,0.10540241251244617,0.012449400964490716,0.012310125469465432,0.02140877764818966,30.05047031686423
0.5,permuted,13,domain,127,445.2379777582095,0.0022386107559119964,0.20313439854261348,0.011020343043683866,0.0011338864732272614,0.002073949493509143,0.0008426812059480428,11.056374835456971
0.5,permuted,13,core,517,1794.4466532099427,0.003937343156422333,0.07339555152808636,0.05364552857015627,0.0019746811936707954,0.003924889353904997,-0.00031291323242872433,-2.279142751164236
0.5,permuted,13,exterior,216,747.4376111823728,0.003801491379691921,0.010227956999885154,0.37167651171535104,0.0019006981090292244,0.003794480680544235,-0.00023076627753757165,-1.7401154423822964
0.5,permuted,14,inner,37,128.22454024580492,0.056266878681938484,0.26746244694368926,0.2103730049766005,0.02847602216871424,0.008034144431002158,0.05569034171083691,40.89544259057015
0.5,permuted,14,domain,127,446.48366522742873,0.0021923202409828042,0.2393952956665884,0.009157741529040326,0.0011146196717296973,-0.0018927327282167942,0.0011062688907132441,74.84723373767828
0.5,permuted,14,core,517,1795.7848251388084,0.002222723648552486,0.08417514136669317,0.02640593900364964,0.0011160292913782557,-0.0021000573408132446,-0.0007281892495298716,-80.43807428867022
0.5,permuted,14,exterior,216,747.0963425952928,0.002203516751787147,0.012850217024107461,0.17147700678154085,0.0011017154745791122,-0.00207200388671377,-0.0007498572989906883,-80.05241604866089
0.5,permuted,15,inner,37,131.3558922021477,0.005759538616670298,0.23751996077192872,0.024248650925808798,0.0029166080663954263,-0.005734656560036085,-0.0005347889446795945,-87.33612771295064
0.5,permuted,15,domain,127,447.4111216210192,0.005278184202450574,0.2165352260748831,0.024375637618542723,0.00268948548243004,-0.005188547271270839,0.0009686101841229679,84.71280419819051
0.5,permuted,15,core,517,1795.6516838190043,0.0049250973934544156,0.0831207105387613,0.05925234952313981,0.0024726520345697924,-0.0017020566727724746,0.004621643367643393,55.10885990745139
0.5,permuted,15,exterior,216,747.1557582880157,0.004999707358312333,0.015118023230763783,0.3307117129002944,0.002499746105188252,-0.001782709652552306,0.004671083382199393,55.44462759547805
0.5,permuted,16,inner,37,132.11033429656717,0.01795624806848089,0.2554493557355512,0.0702927905876957,0.009221450253108814,0.010732463314226158,0.014395870098942033,26.647297817682915
0.5,permuted,16,domain,127,446.8262690513678,0.0072688906028879905,0.2245950754186911,0.03236442557494769,0.0036898868553547795,-0.001525779232340684,-0.007106952112608555,-51.058403617568544
0.5,permuted,16,core,517,1795.8429123802607,0.001596285952227794,0.08542264246497108,0.01868691843479762,0.0008015373776351294,-0.001535131298166313,0.0004376079737276342,82.0445748411307
0.5,permuted,16,exterior,216,747.1242585030932,0.0016278641547450726,0.017661180057220276,0.09217187919895344,0.0008138961145948391,-0.0015715727374670848,0.00042438288979894487,82.44422275636691
0.5,permuted,17,inner,37,132.7010970706107,0.08775554769410009,0.2648472342110238,0.3313440216037092,0.04493803710228356,-0.06708938297395124,-0.056568991888365616,-69.93140024043801
0.5,permuted,17,domain,127,449.36154896618723,0.004705414541153518,0.22614792979018852,0.020806799096144822,0.002407472069278227,0.002054731123848551,0.00423308469237116,32.05407670024321
0.5,permuted,17,core,517,1797.4604849732002,0.003418021747816659,0.0886216122303787,0.03856871548365932,0.00171869795013159,-0.0015272209565950724,0.0030578536293100235,58.269737497634715
0.5,permuted,17,exterior,216,746.7235258668027,0.003404591833666027,0.018035052920987213,0.18877637058132152,0.0017022100563748666,-0.0015209824617988122,0.0030459576334489332,58.26750073135073
0.5,permuted,18,inner,37,130.37506190260248,0.10652771628723946,0.30904790934981796,0.3446964469403948,0.054324615333398385,-0.00654118306683565,0.10632670060460227,46.76019025567658
0.5,permuted,18,domain,127,445.0589261428871,0.00565148849158283,0.24241094864311724,0.023313668475853686,0.002876679963689277,0.001417569816134523,0.005470815111743176,37.73664719824749
0.5,permuted,18,core,517,1795.4180386319395,0.0016300680232927394,0.09756903778298602,0.016706816632939974,0.0008182005108669607,0.0012220915563047774,0.00107870940877053,20.71701616792621
0.5,permuted,18,exterior,216,747.1885122239557,0.0015989637124608467,0.022098651637798943,0.0723557137633627,0.0007994179929536153,0.0013019778069747103,0.000928191113894061,17.74269774046318
0.5,permuted,19,inner,37,130.1404481109569,0.034712388277085504,0.27284939429516103,0.12722178975971848,0.017828642634660632,-0.015174567798957119,0.031219903779704333,57.96113378185867
0.5,permuted,19,domain,127,445.7340451345951,0.006208138779465033,0.2266027041168027,0.0273965785344955,0.003159137875840214,0.004074931477389839,0.004683579887188329,24.487610102344192
0.5,permuted,19,core,517,1796.8451249581199,0.0017282013407106864,0.08469681318443908,0.020404561585419843,0.0008685315015014248,0.0012958955965556066,-0.0011433872820973666,-20.71121120869207
0.5,permuted,19,exterior,216,746.8659830668516,0.0016583406376057333,0.017841571947235364,0.09294812377015362,0.000829122144103728,0.0012787233154403696,-0.0010559168304766144,-19.774242639232206
0.5,permuted,20,inner,37,129.56520591934174,0.0372197438423648,0.2520707237556022,0.14765595658165998,0.018981573764035913,0.011282668138432966,-0.03546844698276543,-36.17695257457011
0.5,permuted,20,domain,127,445.130454209252,0.009503094981169082,0.20965601440678575,0.04532708020830097,0.00482452695657762,0.004893846175436973,-0.008146108508501584,-29.502143755895336
0.5,permuted,20,core,517,1795.2152783565919,0.0006439552657881332,0.07729908199289909,0.008330697457018813,0.00032317247205619615,-0.00015648071730970216,0.0006246536395847753,52.03181643967428
0.5,permuted,20,exterior,216,747.2620012867824,0.0006626901326191511,0.011916097421954513,0.05561301734561136,0.0003313327625997532,-0.0002016317095600384,0.0006312708337715947,53.85689769641071
0.5,permuted,21,inner,37,126.45576748098648,0.03582844647559861,0.22320935955974755,0.16051498264349542,0.0181549250191553,-0.011180706258932778,-0.03403923301730366,-54.091778180064736
0.5,permuted,21,domain,127,446.993453372818,0.00454660705853038,0.1948326366779317,0.023335962270254307,0.0023098068649280356,-0.002421654398392611,-0.003848015815900968,-61.09162645891769
0.5,permuted,21,core,517,1794.7758475953624,0.0032087474715460237,0.07625518381699424,0.04207907332892589,0.0016096911611035544,-0.0030551718093612254,0.000980808621208774,81.10084781812142
0.5,permuted,21,exterior,216,747.437077238537,0.0031520428454775047,0.011782340326456432,0.26752264474994075,0.0015759986574433958,-0.0030220070995850682,0.0008960174048439953,81.74252199835797
0.5,permuted,22,inner,37,128.02737892842453,0.021152648082840418,0.21932715744840942,0.0964433603614089,0.010704878801482133,-0.015821846963805463,-0.014039361793557864,-69.20803258165157
0.5,permuted,22,domain,127,444.63684910926565,0.005392502855583278,0.2075906100488009,0.02597662222927904,0.0027339021793606768,0.003953635518095402,-0.00366713147262657,-21.42348464852099
0.5,permuted,22,core,517,1795.1317167235247,0.0012349872886266238,0.08040237339530024,0.015360084988471405,0.0006197416755283722,-9.999976307106604e-05,-0.0012309320251155506,-47.32222791627894
0.5,permuted,22,exterior,216,747.2107642970318,0.0012888214286827407,0.016224403882902562,0.07943721310099494,0.0006443722859978347,-0.0001839781440314036,-0.001275622482378929,-49.10347911137013
0.5,permuted,23,inner,37,132.10401213186142,0.054612656638476635,0.25841819833537744,0.21133440674948073,0.027937516286387933,0.054340286218426695,-0.005447527770614128,-2.8623426076174567
0.5,permuted,23,domain,127,448.5146980111637,0.01017866469568821,0.20145542848996958,0.05052564119013057,0.00519830907362066,-0.009972282110542689,0.0020393147121030224,84.22123131707878
0.5,permuted,23,core,517,1796.5093471348785,0.0026587229985619958,0.08039057122722978,0.0330725725414604,0.0013357814117712938,-0.001026633118539525,-0.0024525155296145017,-56.35719336270866
0.5,permuted,23,exterior,216,746.9678080476386,0.0026888907289818434,0.017436569362228566,0.15420984903180385,0.0013443779077710093,-0.0011486017878860836,-0.0024312234132776445,-57.64390996776207
0.5,permuted,24,inner,37,135.17149791558052,0.04192381741007318,0.24891865078877093,0.1684237692805477,0.021384362907001336,0.021462147031146964,-0.0360136461781723,-29.603694750462136
0.5,permuted,24,domain,127,446.373372589347,0.011342223646172267,0.21749302023320455,0.05214982822901944,0.00576390445545646,0.005718433871366066,-0.009795180003379346,-29.861791652895366
0.5,permuted,24,core,517,1795.259793083051,0.006257741839133057,0.0819086458321309,0.07639903914365885,0.0031406515211223176,0.0036116376665259633,-0.005110323501596281,-27.374932373029903
0.5,permuted,24,exterior,216,747.3063313694843,0.006219602932365846,0.014148890556802511,0.4395823762574502,0.0031097578526501973,0.0036964006299625273,-0.00500200789874491,-26.768107690626746
0.5,permuted,25,inner,37,132.37104514793705,0.020004052798541668,0.20672521820847814,0.09676638859980784,0.010244899380580692,0.01834686786608431,0.007972111882762662,11.742995630735138
0.5,permuted,25,domain,127,444.8989532275239,0.003648426802270161,0.21949820904446016,0.016621670027071423,0.0018535603109177984,0.002580845906923868,-0.002578808355856943,-22.488686928943018
0.5,permuted,25,core,517,1795.6476146859936,0.00474201045835031,0.08743403610324615,0.05423529176613469,0.0023807298406565624,0.004620685426123988,-0.0010657998779832422,-6.494293619696516
0.5,permuted,25,exterior,216,747.1075726399018,0.004697057061855627,0.0178627013564805,0.26295334440843443,0.0023483308738646855,0.00457178882943708,-0.0010775397632394555,-6.6310934351368935
0.5,permuted,26,inner,37,127.99946870892849,0.03927900658285543,0.2755599021748958,0.1425425334848803,0.02014099186614144,-0.022403111323205063,0.03226361667848292,62.38761090650923
0.5,permuted,26,domain,127,445.81266726197646,0.010254007766743485,0.2251073420194206,0.04555163627607866,0.005235227305320267,0.010243558581696092,-0.0004627989453272867,-1.2934180300801155
0.5,permuted,26,core,517,1796.7558534382938,0.004911854842770001,0.08499237927614113,0.05779170891088167,0.002468320830624574,0.004776816095576428,0.0011438295264090193,6.7330851950482
0.5,permuted,26,exterior,216,746.9607464404862,0.004960500700733912,0.015200618747516248,0.32633544615046994,0.0024801865068255695,0.004821559747456091,0.0011658167967964705,6.796400391206931
0.5,permuted,27,inner,37,134.00454386406471,0.03206726813573858,0.24910770625239703,0.12872852718272745,0.016608446676064217,0.006606838404184205,-0.03137928252829168,-39.05508206160926
0.5,permuted,27,domain,127,447.6390226736576,0.0025402503939335914,0.21350862051614614,0.011897647916007637,0.0012962369013394587,-0.001462555760509408,-0.00207696959806361,-62.57617702599948
0.5,permuted,27,core,517,1796.6804759776364,0.002131242313229297,0.08070122504981479,0.026409045363484082,0.0010709368502939685,0.0017556833157699474,0.0012082093744157126,17.267299782117238
0.5,permuted,27,exterior,216,746.8829691539652,0.0021531492384200004,0.015022704081593587,0.1433263430288908,0.001076547688934697,0.0017928061411952483,0.0011924335549628041,16.81436244349606
0.5,permuted,28,inner,37,128.18858031997402,0.026799396452807694,0.22549492355891337,0.11884700564359275,0.013546390784699235,0.020017300426227295,-0.017818959955084982,-20.837386102381725
0.5,permuted,28,domain,127,447.2589254925767,0.012396272076986762,0.1985329212729515,0.06243937779943227,0.0062999589504593055,-0.0011204064435360844,-0.012345535663063168,-47.59280709273846
0.5,permuted,28,core,517,1795.9418078650206,0.0029922987001539986,0.07565661320892997,0.03955105275318892,0.0015026266713323612,-0.0018051471808278481,-0.002386481754904609,-63.55202509855812
0.5,permuted,28,exterior,216,747.1250354303521,0.0028260403846787035,0.014494559425049437,0.1949724929061833,0.0014129698683900786,-0.0017091933905516404,-0.0022505915243618826,-63.60727872794384
0.5,permuted,29,inner,37,136.15337745113845,0.004279988460894779,0.21707608241352494,0.019716536309797132,0.00220019638439575,-0.0033543656060983523,0.0026582950562375304,70.80179590125888
0.5,permuted,29,domain,127,446.99080830526293,0.005853696032409648,0.2031935358428813,0.02880847566398962,0.0029684436199114653,9.668474890502175e-06,0.005853688047756026,44.9526826252711
0.5,permuted,29,core,517,1795.732492799206,0.002515463757651807,0.07608037651450207,0.03306324012700334,0.0012629566504105494,-0.0009032291641654324,-0.002347708455720336,-55.521565698201535
0.5,permuted,29,exterior,216,747.1666827692648,0.002487498885349306,0.01311566207707789,0.18965865929838818,0.0012437233473540407,-0.0009192263734534987,-0.002311422414653273,-55.8435762094092
0.5,permuted,30,inner,37,129.93186212005043,0.02606213853466844,0.24967005319854618,0.10438632187074087,0.013182262631409274,0.004972640659586922,-0.025583352201595327,-39.50027973587149
0.5,permuted,30,domain,127,442.5855418669811,0.008183601532536073,0.213813467797289,0.03827449045583384,0.004141275731966951,0.00517437458608925,0.006340124737429104,25.39051867108633
0.5,permuted,30,core,517,1794.7368122136268,0.0033639697421869235,0.07840373296664388,0.042905734394280595,0.001687549111276751,0.0029385733296540127,0.0016374001382054675,14.563477408864598
0.5,permuted,30,exterior,216,747.3601979137904,0.0034006227086847,0.011579560299250665,0.29367459737696266,0.0017003198457423206,0.0029584111382003294,0.0016769133383077073,14.77291184862922
0.5,permuted,31,inner,37,130.03039725046068,0.00449907769907282,0.20002181086471357,0.02249293554349335,0.002311355650720878,-0.001063832174668008,0.004371494166350394,51.83872085507344
0.5,permuted,31,domain,127,445.983652642209,0.002268793107935169,0.19918592663035037,0.011390328354601074,0.001151425982528966,0.002257254134780036,-0.000228529949093231,-2.8905335036988857
0.5,permuted,31,core,517,1795.6201019981568,0.0023039627785423253,0.07604644276099314,0.030296785686392522,0.0011566486402321446,0.0021089515881615693,0.0009276678735944593,11.871664932701815
0.5,permuted,31,exterior,216,747.1968318271569,0.002142947108372157,0.012731069848653343,0.16832419693297276,0.0010714307239197557,0.0019562707264316704,0.0008747726299942711,12.046222444034248
0.5,permuted,32,inner,37,128.46808766078752,0.09039608818417667,0.2538018605226858,0.35616794927355044,0.04674311576167797,-0.0892370828892194,-0.014428991524844429,-85.40759011660131
0.5,permuted,32,domain,127,446.63270679786206,0.006096961521759118,0.2077615396392492,0.029345958507747374,0.0031138171305167936,-0.005065887416850792,-0.0033925984845843567,-73.09499261344403
0.5,permuted,32,core,517,1796.8544902497038,0.0008605174752586294,0.0838071381468064,0.010267830333870203,0.00043246288269391253,-0.00033016284161726487,0.0007946589351669676,56.28089058949563
0.5,permuted,32,exterior,216,746.9109538047117,0.000897070985034673,0.01651205368296975,0.054328250274518965,0.0004485202205986345,-0.0003846289515159486,0.0008104300844902173,57.69447430583433
0.5,permuted,33,inner,37,130.62732205029315,0.02073800073807793,0.24254707796518385,0.08550093001349102,0.010593549459735752,-0.016061738663204213,-0.013118125846608264,-70.38020447022264
0.5,permuted,33,domain,127,444.61769350404415,0.010819473689412091,0.21996779685138187,0.049186625698315806,0.005483942655286875,-0.0041575728909449775,-0.009988773627045509,-56.2991388992706
0.5,permuted,33,core,517,1795.252540688272,0.002147670522394225,0.08490264528974972,0.025295684428498166,0.0010778526513361003,8.483772675717129e-05,-0.0021459942294609646,-43.868050595362426
0.5,permuted,33,exterior,216,747.2510779208824,0.002042048817785849,0.01849664632865962,0.11040103062476778,0.0010209640138346796,-3.6087623864008375e-05,-0.0020417299178942436,-45.506299399502545
0.5,permuted,34,inner,37,131.25831578912408,0.057698651785926876,0.24758315028107286,0.23304757096928255,0.029684056624924224,0.008414521692630995,-0.057081785558949404,-40.807162936544366
0.5,permuted,34,domain,127,445.46025416085104,0.009623618856193976,0.2153709251632132,0.04468392773491115,0.0048907061517645565,-0.00934087821604255,-0.0023156066251317354,-83.03851947173065
0.5,permuted,34,core,517,1796.469769719437,0.0016715425437776133,0.09004763828356463,0.018562869339380565,0.0008397755197605191,-0.00063420414486937,-0.0015465573310708676,-56.148648329342016
0.5,permuted,34,exterior,216,746.9809572951006,0.0015452958379873634,0.02069026196818435,0.07468710837801774,0.0007725931243214259,-0.0007613230748005247,-0.0013447402733157592,-59.75815857703179
0.5,permuted,35,inner,37,125.53283322972422,0.08580227954305057,0.2665845821013822,0.3218576215725032,0.04315314637120776,-0.026789594898681685,-0.08151287493364666,-54.09667762598053
0.5,permuted,35,domain,127,444.7434960166892,0.003592716784920296,0.2124836683262385,0.016908201996043242,0.0018156087059295596,-0.003487586344018512,0.0008627603315310785,83.05255456717254
0.5,permuted,35,core,517,1793.9772397859037,0.002922083158447151,0.07998755025426231,0.03653172461412445,0.0014648943930787245,-0.0018584072589989914,-0.0022549706083628525,-64.74661799465099
0.5,permuted,35,exterior,216,747.5473403394268,0.0030524519311251135,0.012355894583305618,0.2470441869299665,0.0015261788555770582,-0.001839020040234189,-0.0024362816100456193,-63.52361162516523
0.5,permuted,36,inner,37,130.76134317920653,0.010643871845074534,0.250202762407429,0.04254098453054688,0.005511372239317324,0.005047531323267239,-0.009370935673400305,-30.8457288432694
0.5,permuted,36,domain,127,445.3837201740716,0.002448101335901838,0.23347456326863752,0.010485516287635303,0.001242056480805986,0.002347986571258822,-0.0006929352148885216,-8.221163057722233
0.5,permuted,36,core,517,1795.9741233155532,0.0050830931707033615,0.08305655349169241,0.06120038644767253,0.002552668107847127,0.0018177045841736247,-0.00474697653530385,-34.52361915211568
0.5,permuted,36,exterior,216,747.1044581214524,0.005060303944919282,0.013358480503577371,0.37880834901575405,0.0025300884481932804,0.001868043504081425,-0.004702880976786979,-34.16820065794319
0.5,permuted,37,inner,37,132.16672759186866,0.07629418316171552,0.24628608941726862,0.3097786941285774,0.038873484722507824,0.0742732124573308,-0.017443975910944074,-6.608536535068869
0.5,permuted,37,domain,127,446.993195194186,0.008989784480050627,0.20088303743255256,0.04475133687217862,0.004564891554602768,0.008281828099106388,0.0034967911482687965,11.44533244192529
0.5,permuted,37,core,517,1795.2254265222805,0.0009407310709821992,0.08182929688615376,0.011496262424092503,0.00047210805976996497,0.000790640478408052,-0.0005097671839320399,-16.40599407944272
0.5,permuted,37,exterior,216,747.2774320085232,0.0008175007470493738,0.017986637569030198,0.045450448640660064,0.00040872479289854664,0.0007310593188631336,-0.00036586847873198265,-13.293145419974008
0.5,permuted,38,inner,37,125.61392705029706,0.046558859606588426,0.22280856888247202,0.20896350548863982,0.023385351536913353,-0.044525393353011616,0.013609436234671887,81.50196685925042
0.5,permuted,38,domain,127,446.7583236760748,0.009754711215225137,0.2035513858021201,0.04792259790708601,0.004976398007347337,-0.00630827224239836,-0.007440436291523867,-65.14624469793588
0.5,permuted,38,core,517,1795.4361330124138,0.0016442768202803578,0.07630262337681995,0.02154941399799727,0.0008253487910998708,0.001468848302879695,0.0007390067150159894,13.353937662214765
0.5,permuted,38,exterior,216,747.1811519228885,0.0015944015445955408,0.013354915022780448,0.11938687306327704,0.0007971697113524054,0.0014085971300641597,0.0007469741699574751,13.96842606271119
0.5,permuted,39,inner,37,137.22019644545696,0.08313861146649713,0.28867988276455897,0.2879958612644414,0.04335174043312814,-0.0667993957609802,-0.04949615583603547,-71.73138520866341
0.5,permuted,39,domain,127,444.68736029359377,0.010462484793315366,0.2512674649253193,0.04163883611602873,0.005322321666420429,0.0024846445086843193,0.01016317517884151,38.131033853872836
0.5,permuted,39,core,517,1796.4060022548251,0.0018975327569139358,0.09605018987917183,0.01975563774835816,0.0009532708143508169,-0.0016596341723743718,0.0009199157447552659,75.50045554394733
0.5,permuted,39,exterior,216,746.9805498964587,0.0019387610892694022,0.015858182824088594,0.12225619484752202,0.0009693424307821529,-0.0016108091565074562,0.0010789292945215718,73.09279775077906
0.75,coherent,0,inner,37,129.2600462101081,0.09427905820876932,0.09427943987150827,0.9999959517924641,0.04998447899945215,0.09427905820876932,-2.0983557131583423e-15,-6.376120453754922e-13
0.75,coherent,0,domain,127,443.5866948708194,0.08651599465906004,0.08827267066671945,0.9800994351435011,0.04541206183627,0.08651599465906004,-5.276595801295664e-16,-1.7472299243746392e-13
0.75,coherent,0,core,517,1801.0060899921891,0.07718760357405602,0.08279296071457415,0.9322966941616884,0.03905841743470644,0.07718760357405602,5.449382760126563e-16,2.0225179863696912e-13
0.75,coherent,0,exterior,216,748.9061901203868,0.074426432197622,0.07810421619413858,0.9529118378529662,0.03718126725363367,0.074426432197622,5.579977198502436e-16,2.14781989283397e-13
0.75,permuted,0,inner,37,136.81774654423654,0.03712929976347747,0.3929784706604066,0.09448176563230319,0.0193724881766897,0.011341194321797287,0.03535480465624724,36.107340208328196
0.75,permuted,0,domain,127,455.12805789033234,0.00962109842888201,0.3359074155684364,0.02864211381758509,0.004994195020973425,0.0020843199871219695,0.009392611200806715,38.74410391658811
0.75,permuted,0,core,517,1801.8914747591439,0.004680658167266116,0.13578942114756543,0.034469976583665816,0.0023626175832916177,0.002403927458833583,0.0040161789864821655,29.548456395019194
0.75,permuted,0,exterior,216,745.8082644807253,0.004539595746226157,0.02853973445948631,0.15906229795761964,0.0022696117121962477,0.0022875806530859625,0.0039210845814368015,29.870247969498546
0.75,permuted,1,inner,37,128.0876469275071,0.046060278193367464,0.37117288244178287,0.12409386669186925,0.02343225542541972,0.03248936906419781,-0.032649504208498305,-22.57042683558891
0.75,permuted,1,domain,127,448.3227610885594,0.012525373323581739,0.3358200992174698,0.03729786678274601,0.0064704966581011075,-0.011949488586245583,0.0037542908015069385,81.27916107181304
0.75,permuted,1,core,517,1800.1396414948822,0.004920046615586206,0.1329274571482336,0.037013019891741654,0.0024797436202662355,0.0019225279690231415,0.004528878990198903,33.49928772383068
0.75,permuted,1,exterior,216,746.0290777897637,0.004673695624440567,0.030403319789718507,0.1537232005177629,0.002336459537729362,0.0017284056977883522,0.004342354722240879,34.14787638034014
0.75,permuted,2,inner,37,127.13776015052233,0.056195994089167874,0.39877366232349604,0.1409220302106616,0.029251130813374653,-0.044702731730701606,0.034053715325683846,71.3502596962534
0.75,permuted,2,domain,127,452.9367601407329,0.009235233647787215,0.32924345937984534,0.028049862145120414,0.00479839124136397,-0.009218634058273388,0.0005534678209824612,88.28210174940142
0.75,permuted,2,core,517,1801.9474251944102,0.005345012798607516,0.13628349963754574,0.03921980880167373,0.002698114936038603,-0.0008755938571201223,0.005272807337145143,49.71420434740244
0.75,permuted,2,exterior,216,745.7173132471391,0.0052365658753515815,0.034416679730844134,0.1521519773640043,0.002617827733310257,-0.0007836585264314936,0.005177596110247293,49.303357699499855
0.75,permuted,3,inner,37,132.55203607358683,0.0855825901797612,0.40750739993815954,0.21001481247395415,0.04416485280468768,0.045789221581449206,-0.07230302157477173,-28.827039556359498
0.75,permuted,3,domain,127,452.1097403848408,0.01692586505649294,0.34728218806323763,0.048738074218222974,0.008742806840527776,0.01344869430746252,-0.01027703893809078,-18.692921734829792
0.75,permuted,3,core,517,1801.352868715314,0.0038689936370511543,0.13477492457708046,0.028707073286755206,0.0019520278517057732,-0.0003377417421569244,-0.0038542239529050625,-47.50398939759657
0.75,permuted,3,exterior,216,745.8177543938098,0.003837641997896266,0.02757980288079364,0.1391468247428545,0.0019186347938976271,-0.00010011155564162535,-0.0038363359837798694,-45.747414739675854
0.75,permuted,4,inner,37,132.75020461172133,0.16731828526877535,0.4082601953130234,0.40983247250074967,0.08764210815784576,-0.13029746331889508,-0.10496656438097077,-70.57268362365258
0.75,permuted,4,domain,127,455.0345349124676,0.002287614449731076,0.3133240643796199,0.0073011131598223755,0.0011845428004846027,0.001742006239896611,0.001482765703265248,20.20192820125338
0.75,permuted,4,core,517,1800.6897900333233,0.002148663460385571,0.12152688971683388,0.017680559959957064,0.0010834104956284852,0.00211870028293372,0.00035758044842058986,4.789865861102841
0.75,permuted,4,exterior,216,746.0208866177622,0.002172052673841646,0.026182681914264497,0.08295760842812276,0.0010858847518827647,0.0021280107224947945,0.0004351817814314223,5.778861875340685
0.75,permuted,5,inner,37,133.80008646921485,0.14507611962120756,0.36114226495764945,0.40171459753740096,0.07547762565788656,-0.1425815226440784,0.026787868239990506,84.67972419071444
0.75,permuted,5,domain,127,452.13625608986325,0.01686584929728979,0.32241211870740916,0.05231146200368369,0.00875171611287456,-0.015685863194021512,-0.006197626027547299,-79.22028848572837
0.75,permuted,5,core,517,1801.48984032088,0.007421252733105149,0.13627389490742892,0.05445835930752855,0.003744792205044136,-0.005872671189002563,-0.0045372596613462495,-71.15505928576641
0.75,permuted,5,exterior,216,745.750666038794,0.007304955349412355,0.03612163706095112,0.20223212300943286,0.0036516880575808305,-0.005708902291299753,-0.004557500113582074,-70.6995608368676
0.75,permuted,6,inner,37,132.60647826348207,0.05663914653954994,0.41454367766458716,0.13663010580365775,0.029561270262896296,-0.04329531982999759,0.03651723157013452,69.92710087948409
0.75,permuted,6,domain,127,458.0616795035327,0.008126613203171843,0.3553871046624574,0.0228669332582858,0.004257846689549364,-0.008081487403795521,-0.0008552213141995832,-86.97958608116431
0.75,permuted,6,core,517,1804.0617567981376,0.005720825978121701,0.14277115195131104,0.040069901376663705,0.0028930950207680176,-0.001757591973622729,0.0054441455092795864,53.946096716997076
0.75,permuted,6,exterior,216,745.2351344697056,0.005446521934039548,0.035232799552464736,0.15458669203760542,0.002722652067205026,-0.001742249223265921,0.005160345804498298,54.32792161773217
0.75,permuted,7,inner,37,136.1518715031749,0.012779230119238543,0.35550583269294495,0.03594661168407927,0.006696480959346547,0.008705217701666464,0.00935563505097577,23.531237889518017
0.75,permuted,7,domain,127,453.9253545502536,0.011152893118084907,0.30685240731854924,0.0363461157614673,0.005796936297556241,0.0039009093730182896,0.010448441556850655,34.76348036655069
0.75,permuted,7,core,517,1802.766342901164,0.005913685256614082,0.12283574274555435,0.048143033325925885,0.0029872978003338043,-0.004685253101742245,0.0036083343369080183,71.1992181082908
0.75,permuted,7,exterior,216,745.5347776423832,0.00584106866474493,0.029011155226926197,0.20133871330031158,0.002920210275072142,-0.004737938824540384,0.003416140928178754,72.10385190466991
0.75,permuted,8,inner,37,135.67654734843916,0.09619280674009399,0.4029654937405851,0.23871226751246227,0.05110995401432623,-0.06409421435021184,0.07172857000781607,65.89144595856988
0.75,permuted,8,domain,127,451.6445569385125,0.01308810504803158,0.33462779768975387,0.039112426219193114,0.006768649001498319,0.01065902509695016,0.007594977138273447,17.73568792587727
0.75,permuted,8,core,517,1801.1691084071517,0.004523732115889371,0.13078660913439194,0.03458864898959904,0.0022820383849638305,0.004389706268901711,-0.0010929918248065457,-6.990875922085878
0.75,permuted,8,exterior,216,745.8725475769345,0.0043022508010248355,0.029233915484553525,0.14716642398785196,0.0021508272862231456,0.004169455737900618,-0.0010606605510748693,-7.136318192192288
0.75,permuted,9,inner,37,128.5261606270013,0.05667847849726359,0.38509820205955025,0.14717928620320858,0.028716907050754636,-0.03300682907523794,0.046076015009577365,62.80807253832961
0.75,permuted,9,domain,127,450.1889231180691,0.010152896043542237,0.3345841431162498,0.030344821332476176,0.005214391257725541,-0.009077666857038,-0.004547225803015446,-76.69629408812499
0.75,permuted,9,core,517,1799.2548504784136,0.0010451439337168969,0.13213382752487587,0.007909737826372549,0.0005263421472481183,-0.0005506185726757501,-0.0008883383531120048,-60.89593387572936
0.75,permuted,9,exterior,216,746.2993317017255,0.0010881941407720347,0.0328309129130773,0.033145412180682385,0.0005439823483381244,-0.0005399801135980005,-0.0009447687362149943,-59.8750067238725
0.75,permuted,10,inner,37,128.26333251207933,0.11793195025606706,0.4047479413971646,0.29137134051620706,0.06041603620130185,-0.03395007530063226,-0.11293952929900529,-53.365494328142105
0.75,permuted,10,domain,127,452.14851503456623,0.007016160447766077,0.3373359218651784,0.020798735008630942,0.0036287496500392066,-0.005021249591898586,0.004900363248235315,67.84903269719496
0.75,permuted,10,core,517,1800.7131601102446,0.0057244008012444685,0.12729934308850802,0.0449680309604146,0.002886510506313889,-0.00030424320938127913,-0.005716310051321017,-46.52330957430625
0.75,permuted,10,exterior,216,746.0677562791717,0.005567581587838538,0.0251873678597883,0.22104658251040185,0.0027835248609757767,-0.00018793285606404553,-0.005564408861581821,-45.96718881819379
0.75,permuted,11,inner,37,134.33758335478,0.06907855570318965,0.32953783614055726,0.2096225323083255,0.03487125452273361,0.06004007004736438,0.03416192100491794,14.819621324461897
0.75,permuted,11,domain,127,447.4826814665084,0.007910704016990955,0.2762730068254488,0.02863364795529588,0.004049619969398454,-0.0048171510619809885,-0.006274893918664465,-63.756480499131754
0.75,permuted,11,core,517,1799.1271969394602,0.005591248548498533,0.10994659068447922,0.050854223979933104,0.0028156108067661,-0.001228997626078601,-0.005454505034022805,-51.34885951684343
0.75,permuted,11,exterior,216,746.326606448901,0.005565966573968399,0.023031559525774178,0.2416669426028069,0.002782730296667761,-0.0012796538210825541,-0.005416869021927919,-51.64579372885105
0.75,permuted,12,inner,37,128.61824513399938,0.07907818506693476,0.3251801549465258,0.24318269077625224,0.040348313341599155,-0.016845512725574874,0.07726310927274983,51.149798447411975
0.75,permuted,12,domain,127,448.7150811678302,0.00795425371392155,0.3034718321068345,0.02621084684762877,0.004106414057991405,-0.003884993378297617,0.00694096380886822,59.618296941044186
0.75,permuted,12,core,517,1799.6705255421464,0.0019843892207449558,0.1270988072481169,0.0156129649342115,0.0009997556507223059,-0.0019806265465825146,-0.00012214361375608015,-88.23554267952608
0.75,permuted,12,exterior,216,746.1162813299492,0.0019533753205930884,0.02736262797863457,0.07138843981354177,0.0009765567836568091,-0.00194472764617949,-0.00018360153944706355,-87.30334864140717
0.75,permuted,13,inner,37,141.7635493568591,0.05188990958700715,0.37109312501435404,0.1398298865951775,0.02824835542067422,-0.05187492646035986,0.0012468847902000729,89.31154136169688
0.75,permuted,13,domain,127,453.26878408171865,0.01789372162535431,0.3375749800875483,0.05300665831547607,0.009305986266394228,-0.012979282793936103,0.012317609011521142,68.24915276770054
0.75,permuted,13,core,517,1803.9011197768932,0.0024857330856055708,0.13486554612524984,0.018431194304415352,0.0012568832293861623,0.0003868326081982601,0.002455448941865565,40.52358904564314
0.75,permuted,13,exterior,216,745.195631713919,0.0025962190479160876,0.033348611412120484,0.0778508890769736,0.0012978515918651806,0.0004011609478331819,0.002565038642729559,40.55559671537405
0.75,permuted,14,inner,37,135.56031489332003,0.07005922432486268,0.3573191118545873,0.1960690654391126,0.03635062542742452,-0.06843020099226615,0.015020070078381331,83.81009824126247
0.75,permuted,14,domain,127,454.57792133256214,0.005136367460917677,0.3052301784006448,0.016827849355628546,0.0026697546109613803,0.0007118548622826326,0.00508679991238288,41.01683600277565
0.75,permuted,14,core,517,1801.9116689202642,0.004295950354603432,0.12484722682750599,0.03440965781754122,0.002168479522330616,0.0031815607496447876,0.0028866694728591734,21.10892357240622
0.75,permuted,14,exterior,216,745.6809024541662,0.004250302787707245,0.02913952310127571,0.14586041003262573,0.002124813816642352,0.003122494385546176,0.002883591961326114,21.36108127398237
0.75,permuted,15,inner,37,141.40613614061584,0.03136910580215731,0.3644788435579856,0.0860656423729207,0.017023558917333443,-0.029802074135165533,0.009790667805059904,80.90672848796832
0.75,permuted,15,domain,127,451.5862598663895,0.014261720438752842,0.3186275703508439,0.044759844300507716,0.007416665378589939,-0.014261444748974525,8.867663213876354e-05,89.82187178876495
0.75,permuted,15,core,517,1802.2990719812656,0.005625581389841628,0.12521840055442782,0.04492615593980851,0.002840615629278308,-0.0015103966130533381,0.005419028330338333,52.78713321791367
0.75,permuted,15,exterior,216,745.6674193217474,0.00554121013069471,0.028376829731745653,0.19527234659676102,0.0027702915868277316,-0.0015895451216399892,0.005308328929030698,53.33499629936646
0.75,permuted,16,inner,37,129.1425886799969,0.08460985441251098,0.4045850455010744,0.20912748840660322,0.04266274767218477,0.08233614157268204,-0.01948299911793776,-6.656445156578303
0.75,permuted,16,domain,127,447.8662043317032,0.006204725385289611,0.3484594224258684,0.017806163317651745,0.0031779567295413353,-0.005716108905660208,0.0024134448585972222,78.55482347436246
0.75,permuted,16,core,517,1797.7172373690837,0.0021808958806059536,0.13217268719753897,0.016500352129078612,0.0010968647239754485,-0.00047159369431229914,0.0021292971210070464,51.244099302604646
0.75,permuted,16,exterior,216,746.6908145359118,0.0023051477162350045,0.023705061965696935,0.09724284710036753,0.0011524662972037755,-0.0006975320219276475,0.0021970787587269115,53.80684211368229
0.75,permuted,17,inner,37,138.47900555973735,0.05793722473582657,0.35289967981351844,0.16417477274686715,0.0304546633119698,0.031048084835346677,0.04891562570535911,28.79779364401161
0.75,permuted,17,domain,127,456.76513773942395,0.014361694776812949,0.3188208893983974,0.04504627913156163,0.007489538208905134,0.007638444568320547,-0.012161925893501846,-28.93431394871136
0.75,permuted,17,core,517,1801.7207101986505,0.004158721068202998,0.132276679742619,0.03143956346874554,0.0020988483472637047,0.004031475205611494,0.0010208665875888216,7.104985454851597
0.75,permuted,17,exterior,216,745.7026141410929,0.004163555746477017,0.030263185690027814,0.13757823743747416,0.002081438714327802,0.004066750148019068,0.0008926027602515416,6.189716539039002
0.75,permuted,18,inner,37,139.88931404913384,0.007711756239539,0.30815401979226187,0.025025655173142907,0.004085959295888852,-0.007708389612173681,-0.00022784618715612849,-89.15346618021307
0.75,permuted,18,domain,127,452.6186156378142,0.019494518604530973,0.30284346720891653,0.06437160023360412,0.010102904810485204,-0.016995122478025877,0.00954997736014614,75.333648326018
0.75,permuted,18,core,517,1801.1304618359468,0.001470516183694049,0.11819745651254757,0.012441182975353978,0.0007417727121990293,0.000423081977505901,-0.0014083392655236898,-36.639551442243224
0.75,permuted,18,exterior,216,745.911930065159,0.001385557407384136,0.02504252308502981,0.055328187286863645,0.0006927095712805674,0.00042570932779921065,-0.0013185374084119844,-36.05327890055534
0.75,permuted,19,inner,37,142.33538863883695,0.07634408693087504,0.3927446887284902,0.1943860454944376,0.04193141647513329,-0.0745665353644962,0.01637838249169746,83.80591285096648
0.75,permuted,19,domain,127,460.5837730305364,0.01414599032699618,0.3395111792095275,0.0416657571038804,0.007450582487343795,-0.005597043209813238,-0.012991618438014297,-56.65366116091009
0.75,permuted,19,core,517,1805.3354961813584,0.0018425309627765878,0.1352579753224806,0.013622346175030681,0.0009327937877826475,-0.0012411531178708685,-0.0013617853306559893,-66.17327353587267
0.75,permuted,19,exterior,216,744.9371089052103,0.001664912534787995,0.03407249447117916,0.04886382874597842,0.000832331717351361,-0.001164159630821507,-0.0011902378344094597,-67.18269803108761
0.75,permuted,20,inner,37,132.14869352178258,0.039221560649160055,0.3586646187768987,0.10935441801567042,0.020764134956983843,-0.035278200967974946,0.017139992888531547,77.04354852040791
0.75,permuted,20,domain,127,458.421697397637,0.007675121019431774,0.33802989970444886,0.022705450098178877,0.004024257124700919,-0.007675020319578502,-3.931611604085479e-05,-89.85324939097794
0.75,permuted,20,core,517,1805.378313358066,0.0029067288433558915,0.13508947828487466,0.021517063210698212,0.0014716439720933103,-0.00266220654906788,0.001166931385685194,78.16530183068045
0.75,permuted,20,exterior,216,744.8644569828475,0.0027517716827106346,0.033533810794974535,0.08205961736752634,0.0013756508211564445,-0.002506414154405349,0.0011358413094991026,77.81060505814257
0.75,permuted,21,inner,37,130.92814593567525,0.05200999667170792,0.31348830391784605,0.16590729549303332,0.02690996902590912,0.039692565705270105,-0.03360862956926219,-20.12768733661214
0.75,permuted,21,domain,127,451.61217035846863,0.0028420016109630786,0.30602642739342584,0.009286784919752756,0.0014624879039999315,-0.0021901661648781627,0.0018111171488723794,70.20579315653839
0.75,permuted,21,core,517,1799.3059927464296,0.004341307287134159,0.1264008324634993,0.03434555930150061,0.002186444999799651,0.003669876009689623,-0.002319258294116617,-16.145866771328215
0.75,permuted,21,exterior,216,746.2799724081287,0.004088477881451558,0.02561522088113476,0.1596112678638919,0.002043995591483375,0.0033502963582489192,-0.002343323643678493,-17.485196399982776
0.75,permuted,22,inner,37,136.97989095083486,0.1284099594033986,0.3740939519435403,0.3432559086728532,0.06854810437012461,-0.05621192909586027,0.11545274661654635,57.980321555324416
0.75,permuted,22,domain,127,452.3933371459909,0.018746978084001883,0.3375153093205034,0.05554408219806058,0.009734986966152997,-0.01847775395931879,-0.003165722018896431,-85.1390618081524
0.75,permuted,22,core,517,1802.1473575020436,0.0039052291904417896,0.13493093333800885,0.028942430722382926,0.0019716304531957425,-0.0035406018864580645,0.0016477115377056238,77.52192823353425
0.75,permuted,22,exterior,216,745.6965957050139,0.003913081037457696,0.03359471695515742,0.11647905957001863,0.001956210586216998,-0.003535904159183482,0.001676181667594522,77.31844514573173
0.75,permuted,23,inner,37,135.76424751727885,0.02327081861626403,0.39393148510333786,0.05907326399706164,0.011934881455360175,-0.0027286717866541015,-0.023110286656633634,-48.36691797533288
0.75,permuted,23,domain,127,448.6968454245711,0.0194397832143547,0.3432550766437539,0.05663363643279838,0.01003094925832675,0.003357115686288445,-0.019147713850221987,-40.02778178351332
0.75,permuted,23,core,517,1798.9469930131195,0.008293601574382192,0.12480155275912524,0.06645431399711316,0.004175764149147203,-0.0014642856751547594,-0.008163313943254378,-50.084612160394244
0.75,permuted,23,exterior,216,746.4284857507541,0.008136315384991604,0.019762842964994164,0.41169761857660986,0.004067920697938995,-0.0014762810549160516,-0.008001263793360835,-50.22692370770227
0.75,permuted,24,inner,37,141.05920988284595,0.010565137695977864,0.3587702330976771,0.02944820032798387,0.0057003614578641695,0.0014056702888394627,0.010471209365400276,41.177120264825454
0.75,permuted,24,domain,127,455.41025323820566,0.007185231080865196,0.335883215546168,0.02139205160692993,0.003771874122441461,-0.003235806680464174,0.006415380020863507,58.382793428988464
0.75,permuted,24,core,517,1804.0583778946705,0.0022854279622128706,0.13608284567855125,0.016794386910539815,0.0011557675926010173,-0.0018109750227783515,0.0013941127778402376,71.2052212947444
0.75,permuted,24,exterior,216,745.1581667111557,0.002300333842399976,0.03390797394806997,0.06784049810593033,0.0011499432524107996,-0.001810515105773769,0.0014190034666115637,70.9560930024102
0.75,permuted,25,inner,37,127.38510398167807,0.09390638216304488,0.3791793457942491,0.2476569022142902,0.048655994110758514,0.042548235930606484,0.08371413399268537,31.528879544705166
0.75,permuted,25,domain,127,450.01745765562305,0.015585706652381064,0.32183596322582336,0.048427486152145795,0.008041859105553408,-0.011887930638248514,-0.01007925379153971,-69.85342689797878
0.75,permuted,25,core,517,1800.4639804024723,0.0006141544880619655,0.12082687203233416,0.005082929630898772,0.0003096192601207882,-0.0005101231236413167,-0.00034199434780867474,-73.0807475556394
0.75,permuted,25,exterior,216,746.0224450770386,0.0006342491207093442,0.023776774778148668,0.02667515365844454,0.00031709115129146024,-0.0005735987590315229,-0.00027065921517301653,-77.36958794746347
0.75,permuted,26,inner,37,122.37057955426417,0.14570002395577739,0.4406020999928915,0.330683907221795,0.07442055401323136,0.11014294399506687,0.09537834591149959,20.44547234904428
0.75,permuted,26,domain,127,452.080432326714,0.0089290895001834,0.33361604256257854,0.026764568728761033,0.004618782602440465,-0.0077972642185873565,-0.004351012526737049,-75.41885169222144
0.75,permuted,26,core,517,1800.7273371651172,0.0068097896210385644,0.1354152636343611,0.05028819823019276,0.0034340398067327018,-0.006048462077096137,-0.003128792288525149,-76.32402549430228
0.75,permuted,26,exterior,216,745.9175458425461,0.006729855097829472,0.030698172685167113,0.21922656983036762,0.0033643649201037774,-0.005945146828901699,-0.003153756303296341,-76.02756657762279
0.75,permuted,27,inner,37,126.93052257938352,0.08348755574138143,0.3742258343030657,0.2230940466653333,0.04395182572064604,0.08080547975373824,-0.020991579393615734,-7.281181691727829
0.75,permuted,27,domain,127,452.29989233285824,0.013328386129983475,0.3262384497751957,0.040854737199639696,0.006892844227042154,-0.007971929207556426,0.010681489668564243,63.36756447287514
0.75,permuted,27,core,517,1801.1150521050467,0.004130040355195603,0.1226532862478014,0.03367248022080318,0.0020833073485886935,-0.0032082350734116945,-0.00260085775260303,-70.48447377311851
0.75,permuted,27,exterior,216,745.9177305382782,0.003997267074459716,0.024774525029010338,0.16134586111253466,0.001998456480345626,-0.0031610212377666787,-0.002446648482914484,-71.12996218436025
0.75,permuted,28,inner,37,135.41779298247607,0.072942094859121,0.3574657735892584,0.20405336747829234,0.03840099300289115,0.07189533327472387,-0.012313011644329217,-4.859181748687159
0.75,permuted,28,domain,127,456.6777925372689,0.009538378170070761,0.3343970014895175,0.028524113935183615,0.0049594646444309455,0.008072041564840381,-0.005081614220970702,-16.09587861967284
0.75,permuted,28,core,517,1802.0226100113641,0.002821475093036857,0.132066641601556,0.021364025455793932,0.0014243318292441495,-0.0024212554144395814,-0.0014485316422758422,-74.55487744420775
0.75,permuted,28,exterior,216,745.7040806180505,0.0025028362258180804,0.028445509235042847,0.08798704235306021,0.0012512417439149526,-0.00209953839561107,-0.0013623977754760857,-73.51016018914848
0.75,permuted,29,inner,37,134.54265409415666,0.07801919852409918,0.354156614695266,0.2202957541573261,0.04071772014588716,0.02000511444208144,-0.0754108131139164,-37.57134438589544
0.75,permuted,29,domain,127,451.1849868850853,0.006471933844467144,0.32478384850283465,0.019926895608574757,0.0033396277591667667,0.006179326348711525,-0.0019240201566716414,-8.647355745341603
0.75,permuted,29,core,517,1801.7476539581626,0.0028721311445551335,0.12849790150359097,0.022351580149928513,0.0014495694118874004,0.0023520114194911395,-0.0016483869673431827,-17.512181039873703
0.75,permuted,29,exterior,216,745.7297208892583,0.003062276540097585,0.02617994353336864,0.11697032639487723,0.0015309617960892537,0.00254429708262614,-0.0017041390680845713,-16.906845941768548
0.75,permuted,30,inner,37,132.3373621439948,0.05017033453281692,0.34496468037268585,0.14543614864749319,0.02550368314409516,-0.017320446534022406,0.047085715445311364,55.09800458610505
0.75,permuted,30,domain,127,453.79870583184805,0.009081423023894808,0.2946193750277246,0.030824255950716806,0.004694812608621827,0.0027303210975236332,0.008661269586114038,36.25170498871632
0.75,permuted,30,core,517,1800.4679496155713,0.006283428314639153,0.11803761404969697,0.0532324239627011,0.0031677919792186216,0.004115340873688127,0.004748203963454063,24.542013289011184
0.75,permuted,30,exterior,216,746.0772068362647,0.006227788006512169,0.024715306334041835,0.25198101623099334,0.003113598125723638,0.003948572271305102,0.00481602745759794,25.326152067262793
0.75,permuted,31,inner,37,133.86945382464228,0.05023674241387909,0.3708407171254087,0.13546716984934082,0.026145988366085192,-0.03799421527406063,0.032865938204572474,69.56969100928625
0.75,permuted,31,domain,127,452.6961416023124,0.005171012444527704,0.3259082423995588,0.015866467219285963,0.0026827174891968816,-0.004753836768197007,-0.0020347986836045037,-78.41374029524657
0.75,permuted,31,core,517,1800.6280598476903,0.00381484843516494,0.13041601148621373,0.02925138095921763,0.001923516698256447,0.0010448626134585608,0.003668968615602611,37.051954270507714
0.75,permuted,31,exterior,216,745.949070306338,0.0035935533044521013,0.025300060301158694,0.14203734147967714,0.001796550673062133,0.00118567879262767,0.00339231353985029,35.367248882054085
0.75,permuted,32,inner,37,139.2867958774312,0.03507888397113407,0.35132970403510827,0.09984605220749751,0.018942838856969426,0.011175438267677232,0.03325113050988825,35.71145810197531
0.75,permuted,32,domain,127,454.19898089805815,0.004595772819813572,0.3177672566170877,0.014462700999277335,0.0023926999223162545,-0.004208133722967056,0.0018473598406819954,78.14932485421826
0.75,permuted,32,core,517,1803.6301659322155,0.003936044260458948,0.1353025211656343,0.029090694146345814,0.0019898009472526746,0.0002719451007621546,0.0039266385474682145,43.019111499586735
0.75,permuted,32,exterior,216,745.2214675808142,0.003839702816541543,0.03719546913944401,0.1032303908346117,0.0019194013051511102,0.0004244624571177012,0.0038161694592686343,41.826614475776736
0.75,permuted,33,inner,37,138.4637097408244,0.040596853333623416,0.32422494975577104,0.12521199668379565,0.021289691929595223,-0.0296626760871771,-0.02771696498426446,-68.47106162493286
0.75,permuted,33,domain,127,453.05306324810385,0.004375333973172219,0.3102170404040344,0.014104105846260654,0.002266847104443963,-0.0034428900316733546,0.0027000102974987423,70.94773454032484
0.75,permuted,33,core,517,1799.965007465686,0.0020904563645100524,0.12265804557230771,0.01704296163171551,0.0010534203057523794,-0.00013200110700467202,0.0020862846209638145,46.810164871990956
0.75,permuted,33,exterior,216,746.1906242448375,0.0018917236190278113,0.029202609268705097,0.06477926686691905,0.0009457636100007895,-0.0003317293117526718,0.0018624107802823141,50.049752870319296
0.75,permuted,34,inner,37,140.08176095772941,0.049455862206269935,0.3899287391482799,0.12683307804984115,0.026271653631436423,-0.019750366743322898,-0.045340989403296034,-56.768881319967136
0.75,permuted,34,domain,127,458.10612079503755,0.010229164259886217,0.30977199858576393,0.033021591062415395,0.005341362227142683,0.009780048134722457,-0.0029977424736366723,-8.520573385660025
0.75,permuted,34,core,517,1803.1784702678872,0.005013541020336996,0.12607206844747115,0.03976726234507626,0.002533421448676478,0.004997524587548138,-0.00040042672170265836,-2.2905191734771786
0.75,permuted,34,exterior,216,745.4666506349921,0.004963213844444186,0.028965971178404278,0.1713463641137824,0.0024812875366701887,0.004959174980392374,-0.00020018786060281435,-1.155806715991846
0.75,permuted,35,inner,37,128.7275924381538,0.05913408912585631,0.3541168382180807,0.1669903341039065,0.03031049821241065,0.05764941953645006,-0.013167570917032818,-6.433042838083226
0.75,permuted,35,domain,127,451.76967958824855,0.011722437475937075,0.3276848071084348,0.03577351534658725,0.006043593942530835,-0.0010565847722169381,0.011674723508347992,47.58564475990216
0.75,permuted,35,core,517,1800.669978252693,0.004716859153223598,0.1289822121622406,0.03656984226081102,0.0023784114023266217,-0.0009183751446557213,0.00462659133326338,50.61361599974146
0.75,permuted,35,exterior,216,746.0204435741757,0.004612680197583346,0.0253997060312424,0.18160368438554408,0.0023061419928611217,-0.0008942846923218833,0.004525160051783394,50.58951421012242
0.75,permuted,36,inner,37,130.79852886299884,0.11952087674800925,0.37400299599598313,0.319571976769119,0.06332039200780966,0.11057703460255858,-0.04536473737516154,-11.153058199516826
0.75,permuted,36,domain,127,459.5284127232141,0.0062852412075605265,0.3226541861589872,0.019479806793715318,0.003292655055505927,0.00559655640978061,0.002860561726193033,13.53644419480568
0.75,permuted,36,core,517,1804.540581853403,0.006688070950764552,0.13622984026225646,0.049094023291000904,0.0033836958906251434,0.006671687923654393,0.0004678389592849132,2.005593747943181
0.75,permuted,36,exterior,216,745.1154876961657,0.006415155571315106,0.03675791960962836,0.1745244464171123,0.003206920764557696,0.006397098696084534,0.00048098781349302153,2.1499445428137873
0.75,permuted,37,inner,37,130.80360419818908,0.06433606325248825,0.35532550947053404,0.18106232605802658,0.03355336779307729,-0.04266763275149384,-0.04815186549046484,-65.77216460585207
0.75,permuted,37,domain,127,454.753301521958,0.008760415151809824,0.30623119972516166,0.028607193387454245,0.0045466046328300055,-0.006752064451121027,0.005581621563664709,70.21051200383347
0.75,permuted,37,core,517,1802.3574905404166,0.004258509902932864,0.12727088864631966,0.03346020404373132,0.002150396229035836,-0.004115043736283633,0.0010960481932151078,82.54272071593262
0.75,permuted,37,exterior,216,745.6692955499,0.004410272782510244,0.03037038091611182,0.14521624851173814,0.0022048791126588366,-0.004226150916132102,0.001261013263303144,81.69288510136796
0.75,permuted,38,inner,37,140.7021234130952,0.055504844510725855,0.41610419247800845,0.13339169735392498,0.029355484689804607,0.055137898779456754,0.006371803696461123,3.2959655368693026
0.75,permuted,38,domain,127,452.77588750756667,0.004411884575264335,0.34377084128314556,0.012833795207286072,0.002273941015491638,0.001756236668237906,-0.004047265530032837,-33.27122565786667
0.75,permuted,38,core,517,1801.5325717003982,0.002711221924478057,0.13460015505276415,0.020142784556342004,0.0013680913117798087,-0.0012008779745631881,-0.0024307645739518897,-58.14544645037515
0.75,permuted,38,exterior,216,745.8327292406932,0.002547935284902927,0.026927442141778793,0.09462225455680112,0.0012738499599660006,-0.0009896212823666461,-0.002347897768971289,-56.427528912326096
0.75,permuted,39,inner,37,143.70151473886972,0.06233016957290221,0.3831472957617367,0.162679393179543,0.03375676112547642,0.010285860001391558,0.06147561405157753,40.250738739063294
0.75,permuted,39,domain,127,453.12009784976993,0.01502214688249619,0.3400425296010637,0.044177258944991686,0.00779655134767323,0.014974269821252268,-0.0011983907040792681,-2.2878143906247117
0.75,permuted,39,core,517,1802.0075024709197,0.0042920163380115875,0.1381691681076819,0.03106348830780114,0.0021666624893835183,0.003321628643642762,0.002718122035430039,19.64690345726793
0.75,permuted,39,exterior,216,745.686690043427,0.004368247011863569,0.033803767577666906,0.1292236731254043,0.0021836749669068845,0.0033069755924728084,0.0028540312520090086,20.397649257666203
