realization,shape,target_n,n,parameter,sum_W_real,sum_W_imag,total_area,delta_total,area_normalized_delta,orientation_null_squared,area_normalized_null_squared
0,rhombus,4,4,2.0,0.04079241570313741,-0.17990741976831456,13.72251712309912,0.1844741197745367,0.013443169217403367,0.018885347560989314,0.00010028995100310453
0,disk,4,7,2.8284271247461903,-0.09177243581748984,-0.09140323125820071,24.1444180225786,0.12952501943761835,0.005364594802678338,0.055891758506581145,9.587696781496227e-05
0,rhombus,16,16,4.0,-0.00784221281299402,0.09977995789977151,55.30052950844728,0.10008766307734666,0.0018098861614346394,0.10837637648629017,3.543855840265676e-05
0,disk,16,19,4.69041575982343,0.02646414275121156,0.11372206866712192,65.86666709401395,0.11676069438593664,0.0017726825955726552,0.1575321362332432,3.6310964563163035e-05
0,rhombus,49,49,7.0,0.06528120983242536,-0.12702269523486603,169.99408294916657,0.14281597061223514,0.0008401231862578504,0.33767751272132684,1.1685156417929045e-05
0,disk,49,55,7.615773105863909,-0.1654327851150068,-0.14891127138530127,190.1220670924196,0.22258161005908567,0.0011707300128968579,0.4009049023566214,1.1091143183557292e-05
0,rhombus,100,100,10.0,-0.05519419775033674,-0.011331037374879005,346.1024532775544,0.05634529149178467,0.0001627994570919697,0.8004681781452915,6.682434586627912e-06
0,disk,100,97,10.488088481701515,0.09882686348259684,-0.10854085973026939,335.34363539520245,0.14679191795461305,0.00043773581025809176,0.6777661387566816,6.026979737769112e-06
0,rhombus,225,225,15.0,-0.029295597404802365,0.029487562980443208,779.5384471616688,0.04156619296772159,5.332154317604961e-05,1.8093792292600457,2.977518861465484e-06
0,disk,225,223,15.748015748023622,-0.32213147703635325,0.4956717719932545,772.6281435012452,0.5911507371631668,0.0007651167539462197,1.8247680175346668,3.056797105055077e-06
0,rhombus,400,400,20.0,-0.05315579181516661,-0.04912308896247171,1385.8210883995985,0.07237828453833542,5.2227726323547835e-05,3.433782002238234,1.7879624280212082e-06
0,disk,400,397,20.97617696340303,-0.0837702268192908,0.38826054453088843,1374.8178499926082,0.3971947901732567,0.00028890721063549784,3.4308918744759356,1.8151674998364736e-06
1,rhombus,4,4,2.0,0.02207341341255642,0.05736083902606995,13.706636776715788,0.061461381642917326,0.004484059995470598,0.054481311501134624,0.00028999181835979624
1,disk,4,7,2.8284271247461903,-0.08955494397444985,-0.012123274690377855,23.81009869393617,0.09037179747844572,0.003795523850619785,0.07798666118224068,0.00013756182734465244
1,rhombus,16,16,4.0,0.016107531781209605,0.0005167877189330289,55.24628760485614,0.016115819855940232,0.00029170864784991733,0.1336500790307451,4.378879759319013e-05
1,disk,16,19,4.69041575982343,0.16790234222846134,-0.07078960926594176,65.44068609358888,0.1822151621183815,0.0027844323309475943,0.17770826825413943,4.1496545766772165e-05
1,rhombus,49,49,7.0,-0.06591051238232382,-0.048744183219531445,169.90680044746816,0.08197677134554467,0.0004824808137734915,0.3904664212170447,1.352577530935103e-05
1,disk,49,55,7.615773105863909,0.07750339914527249,0.2639128164500841,190.52164608207656,0.2750577240611272,0.0014437085219315845,0.5355704599276981,1.4754617820509309e-05
1,rhombus,100,100,10.0,-0.02057133515826015,-0.08555420986671072,346.45869424828334,0.08799262841915027,0.00025397725581708725,1.0152759992592402,8.45826312304818e-06
1,disk,100,97,10.488088481701515,0.16253896745066232,0.0557543078028475,335.600445322368,0.17183555737536432,0.000512024223359728,0.9689550595466481,8.603171450114636e-06
1,rhombus,225,225,15.0,0.06199863554138885,0.021964116401316444,779.5810515593721,0.06577425954189482,8.43712907212516e-05,2.3828589208504436,3.920809854488521e-06
1,disk,225,223,15.748015748023622,-0.17302822447889277,-0.3211846178671814,772.6535620079203,0.36482643163675166,0.0004721733640736285,2.165894823281654,3.6280038656168176e-06
1,rhombus,400,400,20.0,0.1275645369631806,0.08744148681133179,1385.3890400282082,0.15465679650893777,0.00011163419952116033,4.249924575850115,2.214306462250071e-06
1,disk,400,397,20.97617696340303,-0.12245949968683822,-0.08012058829339565,1375.155121085925,0.14634082729037218,0.00010641768702778095,4.256937662593351,2.2510954469596326e-06
2,rhombus,4,4,2.0,0.033565078626117906,0.04762686064804951,13.713787495369528,0.0582660480757551,0.004248720355002488,0.01185153823731312,6.30173144149069e-05
2,disk,4,7,2.8284271247461903,-0.096518187604,-0.13955503295652283,23.99776305658434,0.16968019260319428,0.0070706670535543355,0.041113810243672555,7.139145038352344e-05
2,rhombus,16,16,4.0,0.04122488173854544,-0.17066266817695608,54.98947115436962,0.17557117412501083,0.0031928143777221877,0.09585630672853736,3.170017107345795e-05
2,disk,16,19,4.69041575982343,0.038645456390959065,-0.015617268674997964,65.75391721658174,0.04168177516052539,0.0006339055819782267,0.18189330616235186,4.2070091428136474e-05
2,rhombus,49,49,7.0,0.034453667938481924,0.04268463573688169,169.47585511446027,0.05485465670665942,0.00032367239964425486,0.5217709869961479,1.8166207009021482e-05
2,disk,49,55,7.615773105863909,0.05946891014140565,-0.24681386176628245,190.11738290317118,0.25387720187797913,0.0013353708009292422,0.6104945382821071,1.6890329747834987e-05
2,rhombus,100,100,10.0,-0.09273101494502223,-0.027480578472331207,346.140403967269,0.09671723386195394,0.0002794161928322575,1.1496271474740238,9.595164359944764e-06
2,disk,100,97,10.488088481701515,0.043758265698143006,-0.009396643016143041,336.0975795752954,0.04475581210169366,0.00013316314910166463,1.029076787013857,9.109971370062225e-06
2,rhombus,225,225,15.0,-0.08392268046392504,-0.018960401119578113,781.3143255299647,0.08603785856740837,0.00011011939210131464,2.166891314315868,3.5496501725018227e-06
2,disk,225,223,15.748015748023622,0.04484532837359323,0.0012367866924041793,773.2722334389728,0.044862379765878604,5.801628175159244e-05,2.1961213837162323,3.672751197163268e-06
2,rhombus,400,400,20.0,-0.09689192779012501,0.016879033722121947,1385.5115470190663,0.09835114361449657,7.09854377078989e-05,3.483400607077459,1.8146092651694396e-06
2,disk,400,397,20.97617696340303,0.03024691403128532,-0.11737113633072027,1375.7804922001185,0.12120585568354562,8.809970512789859e-05,3.5578085521000595,1.8796815581473073e-06
3,rhombus,4,4,2.0,-0.08042405602723868,-0.013527246998723055,13.789160075257573,0.08155375649985037,0.005914338223267526,0.03344942762197644,0.00017591912819695454
3,disk,4,7,2.8284271247461903,0.0433355744914401,-0.03545585390160977,24.004133186660635,0.055991870770634646,0.002332592905364729,0.03822887853295338,6.634672686810137e-05
3,rhombus,16,16,4.0,-0.06501053041212934,0.009087122627112573,55.34028682468377,0.06564255374455336,0.0011861621525834666,0.13396955144274353,4.374448337094162e-05
3,disk,16,19,4.69041575982343,-0.00425234904194749,-0.0188865762045944,65.60730682503146,0.01935937067950565,0.0002950794906295312,0.12277606434063286,2.8523925072894268e-05
3,rhombus,49,49,7.0,-0.1172486519308431,-0.04008084426140468,170.35683900731252,0.12391013056367496,0.000727356361421781,0.4824789869477372,1.662490825855045e-05
3,disk,49,55,7.615773105863909,-0.034187812486697666,-0.06273926575247979,190.56173693007653,0.07144943659530062,0.00037494114897534654,0.4899396954695791,1.3491841253626812e-05
3,rhombus,100,100,10.0,-0.07055184585035734,-0.13130307734388652,346.0305684278568,0.14905724092732708,0.00043076321726299657,1.0333738103481007,8.63035217853479e-06
3,disk,100,97,10.488088481701515,-0.18213485080629788,-0.04576029704034963,335.77911013824854,0.1877953904212066,0.0005592825305418392,1.010974439904803,8.966703885647846e-06
3,rhombus,225,225,15.0,-0.13382254704792285,0.14226447353732707,778.9079846056898,0.19531424558707017,0.00025075393942192674,2.361723554341941,3.8927521150761045e-06
3,disk,225,223,15.748015748023622,0.032569167362404894,0.19742969681546252,772.8102937778557,0.2000980655761714,0.00025892261941543135,2.3588459284578183,3.949606043828209e-06
3,rhombus,400,400,20.0,-0.05413655945166118,-0.028985576284140432,1385.8852324047034,0.0614079042289099,4.430951625219258e-05,3.9388740823265347,2.0507728696619326e-06
3,disk,400,397,20.97617696340303,-0.1910603853518995,-0.09245999646026945,1375.0086293855331,0.21225673557333669,0.00015436756616443232,4.123632690437856,2.181067600277236e-06
4,rhombus,4,4,2.0,0.04008080718879148,0.07434304388078561,13.832894188079761,0.08445921665730445,0.00610567936897006,0.025430087478976578,0.00013289900955753718
4,disk,4,7,2.8284271247461903,0.041361947308590885,0.012560226266136648,24.441010366549424,0.0432269588221887,0.001768624053339063,0.04578678732286654,7.664818253347411e-05
4,rhombus,16,16,4.0,0.022618438579686373,-0.08571857981616851,55.913309076741925,0.08865251654343433,0.0015855351437304007,0.15885084366806218,5.081116290433513e-05
4,disk,16,19,4.69041575982343,-0.10214037199477488,0.011999054945651288,66.16801530291461,0.10284275818364534,0.0015542669326386047,0.22535046808543438,5.1470957570896024e-05
4,rhombus,49,49,7.0,0.16695295990497083,0.05182361029736873,170.29223327731862,0.1748112622381188,0.0010265369058460876,0.5324432586014375,1.836046392756626e-05
4,disk,49,55,7.615773105863909,-0.11368379895584502,0.22120757997146082,190.82389934920892,0.24871027236900212,0.0013033497020929269,0.7138410387730458,1.960360665142546e-05
4,rhombus,100,100,10.0,0.04626656816559116,-0.047318045845160944,346.8131492522609,0.06617849191713307,0.00019081886618144608,1.0823653862345823,8.998762396031663e-06
4,disk,100,97,10.488088481701515,0.3540730874200184,0.23996126552479857,336.51159864592717,0.427725566441155,0.0012710574261400182,1.151108270590749,1.0165204001263778e-05
4,rhombus,225,225,15.0,0.09502855114211917,0.03502747432764153,780.1951641747734,0.10127857369623619,0.00012981184496748373,2.48026619515392,4.074663845560591e-06
4,disk,225,223,15.748015748023622,-0.2723374103289782,0.23645558203834785,772.9722605819637,0.36066453574171675,0.0004665944098306655,2.2502679473766936,3.7662263415226255e-06
4,rhombus,400,400,20.0,0.0529877022298928,-0.02866901745656808,1386.389233091088,0.06024623763795372,4.3455500230356625e-05,4.106827214031429,2.1366632354792495e-06
4,disk,400,397,20.97617696340303,-0.14664278428111732,0.2155757769328606,1375.717312512807,0.26072403376352704,0.00018951861068558,3.863415139523488,2.0413288434765136e-06
5,rhombus,4,4,2.0,-0.0864176178764069,-0.07799047154032634,13.870692564628834,0.11640669366713897,0.008392276962722366,0.04342571887384104,0.00022570996041558234
5,disk,4,7,2.8284271247461903,-0.07783720037770481,0.11265647669850093,24.329887580723454,0.13693104653349747,0.005628100256492258,0.04638514846206883,7.836077931688575e-05
5,rhombus,16,16,4.0,0.037841182118640404,0.0467334088211113,55.34683270941112,0.06013290749811815,0.0010864742308531997,0.11957201838913405,3.903408598559729e-05
5,disk,16,19,4.69041575982343,0.03531523711689655,0.09264189093600432,65.64231140241118,0.09914477257435789,0.0015103790597281754,0.13394852237547872,3.108638325668182e-05
5,rhombus,49,49,7.0,0.12086866829620346,0.02771198397915567,170.01655911224273,0.12400479439021155,0.0007293689216962989,0.34243598788634755,1.1846688118371233e-05
5,disk,49,55,7.615773105863909,-0.48355142311273447,0.035200929124609606,190.7411574270902,0.48483098519544576,0.002541826796771797,0.4197221949719661,1.1536474437966985e-05
5,rhombus,100,100,10.0,0.08620531399594,-0.048724916604778984,346.59626578197054,0.09902259166110164,0.0002857001111587067,0.7537213041531098,6.274267522898804e-06
5,disk,100,97,10.488088481701515,0.18911966545893,0.09888020046638835,335.64284166607456,0.2134093294764096,0.0006358226751301521,0.7143786944059718,6.341233058660601e-06
5,rhombus,225,225,15.0,-0.04722758555783724,-0.062332235792460854,780.1875128463457,0.07820327650750813,0.00010023651394034796,2.1687690241752655,3.5629958106811346e-06
5,disk,225,223,15.748015748023622,0.3330094173215601,0.05269009780829771,773.3349289903433,0.33715207018776105,0.0004359716049913104,2.1212880613032183,3.547026190308002e-06
5,rhombus,400,400,20.0,-0.1593989110882581,0.07427046362465903,1385.699287903737,0.17585253658433309,0.00012690526589672995,3.923354587363596,2.0432408994845e-06
5,disk,400,397,20.97617696340303,-0.5692494418474268,-0.21876184306964055,1374.8240943356614,0.6098374136004062,0.0004435748661323034,3.9329440361344874,2.0807672189274244e-06
6,rhombus,4,4,2.0,-0.07930552111670552,-0.09496375246279318,13.748642057567631,0.12372340102586447,0.008998954260923805,0.03673197819615366,0.0001943232239655359
6,disk,4,7,2.8284271247461903,0.10591604236452445,0.08343408755537177,24.246152808627972,0.13483120928168368,0.005560932092851618,0.08096275621152936,0.00013772082275889303
6,rhombus,16,16,4.0,0.07818007835009366,0.0314702777601405,55.42041228208645,0.08427634919197187,0.0015206734436223695,0.14823989047697733,4.8264252118536406e-05
6,disk,16,19,4.69041575982343,-0.036178312001600155,-0.005969917395173968,65.6236130976122,0.03666756295406509,0.0005587556250449624,0.15420067093844556,3.580683930926596e-05
6,rhombus,49,49,7.0,0.14833009003114617,-0.07143052105714123,169.81442148244275,0.16463333486005385,0.000969489713670022,0.40695874685094097,1.4112412020719746e-05
6,disk,49,55,7.615773105863909,-0.09788764999225608,0.1758859583160734,190.76265970941628,0.20129049245746788,0.0010551881210090505,0.42941383653556114,1.1800198044869904e-05
6,rhombus,100,100,10.0,-0.1444073001540782,0.09249062982692924,345.73651863354206,0.17148756498233944,0.0004960065128789735,0.8696946037487654,7.275724840898588e-06
6,disk,100,97,10.488088481701515,0.21791280808047375,0.0806905487681456,335.82712842608134,0.23237245229592485,0.0006919406820556255,0.7874618828708349,6.982291710291097e-06
6,rhombus,225,225,15.0,0.013867566398888087,-0.10513066690427113,779.3637144925206,0.10604134345416592,0.000136061432527962,1.9264252985860755,3.1715517981077554e-06
6,disk,225,223,15.748015748023622,0.5109031821185885,-0.13762587533405987,771.3721135512503,0.5291152455376483,0.0006859403344278321,1.9755530640140468,3.3201738969785426e-06
6,rhombus,400,400,20.0,-0.13703731839355004,0.043601251272103986,1385.8236330142777,0.1438064523760612,0.00010376966372212215,3.8175174185050738,1.9877652810421573e-06
6,disk,400,397,20.97617696340303,-0.0184123903017408,0.31258013098616433,1376.4482036295062,0.31312194813514954,0.00022748545663359482,3.6206174990127282,1.9110097349658983e-06
7,rhombus,4,4,2.0,-0.057460862735460694,-0.08208932917626525,13.72451410397671,0.10020183985792222,0.007300938969408652,0.025052942682208104,0.0001330040265985013
7,disk,4,7,2.8284271247461903,0.08576728246127541,-0.04565135345730724,23.95214213256021,0.09716003712059912,0.0040564237045220735,0.07631196791991096,0.0001330160150668075
7,rhombus,16,16,4.0,-0.07556035955867557,-0.05641920788261577,55.167105482927525,0.09430002627114241,0.0017093524382990383,0.15253338363999028,5.0119243653706355e-05
7,disk,16,19,4.69041575982343,0.09449289368095881,0.016064943775414897,65.52054595314047,0.09584878389790988,0.0014628813375038084,0.22203879629449944,5.172182603317023e-05
7,rhombus,49,49,7.0,-0.049004025657518824,0.05829715342749303,170.01730824481973,0.076157420048157,0.0004479392176853702,0.6280286616076658,2.1726671208089938e-05
7,disk,49,55,7.615773105863909,0.3663028318980053,0.08256950181980742,191.04376830186365,0.37549365811857527,0.0019654849852273996,0.7562684916410094,2.072097825527422e-05
7,rhombus,100,100,10.0,-0.07745110401742394,-0.0759474500394651,347.0935130910402,0.10847436877444769,0.0003125220284540311,1.2031368002248082,9.986700289580087e-06
7,disk,100,97,10.488088481701515,-0.20757254144979287,0.1425206448137426,336.4608323524569,0.2517905759992835,0.000748350333198731,1.1257335147131893,9.944124795410417e-06
7,rhombus,225,225,15.0,0.10877545133771971,-0.033279427083641816,779.0252389641462,0.11375244648243861,0.00014601894880028905,2.3286414401788242,3.837068614921925e-06
7,disk,225,223,15.748015748023622,0.024434110993315272,-0.3245855576197878,772.7720319036902,0.32550393238082737,0.00042121598471798035,2.331133736522469,3.903591809581536e-06
7,rhombus,400,400,20.0,0.12000587311359956,0.07899980283024276,1384.8817948959982,0.14367455734741133,0.00010374499677656676,4.130652887988356,2.153740073764866e-06
7,disk,400,397,20.97617696340303,0.21093018390633222,-0.09020422058983406,1375.6600457693721,0.22940868312899268,0.0001667626270272974,4.048750845111794,2.139433558667021e-06
8,rhombus,4,4,2.0,0.06366589254511323,-0.01524319597215043,13.897131177060306,0.0654652648128096,0.004710703524254826,0.020583856205623106,0.00010658017414565121
8,disk,4,7,2.8284271247461903,-0.11678537799097644,0.024572102149360703,24.48459307459344,0.11934241792646008,0.004874184249780174,0.021202509743237022,3.536726612029501e-05
8,rhombus,16,16,4.0,-0.06472039707439547,0.08224436498340393,55.831997749879335,0.10465593804935665,0.0018744795505652998,0.09588500466432266,3.0759860254213894e-05
8,disk,16,19,4.69041575982343,0.1822304598080433,-0.17347195416076056,66.39926288389542,0.25159582540694886,0.0037891358198792794,0.08613635054678415,1.953709332882649e-05
8,rhombus,49,49,7.0,-0.04649730985131084,0.04689250545531862,169.80970288678625,0.06603716295606508,0.0003888892203061723,0.3265686967026445,1.1325295665886665e-05
8,disk,49,55,7.615773105863909,-0.08457510312165217,-0.1660474062928885,190.68600548304153,0.18634561761585294,0.0009772380366551096,0.35300933285679004,9.708419749361712e-06
8,rhombus,100,100,10.0,0.061447236336812594,0.07093209080567342,346.3259028083238,0.09384628047768544,0.00027097678723045224,0.8578824752420962,7.152499665081278e-06
8,disk,100,97,10.488088481701515,-0.13628019604855135,-0.3015166991565219,335.2992336968333,0.3308845897065563,0.0009868337188200418,0.8523338592764408,7.581316357981069e-06
8,rhombus,225,225,15.0,-0.04034625566590311,0.10879901948799704,779.7870414485188,0.11603898908473814,0.00014880856300097798,2.0800440184610705,3.4207434036155568e-06
8,disk,225,223,15.748015748023622,-0.04813827992164876,-0.6293801638612779,773.0434412621458,0.6312184127985052,0.0008165367935441205,2.0771828973311735,3.475897318528279e-06
8,rhombus,400,400,20.0,-0.06271449508339222,0.05118865263222584,1385.8909299441225,0.0809529866766354,5.8412234994495084e-05,4.002241142552119,2.083747765553035e-06
8,disk,400,397,20.97617696340303,-0.5629452217799038,-0.19110631538956319,1376.6818799154703,0.594498903705129,0.00043183462525244533,3.627248037543403,1.9138595429939627e-06
9,rhombus,4,4,2.0,0.034481075270999195,-0.034188074318413315,13.550925617114912,0.04855686334027008,0.0035832875710676494,0.01344800311044821,7.323520104317024e-05
9,disk,4,7,2.8284271247461903,-0.2663239498226182,-0.011329942430314877,24.085068866540563,0.26656483985063506,0.011067638682194179,0.0477245049336031,8.227078611536491e-05
9,rhombus,16,16,4.0,0.05197115509933781,-0.11144811382397413,55.065600981345106,0.12297025265193579,0.00223315918577907,0.11145972828018319,3.675845194491378e-05
9,disk,16,19,4.69041575982343,0.1140291183734381,0.16587089294412305,65.6432007845187,0.2012853520828187,0.0030663549259817608,0.1734945962198686,4.0263029939587245e-05
9,rhombus,49,49,7.0,0.06572130915155094,-0.10259815545629285,169.53211359311672,0.1218428166927676,0.0007187005111326272,0.5006426363307145,1.7419026496264655e-05
9,disk,49,55,7.615773105863909,-0.1964414512454682,0.17457508911497555,190.391881594799,0.2628035492662291,0.001380329597380313,0.5589462113351003,1.541960202769305e-05
9,rhombus,100,100,10.0,-0.017109958059712493,-0.09071105801753132,346.39021961702224,0.09231059912851315,0.000266493087566312,1.0576855169486536,8.815060863817866e-06
9,disk,100,97,10.488088481701515,0.11198350901240328,-0.2976643847614157,335.96256667885143,0.3180320616637938,0.0009466294557982779,0.9901864008394073,8.772738347349945e-06
9,rhombus,225,225,15.0,0.0814924236697161,0.003511855371022665,779.0402924413479,0.08156805896741375,0.00010470326086959721,2.165189762592977,3.5675997477132525e-06
9,disk,225,223,15.748015748023622,-0.29682861530435556,0.4857347167687822,772.1754074855824,0.5692498941044699,0.0007372028279922896,2.2227019122603053,3.7277715648941304e-06
9,rhombus,400,400,20.0,0.04919762678222428,0.19714474558191042,1385.462437942478,0.20319069169516407,0.00014665911260424962,3.9566360010350117,2.0612780876463195e-06
9,disk,400,397,20.97617696340303,-0.021406760103416023,0.27981628988791274,1374.9960578501577,0.28063393498428096,0.00020409799241392695,4.1531613213464595,2.196726022255054e-06
10,rhombus,4,4,2.0,-0.011541859813406496,0.004910109736138479,13.929334603518566,0.012542874693356772,0.0009004647422417742,0.008811823090750674,4.541559702175484e-05
10,disk,4,7,2.8284271247461903,-0.02045388315332719,0.03130394727611151,24.480671949415157,0.03739382905126902,0.0015274837687681345,0.013474427092073298,2.2483485594728915e-05
10,rhombus,16,16,4.0,-0.08575710997159947,-0.04596533930164273,55.75270644593048,0.097298994485021,0.001745188721544532,0.07141176405176863,2.2974065363602054e-05
10,disk,16,19,4.69041575982343,-0.07000261817620146,-0.09231586749894147,66.22516814183984,0.11585588437194361,0.0017494237858906693,0.06666993196757057,1.5201410003985765e-05
10,rhombus,49,49,7.0,0.07287360109027752,-0.06600052937237935,169.5669402614939,0.09831902976178725,0.0005798242842040243,0.25932667389858355,9.019133650104953e-06
10,disk,49,55,7.615773105863909,-0.28418491383959843,-0.11017580262583267,190.11603498330106,0.3047946402715547,0.001603203224274725,0.2637728262791912,7.297810070309025e-06
10,rhombus,100,100,10.0,0.09258651402999574,0.06295324945106688,346.0613450720631,0.11196148532720906,0.00032353074656140643,0.6860191571936796,5.728356797470084e-06
10,disk,100,97,10.488088481701515,0.1420475552305982,-0.11578095107527285,335.3880415688982,0.183255931906404,0.0005463997197072336,0.6239766941773788,5.547192303808103e-06
10,rhombus,225,225,15.0,-0.11086891998754522,0.0675815531491614,778.694317346237,0.12984291950375126,0.0001667444035629429,1.9044349669299883,3.1407410880662137e-06
10,disk,225,223,15.748015748023622,0.10369300145773064,0.1254710449136736,772.2548861716477,0.16277352875403922,0.00021077694899538626,1.8984223460917924,3.183255569550161e-06
10,rhombus,400,400,20.0,-0.16376584154239948,0.012131107612102995,1385.5895304598575,0.16421453841845648,0.00011851600694756694,3.6325485468412477,1.8920919622371882e-06
10,disk,400,397,20.97617696340303,0.05403284298934441,-0.09983357848152585,1374.7704101720392,0.11351780262997574,8.257218935616318e-05,3.5692451273097854,1.8884957996351221e-06
11,rhombus,4,4,2.0,0.0914724179700559,0.01983880924594683,13.712918393474029,0.09359904701216605,0.006825611027971245,0.05317853697892299,0.0002827981747369493
11,disk,4,7,2.8284271247461903,-0.03345880897607678,0.1417906794700781,24.22108435831113,0.14568489517683025,0.00601479657234423,0.057937228119536034,9.87576049544977e-05
11,rhombus,16,16,4.0,-0.052305868014887125,-0.01594158831155032,55.52460856027925,0.054681240537187425,0.000984810914566354,0.11670617051946919,3.785496140513218e-05
11,disk,16,19,4.69041575982343,0.12292937054587494,-0.10008442855278674,65.77761524661253,0.1585197873501693,0.002409935154320343,0.19106158659284972,4.415878661987036e-05
11,rhombus,49,49,7.0,0.05462761718479259,-0.05385338782857807,169.57425985455424,0.07670960787217913,0.00045236587167164305,0.47584096789350794,1.654786502675411e-05
11,disk,49,55,7.615773105863909,-0.18235085310296562,-0.06407890605687731,190.35981144205456,0.19328202148369997,0.0010153509820140525,0.4868804749053792,1.3436056664403341e-05
11,rhombus,100,100,10.0,-0.07734802848917255,0.0065397948045768095,346.5702358724147,0.07762400677140943,0.00022397770707576197,1.0505833420411006,8.746775635657245e-06
11,disk,100,97,10.488088481701515,-0.1633147581275014,0.017501338591967758,336.3520475675222,0.1642498312777063,0.0004883271336254712,0.9865908814525888,8.720651785908687e-06
11,rhombus,225,225,15.0,0.15847523353640502,0.0020089371336246553,780.2450836954515,0.1584879663344349,0.0002031258762744048,2.534139768247467,4.1626364481751315e-06
11,disk,225,223,15.748015748023622,-0.042789584058796404,0.28615697331005263,773.0809567730131,0.28933849014241947,0.00037426674089887475,2.3247367584162677,3.889769187161749e-06
11,rhombus,400,400,20.0,-0.038236039780479736,0.014568153573211173,1385.7149382122984,0.04091730485536767,2.9527938053518286e-05,4.343637114300335,2.2620684255556117e-06
11,disk,400,397,20.97617696340303,-0.1765251133609227,-0.027775222891872342,1374.9672566959957,0.17869689044239073,0.00012996446975166077,4.018704388810152,2.125696948347765e-06
12,rhombus,4,4,2.0,0.004714729450040256,0.01992483400184375,13.536119330820746,0.02047505027559409,0.0015126233579349372,0.014181759241525553,7.740014237822378e-05
12,disk,4,7,2.8284271247461903,-0.02517634045317374,-0.03586901819495811,23.9489377965392,0.04382276331867205,0.0018298416276735564,0.028114496958607155,4.9018250320756796e-05
12,rhombus,16,16,4.0,-0.0737123390380523,0.05184463535119532,55.14819126516073,0.09011867254436885,0.0016341183722792436,0.09128836204964183,3.0016003579719158e-05
12,disk,16,19,4.69041575982343,-0.051324449573279196,0.09586295143186704,65.75760688317257,0.10873777899712951,0.0016536152112457062,0.13316365275939637,3.0795956714410736e-05
12,rhombus,49,49,7.0,-0.019657908744691976,-0.04935883024756155,170.1299768216269,0.05312934687742956,0.00031228680488878876,0.39178960872637386,1.3536027484668005e-05
12,disk,49,55,7.615773105863909,-0.19773413973760734,0.18962470509799803,190.58960805785753,0.27396408304972086,0.0014374555141881253,0.4569818933209941,1.2580576958743314e-05
12,rhombus,100,100,10.0,-0.010461313769722924,0.12476096784279117,346.32522968449865,0.12519879465417616,0.00036150642206527064,0.8135020623303998,6.782509276581495e-06
12,disk,100,97,10.488088481701515,-0.008227407897945405,0.2892021888214811,335.7441509317559,0.2893191944200294,0.0008617251964542402,0.850007529537767,7.540599272780386e-06
12,rhombus,225,225,15.0,0.16368796805802743,0.06786505130755685,779.4049832547812,0.17719880382198727,0.00022735138680023348,1.874486791973632,3.0857165387728333e-06
12,disk,225,223,15.748015748023622,-0.05040780216743723,-0.39217128148896674,772.9776900259161,0.3953975980504306,0.0005115252395410971,1.9682139880001328,3.2941122595070145e-06
12,rhombus,400,400,20.0,-0.14401359849707873,-0.061530933826076835,1384.0612373012343,0.1566077021400507,0.00011315084760658302,3.774559904906397,1.9704059525002426e-06
12,disk,400,397,20.97617696340303,-0.09893632513508877,-0.26865716191041134,1374.7901969208665,0.2862954192385777,0.00020824662547041495,3.9458902911246088,2.0877195248590503e-06
13,rhombus,4,4,2.0,0.05209213315664085,0.09602921493296093,13.892618563761072,0.10924834304212586,0.007863768989317853,0.0647337803952882,0.00033539975916709806
13,disk,4,7,2.8284271247461903,-0.1949674309171554,-0.03337888347710616,24.557379729577196,0.19780406714881774,0.008054770880566716,0.06804780623734832,0.00011283662227659983
13,rhombus,16,16,4.0,-0.00355200023555291,0.0728872121667184,55.3675006120526,0.07297371035591921,0.001317988161814081,0.1434092420349748,4.678076313396589e-05
13,disk,16,19,4.69041575982343,0.06708121464676076,-0.011632365314175164,65.68030554173447,0.06808231254362043,0.001036571191045384,0.17985052987183708,4.169091173679665e-05
13,rhombus,49,49,7.0,-0.1412650532777775,-0.04004499163820724,168.65021155838576,0.1468312522349292,0.0008706259593638105,0.45912548897536093,1.6142010417660602e-05
13,disk,49,55,7.615773105863909,-0.00963500521339089,-0.04769310787235015,189.78437243671559,0.048656611719125054,0.00025637838929730536,0.6026762646919315,1.6732590849503657e-05
13,rhombus,100,100,10.0,-0.032759455751663946,0.018788751618115218,345.22730713215344,0.03776505168158062,0.0001093918438703463,1.0968035456824858,9.202769922906367e-06
13,disk,100,97,10.488088481701515,0.09527151424561264,-0.34314757387190375,335.451620202356,0.3561276721638261,0.0010616364647426583,1.0601944893396285,9.421623708103507e-06
13,rhombus,225,225,15.0,-0.18183392215191185,-0.04005348982450324,778.93339326293,0.18619306456543736,0.00023903592550510622,2.437052012056019,4.016651504106027e-06
13,disk,225,223,15.748015748023622,0.2600666789860595,0.3397383061943281,772.189497056879,0.42785136930320694,0.0005540756134781923,2.4961355052235654,4.186203892887818e-06
13,rhombus,400,400,20.0,-0.04851726004732049,0.11176620420700377,1385.6516518972476,0.12184255793991272,8.793159361018674e-05,4.398416348796737,2.290805457448542e-06
13,disk,400,397,20.97617696340303,-0.010314313068566339,0.03901432778029501,1375.5625639123828,0.040354712565259306,2.933687905149309e-05,4.208156475832274,2.2239815720259525e-06
14,rhombus,4,4,2.0,-0.03432373333794114,-0.028935421408423548,14.050880809615025,0.04489295359337753,0.003195027714038913,0.01738558198051827,8.806070006109572e-05
14,disk,4,7,2.8284271247461903,0.04743779414657068,-0.049240857113145645,24.423771600522898,0.0683740178922494,0.002799486459772886,0.025523245056096967,4.278686140063591e-05
14,rhombus,16,16,4.0,-0.09890916444084397,-0.13771638543590528,55.44086945273716,0.1695547865084225,0.0030582995573863866,0.08536460608198705,2.7772679067949195e-05
14,disk,16,19,4.69041575982343,-0.0708241575603128,0.07803286995727417,66.03279975713318,0.1053811657171094,0.001595891225341019,0.10739087245904627,2.462906628711576e-05
14,rhombus,49,49,7.0,-0.00584463692800874,-0.10373233015177707,169.51327755193105,0.10389685317437446,0.0006129127740011118,0.3369737199637394,1.1727044958199845e-05
14,disk,49,55,7.615773105863909,0.3595009328361991,-0.23134825246523025,190.39031164513256,0.42750781820782324,0.0022454284281263883,0.42521638178751126,1.1730601947462325e-05
14,rhombus,100,100,10.0,0.03578968008336947,0.13191583577276828,346.4866285289183,0.1366846331088389,0.0003944874689368597,0.9004421986618547,7.500373339674121e-06
14,disk,100,97,10.488088481701515,0.27700367012283333,-0.1027833707931286,335.78457436198994,0.29545804198416603,0.0008799035588384408,0.8895795928269359,7.889751582714352e-06
14,rhombus,225,225,15.0,0.1321870245976755,-0.08062204064502776,780.0338995406289,0.1548332099704549,0.00019849548854432864,2.281119922540765,3.749049402022518e-06
14,disk,225,223,15.748015748023622,-0.019492466470512504,-0.15862264601254047,772.8267986222345,0.15981583174743288,0.000206793853464122,2.332114684540058,3.904680979859685e-06
14,rhombus,400,400,20.0,0.14098106255326526,0.05886809054542477,1386.7630364025395,0.15277798297893588,0.00011016877358893535,3.8332577869874203,1.993257983325477e-06
14,disk,400,397,20.97617696340303,0.17482608100278485,-0.06086520173000562,1376.0213520992843,0.18511815518858912,0.00013453145542121812,3.938285472337056,2.0799689287188137e-06
15,rhombus,4,4,2.0,0.15328204158778247,-0.005841460708254059,13.962950571207816,0.15339330799133563,0.010985737377573978,0.028777612180131737,0.00014760475705697662
15,disk,4,7,2.8284271247461903,-0.21663487555566308,-0.09107916830856377,24.449514343894986,0.23500230681165094,0.009611737211063693,0.0737226822933934,0.00012332770626191671
15,rhombus,16,16,4.0,-0.031174152439923386,-0.0558725978576374,55.684312561256476,0.06398105166147904,0.0011489959868157768,0.136649545521958,4.406994074223234e-05
15,disk,16,19,4.69041575982343,0.0940513792170461,0.11548641200372979,65.84448080813071,0.14893882398529887,0.0022619788653099587,0.2039658348469222,4.7045563224323064e-05
15,rhombus,49,49,7.0,0.029304626899007147,0.01503844152279786,169.74596103173516,0.03293806128363696,0.00019404326962147255,0.44770079017145,1.5537779790812597e-05
15,disk,49,55,7.615773105863909,0.004669230794787982,-0.07417363946296694,190.85483715508659,0.07432045820228239,0.0003894083027190471,0.5976993980112154,1.640878692157933e-05
15,rhombus,100,100,10.0,0.02111054406014068,-0.07914849666581315,347.62955142875165,0.08191544173703379,0.00023564004095843604,0.8820996879976748,7.2993517493467415e-06
15,disk,100,97,10.488088481701515,-0.05014654657060458,-0.24214901695280194,336.14656748639646,0.24728692352036363,0.0007356520858430931,0.9134753675374431,8.08424522985412e-06
15,rhombus,225,225,15.0,0.053983043756100635,0.060605062927401185,779.0861369480826,0.08116121404715021,0.00010417489183555926,2.1934386335037086,3.6137202998710792e-06
15,disk,225,223,15.748015748023622,-0.24547459440835961,0.33967428420717694,772.6897513592914,0.4190899615256928,0.0005423780512015889,2.2684707410222447,3.799468760873379e-06
15,rhombus,400,400,20.0,0.1282438327454578,-0.20485635484766346,1385.1889613463395,0.24168700163375928,0.00017447944531614714,4.0844143199946545,2.1286866976293044e-06
15,disk,400,397,20.97617696340303,0.33944774838136604,0.2778754910103273,1375.1935898019128,0.4386793389087406,0.0003189946071315889,4.337845574303831,2.2937517272060703e-06
16,rhombus,4,4,2.0,-0.06210034603475556,-0.031562504594371904,13.779207355887,0.06966092645024274,0.005055510426039199,0.013658539578852182,7.193757506794312e-05
16,disk,4,7,2.8284271247461903,-0.022747179951792873,-0.06362233488323746,24.43531898544578,0.06756652789476504,0.0027651174897699994,0.04179232751180579,6.999395485776201e-05
16,rhombus,16,16,4.0,-0.003765505172126815,-0.05177820890755068,55.3360260196418,0.05191494916568131,0.0009381763183943466,0.08576825643455982,2.800984127064987e-05
16,disk,16,19,4.69041575982343,-0.002529253698136724,0.017404928729682467,65.72677408442105,0.01758774199136616,0.00026758869937502244,0.11428528416894296,2.6454872808230534e-05
16,rhombus,49,49,7.0,-0.0748187564253131,0.08841572775966922,169.32062900358787,0.11582394928641603,0.0006840510218277168,0.29430656904521796,1.0265502415920496e-05
16,disk,49,55,7.615773105863909,-0.17002339545343803,-0.031814057151877434,190.02506518948272,0.17297424442378437,0.0009102706753517164,0.365678196815354,1.0126917835720115e-05
16,rhombus,100,100,10.0,0.04695090183105899,-0.011381229714540364,345.5665387208068,0.04831065692541217,0.00013980131613507797,0.7402885021556993,6.19922840907137e-06
16,disk,100,97,10.488088481701515,-0.2831987872629278,-0.29103677437945324,335.52775016812205,0.4060836824453672,0.0012102834482152127,0.7741206517319494,6.876251679751001e-06
16,rhombus,225,225,15.0,-0.050108882452108094,0.06643694311083825,779.098235962559,0.08321518797979095,0.00010680962186620843,2.1884616983083385,3.6054087476465897e-06
16,disk,225,223,15.748015748023622,0.16138027923085518,0.020152710318305317,772.1127371056889,0.16263371808392724,0.00021063467841959133,2.151981985407436,3.60975060463176e-06
16,rhombus,400,400,20.0,-0.06266671359963993,-0.09811427559761868,1385.68971294239,0.11641962063769479,8.401564906654894e-05,3.5433648193161984,1.8453718149134373e-06
16,disk,400,397,20.97617696340303,-0.03781939540618762,0.6034774193648722,1375.1404938098194,0.6046613121013907,0.0004397087532679514,3.8832831122367644,2.053548253595421e-06
17,rhombus,4,4,2.0,0.06477939003994981,-0.11247524565919191,13.616989449109827,0.1297961873863925,0.009531929790463162,0.05641820621368873,0.0003042685549829175
17,disk,4,7,2.8284271247461903,-0.23688747239076102,0.06197745266465604,24.336135587367167,0.2448609385232427,0.010061619588047884,0.0926897368823045,0.00015650507197362038
17,rhombus,16,16,4.0,-0.07249122543321507,0.08432160696208893,55.3517471149217,0.11119852141767989,0.0020089432983354384,0.18038212968096065,5.887498957436206e-05
17,disk,16,19,4.69041575982343,0.23028263642838498,0.04163015493187891,65.77071762642342,0.2340153038586579,0.0035580469896628,0.2242285465618265,5.1835314859892066e-05
17,rhombus,49,49,7.0,-0.00731382595333141,-0.02943241163152227,169.75878615337624,0.03032752717454873,0.0001786507070517573,0.4430884322323235,1.5375381116572127e-05
17,disk,49,55,7.615773105863909,0.2432470358044938,-0.08391989970171199,190.5103773376452,0.25731628396511963,0.0013506680715301563,0.5572021354869405,1.5352372445793148e-05
17,rhombus,100,100,10.0,-0.007478915622419979,0.02300754183127124,346.7216160642608,0.024192584814462747,6.977524242382089e-05,0.8659557192610308,7.203338911061369e-06
17,disk,100,97,10.488088481701515,0.1860409482095533,-0.07367008579416501,336.22080502143075,0.20009626671087427,0.0005951335066791007,0.8389199970851194,7.421152896204883e-06
17,rhombus,225,225,15.0,0.01982371801388272,0.007111373931113385,779.6964620894885,0.021060660841532425,2.7011358734516382e-05,2.148577473069411,3.5342713553131016e-06
17,disk,225,223,15.748015748023622,0.18655590293943813,0.009579536852591691,772.1691065660386,0.1868016928399184,0.0002419181125630056,1.9309418652827057,3.238503378776493e-06
17,rhombus,400,400,20.0,-0.23755291255182032,0.001007472326399493,1385.3858188151612,0.237555048909387,0.0001714721239983197,3.6505351760344475,1.9020199245411363e-06
17,disk,400,397,20.97617696340303,0.10216570044393514,0.33470340577691365,1375.5948653798373,0.3499488536713118,0.0002543981970844896,3.719266889056807,1.9655144981563974e-06
18,rhombus,4,4,2.0,0.04048013508054815,0.07097199766791244,14.04655661721717,0.08170474765344786,0.005816710093440308,0.06222186963906724,0.00031535760491444953
18,disk,4,7,2.8284271247461903,-0.04427246108069349,-0.0019049649724656864,24.28340038484604,0.044313425749854196,0.0018248443400664684,0.06151184272334845,0.00010431331239646391
18,rhombus,16,16,4.0,-0.02008186068382445,-0.10432887254073567,55.255426641391566,0.1062440340637798,0.0019227800873442705,0.13460387251681605,4.4086709082456296e-05
18,disk,16,19,4.69041575982343,-0.07209842937349009,-0.04663307448393847,65.68297804232533,0.08586516845583367,0.001307266677228051,0.15687950347627694,3.6363069457096986e-05
18,rhombus,49,49,7.0,-0.03621610587288737,-0.11499503528605448,169.527872932594,0.12056311403176803,0.0007111698621954937,0.5203828138308008,1.81067589168927e-05
18,disk,49,55,7.615773105863909,-0.24848813776594003,-0.23601090560115712,190.2994317572735,0.3427061455140002,0.001800878449028272,0.5514431998383033,1.5227401630469964e-05
18,rhombus,100,100,10.0,0.16693396587510545,0.12089102684772524,345.98314628825665,0.2061106240228492,0.000595724462980424,1.0703929891357762,8.941973293131387e-06
18,disk,100,97,10.488088481701515,-0.37910893176108207,-0.12308610648324153,336.2907100384624,0.39858972860603503,0.0011852534628757582,0.999597906877012,8.838846620227609e-06
18,rhombus,225,225,15.0,-0.008731691804987562,0.0048705701622812625,778.6187530558703,0.00999824462008164,1.2841001556719774e-05,2.416595026772205,3.986154782757632e-06
18,disk,225,223,15.748015748023622,-0.12735180399646584,-0.12088736667024194,772.4262205231494,0.17559110854943588,0.00022732411702765788,2.3600330841622568,3.95552447094369e-06
18,rhombus,400,400,20.0,0.017387886850162904,-0.09149666596081511,1385.9414333004556,0.09313419614222829,6.719922927799353e-05,4.324171786645699,2.2511953452738132e-06
18,disk,400,397,20.97617696340303,-0.4141517163485102,0.11980301382597391,1374.6550506393019,0.43113154173199086,0.0003136288929586279,4.237508270752507,2.2424516853844815e-06
19,rhombus,4,4,2.0,-0.05882115232698082,-0.06856673785906664,14.03647793798492,0.0903400548024399,0.006436091389989328,0.026331372183444533,0.00013364637911739857
19,disk,4,7,2.8284271247461903,0.1515051246803525,0.03401122243124849,24.426408900399604,0.15527577420730193,0.006356880982401047,0.046146908411667846,7.734341877765419e-05
19,rhombus,16,16,4.0,-0.09362090426215808,0.10319877830668091,55.22708100374821,0.13933722244560368,0.0025229872720621787,0.13538227969996852,4.4387189163067324e-05
19,disk,16,19,4.69041575982343,-0.12507181071308482,-0.007483114570019447,65.98342323458834,0.12529547014444598,0.0018988931462223138,0.16685267530043738,3.832335201150573e-05
19,rhombus,49,49,7.0,0.05972559918103215,0.16171527907324978,170.06680480576955,0.1723919333474521,0.0010136718540948544,0.4282252772294977,1.4805844865466814e-05
19,disk,49,55,7.615773105863909,-0.1399799335554044,0.1550574651297623,190.6125075104039,0.2088951873324105,0.0010959154258070327,0.5353049412122873,1.473324677485535e-05
19,rhombus,100,100,10.0,0.059331649220379035,-0.06421858419018198,346.6025744195309,0.08743152265974552,0.0002522529522643349,1.0219009101029939,8.506388576414743e-06
19,disk,100,97,10.488088481701515,0.0736317289544246,-0.14880692905943643,335.62140238039956,0.16602750869936583,0.0004946868927959104,1.0138241609923806,9.00043171719883e-06
19,rhombus,225,225,15.0,-0.08548884818075253,-0.08762547088368025,778.7413541167956,0.12241963204837061,0.0001572019148606947,2.0969496746420413,3.4578132316526397e-06
19,disk,225,223,15.748015748023622,-0.48443827949653917,-0.3492040088738919,772.3317815988435,0.597179944786464,0.0007732168467160723,2.221438516608833,3.724144165598462e-06
19,rhombus,400,400,20.0,-0.06569371706280158,0.008132389389609862,1385.6624852967911,0.06619516763867032,4.777149438702757e-05,3.918198620289735,2.0406641212765118e-06
19,disk,400,397,20.97617696340303,0.25895208632772615,0.40636926869124707,1374.5121958563905,0.4818632228653076,0.00035057035093463283,3.7861807509249426,2.0040296740508195e-06
20,rhombus,4,4,2.0,0.06540317532608197,-0.12357008544266235,13.7255028664482,0.13981109168818148,0.010186227276958117,0.0616583928093236,0.0003272922114434723
20,disk,4,7,2.8284271247461903,0.19914619950841894,0.06806625318858862,24.164212770445374,0.2104571775962513,0.008709457228983518,0.13835664147586502,0.00023694890660319004
20,rhombus,16,16,4.0,-0.1382165496467782,-0.06608088111855319,55.31272352290972,0.15320084022506097,0.0027697215119340023,0.23536154394304282,7.692817297725985e-05
20,disk,16,19,4.69041575982343,-0.032219533889832785,0.040253659489559904,65.7510026439312,0.05156021204746466,0.000784173776431737,0.32321187673789653,7.476228239343779e-05
20,rhombus,49,49,7.0,-0.07573258125179505,0.06080612280379116,169.81113305244352,0.09712264634723186,0.0005719451051377005,0.6449783721096963,2.2367262376718104e-05
20,disk,49,55,7.615773105863909,-0.024089571699814627,-0.0166620204337537,190.3536775905348,0.029290448777977703,0.0001538738265986312,0.6861295019413541,1.8935795292277086e-05
20,rhombus,100,100,10.0,0.051405778321251816,-0.0038879397308485553,345.7548804281315,0.05155259566854412,0.00014910157046723113,1.1299026264805043,9.451579249226655e-06
20,disk,100,97,10.488088481701515,0.14474974123518036,0.2285310056470261,335.91491373007494,0.27051600346318283,0.0008053110844627651,1.150344906177913,1.0194583847225689e-05
20,rhombus,225,225,15.0,-0.07600090812230231,-0.0805049507195153,778.7827670168981,0.11071217243720866,0.0001421605319558983,2.562344818060004,4.224787866785858e-06
20,disk,225,223,15.748015748023622,0.01497402411816573,0.36657300014366956,771.4602762914662,0.36687870724889743,0.000475563964242647,2.5897157524936034,4.3513594629002115e-06
20,rhombus,400,400,20.0,0.029757714915455757,-0.013003260955459839,1384.789031133811,0.03247470388572195,2.345101178273555e-05,4.408359592494568,2.298845494219881e-06
20,disk,400,397,20.97617696340303,0.17622847349587145,-0.09345064248759115,1374.9495733901845,0.1994730494378342,0.0001450766292075699,4.1370244414449795,2.1883387238418773e-06
21,rhombus,4,4,2.0,0.004246159560997942,-0.004692167141593449,13.81737029628139,0.006328214874836621,0.0004579898156554223,0.04615338351686242,0.00024174235671647632
21,disk,4,7,2.8284271247461903,-0.029439083477146077,-0.12906859165804774,24.08223901813451,0.13238338637671362,0.00549713779840096,0.04714087576074556,8.128378555451792e-05
21,rhombus,16,16,4.0,-0.09035149210402249,-0.002034119720415728,55.12708536202959,0.09037438668372927,0.0016393826390462011,0.18507297467659575,6.0899390015355204e-05
21,disk,16,19,4.69041575982343,0.08777266507535408,0.19846873386352418,65.78102914047406,0.21701124177291062,0.0032989943241764656,0.20704685972289688,4.784838903959475e-05
21,rhombus,49,49,7.0,0.015000292730676712,-0.10149543816784562,169.6229982031515,0.10259791786819539,0.0006048585330706009,0.543246340198662,1.8881102000357932e-05
21,disk,49,55,7.615773105863909,0.23914413869521667,0.05536950248288322,190.64845212068178,0.24547036659743482,0.0012875549938483129,0.6421748179760739,1.766797207377369e-05
21,rhombus,100,100,10.0,-0.049339983045722846,-0.11285031534199567,346.5257620941157,0.12316504211723424,0.00035542824110082434,1.101881643335435,9.176221609679883e-06
21,disk,100,97,10.488088481701515,-0.12005041369776404,0.2447684622931538,335.6476257914803,0.2726237369752666,0.0008122319838622453,1.161757986602973,1.031213304760768e-05
21,rhombus,225,225,15.0,0.1204274210596763,0.01880904317529919,779.6012224119165,0.12188742284688292,0.00015634585906598473,2.4070901582011643,3.960475530316356e-06
21,disk,225,223,15.748015748023622,-0.05633300317959744,-0.005347962100695512,772.8110815548446,0.05658628761336982,7.322137190310725e-05,2.4043039203653858,4.025711819760165e-06
21,rhombus,400,400,20.0,0.03841379305335657,0.0623313089245192,1385.4795456340098,0.0732175632549319,5.284636895987286e-05,4.304843513174324,2.2426274407655246e-06
21,disk,400,397,20.97617696340303,-0.4412492660145966,0.0501202147953137,1375.3519176721347,0.4440866477271621,0.0003228894670673127,4.056666096052979,2.144576722366435e-06
22,rhombus,4,4,2.0,-0.10026567017422527,0.07720347522622392,13.777999201290342,0.12654477943594789,0.009184554127721003,0.02929727043469194,0.0001543315967257539
22,disk,4,7,2.8284271247461903,-0.08847189840957803,0.029343975823106327,23.866700551635923,0.09321129612499626,0.003905495689415987,0.046255129628700126,8.120357209872901e-05
22,rhombus,16,16,4.0,0.0681820081338449,0.0030664914794712866,54.91886896265832,0.06825093115231001,0.0012427592272287458,0.1424325392712642,4.72243564104267e-05
22,disk,16,19,4.69041575982343,0.050164350007870784,-0.005666735592604236,65.10647898833612,0.05048340226241347,0.0007753975187547404,0.2110803364619701,4.979656201155679e-05
22,rhombus,49,49,7.0,0.16742221321170003,-0.07696411117953422,168.66350229311368,0.1842652215866023,0.0010925020474576354,0.6145271722013674,2.160224375261468e-05
22,disk,49,55,7.615773105863909,-0.10207626123537183,-0.022672378213924305,189.9500750875169,0.10456385533092735,0.0005504807264895841,0.6330366024127982,1.7544859013617437e-05
22,rhombus,100,100,10.0,0.0973355636477562,-0.00834232889790891,346.438596194924,0.09769240708503032,0.000281990540771224,1.1827734248803217,9.854827296525035e-06
22,disk,100,97,10.488088481701515,-0.13195534204989956,-0.30223648559853267,336.06719226351294,0.32978645442537213,0.0009813110652193147,1.1597966951653509,1.0269034943691467e-05
22,rhombus,225,225,15.0,0.017135600902995485,-0.1669625839012844,779.3561401069597,0.16783960569931095,0.00021535675035071444,2.4882202327940517,4.09653712070596e-06
22,disk,225,223,15.748015748023622,0.20593298023661166,0.36323716700345965,772.8783680025074,0.41755195106936327,0.0005402557095090137,2.465870635069806,4.128078855772837e-06
22,rhombus,400,400,20.0,-0.016200861791974663,0.01758204594363258,1385.8300368121813,0.023908079437016085,1.7251812128427907e-05,4.473620803285923,2.32937402915805e-06
22,disk,400,397,20.97617696340303,-0.14947736091537056,-0.24148862644589378,1375.0688343696545,0.2840074613966126,0.00020654054131537676,4.486274452534953,2.37266793164366e-06
23,rhombus,4,4,2.0,0.1274284613661525,-0.12542957354681958,13.732705030905603,0.1788032177738478,0.013020247458272002,0.03746606354142237,0.00019866706770949039
23,disk,4,7,2.8284271247461903,0.015656043931534747,-0.0688494433160786,24.415365690416422,0.07060706449442625,0.0028919109953016637,0.10862994696389734,0.00018223135337095916
23,rhombus,16,16,4.0,-0.1511398594937554,0.08987788264694249,55.327030060310236,0.17584450778141947,0.0031782748430511628,0.19880468394053236,6.494592345191798e-05
23,disk,16,19,4.69041575982343,0.13646929544282171,-0.01728621787086239,66.10689476202292,0.13755973948412042,0.002080868266151653,0.25302882688829975,5.7899723121506145e-05
23,rhombus,49,49,7.0,0.014706825589354988,0.10076250607907249,169.32527452848527,0.10183012005419038,0.0006013875975559674,0.552810263264357,1.928113167710271e-05
23,disk,49,55,7.615773105863909,0.3879147438845245,0.00033382761649440595,189.96048861765954,0.38791488752543873,0.0020420819631929315,0.6138567001196722,1.701141519345318e-05
23,rhombus,100,100,10.0,-0.11559274669546049,0.04918684050181457,346.3130516584691,0.12562256312920797,0.0003627427916089511,1.0384872618255228,8.6589145765205e-06
23,disk,100,97,10.488088481701515,0.17305494644077113,-0.09048183583013622,336.77560497607885,0.19528178896868464,0.000579857288008006,1.0264115708602433,9.049827253687326e-06
23,rhombus,225,225,15.0,0.12206881695723615,0.03849832140130649,779.8894262935636,0.12799576877404,0.00016412040535328433,2.1794655558265257,3.5833064010328127e-06
23,disk,225,223,15.748015748023622,0.2022574038732392,0.2589637593036804,773.4006819705962,0.3285883230643431,0.000424861692941765,2.1055561588279628,3.52012210088706e-06
23,rhombus,400,400,20.0,-0.019868576229287616,0.043912259039801754,1386.652091563852,0.04819799596827304,3.4758535512621506e-05,3.8823338750168714,2.0191001415120956e-06
23,disk,400,397,20.97617696340303,-0.14419229946901435,-0.16766622865168834,1375.749343640301,0.22114109400209214,0.00016074228566734534,3.8553493940271855,2.0369722560896926e-06
24,rhombus,4,4,2.0,-0.14091476287041127,-0.18415579094195555,13.552399495138552,0.2318842938456192,0.017110202066342537,0.094907330265589,0.0005167343906292821
24,disk,4,7,2.8284271247461903,0.04391076283213202,0.15450509947348087,23.898287280600524,0.16062372444881848,0.006721139576358054,0.11714403107661207,0.00020510989375031378
24,rhombus,16,16,4.0,0.05111251006313644,0.03559422457753127,55.06531024849059,0.0622851307153638,0.0011311137707985784,0.27419463345163164,9.042796750561476e-05
24,disk,16,19,4.69041575982343,0.08599348771051796,0.11365299438487084,65.10448390043936,0.14251976375670317,0.002189092904486435,0.2659720950353737,6.275007846540418e-05
24,rhombus,49,49,7.0,-0.09412561772109163,-0.022082150717185778,169.63785492543906,0.09668119409519924,0.0005699270020697535,0.5260328201035416,1.8279625630430883e-05
24,disk,49,55,7.615773105863909,0.025163287618386043,-0.21165225119641579,190.5581059816137,0.21314283117261135,0.0011185188374677527,0.6036894481492421,1.6624888060730163e-05
24,rhombus,100,100,10.0,-0.07452103609045668,-0.015398723453442925,345.760939804255,0.07609537110751718,0.00022008087770294967,0.9727785753288511,8.136959175517969e-06
24,disk,100,97,10.488088481701515,-0.16564032558839425,0.011759142233396053,335.75244764655815,0.1660572036591442,0.0004945822579198298,1.001322141996947,8.882504679847923e-06
24,rhombus,225,225,15.0,0.0041007323194310885,0.03246616415090639,778.7727514530688,0.03272411679830681,4.202011015055251e-05,2.7393674685780365,4.516778555482245e-06
24,disk,225,223,15.748015748023622,-0.06431693560189489,-0.056721007423998326,772.1534030915893,0.08575512164536628,0.00011105969526523526,2.635223100402689,4.419877260350652e-06
24,rhombus,400,400,20.0,0.0004961680393558154,0.09310603057586284,1385.353185309843,0.09310735262221123,6.720838672008914e-05,4.846368372339098,2.525197824789217e-06
24,disk,400,397,20.97617696340303,-0.5659648401959037,-0.4341418842728218,1374.5012921184848,0.7132989387472345,0.0005189510863593621,4.576642718660097,2.4224605046338716e-06
25,rhombus,4,4,2.0,0.08721750916200977,-0.01703573295054528,13.95292982950276,0.08886568573745184,0.0063689624203190544,0.12141468135310833,0.0006236492209171158
25,disk,4,7,2.8284271247461903,-0.22863460253277657,0.16162844383300964,24.29618552529209,0.27999559877112545,0.011524261636858707,0.16505356174422461,0.00027960743157717186
25,rhombus,16,16,4.0,0.0005833564832435911,-0.02606176948238262,55.32932178168483,0.02606829747680873,0.0004711479670701093,0.28790808437491167,9.404661451274634e-05
25,disk,16,19,4.69041575982343,-0.005446956386863988,-0.1280952439195498,65.78217771929428,0.12821100127792995,0.001949023363516969,0.34795931880981495,8.041035483117539e-05
25,rhombus,49,49,7.0,0.0028989595818020852,0.12652633645089295,169.02707351775666,0.12655954243889111,0.0007487530831893375,0.6300889501196499,2.2054098953998146e-05
25,disk,49,55,7.615773105863909,0.16774870535761588,0.045995878305838234,190.0102689695249,0.1739403603833271,0.0009154261047397644,0.6611498647068822,1.8312421160436912e-05
25,rhombus,100,100,10.0,-0.00848428471381002,0.030520226691861274,346.10074089636464,0.03167755237431692,9.152697070880398e-05,1.201614823490284,1.0031369306047392e-05
25,disk,100,97,10.488088481701515,-0.22305743140394751,0.4351389890485429,335.731178854983,0.4889790971961017,0.0014564601919421765,1.182034231315555,1.0486889767103043e-05
25,rhombus,225,225,15.0,0.004574696400250655,-0.009848333231157552,779.5880073462826,0.010858983128561737,1.3929130548744219e-05,2.455584544998853,4.040402136993687e-06
25,disk,225,223,15.748015748023622,-0.2103590843797578,0.2726909726990344,772.3050667613941,0.3443999288220536,0.0004459376788323687,2.4856017478428036,4.16729051450907e-06
25,rhombus,400,400,20.0,-0.024718100194876858,-0.1964439933740788,1384.9603604805397,0.19799299737616755,0.00014295932434302302,4.311845762121727,2.2479597481379465e-06
25,disk,400,397,20.97617696340303,0.0033763028418021257,0.1282053439867257,1374.3980619551903,0.12824979394772618,9.331342752716099e-05,4.013450172600911,2.1246764655398728e-06
26,rhombus,4,4,2.0,-0.09722158798146108,-0.037931455018143684,13.613495862568811,0.10435915124908995,0.007665859842513501,0.04651425414547448,0.0002509844031362655
26,disk,4,7,2.8284271247461903,0.10972245705970618,-0.11411213210556152,24.137294438875237,0.15830538928569737,0.006558539097519257,0.06745829903790722,0.00011578657560402163
26,rhombus,16,16,4.0,0.16882191655373857,0.06374217195637888,55.69986433501555,0.18045471452581682,0.0032397693725148722,0.17974813279059038,5.7937014590286544e-05
26,disk,16,19,4.69041575982343,-0.013074809327510373,-0.0004942187709918999,65.75804852972053,0.013084146557737458,0.0001989740700991734,0.19836186145082824,4.587333793571877e-05
26,rhombus,49,49,7.0,-0.03785925851066896,0.04533257112670924,170.0613300214646,0.05906238616865909,0.00034730050718293463,0.47433344262733573,1.6401085885604144e-05
26,disk,49,55,7.615773105863909,-0.10211604351005699,-0.2794929924661578,190.6181240233801,0.2975634708425004,0.0015610450074831448,0.4670427165889961,1.2853701838251326e-05
26,rhombus,100,100,10.0,-0.0412829735450555,-0.02716361020502689,346.39095397430077,0.049418069813504384,0.0001426655899829612,0.9133016842633839,7.611691442314532e-06
26,disk,100,97,10.488088481701515,-0.06964238544387458,-0.16292969925861478,336.0277142451316,0.17718958420521183,0.0005273064592403005,0.8758747459625271,7.756964591372212e-06
26,rhombus,225,225,15.0,0.016774751615252104,-0.036843516734300086,778.4624211207895,0.04048255200829184,5.2003219307628464e-05,1.990519343123005,3.2846651070485712e-06
26,disk,225,223,15.748015748023622,-0.21119942868773522,-0.11558829421679112,771.8072997146576,0.24076098612103503,0.0003119444273331517,2.0785205860777944,3.4892859894213634e-06
26,rhombus,400,400,20.0,0.012365485675628562,-0.08356217695105256,1385.7792814519223,0.08447214128215998,6.0956418105526875e-05,3.783940870834969,1.970408232650685e-06
26,disk,400,397,20.97617696340303,0.10346294210622364,0.23176893810193563,1376.3604497381702,0.25381375269708034,0.00018440936220258595,3.4947070695068936,1.8447877645194101e-06
27,rhombus,4,4,2.0,-0.04246863028658998,-0.012136025456421645,13.798672970889179,0.044168627693171335,0.0032009330017714836,0.029729253181640714,0.00015613826731463424
27,disk,4,7,2.8284271247461903,0.0014365309519193126,-0.12519334384151412,24.47918947887605,0.12520158530703757,0.00511461318664486,0.049874769845234,8.323133041269482e-05
27,rhombus,16,16,4.0,0.04064146153238557,0.07533732486494865,55.751838265377955,0.08560047262308303,0.0015353838597325885,0.12681038543735057,4.0797771318766516e-05
27,disk,16,19,4.69041575982343,-0.13032194166386502,0.13577262290581993,65.95767588645525,0.18819674176182172,0.0028532955297848645,0.15271726462429108,3.510406807889111e-05
27,rhombus,49,49,7.0,-0.033714044762318096,-0.08247333076430838,169.1891940819072,0.08909818798154429,0.0005266186677289238,0.43531447272576773,1.5207501319134953e-05
27,disk,49,55,7.615773105863909,-0.12094095291528006,0.4473354497109603,190.53102038124263,0.4633958552470696,0.0024321281349348714,0.47695598877929063,1.313853431386451e-05
27,rhombus,100,100,10.0,-0.08413785558252407,0.056742840592891364,346.1019999760716,0.10148363760023561,0.0002932188707584812,0.7828827563934234,6.5356458324649796e-06
27,disk,100,97,10.488088481701515,0.13225081691568752,-0.16237301693532374,335.355244428565,0.2094165112963771,0.0006244617156747209,0.8852598377698557,7.871555409528088e-06
27,rhombus,225,225,15.0,0.06760802286607825,0.005470866899757704,778.6443157216893,0.06782901400208487,8.711167940552845e-05,2.0751508090375856,3.4227204448233413e-06
27,disk,225,223,15.748015748023622,-0.2324752694769039,0.07064885812874516,772.6357337982777,0.24297327440122843,0.0003144732553421671,1.9585476738620753,3.280836343871213e-06
27,rhombus,400,400,20.0,-0.03744044091656473,0.028845127081090244,1385.1153718264566,0.04726338934472453,3.412234843831207e-05,3.701865813386019,1.9295177325415233e-06
27,disk,400,397,20.97617696340303,-0.1880699928842522,-0.13364213128971186,1374.6200802492979,0.23071744944658878,0.000167840884009745,3.8118426212716896,2.0172958461187715e-06
28,rhombus,4,4,2.0,0.010343256037010029,-0.09269135706524195,13.835287674253529,0.09326666403406592,0.006741216101175001,0.06426866983835991,0.0003357553363830824
28,disk,4,7,2.8284271247461903,-0.05210352890255532,0.040976097467850345,24.40339070183588,0.06628588302040027,0.002716257090266294,0.09980428768042429,0.00016759029027288202
28,rhombus,16,16,4.0,0.10559314026885236,0.1186348784818976,55.250260611334845,0.15882111214902173,0.002874576705914014,0.18378545748060565,6.020637535849349e-05
28,disk,16,19,4.69041575982343,-0.002214036270070441,0.17051428259297036,65.61159287705081,0.17052865602238393,0.0025990628872848216,0.2268664022651891,5.269980655641505e-05
28,rhombus,49,49,7.0,0.059376754524938846,-0.11818339593946003,169.79697987719618,0.13226078048196308,0.0007789348230906065,0.5891327916394669,2.0433994585421053e-05
28,disk,49,55,7.615773105863909,-0.059808086400019445,-0.003754577491130881,190.69317152865824,0.05992582123733556,0.00031425258050380496,0.6298383622311199,1.7320436214859532e-05
28,rhombus,100,100,10.0,-0.01721776971913691,-0.022882953964781655,346.5936950886889,0.02863705949037967,8.26242943716902e-05,1.1531966773406364,9.599797367925712e-06
28,disk,100,97,10.488088481701515,0.3229682554350588,0.00880742617226099,335.5568027426946,0.32308832348840033,0.0009628424184746597,1.053188753668051,9.353499287955979e-06
28,rhombus,225,225,15.0,0.09182294454793061,-0.0593099638504046,779.1405119036218,0.10931205312036106,0.00014029825358879907,2.343481613152041,3.860379295685099e-06
28,disk,225,223,15.748015748023622,-0.4086741131697442,0.008032317079503581,772.5298545605956,0.40875304144769686,0.0005291097024077989,2.2537786111465934,3.776423655590197e-06
28,rhombus,400,400,20.0,0.14044446005128375,0.019326056162436073,1386.5524387018809,0.1417679188176587,0.00010224490243613489,3.9923634712885603,2.076622117543154e-06
28,disk,400,397,20.97617696340303,-0.2895435110133673,-0.23395139195699394,1376.1267555815414,0.3722481679855026,0.0002705042732987145,3.960993054902861,2.0916412752802293e-06
29,rhombus,4,4,2.0,0.09852707914159664,0.07549766276016218,14.040954398469953,0.124126880273459,0.008840344947419325,0.06771240353951695,0.0003434590561997669
29,disk,4,7,2.8284271247461903,-0.07656293173827633,0.014174641361678675,24.231893580279763,0.07786400307004626,0.0032132859453217893,0.0881236181002694,0.00015007820048783572
29,rhombus,16,16,4.0,-0.0088019265246424,0.06032836949130124,55.53105142410001,0.06096709010625462,0.0010978918738750083,0.20082100060936003,6.512344008801217e-05
29,disk,16,19,4.69041575982343,0.05623595134833215,-0.08584819575612282,66.22706473522035,0.10262745704066512,0.0015496301617922467,0.2155391490049116,4.91422627695346e-05
29,rhombus,49,49,7.0,-0.04131008836196992,0.022870460079589344,170.2851470511148,0.04721844284520459,0.00027729043702813934,0.519597085737614,1.7918975230618236e-05
29,disk,49,55,7.615773105863909,0.2436328848603213,-0.11487789228599626,191.1687870292721,0.26935833516235497,0.001409007920948467,0.5967153830118436,1.6328010266103025e-05
29,rhombus,100,100,10.0,0.15292938721795446,0.02425793687030342,347.1616398076351,0.15484135421799528,0.00044602092069790327,0.8748625959921292,7.258993155053283e-06
29,disk,100,97,10.488088481701515,0.037675118774062266,0.3359061934872437,336.3042421537133,0.3380124042069008,0.0010050792164923296,0.9716159152873131,8.590727215084989e-06
29,rhombus,225,225,15.0,-0.11339025413048898,-0.09223886577819118,779.396038134701,0.14616893682251383,0.00018754128795975717,2.0400357439846055,3.358314690367583e-06
29,disk,225,223,15.748015748023622,-0.07347651402098743,0.11526302024461708,772.90748664544,0.13669075297395714,0.0001768526703851971,1.9082074821042332,3.1942622302597685e-06
29,rhombus,400,400,20.0,0.03660130542125506,-0.10999579031926668,1385.7306939293017,0.11592553405742877,8.365661132085968e-05,3.632851514027433,1.8918642644604467e-06
29,disk,400,397,20.97617696340303,0.40000137966461446,0.19512084882100544,1374.1719308452693,0.44505420948264796,0.00032387083413127927,3.504732619303562,1.8559776585798357e-06
30,rhombus,4,4,2.0,-0.019713519051703265,0.026364769091394874,14.012304143102089,0.032919961765537305,0.0023493610636294237,0.029515360582514635,0.00015032422817252245
30,disk,4,7,2.8284271247461903,-0.05893902915395666,0.005209546678309557,24.47703270892557,0.059168813865113426,0.002417319720438886,0.038461749447524236,6.419652173914705e-05
30,rhombus,16,16,4.0,-0.03192330009961175,0.05254011187998574,56.018014176551425,0.061478129815498536,0.0010974707104350132,0.09722922291052,3.098427913043431e-05
30,disk,16,19,4.69041575982343,0.07745185174394953,-0.008349651670242805,66.14924529140474,0.07790061631066295,0.001177649358922998,0.12941109550997468,2.957479387602795e-05
30,rhombus,49,49,7.0,-0.06783803565008206,-0.04304820572564355,169.46293269089006,0.08034393005734244,0.00047410916819133717,0.3951358528563427,1.3759320962098713e-05
30,disk,49,55,7.615773105863909,-0.23626584260619277,0.13090460850567887,190.51303407633975,0.27010658065000803,0.001417785307758915,0.4340725121096581,1.1959496543020515e-05
30,rhombus,100,100,10.0,-0.013057950912004568,0.14529311515052007,346.59599538072575,0.1458787146644863,0.0004208897869816491,0.9023323273015185,7.511374852480727e-06
30,disk,100,97,10.488088481701515,-0.43074078071403665,-0.13731852938533384,336.0402352269884,0.45209954510338607,0.001345373255074655,0.9211272569106931,8.15712417437489e-06
30,rhombus,225,225,15.0,0.026437288061989417,-0.21510337460811985,778.4358192245458,0.2167219231362479,0.00027840692550882326,2.4468657232766753,4.037983260234443e-06
30,disk,225,223,15.748015748023622,-0.03836845602354,0.1732722837106543,771.6765441811572,0.17746949799877104,0.00022997912705392362,2.263803003603403,3.8016141238083848e-06
30,rhombus,400,400,20.0,0.05195951116042652,0.0076386439506979514,1384.6280110090534,0.05251799388244016,3.792931636863785e-05,4.264805520539635,2.224503049333622e-06
30,disk,400,397,20.97617696340303,-0.47904676166457927,-0.6143758873625798,1375.2766498021101,0.7790658064848421,0.0005664793382458305,4.193714202642577,2.2172705652469412e-06
31,rhombus,4,4,2.0,0.010370064439157112,0.04345453290833351,13.9062126932227,0.04467476543591148,0.0032125760206216367,0.015385487990611244,7.955977393912408e-05
31,disk,4,7,2.8284271247461903,-0.01997307451868302,0.01656610113916457,24.332937124889877,0.025949169787912188,0.0010664216019104856,0.04609809126853079,7.785632059260988e-05
31,rhombus,16,16,4.0,-0.0077124649480802,-0.02009723729058846,55.28976799419798,0.021526287703400815,0.00038933582983491176,0.13817619817639507,4.520054841081555e-05
31,disk,16,19,4.69041575982343,0.19261303260400453,-0.1040169432451046,65.77516021953325,0.21890478480601247,0.0033280768009593432,0.15027301773130286,3.473419023731245e-05
31,rhombus,49,49,7.0,0.05053996480963807,0.04253245506270098,169.29341262637365,0.06605526305011686,0.00039018212241901686,0.49092776503987057,1.71292155967627e-05
31,disk,49,55,7.615773105863909,0.12111342812659709,-0.006170547287610066,190.3203008153777,0.12127051631128248,0.000637191701524906,0.5791670284668949,1.5989452710960705e-05
31,rhombus,100,100,10.0,-0.02631654361674185,0.027359893687361747,346.09833907692837,0.03796214233306141,0.00010968599974882701,1.0558774818496341,8.814841299427419e-06
31,disk,100,97,10.488088481701515,0.3690286100088427,0.33932187412505876,335.56336476718434,0.5013197076365548,0.0014939643604550605,1.0188425380334878,9.04811242195261e-06
31,rhombus,225,225,15.0,0.010529104999816408,-0.13124879693032618,779.027042258782,0.13167045510574935,0.0001690191071210725,2.090320099970783,3.444353595917535e-06
31,disk,225,223,15.748015748023622,-0.2288785403258835,-0.3675101751088787,772.3942370398756,0.43295394100327317,0.0005605349188809671,2.256789161047442,3.782796144821045e-06
31,rhombus,400,400,20.0,-0.05611731895942551,-0.12675259697336982,1384.5436630914935,0.13861953082696327,0.00010011929166426224,4.057126823267158,2.1164366386197027e-06
31,disk,400,397,20.97617696340303,-0.2998226040803882,-0.11387402600704165,1375.329339779533,0.32071932856720314,0.0002331945660510775,3.908587416149358,2.066362033812231e-06
32,rhombus,4,4,2.0,0.05762277543804517,0.03965583071144304,13.870640500346184,0.06994976167649188,0.005043008769115317,0.009882395535527394,5.1365225678632574e-05
32,disk,4,7,2.8284271247461903,0.009864806525901049,-0.04138700425831039,24.377271808210654,0.04254642792610048,0.0017453318099267434,0.02481749743991905,4.176262477679666e-05
32,rhombus,16,16,4.0,0.048100241676434674,0.05103251619046456,55.60012792450489,0.0701281039103543,0.0012612939309344005,0.12735376137125032,4.1196488064182266e-05
32,disk,16,19,4.69041575982343,0.00395085340330148,0.04207137226730556,66.22555492107567,0.04225647414383489,0.0006380690081675277,0.1267626228976119,2.8902805788876808e-05
32,rhombus,49,49,7.0,-0.11137212888770742,0.02183580968995677,170.11134817768317,0.11349252696894242,0.0006671661131648797,0.43918101490331185,1.5176687264241233e-05
32,disk,49,55,7.615773105863909,-0.1482387452014602,-0.0534826319483544,190.77703694757676,0.15759161620792705,0.0008260512833692419,0.5399556868151503,1.4835627523236976e-05
32,rhombus,100,100,10.0,0.01891884685714862,0.07596425088260778,346.60977670699947,0.07828467396981365,0.00022585823952678123,1.0430417619468342,8.682005971708853e-06
32,disk,100,97,10.488088481701515,-0.07279888038013205,-0.2515693875892493,336.4414171985949,0.26189088139267225,0.0007784145114276555,1.0285518194953107,9.086722585504497e-06
32,rhombus,225,225,15.0,-0.1658706986899965,-0.11169049326577937,778.9850237317069,0.19996963511958687,0.00025670536535046297,2.518440630020611,4.150242760149677e-06
32,disk,225,223,15.748015748023622,0.5149887603411512,0.5624850601988546,772.2998100964987,0.7626289177736605,0.0009874778004650424,2.4151241931231775,4.049184934430656e-06
32,rhombus,400,400,20.0,-0.18116774135146585,-0.0726458615575179,1385.4068331234473,0.1951900912132214,0.00014089008841768064,4.647840597083103,2.421567472373632e-06
32,disk,400,397,20.97617696340303,-0.29260939382811024,-0.1437391190915169,1375.1389807232495,0.3260079626537662,0.00023707273753690225,4.64798492631315,2.457941400877508e-06
33,rhombus,4,4,2.0,-0.03761818239100512,0.015406828155178007,13.648491445378804,0.04065092865121427,0.0029784191765001348,0.010685469672120373,5.73620035798946e-05
33,disk,4,7,2.8284271247461903,-0.07996888236593191,0.09514571148518784,23.64210860361606,0.1242888915425625,0.005257098409722749,0.025890767711125508,4.63204225267223e-05
33,rhombus,16,16,4.0,-0.05678087202240567,0.001253915497592073,54.983750265355184,0.056794715702254486,0.001032936375350162,0.0883341113193202,2.921862183064057e-05
33,disk,16,19,4.69041575982343,0.17594027039878934,-0.03498222831029854,65.52972857357369,0.1793843221843898,0.0027374494918437748,0.07022559526424732,1.635380032992851e-05
33,rhombus,49,49,7.0,-0.0700370533118484,-0.11311879407501191,169.78015382282115,0.13304529457892017,0.0007836327838279811,0.3497806354659956,1.2134500865412251e-05
33,disk,49,55,7.615773105863909,0.03812385032541421,0.41714147529725687,190.50541165391903,0.418879980873766,0.0021987825817500807,0.37026474708256196,1.0202291560115648e-05
33,rhombus,100,100,10.0,-0.06867212329981243,-0.021829159218956423,346.5042573356361,0.07205812036620989,0.00020795738823033242,0.8246439548221906,6.868301159757087e-06
33,disk,100,97,10.488088481701515,0.010046875513676667,-0.04614015359499521,336.2405395976495,0.04722132443459274,0.00014043911686288183,0.8073000520746814,7.140602088370107e-06
33,rhombus,225,225,15.0,-0.043768336688446485,-0.0545740338221975,779.6344809177963,0.06995707586870371,8.973060784375429e-05,2.2233289613413714,3.6578142571694005e-06
33,disk,225,223,15.748015748023622,0.7193558780985563,0.385874421552013,772.319247509861,0.8163160837341413,0.0010569671626935837,2.3370390453856764,3.918070548794928e-06
33,rhombus,400,400,20.0,0.08280746736573041,0.1670643139923399,1385.9204286346046,0.18646061691750793,0.00013453919363985934,4.300067084371873,2.2387141188507404e-06
33,disk,400,397,20.97617696340303,0.3727185855869042,-0.1013770512172836,1375.0342005776868,0.3862595637073782,0.0002809090592401998,4.192905104159557,2.2176246111460308e-06
34,rhombus,4,4,2.0,0.022386277092431683,0.0736023884044286,13.91617045483101,0.0769315083752782,0.00552820969137895,0.010015255123768487,5.171571548227073e-05
34,disk,4,7,2.8284271247461903,-0.03887912225689094,0.1499410408805269,24.292148701833348,0.15489965102543682,0.006376531484584005,0.05291348565101448,8.96673860443091e-05
34,rhombus,16,16,4.0,-0.04110153879741407,-0.14556327285690854,55.48075488839995,0.15125476156581036,0.002726256372503595,0.12589283249529268,4.089933830561308e-05
34,disk,16,19,4.69041575982343,-0.0909303914617503,-0.07497268927052333,65.5342246509396,0.11785262079326704,0.001798336997515348,0.22568530999956563,5.2549303039132024e-05
34,rhombus,49,49,7.0,-0.0022517324748316803,0.008860943443766756,169.7020281580369,0.009142571730746478,5.387426320109949e-05,0.5497194388828264,1.908829020428874e-05
34,disk,49,55,7.615773105863909,-0.15089054757748244,0.17028286095821243,190.51384994320682,0.22751749401825433,0.0011942307296087843,0.5530477290312925,1.523735221488205e-05
34,rhombus,100,100,10.0,0.049858195395979354,0.08496556193818494,346.7485520480383,0.09851388919139878,0.0002841075719265029,0.9949417725940941,8.275006672534737e-06
34,disk,100,97,10.488088481701515,-0.09558934150300491,-0.0014460034662645838,336.3619727140987,0.09560027790232906,0.0002842184481525427,0.964009813090679,8.520550857797878e-06
34,rhombus,225,225,15.0,0.008338816125241344,0.005407994228070617,778.4401349332569,0.009938926297212903,1.2767746485816872e-05,2.071144661042977,3.4179050607643143e-06
34,disk,225,223,15.748015748023622,-0.16195402471864195,-0.39883406794732174,772.8006035944668,0.43046221655097133,0.0005570158907081545,1.9384389468751564,3.245766113275988e-06
34,rhombus,400,400,20.0,0.003457054681738292,-0.04219421902841193,1386.2886285249272,0.04233560376905151,3.05388090891999e-05,3.784028175404797,1.9690060012913355e-06
34,disk,400,397,20.97617696340303,-0.031570556731248534,-0.08417414949562248,1375.0498544685188,0.08989987483657796,6.537935664254578e-05,3.9263185736425843,2.0765798980848306e-06
35,rhombus,4,4,2.0,0.06879157139030267,0.1012478886910175,13.735111687172928,0.12240676149108667,0.008911959675246108,0.04352837089114864,0.00023073210218233007
35,disk,4,7,2.8284271247461903,-0.13131727793255,-0.11183132814176633,23.932789544627692,0.17248325552808308,0.007206985011356573,0.0926643005549124,0.00016178036403873935
35,rhombus,16,16,4.0,-0.08043683710010496,-0.08558427322753938,55.29093381900539,0.11745106464632381,0.00212423731222915,0.18113877400346606,5.925207641129886e-05
35,disk,16,19,4.69041575982343,-0.022047272839190946,-0.002917383292765155,65.79930667806657,0.022239455139967616,0.0003379892017521953,0.21072813914466243,4.8672078976202366e-05
35,rhombus,49,49,7.0,-0.03361331327805184,0.05624704536439673,170.24790006453995,0.06552545262531927,0.000384882589450319,0.49800307894971435,1.71817937028064e-05
35,disk,49,55,7.615773105863909,-0.007744948557276032,0.129285786992203,190.85288764633444,0.12951756230854616,0.0006786251122830926,0.5362885989410721,1.4723162102225809e-05
35,rhombus,100,100,10.0,-0.04091857699979107,0.009623794692648013,347.35291121816624,0.042035073069688726,0.00012101546211969773,0.9877893154619551,8.186955655078414e-06
35,disk,100,97,10.488088481701515,-0.3487209363672985,0.11487231224981645,337.1229247124147,0.3671538363990015,0.0010890800046072361,0.8779704678399064,7.725086229622351e-06
35,rhombus,225,225,15.0,0.02689604721327754,-0.001359816288970972,779.8323061665842,0.02693040022054268,3.453357857527633e-05,2.037453940071098,3.350312780495994e-06
35,disk,225,223,15.748015748023622,-0.2017751012147313,-0.24789877300896423,772.8622830298343,0.3196357194206634,0.0004135739658139388,2.00542580494195,3.3573944789083716e-06
35,rhombus,400,400,20.0,-0.03452222642154723,-0.04143913977558486,1384.514506520471,0.05393502037119327,3.895590845540613e-05,3.707848336885843,1.934313846908361e-06
35,disk,400,397,20.97617696340303,0.197406364252104,0.34803421383261457,1374.9286124317146,0.40012133990243565,0.00029101244696244736,3.7379762659672426,1.9773167256492432e-06
36,rhombus,4,4,2.0,-0.04310365910946157,-0.037809161856657475,13.967700827084936,0.057336359746042405,0.004104924672703526,0.039444720271409814,0.00020218039088150706
36,disk,4,7,2.8284271247461903,0.14884587403261929,-0.08795439466712894,24.471326567133914,0.1728903402674523,0.007065017084102493,0.05063230538114964,8.454981792597058e-05
36,rhombus,16,16,4.0,0.057147897879965104,-0.03185838316909399,55.48948231053882,0.06542811941549086,0.0011791084849076786,0.14736963742027065,4.7861540046504154e-05
36,disk,16,19,4.69041575982343,-0.017199408295966556,0.09539897753318839,66.45105870720765,0.0969370133649121,0.0014587730466722839,0.17007544066014815,3.851570003724606e-05
36,rhombus,49,49,7.0,-0.1521359440082679,0.024658816392536143,170.02671565108187,0.15412138944730427,0.0009064539584684003,0.47981050555083965,1.6597222691953132e-05
36,disk,49,55,7.615773105863909,0.24248629243173658,0.28881388978287775,190.52243124568312,0.37711147549339563,0.0019793547301897568,0.6281743487206589,1.7305652086690164e-05
36,rhombus,100,100,10.0,0.04473271134312107,0.14661366576069418,346.3045713733283,0.1532859499494182,0.00044263334249830224,1.0925513794544368,9.110147755819474e-06
36,disk,100,97,10.488088481701515,-0.16655771201068603,0.221148596706026,336.16650743042965,0.2768540649065481,0.0008235623085201122,1.1382221831172525,1.0072056683158018e-05
36,rhombus,225,225,15.0,0.004655877828166233,0.007761010318354564,779.7389254271604,0.009050440846302235,1.1607014285382992e-05,2.1638718340645333,3.5590419214751623e-06
36,disk,225,223,15.748015748023622,-0.07671510256124892,-0.3063710335235754,772.9999335230327,0.3158297280866491,0.00040857665620645036,2.0076477601321714,3.359917435709842e-06
36,rhombus,400,400,20.0,-0.02075239284445063,0.038111536896686296,1385.112229206226,0.04339528837786294,3.13297994652258e-05,3.6270418566155396,1.8905259371239625e-06
36,disk,400,397,20.97617696340303,-0.042365833596654134,0.038240714326555736,1375.6565727312911,0.057072025446313304,4.1487117190157356e-05,3.6901122387364884,1.949932244210879e-06
37,rhombus,4,4,2.0,0.00890911314146603,-0.08281158463075669,13.75435597407131,0.0832894401831614,0.006055495461959285,0.029219570756303034,0.00015445192008080544
37,disk,4,7,2.8284271247461903,-0.04683471982365539,0.06466702627150589,24.277695539055113,0.07984557137224288,0.0032888447440901744,0.04162483915406762,7.06216153122617e-05
37,rhombus,16,16,4.0,-0.07340477417378777,-0.0037142663322434627,55.27747074281629,0.07349868465415975,0.0013296318313136902,0.10266644366136275,3.359945180350818e-05
37,disk,16,19,4.69041575982343,0.14488764809983223,0.044754324667530515,65.79484285030499,0.15164227691625956,0.002304774513426118,0.14281311777370068,3.2990157769756814e-05
37,rhombus,49,49,7.0,-0.059980521486863836,-0.010445688172005228,169.57439777475687,0.060883292940041474,0.0003590358788766677,0.3585677817492784,1.2469547609035488e-05
37,disk,49,55,7.615773105863909,0.07909520334685327,0.03741969641953047,190.56851546562174,0.0875001992718296,0.00045915349163547686,0.4110144130956272,1.131761066999001e-05
37,rhombus,100,100,10.0,-0.007350375642552809,0.07710747577500529,346.5540423633226,0.07745702577868363,0.00022350634045549157,0.8598526707068916,7.159490324089215e-06
37,disk,100,97,10.488088481701515,-0.1504768999237447,-0.10060391625802323,336.21434744741504,0.18100951736610985,0.0005383753511423848,0.8146380861868798,7.206630008093467e-06
37,rhombus,225,225,15.0,-0.060507336710099224,-0.07295948649896541,780.0848984347399,0.09478514897357095,0.00012150619652266022,1.9994305304971156,3.2856596793676683e-06
37,disk,225,223,15.748015748023622,0.11998450570111441,0.19319196265198937,772.7672843238197,0.227419031836978,0.0002942917440351687,2.001690169928281,3.351964428362137e-06
37,rhombus,400,400,20.0,-0.08137258840123307,-0.011584188533537092,1384.8952394767061,0.0821930141015465,5.934962570353249e-05,3.7992620331651725,1.9809130033924937e-06
37,disk,400,397,20.97617696340303,0.2070629437653153,0.029771452611572602,1374.6327761043685,0.2091922610216765,0.0001521804693283362,3.773426890258085,1.996928661554814e-06
38,rhombus,4,4,2.0,0.09874173390347796,0.005764608414837044,13.980225349185387,0.09890986161370188,0.0070749833527873176,0.026888138552094702,0.00013757274203202055
38,disk,4,7,2.8284271247461903,0.011363263091131781,-0.015644807095662766,24.486307654216773,0.01933607346745398,0.0007896688116684724,0.045890527125260316,7.653788246626002e-05
38,rhombus,16,16,4.0,-0.0695628376721178,-0.06615408939016684,55.66590184846336,0.09599662456586479,0.001724513955189154,0.1108385568464734,3.57694583268338e-05
38,disk,16,19,4.69041575982343,-0.03568838299404442,0.08214057929850385,66.04978912473132,0.08955855876589014,0.0013559249764865083,0.10783490882042462,2.471818080706855e-05
38,rhombus,49,49,7.0,0.08476183028165218,-0.05508856285185565,169.26198512856203,0.10109064066360673,0.0005972436196280215,0.37570966796817973,1.3113949612143493e-05
38,disk,49,55,7.615773105863909,-0.0027142846789218744,0.15924729178657032,190.01273102458285,0.15927042187008641,0.0008382092137262152,0.44447783569410226,1.231075559159559e-05
38,rhombus,100,100,10.0,0.17570544005325983,0.09176878330033857,346.19121468182414,0.19822691858759794,0.0005725937290747931,0.8266439009364297,6.897415373736805e-06
38,disk,100,97,10.488088481701515,0.37000943248208085,-0.04769579579569401,335.9659622207978,0.3730708633253153,0.0011104424414284328,0.8798620779103153,7.795142167902175e-06
38,rhombus,225,225,15.0,0.15569717586543863,-0.045848919498375135,779.5526565488992,0.16230752906640472,0.00020820598544932752,2.18398440695747,3.593839035385904e-06
38,disk,225,223,15.748015748023622,0.43990696378765115,-0.5407194324237301,773.1345485355461,0.6970621503062052,0.0009016052272228224,2.2297166655001455,3.7302635658705283e-06
38,rhombus,400,400,20.0,-0.05828099616526217,-0.030552178688315862,1386.056341743345,0.06580357236972842,4.747539503838814e-05,3.939038241792664,2.0503520115171475e-06
38,disk,400,397,20.97617696340303,-0.1582175038171103,0.5053607907729389,1375.9745929569197,0.5295491548145153,0.00038485387559121514,3.765148231902455,1.988663254586803e-06
39,rhombus,4,4,2.0,0.17847336178332407,0.009963811827186371,13.958555991670321,0.17875127527480428,0.012805857237773947,0.03843972897467356,0.00019728739163861077
39,disk,4,7,2.8284271247461903,0.08527658499960733,0.1078487701787369,24.298703645946325,0.13748982936297965,0.005658319528742293,0.07370366947418618,0.0001248311300377613
39,rhombus,16,16,4.0,-0.15732333305714974,0.047040583836907734,55.67577733612522,0.16420550432895972,0.0029493167798559858,0.18277046611800207,5.8962167586715815e-05
39,disk,16,19,4.69041575982343,-0.1759476853289148,-0.023203654345773914,65.57069456864508,0.17747111750254174,0.002706561500835554,0.1912312694630015,4.447739468259748e-05
39,rhombus,49,49,7.0,0.09430324853828109,-0.08547149376847397,169.05844708636238,0.12727324515343788,0.0007528357638847895,0.4652056716688977,1.6276883315052895e-05
39,disk,49,55,7.615773105863909,-0.09753514287323872,-0.08845326564396921,189.99664535470092,0.1316703622626811,0.0006930141425227185,0.5256930948820888,1.4562649824864856e-05
39,rhombus,100,100,10.0,0.04799943814525731,0.005073494408375651,345.91823284717395,0.048266825126293544,0.00013953246907230166,1.0956521464387003,9.156421713365924e-06
39,disk,100,97,10.488088481701515,-0.02257061564386742,-0.31353426247093164,335.6482744485589,0.3143456162152325,0.0009365327938350798,0.9919885316683152,8.805171386946921e-06
39,rhombus,225,225,15.0,0.08005658691113426,0.011548499262552955,778.9597166984688,0.08088525788471704,0.00010383753633312375,2.1533898393028204,3.5488910058059793e-06
39,disk,225,223,15.748015748023622,-0.1831458619909374,-0.2171053890538074,772.3837508462636,0.2840372453052743,0.0003677410937167805,2.2396163791035737,3.7541133179211434e-06
39,rhombus,400,400,20.0,0.150206009044779,0.1331924571691654,1385.5203013996706,0.20075376908023468,0.00014489413751457168,3.731713025058479,1.9439381862373657e-06
39,disk,400,397,20.97617696340303,-0.39510923032947076,-0.05793122735790582,1375.29252462973,0.39933360864663037,0.0002903626693922029,3.791998761446325,2.0048321677888233e-06
40,rhombus,4,4,2.0,0.1339863993587489,0.11464200859375501,13.704348344935422,0.17633815624399826,0.012867314213387299,0.09724187112685487,0.000517769576755148
40,disk,4,7,2.8284271247461903,-0.047673172504353545,-0.18833135830370518,24.274406373081845,0.19427154165535526,0.008003142843929032,0.13512036514446338,0.00022931030605797322
40,rhombus,16,16,4.0,0.07143296143189692,0.051044976981129406,55.59914158080599,0.0877966836158115,0.0015791014235032863,0.29437538336778035,9.522814341121066e-05
40,disk,16,19,4.69041575982343,0.09732816231662067,-0.031446007959211986,65.99266053270595,0.1022820736810771,0.0015499007443469583,0.3127697727696589,7.181803188835514e-05
40,rhombus,49,49,7.0,0.062417204749046995,0.09468831613138529,169.41367525867898,0.11340980848445875,0.0006694253478138201,0.621689341446221,2.1660899800487947e-05
40,disk,49,55,7.615773105863909,0.020764078214314363,-0.019986948266109708,190.1476412667267,0.028820566356029684,0.00015156941292583312,0.6728820348973352,1.8610457452986095e-05
40,rhombus,100,100,10.0,-0.027552029178869564,-0.03711733058247296,345.78628464300147,0.046225648091096166,0.00013368271138579338,1.1557042805563635,9.66565289868612e-06
40,disk,100,97,10.488088481701515,-0.15929823218155237,0.18080240141925868,335.49016048231607,0.2409677055854965,0.0007182556568546459,1.0063903455921195,8.94142806953008e-06
40,rhombus,225,225,15.0,0.06803243048295338,0.058075359255218784,778.9578336213369,0.0894491975930506,0.00011483188656978472,2.3122832586778657,3.810773499974397e-06
40,disk,225,223,15.748015748023622,-0.0031712895685234166,0.12072629455332173,772.2436974188339,0.12076793976094329,0.0001563857887925806,2.344544956782765,3.93142341283347e-06
40,rhombus,400,400,20.0,0.06307668684696344,0.15789070338315864,1387.2484430116654,0.17002394724984618,0.0001225620025788102,4.195491619136369,2.1800897136560685e-06
40,disk,400,397,20.97617696340303,0.08251096242974088,0.09104224511430292,1375.285381279954,0.1228688297190745,8.934060624182788e-05,4.390927806651484,2.3215104526888126e-06
41,rhombus,4,4,2.0,-0.06779830315609958,-0.10850941412973489,13.617768199267097,0.12794882909047933,0.009395726760671803,0.03870352205472332,0.00020870776783617169
41,disk,4,7,2.8284271247461903,-0.06980898833646743,0.0355702174028385,24.06465128633134,0.07834880483227705,0.003255763148198161,0.04511054275592084,7.789667256999216e-05
41,rhombus,16,16,4.0,0.2000256245583505,-0.10882632406538303,54.81226581281115,0.22771345873606583,0.00415442520682739,0.18627545295940934,6.200120323490707e-05
41,disk,16,19,4.69041575982343,0.11738773605695219,-0.01835399384921886,65.6958696559279,0.11881392875750653,0.00180854488082396,0.21810056320970034,5.053364848145486e-05
41,rhombus,49,49,7.0,0.0014311494495338195,0.0745198779255385,169.63004230370163,0.07453361922504544,0.00043938926273214153,0.553889543844823,1.924941900496119e-05
41,disk,49,55,7.615773105863909,-0.23082048204784744,0.07126012035681123,190.30886508174933,0.2415700719999642,0.0012693579560584054,0.6195425607470214,1.710618276711468e-05
41,rhombus,100,100,10.0,0.10308715443711414,-0.057950326043153616,346.675542292775,0.11825904489065193,0.00034112312656535664,1.0374296853479656,8.632016537732294e-06
41,disk,100,97,10.488088481701515,0.13028916981905825,-0.1556934146698252,335.30409166703345,0.20301651938620546,0.0006054698538776158,1.1088106001567217,9.86233301374316e-06
41,rhombus,225,225,15.0,-0.0015538969272079761,0.0930181205164134,780.3895492910073,0.09303109877920605,0.00011921110279311898,2.3568338036840486,3.869956370738151e-06
41,disk,225,223,15.748015748023622,0.03627535252093583,-0.27783349361680537,773.1752221655814,0.28019163330805863,0.00036239085950435883,2.1706043216384563,3.630987950775145e-06
41,rhombus,400,400,20.0,0.013620768572476738,-0.07565914409314116,1385.8189772363733,0.0768754279429498,5.547292193693021e-05,3.8976587926462996,2.029508194400085e-06
41,disk,400,397,20.97617696340303,0.2745029853083416,0.2080657596476536,1375.4241290628688,0.344446293754116,0.00025042914870833404,3.7768586903052888,1.996445496669328e-06
42,rhombus,4,4,2.0,0.11462628613997827,0.09444368669793468,14.029890940943229,0.1485220368542723,0.01058611485145922,0.019905857941709737,0.00010112820766801057
42,disk,4,7,2.8284271247461903,-0.07981388383598542,-0.08962385948035469,24.422670676045225,0.12001121714714229,0.004913926848502048,0.05648432024389064,9.469817293527677e-05
42,rhombus,16,16,4.0,-0.08864041544442314,-0.028851237501285543,55.99187203518268,0.0932175796484521,0.0016648412753529393,0.09239538174421777,2.9471367515278863e-05
42,disk,16,19,4.69041575982343,0.09150580478983983,0.03129883111956261,66.33208549367899,0.09671054306375895,0.001457975312309076,0.1604759690995612,3.647226237110284e-05
42,rhombus,49,49,7.0,-0.12022036636748412,-0.07106644083906002,169.24411320277437,0.13965448615445092,0.0008251659895970999,0.45247774263524665,1.579683485490274e-05
42,disk,49,55,7.615773105863909,0.27807979608427447,0.532368690990868,190.37419991602823,0.6006203427603847,0.0031549461167811135,0.45469451537567074,1.2545949451357473e-05
42,rhombus,100,100,10.0,0.10913004907335555,-0.026616741549855577,346.2226603747235,0.11232906365444696,0.00032444168597419663,0.972125486287793,8.109822536865674e-06
42,disk,100,97,10.488088481701515,0.1371945257331455,0.08238592254263438,335.1655991603717,0.1600305537212931,0.0004774671210953272,0.8948290682614386,7.96564980639373e-06
42,rhombus,225,225,15.0,-0.009651628402994827,0.0664497157477117,779.4359864032721,0.06714699288710688,8.614818158057912e-05,1.9762535077829821,3.2529826532357306e-06
42,disk,225,223,15.748015748023622,-0.10849267711379795,0.31249663907553515,772.3493317433833,0.3307942115890544,0.00042829610642941855,2.007747043912231,3.365746825979093e-06
42,rhombus,400,400,20.0,0.032494593106036085,0.019975581740197285,1386.714519085247,0.038143445662212415,2.7506343329681095e-05,3.614868125831818,1.8798289474435275e-06
42,disk,400,397,20.97617696340303,0.6340469082898355,-0.31887816469650976,1374.6043092003774,0.7097173844792823,0.0005163066780229526,3.5967408799373617,1.9035038037656917e-06
43,rhombus,4,4,2.0,0.08511905981671752,-0.040847604726210726,13.77472105862849,0.09441282304830573,0.0068540642417702895,0.03477770708766506,0.0001832885431369499
43,disk,4,7,2.8284271247461903,0.024284844588141397,-0.06818499660386022,24.122028057393187,0.07238057362675852,0.0030006006731500556,0.03567130629127614,6.130436199930176e-05
43,rhombus,16,16,4.0,0.02957834355669542,0.05520219398452894,55.1226104915393,0.06262715567757703,0.0011361427755165838,0.07989086051637345,2.6292842851195492e-05
43,disk,16,19,4.69041575982343,-0.045704686315668486,0.034295207210136014,65.74300923419744,0.057140874939047084,0.000869155148275814,0.12422514493002071,2.8741561157548033e-05
43,rhombus,49,49,7.0,0.21145669141927392,-0.026664757065743533,169.8892686783912,0.21313127789079,0.00125453055127489,0.31331746860421433,1.0855572080489426e-05
43,disk,49,55,7.615773105863909,0.026603550234943096,0.08441824442703702,190.4365257017016,0.08851095343089525,0.0004647792911825023,0.38237097406468906,1.054349066983817e-05
43,rhombus,100,100,10.0,0.0187986964251583,-0.1355527792998969,346.05618521193134,0.1368500893796267,0.0003954562733673352,0.9501140593498495,7.933823097499726e-06
43,disk,100,97,10.488088481701515,0.3823512758596168,0.04458189527356196,335.7720011531809,0.38494161055627596,0.001146437491018388,0.859780629352428,7.626033316819839e-06
43,rhombus,225,225,15.0,0.01778503537144971,0.027294040419442167,779.3289554908222,0.03257717184750481,4.1801567384324475e-05,2.112001315065713,3.477383261587957e-06
43,disk,225,223,15.748015748023622,-0.19586664877583537,0.23417765099762003,772.6641987097516,0.30529152678946003,0.00039511540368928315,2.0512872513323543,3.435934699815247e-06
43,rhombus,400,400,20.0,0.199007284622164,-0.2005400386006862,1385.3500490109436,0.28252470053900014,0.0002039374097115063,3.711246849977842,1.933752076978168e-06
43,disk,400,397,20.97617696340303,-0.21922909837850035,0.12423521080970915,1375.023905268452,0.251983700228374,0.00018325768683939944,3.3918328113493015,1.7939648930856843e-06
44,rhombus,4,4,2.0,-0.05493046206397256,-0.04122314462110598,13.50930274269918,0.0686782594058276,0.005083775285363512,0.007775697260803545,4.260626603618902e-05
44,disk,4,7,2.8284271247461903,0.020069045866959012,0.12489880683251234,24.085611912080502,0.12650090335723035,0.005252135748885911,0.020904349812052234,3.6034731924722254e-05
44,rhombus,16,16,4.0,-0.1443029390677073,-0.05795392840039839,55.200718798106564,0.15550561417716388,0.0028170940082486366,0.061194859320702795,2.0082856027174396e-05
44,disk,16,19,4.69041575982343,-0.06993025541329478,-0.019023589091274495,65.80976325171869,0.07247163282334891,0.0011012291982596706,0.09203533565045055,2.1250734413893294e-05
44,rhombus,49,49,7.0,0.044324565344007194,-0.08885156185285588,169.57453005936856,0.09929384239028641,0.0005855469117651297,0.27788896871106095,9.663847382379647e-06
44,disk,49,55,7.615773105863909,0.09562029398150074,0.058626604691226825,190.60026595276753,0.11216202297894776,0.0005884672952489086,0.38354803564438045,1.0557783651200076e-05
44,rhombus,100,100,10.0,-0.03162243524893338,0.09022892238921375,345.8179409317909,0.09560981563935651,0.000276474422876211,0.7430626281278699,6.213415237096999e-06
44,disk,100,97,10.488088481701515,-0.3076704265079542,-0.3073171827712141,335.395815769602,0.434861980603067,0.001296563523326101,0.7745593494260583,6.8855624250973785e-06
44,rhombus,225,225,15.0,-0.06256496918812626,-0.08253307729037146,779.0144197141606,0.10356681040048311,0.00013294594782787758,2.0881015488838273,3.4408094496530743e-06
44,disk,225,223,15.748015748023622,-0.412144151771233,-0.03310336191163457,772.4357589647523,0.41347144328125224,0.0005352826283384425,1.9116100704264336,3.2038676574512714e-06
44,rhombus,400,400,20.0,0.15622548427525995,-0.09836620639747007,1385.6703044368314,0.1846139553177635,0.00013323079431423258,3.7076946081236697,1.9310082778835588e-06
44,disk,400,397,20.97617696340303,0.380344646753664,-0.3311396090630304,1374.8133597212357,0.5042970265672663,0.000366811264235547,3.617137689182411,1.913716288533259e-06
45,rhombus,4,4,2.0,-0.041776217491427126,-0.06784994050391602,13.854504486547517,0.0796797764446912,0.005751181972769858,0.027841488468698446,0.00014504756908084086
45,disk,4,7,2.8284271247461903,0.18576112342768702,0.08527854123219397,24.2335078138868,0.20440064719028503,0.008434628975717458,0.0697954703306875,0.00011884876469450693
45,rhombus,16,16,4.0,-0.06365220994011933,0.07342142401126288,55.32890045650534,0.09717154590775365,0.0017562529727866412,0.1410076105459428,4.606154213853874e-05
45,disk,16,19,4.69041575982343,-0.13224219657958836,0.007694617769778117,65.6446078849444,0.13246586616490105,0.0020179245551603347,0.17677638052803435,4.102287753555247e-05
45,rhombus,49,49,7.0,0.06741694674049592,0.06345585084871108,170.0271549265429,0.09258342030161086,0.0005445213756685503,0.38261328030225605,1.3234985336482453e-05
45,disk,49,55,7.615773105863909,0.02203694330194894,0.17655958288036822,190.7138962277385,0.17792951744155022,0.0009329656672163942,0.43285717766421544,1.1900903835447274e-05
45,rhombus,100,100,10.0,0.07454173707231115,0.051345506021698864,346.8962837581101,0.09051426160767087,0.00026092600539585556,0.7526138204883835,6.254216262017254e-06
45,disk,100,97,10.488088481701515,0.4567438964392063,-0.15162319207722086,336.7956442946213,0.4812531343380054,0.0014289173345633172,0.8290502933978351,7.30883141980348e-06
45,rhombus,225,225,15.0,-0.0386223786287867,-0.01212865435224797,779.3871468083571,0.04048200078234355,5.194081137740091e-05,1.9266144473955569,3.1716724798314347e-06
45,disk,225,223,15.748015748023622,0.1114540135590687,-0.18564828827411659,772.380279018511,0.2165347179496502,0.0002803472898412269,1.9886241007844212,3.333422368897821e-06
45,rhombus,400,400,20.0,-0.1023234901688066,0.008421232676004045,1386.5844632570456,0.10266943946525305,7.404485062820161e-05,3.6359472932317836,1.8911453963295527e-06
45,disk,400,397,20.97617696340303,0.3241999047174686,0.3228376711519413,1375.6271435027954,0.4575256715569354,0.0003325942452632374,3.67324956272632,1.941104705301654e-06
46,rhombus,4,4,2.0,-0.031869489993501254,-0.022187644686660568,13.943043982834615,0.03883240874820121,0.0027850739620421533,0.01604211638044718,8.251757717141327e-05
46,disk,4,7,2.8284271247461903,-0.021567390138833353,-0.021339610257998944,24.28076798873,0.030340258459082708,0.001249559259129087,0.029543722564489894,5.011184330678251e-05
46,rhombus,16,16,4.0,-0.07244156361142284,-0.01698891291733734,55.08248300667513,0.0744070110982876,0.00135082892122475,0.0882859827145597,2.9098107047203124e-05
46,disk,16,19,4.69041575982343,0.0507012428699225,-0.02099343295003514,65.54968847149725,0.05487568000109419,0.0008371615682804595,0.07402242276168508,1.7227490990017513e-05
46,rhombus,49,49,7.0,-0.1012036572616708,-0.12726117114347543,169.10541380890947,0.16259638963995074,0.0009615090728182482,0.4401080456754108,1.539020075788548e-05
46,disk,49,55,7.615773105863909,0.09206807790283422,-0.09004362839576809,190.3955350687769,0.12878037887581137,0.0006763833974850924,0.511270448555289,1.4103833489036563e-05
46,rhombus,100,100,10.0,0.025208224238753463,-0.11405531759004024,346.5459497255887,0.11680783381193327,0.0003370630472075267,1.0656994723827884,8.873870692610689e-06
46,disk,100,97,10.488088481701515,-0.15727023631730663,-0.04274677657994569,336.11935916991104,0.16297611524170427,0.0004848757169006696,0.9236115335549079,8.175273558028838e-06
46,rhombus,225,225,15.0,0.2140156306963643,0.05551294653525632,780.0192619678853,0.22109811716834862,0.00028345212477259515,2.3915126441998336,3.930628751767937e-06
46,disk,225,223,15.748015748023622,0.3370432032868922,-0.13881549132453241,772.6504573261761,0.36451044088415446,0.0004717662915072547,2.116641092254076,3.5455294023188485e-06
46,rhombus,400,400,20.0,-0.06688419006108415,0.01268970750875592,1386.12348854107,0.06807733511812139,4.9113470539175775e-05,3.918147938841254,2.03928058211802e-06
46,disk,400,397,20.97617696340303,0.24002607889532657,0.09589993627757105,1374.7554402034903,0.2584749820154897,0.00018801524580781468,3.8033310853631885,2.012395043987893e-06
47,rhombus,4,4,2.0,-0.0640371146077241,-0.03367449142487826,14.083085607643733,0.07235138851471332,0.005137467067262865,0.03475248681694216,0.00017522265185045374
47,disk,4,7,2.8284271247461903,0.09865986604443222,0.1853166821323628,24.422637417715777,0.20994294902294885,0.008596243944999147,0.0498682181908937,8.360624668367528e-05
47,rhombus,16,16,4.0,0.022747386246293022,0.06079281884749414,55.90961166323112,0.0649092474495143,0.001160967596063662,0.14664629149546643,4.6913532225214356e-05
47,disk,16,19,4.69041575982343,-0.15536824732967158,-0.1587676656847265,66.09061455935496,0.222140640012743,0.0033611525856404607,0.15380500127688024,3.521201491062594e-05
47,rhombus,49,49,7.0,-0.016889937022683377,0.021142590321201055,170.16748428805658,0.027060655907060995,0.0001590236584872653,0.461250492057127,1.592882297101957e-05
47,disk,49,55,7.615773105863909,-0.10712598112474447,-0.08548444664787906,191.07047972042866,0.13705315191790807,0.0007172910860874065,0.4084280169960002,1.1187378657263795e-05
47,rhombus,100,100,10.0,-0.08526974045479196,0.03514890357589162,347.3093052265151,0.09223000628762264,0.0002655558169611097,0.849561604423706,7.043070537888427e-06
47,disk,100,97,10.488088481701515,-0.2549711211223089,-0.1561605563860572,336.2297018250215,0.2989922941769069,0.0008892500946644701,0.8415500925735034,7.444024968924708e-06
47,rhombus,225,225,15.0,-0.07967487392367767,-0.021316795533546262,779.3940106215575,0.08247721689395775,0.00010582223595506353,1.899430336696958,3.126865796314462e-06
47,disk,225,223,15.748015748023622,-0.04010350050229494,-0.02496874653823747,773.4266252028121,0.04724117966592617,6.108036383352892e-05,2.0505002235415892,3.4278482203917307e-06
47,rhombus,400,400,20.0,-0.01881531081531085,-0.10897947702610679,1385.9060551487576,0.11059178239797246,7.979745956597468e-05,3.665782073164971,1.9085302970344e-06
47,disk,400,397,20.97617696340303,0.008077911542466953,0.4163181076043952,1374.3610476967472,0.41639646897421295,0.00030297458566076215,3.6750099383071024,1.9456147148426583e-06
48,rhombus,4,4,2.0,-0.07869772497666672,-0.05032083841110335,13.783304978430863,0.09341048493022315,0.0067770745170624026,0.03027635823404423,0.00015936645191213521
48,disk,4,7,2.8284271247461903,0.06061502520751283,0.06512718339024903,24.16162569025292,0.08897039562267071,0.0036823017111204735,0.04462319298709478,7.643782814038713e-05
48,rhombus,16,16,4.0,-0.0656565345789959,0.008041952178852813,55.048930927180734,0.0661472110354612,0.00120160755025309,0.072313083142443,2.3862673556345813e-05
48,disk,16,19,4.69041575982343,0.029047950083660456,-0.07024515696035066,65.95321122241245,0.07601424524684258,0.0011525480539605803,0.10582709840337864,2.4329041365564908e-05
48,rhombus,49,49,7.0,0.09936634841941094,0.055251412494939756,169.07047018553533,0.11369428209410426,0.0006724668238595298,0.3259965683414934,1.1404533035087309e-05
48,disk,49,55,7.615773105863909,-0.008644634226057768,0.040206973538903415,189.53301404849003,0.04112578779865996,0.00021698482454427892,0.32823179779794437,9.137153342363308e-06
48,rhombus,100,100,10.0,0.016571412756850368,0.017415328921219206,346.5020260996324,0.024039663104797396,6.937813142219574e-05,0.6235726087917819,5.1936834132865544e-06
48,disk,100,97,10.488088481701515,0.014168848959036584,0.27120788316265215,335.87388962377116,0.2715777460882809,0.0008085705810370925,0.6138728644368652,5.441591659243325e-06
48,rhombus,225,225,15.0,0.06662295030776688,0.0057244114503367735,780.0263805514289,0.0668684259883835,8.572585191427985e-05,1.7697503377095454,2.9086631057727372e-06
48,disk,225,223,15.748015748023622,0.1835087875767516,-0.1824773330496708,773.0776472156151,0.258792295470344,0.00033475588953119166,1.7353204087068412,2.9035776308870777e-06
48,rhombus,400,400,20.0,0.014674253608881305,0.09656382992750408,1385.7213449199394,0.09767244733928653,7.048491220645057e-05,3.7140751087904293,1.934188820650335e-06
48,disk,400,397,20.97617696340303,0.16385770355621876,-0.14748830294532964,1375.7419271495892,0.22045894520388823,0.0001602473115438583,3.7647593585162635,1.989130494578854e-06
49,rhombus,4,4,2.0,0.06528441872709578,-0.008107403918942428,13.981360712776452,0.06578590522930924,0.004705257705653267,0.005182795040953785,2.6513383497763898e-05
49,disk,4,7,2.8284271247461903,0.014269582256257962,-0.07550096310091532,24.553963427231285,0.07683759761297779,0.003129335833731916,0.01813040470844141,3.007213686618388e-05
49,rhombus,16,16,4.0,0.02438705073829972,0.0505296049277168,55.85118125767141,0.05610676623958599,0.001004576178626114,0.061919777665585596,1.9850189742856014e-05
49,disk,16,19,4.69041575982343,0.008963405440818306,-0.07032485060776465,65.70399671281797,0.07089377441003482,0.001078987245173236,0.08606241846544335,1.993563024370542e-05
49,rhombus,49,49,7.0,0.00901938154862858,-0.02036065532639328,169.68785136013557,0.022268936410164017,0.0001312347126306746,0.2718557025237433,9.441411927549054e-06
49,disk,49,55,7.615773105863909,-0.10842158604097296,-0.08212259867156199,190.78008550265278,0.1360123580128311,0.000712927440274891,0.27516021216311254,7.5599610413014955e-06
49,rhombus,100,100,10.0,-0.019645998065862535,-0.04244529321822611,346.2455700268647,0.046771445951403576,0.0001350817165625387,0.6878723074814674,5.7377203137030005e-06
49,disk,100,97,10.488088481701515,-0.25171195565061577,-0.20372603328988986,335.6356415166196,0.32382588725654854,0.0009648137658840195,0.5628159834247367,4.996090272196195e-06
49,rhombus,225,225,15.0,-0.1257874202569984,-0.02222047891709221,780.1081763914033,0.12773497867935654,0.0001637400844460168,1.7255547900526111,2.8354310703781196e-06
49,disk,225,223,15.748015748023622,0.23989328775104157,0.11704071727121286,772.1426959135322,0.26692193429421274,0.00034568990383107085,1.8742251401974286,3.1435952499607e-06
49,rhombus,400,400,20.0,-0.10142530553783091,0.07927817213534244,1385.637117192537,0.12873275100207926,9.290509716058045e-05,3.532623304983158,1.8399173429053073e-06
49,disk,400,397,20.97617696340303,-0.09132166072463432,-0.2475866160438282,1375.4045161911463,0.2638916030523503,0.00019186472048465783,3.59547341361757,1.9006195392140547e-06
50,rhombus,4,4,2.0,-0.04627029675535388,-0.04429756460955294,13.693181182425288,0.06405633920359506,0.004677973536624864,0.016710797523032235,8.912272724979915e-05
50,disk,4,7,2.8284271247461903,-0.009473124918167208,-0.003823043495629841,24.27173015275715,0.01021546657205035,0.0004208792083530115,0.04130098238004956,7.010660101435231e-05
50,rhombus,16,16,4.0,-0.030891715098783745,-0.006210372511505954,55.516140565618954,0.03150978877231792,0.000567578877985475,0.09411091154718337,3.053524764467973e-05
50,disk,16,19,4.69041575982343,0.06568705302981614,-0.07953090691459483,66.17208312417264,0.10315015312833921,0.0015588167737560386,0.12360466284314352,2.8228333588303517e-05
50,rhombus,49,49,7.0,-0.09463893398787793,-0.05995121043721481,169.90124087112525,0.11202979719364456,0.0006593818657194048,0.40828308955825476,1.4143871141227325e-05
50,disk,49,55,7.615773105863909,0.11571926280938705,-0.11194749720808794,191.4029728261447,0.16100680083866906,0.0008411927905890724,0.5337620365477533,1.4569690422292363e-05
50,rhombus,100,100,10.0,-0.006022051581433985,0.04039061229650687,346.97577972375564,0.04083707466183374,0.00011769430907928539,0.9963762642852666,8.276087095787003e-06
50,disk,100,97,10.488088481701515,0.15743971990213446,-0.19303110307428756,336.24475285700413,0.24909490592330222,0.0007408142545178559,0.9765086736947542,8.6370428359733e-06
50,rhombus,225,225,15.0,-0.02192771460220877,-0.021258722683457548,779.2326843546009,0.030541086388798815,3.9193795386155365e-05,2.4936480078538645,4.106774243287437e-06
50,disk,225,223,15.748015748023622,0.10724804189663839,0.5235491150036521,772.7867123150738,0.5344210122289078,0.0006915504675642228,2.434325784376895,4.076236816161287e-06
50,rhombus,400,400,20.0,0.16857223281814315,-0.009439505681464094,1385.4578907440405,0.16883631701978297,0.00012186318916492787,4.355597782363555,2.2691390360398094e-06
50,disk,400,397,20.97617696340303,0.5466758269852949,0.42603247272714784,1375.0802633237777,0.6930787311900893,0.0005040278372658865,4.178687540469143,2.209956884838852e-06
51,rhombus,4,4,2.0,-0.013977721085473238,0.03691148119677846,14.242679503869438,0.03946940753144659,0.0027712066062234694,0.015420041852142654,7.601549870939414e-05
51,disk,4,7,2.8284271247461903,0.034022920485858865,-0.05748924997681426,24.38001645905513,0.06680249232838333,0.0027400511579052608,0.02952569703718816,4.9674347394293466e-05
51,rhombus,16,16,4.0,-0.060504945231038665,0.020499517633066018,55.759969143959204,0.06388332036298186,0.0011456842846890762,0.12263196268848478,3.94419728261473e-05
51,disk,16,19,4.69041575982343,-0.049312728740047884,0.07018300401844636,66.11693756110877,0.08577528355442961,0.00129732692890005,0.1487232851600573,3.402150418479839e-05
51,rhombus,49,49,7.0,0.09010333835906348,-0.023869565530572567,169.36671108173175,0.09321141422629622,0.0005503526261504537,0.36617843049309085,1.276546533810406e-05
51,disk,49,55,7.615773105863909,-0.13410199327422667,-0.046249821324194584,190.87905124028418,0.1418534122699932,0.0007431586198080163,0.4885609812998271,1.3409180719415518e-05
51,rhombus,100,100,10.0,0.20284259253283032,-0.02402411591949724,346.6788827706876,0.20426031305947143,0.000589191679132589,0.7631519694029496,6.349744530941667e-06
51,disk,100,97,10.488088481701515,-0.15446378200434108,0.07125515329430526,335.9829080982344,0.17010689822014727,0.000506296285078917,0.7396314274099874,6.552107084504093e-06
51,rhombus,225,225,15.0,0.010467819871455397,-0.03883695044552818,779.0098857459898,0.040222928445970314,5.163339924428857e-05,1.792803527677686,2.954246707299073e-06
51,disk,225,223,15.748015748023622,-0.1339544077864523,0.12771794418121984,771.8803557963811,0.1850828372143034,0.00023978176905842583,1.9740313412362078,3.3132489335927213e-06
51,rhombus,400,400,20.0,0.03725063630301717,0.05221886401047275,1385.4243337835956,0.06414374220080948,4.629898626483111e-05,3.704703489283438,1.9301356469987885e-06
51,disk,400,397,20.97617696340303,-0.11654182042994288,-0.005605305111959807,1374.3703075597261,0.11667654157765911,8.489454474960613e-05,4.057377740202722,2.14801799028588e-06
52,rhombus,4,4,2.0,0.03377772915662813,-0.047720669351034806,13.900094712821973,0.05846535102339948,0.004206111701488539,0.0437630297193778,0.0002265019063925277
52,disk,4,7,2.8284271247461903,-0.186734265097944,0.06596158447138528,24.412577903792737,0.19804195612961645,0.008112291823914616,0.06302745416467914,0.00010575538262498815
52,rhombus,16,16,4.0,0.0544834019180529,0.0393561158218388,55.65024836231471,0.06721119651625078,0.0012077429749938892,0.12228781194528604,3.948652910350852e-05
52,disk,16,19,4.69041575982343,0.08729007794940369,-0.18026024896332604,66.28850113421414,0.20028308731576228,0.003021385065114833,0.14616400888870315,3.3263201577890986e-05
52,rhombus,49,49,7.0,0.0796486015351312,0.0026958345954245927,169.78208235394283,0.07969421089808212,0.00046939117363364933,0.38800497340534384,1.3460264085987738e-05
52,disk,49,55,7.615773105863909,-0.10022764743198431,0.035650750824870917,190.69948229351928,0.10637930881579925,0.0005578374284837503,0.44546461384295555,1.2249382124037947e-05
52,rhombus,100,100,10.0,0.0031896363035888164,0.08044386225525765,346.39465387727074,0.08050707269732292,0.00023241430488660762,0.77826345182151,6.486109475492277e-06
52,disk,100,97,10.488088481701515,-0.10826498744193236,-0.22885053850041936,336.12008494707067,0.2531676845052182,0.0007532060589151788,0.7972145159056325,7.056450000065527e-06
52,rhombus,225,225,15.0,0.010415919160911447,0.025701555795321518,779.5539964244615,0.027731955255024254,3.5574130056700275e-05,2.0586828364292673,3.3876383377853342e-06
52,disk,225,223,15.748015748023622,0.22353842769776167,-0.03362644214160729,772.1044403502133,0.2260534588735379,0.0002927757529421848,1.9468051250055385,3.265655593355334e-06
52,rhombus,400,400,20.0,0.09320725760073456,-0.11525006601322313,1385.2675669717876,0.14822338069785745,0.00010699982027434284,4.01187899290519,2.0906459560294634e-06
52,disk,400,397,20.97617696340303,0.05117325970126574,0.20648932670196926,1375.7127104110066,0.2127358562872883,0.0001546368327321273,3.9719013305077464,2.0986641877606044e-06
53,rhombus,4,4,2.0,0.09382495183871287,-0.03224599479527937,13.744094146362308,0.09921152033848676,0.0072184837561481184,0.04077086610672004,0.0002158329241087462
53,disk,4,7,2.8284271247461903,-0.17008338865602113,-0.10426617017425822,24.310656844969134,0.1994988554842421,0.008206230574371606,0.08422201030174585,0.00014250569389621912
53,rhombus,16,16,4.0,-0.02070527801658395,0.032444667508169364,55.58791038603779,0.038488504614491006,0.0006923898442521469,0.17358513745596424,5.6176132988857264e-05
53,disk,16,19,4.69041575982343,0.08534485407189685,0.010378038748011409,66.07956344382931,0.08597352967517731,0.0013010607999591097,0.21383485953137568,4.897158667978597e-05
53,rhombus,49,49,7.0,0.022468741037083184,-0.03912592995600872,169.82187408871138,0.045118540742293586,0.00026568156183887483,0.4312249597796491,1.4952597115806031e-05
53,disk,49,55,7.615773105863909,0.04501258416050424,-0.19954390411419057,190.02272198732095,0.20455782165915767,0.0010764913770301982,0.5689747393146092,1.5757304072554528e-05
53,rhombus,100,100,10.0,-0.05353676237668292,-0.16108523556009302,346.3145623537511,0.1697487497486449,0.0004901577011227471,0.9177743159156697,7.652342365704159e-06
53,disk,100,97,10.488088481701515,0.15123083290534556,0.05653588072362603,335.92953939049016,0.16145299820827305,0.0004806156627405051,0.9379415562303478,8.311499615249798e-06
53,rhombus,225,225,15.0,0.1972168565035175,-0.008494445732094763,778.6561153444501,0.19739970642689547,0.00025351333218460987,2.239428085281016,3.6935648022746188e-06
53,disk,225,223,15.748015748023622,-0.06369507417385156,-0.07758414199220076,772.3223167695601,0.10038108169709281,0.0001299730430126154,2.148147464536394,3.6013632017950977e-06
53,rhombus,400,400,20.0,-0.10042422867352441,0.01330692630217864,1385.0955673739325,0.10130202363370604,7.313720873843332e-05,4.093724145671091,2.133826457362217e-06
53,disk,400,397,20.97617696340303,0.6038118467598412,-0.024017287162880152,1375.4033096707449,0.6042893151216512,0.000439354268579091,4.273412946636331,2.2589921995853142e-06
54,rhombus,4,4,2.0,-0.101667372928405,-0.015528563745540569,13.779744307199733,0.10284644383819352,0.007463595952535754,0.01613832346793233,8.499161817817086e-05
54,disk,4,7,2.8284271247461903,0.02947810722258737,0.06757698330512407,24.3094441253116,0.07372657240132201,0.0030328366219018583,0.029175416915632812,4.93704419128171e-05
54,rhombus,16,16,4.0,0.19050988483024556,0.12703907964756728,55.81234155815652,0.22898240975178502,0.004102719996314527,0.08436227040545995,2.7082438930888668e-05
54,disk,16,19,4.69041575982343,-0.02237742730085923,-0.06150115619027257,65.75938745855098,0.06544571388063196,0.000995229980234887,0.10927863970275371,2.5270844883946595e-05
54,rhombus,49,49,7.0,0.10549549845533956,-0.07190366916329467,169.6914365061838,0.1276692517150668,0.0007523611936092858,0.31910875725684024,1.1082018487149213e-05
54,disk,49,55,7.615773105863909,0.3521716914548305,0.1543167161153982,190.2917603997332,0.3844977882053377,0.0020205698207723176,0.3536632920301236,9.766748793405523e-06
54,rhombus,100,100,10.0,-0.050085755115542696,-0.08359856860922177,346.4432873708961,0.09745410991335804,0.00028129888344185285,0.8323661481278813,6.935058159010522e-06
54,disk,100,97,10.488088481701515,0.26303300640888283,0.13717115671866525,335.8968214641279,0.29665179705511985,0.0008831634540691859,0.6774886704702199,6.004685261296073e-06
54,rhombus,225,225,15.0,0.052336810071436535,0.06713414015293823,779.9670457739721,0.08512422958551798,0.0001091382386560294,2.0935435919863474,3.441355199665622e-06
54,disk,225,223,15.748015748023622,-0.1641792060484346,0.1969937836818897,772.3596346755728,0.25643978339563755,0.0003320212138006853,2.171231586632665,3.6397119241895403e-06
54,rhombus,400,400,20.0,-0.013321531962266153,-0.03252421900387095,1385.9900309806178,0.03514666464450701,2.535852629447846e-05,4.147388313756841,2.1590091680901144e-06
54,disk,400,397,20.97617696340303,0.15607179381232505,-0.18161587668574647,1375.5640323484436,0.23946342411343152,0.00017408380742887377,3.9652711697755207,2.095613894622156e-06
55,rhombus,4,4,2.0,0.0210169810857197,-0.1905059555457591,13.806313290940894,0.19166176612032002,0.013882182888467421,0.08165236511262297,0.00042836435049823523
55,disk,4,7,2.8284271247461903,-0.130506217804768,-0.014486314247056709,24.291995931929677,0.13130775371686937,0.005405391721817183,0.11635434186804879,0.0001971769727283948
55,rhombus,16,16,4.0,0.11334742059419689,0.06815050883925218,55.07819397290812,0.132257814931318,0.0024012736328350385,0.1591268359547719,5.245465621653645e-05
55,disk,16,19,4.69041575982343,-0.039758574657142276,0.1172531879680138,65.89329119323698,0.12381055830352246,0.0018789554454100462,0.1792105955727931,4.127444890255489e-05
55,rhombus,49,49,7.0,-0.07687284767700175,-0.012123310405780907,168.98292044670362,0.07782293598397859,0.0004605372884919666,0.4380062738542434,1.5338917378499843e-05
55,disk,49,55,7.615773105863909,-0.09627343457478243,0.17283959441178465,190.15886955094044,0.19784362411069792,0.0010404122856741051,0.5383524709971519,1.4887903216730867e-05
55,rhombus,100,100,10.0,0.05810459108423105,-0.12668636997130228,345.87617938173634,0.13937567880219054,0.0004029640868918137,0.997872027680413,8.341296186938538e-06
55,disk,100,97,10.488088481701515,-0.31934510512159653,0.04082821318938143,335.3117472970322,0.3219444659523768,0.0009601347657742091,1.0689930975329707,9.507741456903327e-06
55,rhombus,225,225,15.0,0.035870106644724675,-0.056074109063460276,778.9904912340373,0.06656553355877769,8.54510219416516e-05,2.1348144780986287,3.5179999303674907e-06
55,disk,225,223,15.748015748023622,0.1251480356469008,0.3498416929074333,771.5114117727055,0.3715524739826352,0.00048159038001643716,2.176513655183335,3.656593539653121e-06
55,rhombus,400,400,20.0,0.13394169192907812,-0.04177854731080949,1385.2153778696788,0.1403061789524097,0.00010128834922998503,3.8570127914946544,2.0100944792816817e-06
55,disk,400,397,20.97617696340303,0.416251458745887,0.3205944139880567,1375.3103868475962,0.5254008519106381,0.0003820234740718642,3.6868357698412755,1.9491817948970093e-06
56,rhombus,4,4,2.0,-0.03746080402247909,0.024594664095399565,13.76556609985693,0.04481304876903737,0.0032554453949774813,0.008494346880759299,4.482722343389103e-05
56,disk,4,7,2.8284271247461903,0.05344027898118808,-0.01697517902155509,24.473195122808765,0.056071562492952316,0.0022911418885674718,0.05920520202589694,9.885042065412426e-05
56,rhombus,16,16,4.0,-0.05397561378037352,0.006838468204160383,55.8466039270577,0.05440709080944652,0.0009742238020508579,0.15605561720529054,5.003637845502855e-05
56,disk,16,19,4.69041575982343,-0.21336415259862296,-0.009307036447080058,66.29178846769184,0.21356704460556583,0.0032216214035264788,0.20687133934587862,4.7073973057442505e-05
56,rhombus,49,49,7.0,-0.09641220430362507,-0.08491700391586515,169.59345321114762,0.12847649860083749,0.0007575557674439319,0.5252226543446111,1.8261030577598247e-05
56,disk,49,55,7.615773105863909,-0.29397641972296773,-0.17631863607914444,190.57287670498474,0.34279789494969815,0.0017987758849878962,0.5767042002212627,1.587928469152995e-05
56,rhombus,100,100,10.0,0.09665852309622824,-0.02025487550337965,346.6257007929955,0.09875793673827687,0.00028491233198329693,0.9798602857040309,8.155350569878988e-06
56,disk,100,97,10.488088481701515,-0.32572439872683967,-0.029293337594425095,335.4288056558941,0.3270389633566346,0.0009749877107815649,1.0455838310541448,9.293047286903992e-06
56,rhombus,225,225,15.0,0.10231551258258875,-0.009814649265067754,780.1038737149111,0.10278517137814273,0.00013175831429816174,2.4360340696013747,4.00293454784147e-06
56,disk,225,223,15.748015748023622,-0.03332347544146552,-0.04936594583461976,773.384971939551,0.059560478705636404,7.701271794338893e-05,2.2413413503689172,3.747283457346419e-06
56,rhombus,400,400,20.0,0.04919333544226889,0.030266048650751956,1385.157222962239,0.05775827172678623,4.169798978000982e-05,4.068146283929257,2.1203053981626893e-06
56,disk,400,397,20.97617696340303,0.48705701272212965,0.3309734158527858,1375.0625100172879,0.5888700498777857,0.0004282496581703636,4.1890045068847845,2.2154703620382635e-06
57,rhombus,4,4,2.0,0.06339615484002925,-0.04948934212639926,13.805317550853655,0.0804255396786665,0.005825692844978664,0.022630929361745537,0.00011874342940307709
57,disk,4,7,2.8284271247461903,-0.02493534475924708,-0.05019199372008284,24.16326003991985,0.05604469334253999,0.002319417713087935,0.06197294300462466,0.00010614292838388745
57,rhombus,16,16,4.0,0.029308719658130755,-0.1377430814658661,55.06176898093756,0.14082669327833813,0.0025576129478711894,0.11772209190342273,3.882912919767125e-05
57,disk,16,19,4.69041575982343,0.060978309399692954,0.05168200320253229,65.30785586647113,0.07993362041263513,0.0012239510752897467,0.16196074910130176,3.797335117334017e-05
57,rhombus,49,49,7.0,0.04136146020376552,0.06491195588608109,169.77014563769802,0.07696968498794975,0.00045337585532976286,0.37676259542071744,1.307209325906071e-05
57,disk,49,55,7.615773105863909,-0.05396656707931369,-0.3911099050569494,190.78022774594612,0.3948155875797992,0.0020694785421136942,0.43417113803024415,1.1928730423842844e-05
57,rhombus,100,100,10.0,-0.042073787308854804,0.08311371455705097,346.05076841630716,0.09315628334139194,0.0002691983137841866,0.911097924413944,7.60826132943143e-06
57,disk,100,97,10.488088481701515,0.01064894935411953,0.12473349313096616,335.472229633203,0.12518723749248317,0.000373167214554122,0.8817906896164978,7.835240991357355e-06
57,rhombus,225,225,15.0,0.09412391242015872,-0.06503045647452024,779.6352908872005,0.11440398226706175,0.00014674038438777394,2.186120794253801,3.5965920172252313e-06
57,disk,225,223,15.748015748023622,0.07915968295845133,0.07285112688563528,773.5904051304695,0.10758039828235189,0.00013906635548848096,2.058935977828512,3.4404931179324133e-06
57,rhombus,400,400,20.0,0.0710558897767064,-0.15473728597574862,1385.5138858908476,0.17027203864140483,0.00012289450172628516,3.964095312434628,2.0650107775562526e-06
57,disk,400,397,20.97617696340303,0.12936126637155398,-0.632844000397514,1375.6139171706304,0.645930233133874,0.00046955779166761157,3.724969575411637,1.9684736603557437e-06
58,rhombus,4,4,2.0,-0.11977720472529452,0.08727116114885221,13.598246589552545,0.1481986313704484,0.010898363284889138,0.03038357779063697,0.00016431343992000434
58,disk,4,7,2.8284271247461903,0.08916381404180163,-0.08493351976668571,23.869705743470433,0.12314174156003713,0.005158913263676181,0.054792029316218904,9.616637711106036e-05
58,rhombus,16,16,4.0,-0.07521136058817834,-0.09879357975631625,55.01392418563286,0.12416489102235223,0.0022569720822565582,0.13761670425920075,4.547009940224581e-05
58,disk,16,19,4.69041575982343,-0.0670307450274712,-0.07925942867953478,65.66532858721031,0.10380355395430406,0.0015807969926845376,0.16968618457888193,3.935267337870846e-05
58,rhombus,49,49,7.0,0.031106046098427598,0.13381183255394397,169.55094502365426,0.13737973880933912,0.0008102564028184751,0.4068501689398172,1.415252957718691e-05
58,disk,49,55,7.615773105863909,0.014742505479799828,-0.31820236158311194,190.5195122305115,0.3185436930546443,0.0016719741160644743,0.48761561035375495,1.3433793822550511e-05
58,rhombus,100,100,10.0,0.08569601918776737,0.11583452351252474,346.06209879144825,0.1440883220181422,0.00041636550931564443,0.8488373092893666,7.087880475284319e-06
58,disk,100,97,10.488088481701515,-0.30904913043725424,-0.20003429796050573,335.25814300759015,0.36813731865239546,0.0010980712216259604,0.9032176081108408,8.0358852264447e-06
58,rhombus,225,225,15.0,0.07886888903013922,-0.09662308964812466,779.3162066137331,0.12472498991781057,0.00016004413723123086,1.9764742843951821,3.2543462054438695e-06
58,disk,225,223,15.748015748023622,0.13250135115874295,-0.2692921080950028,773.2200274327896,0.3001247199767843,0.0003881491804774443,1.965350798750276,3.2872587568848434e-06
58,rhombus,400,400,20.0,-0.03424489359435823,-0.09319669171313275,1386.246855623473,0.09928915390696823,7.162443940210946e-05,3.448548407363774,1.7945484101079992e-06
58,disk,400,397,20.97617696340303,0.0949194500719659,-0.5431350873755264,1375.2970210304115,0.5513668698247883,0.00040090748499672354,3.6158396636025896,1.911684240020244e-06
59,rhombus,4,4,2.0,0.07681909458201952,-0.06124557519470546,13.89096515059455,0.09824557889967152,0.0070726243881956965,0.042688745739518086,0.00022123230856114395
59,disk,4,7,2.8284271247461903,0.08446885073314858,0.09394777020654727,24.343141085784946,0.12633752518931635,0.00518986127320646,0.03738845758139417,6.30934559995782e-05
59,rhombus,16,16,4.0,-0.0481960525619205,-0.1447166880830793,55.4415029170202,0.15253124038139423,0.0027512104173959555,0.13602168359869404,4.425253524215828e-05
59,disk,16,19,4.69041575982343,-0.12830637703054348,-0.05223231069444756,66.04348199083913,0.1385306488369461,0.0020975673096121986,0.22960995400317302,5.2641806786088064e-05
59,rhombus,49,49,7.0,-0.10968929281107043,0.084372137860357,169.6410926312893,0.13838496524015834,0.0008157514378956201,0.5151361349465238,1.790028283357386e-05
59,disk,49,55,7.615773105863909,0.004554805607967616,0.04914318113700733,189.94869245580722,0.04935380944153234,0.00025982705541926707,0.5749123127740142,1.5934153376558826e-05
59,rhombus,100,100,10.0,0.09555397175016545,-0.09629219997470712,345.90168378692744,0.13565673331316955,0.0003921829226964185,1.0071173833278577,8.41733748204942e-06
59,disk,100,97,10.488088481701515,-0.15181513034419947,0.32635725565697454,335.55359110574784,0.359940122966832,0.0010726755204160485,1.1418908194873996,1.0141467409014356e-05
59,rhombus,225,225,15.0,0.1086336564747179,0.016586083275957203,779.2863092884147,0.10989253604091592,0.000141016895499244,2.3038672394998008,3.7937032464837286e-06
59,disk,225,223,15.748015748023622,-0.21709692056132956,0.34005492344835087,771.8370469149409,0.40344568888349275,0.0005227083754220908,2.369096561443442,3.976779597867536e-06
59,rhombus,400,400,20.0,0.014430882511752063,-0.07953295568764303,1385.5668990526785,0.08083156196981833,5.833825997509281e-05,4.112598676628576,2.1422064977191028e-06
59,disk,400,397,20.97617696340303,0.28981697641027093,0.20845451324195619,1374.903806154824,0.35699742843125976,0.00025965265848646525,4.07988127430985,2.1582557008155915e-06
60,rhombus,4,4,2.0,0.02271489837356855,0.004507776050920224,13.843479283205104,0.023157863741001608,0.0016728355110190187,0.006362689609628005,3.320092834577573e-05
60,disk,4,7,2.8284271247461903,0.019234792405581125,0.14193406223345284,24.28923862756745,0.14323147440760173,0.005896910833797768,0.03645026971632033,6.17835620096925e-05
60,rhombus,16,16,4.0,-0.002334703419597961,0.10832636051830297,55.69096319046088,0.10835151693999873,0.0019455852571527781,0.06712769510296736,2.164373844865313e-05
60,disk,16,19,4.69041575982343,0.016554692029338014,-0.07956938611273762,65.99059992739949,0.08127327380230323,0.0012315886488638867,0.0652672725512496,1.498757299153467e-05
60,rhombus,49,49,7.0,-0.030343273977496477,0.037980841957768394,169.91253033806333,0.04861335857040115,0.0002861081432527576,0.26120424177768786,9.047517054097293e-06
60,disk,49,55,7.615773105863909,-0.09896930448238273,0.06739364685956373,190.31432076605225,0.11973648928692608,0.0006291512315256328,0.31125384812327866,8.593533827469775e-06
60,rhombus,100,100,10.0,-0.06247580429446442,-0.15137671180524304,346.22968042418415,0.16376243463996198,0.0004729878571915846,0.6498714893860309,5.421243252458952e-06
60,disk,100,97,10.488088481701515,0.15824067773404815,0.09297505991975008,336.18643202822796,0.18353330448943592,0.0005459271612544599,0.6539789698151925,5.786332938882991e-06
60,rhombus,225,225,15.0,-0.00853694622443335,0.10252874290482648,780.38223154713,0.10288353888005056,0.00013183736728100665,2.0732117854020125,3.4043086172842697e-06
60,disk,225,223,15.748015748023622,-0.3111605111288118,-0.0895232876113917,772.7818563141902,0.3237827708675917,0.0004189834016185173,2.017882192095777,3.378951621099771e-06
60,rhombus,400,400,20.0,0.19078318031680652,-6.438599771035891e-05,1385.8084482801687,0.19078319118138215,0.00013766923662368347,3.6596949551571694,1.9056295479109523e-06
60,disk,400,397,20.97617696340303,0.32340081471702176,0.240752432221312,1374.8705429023898,0.40317467750357394,0.00029324555652524275,3.812678343359495,2.017003042271999e-06
61,rhombus,4,4,2.0,0.08506794941941243,-0.11372958821440049,13.838428559255096,0.14202455862927654,0.010263055376637471,0.027363455355998084,0.00014288853565073406
61,disk,4,7,2.8284271247461903,-0.004053796527045073,0.08889852907238374,24.29196879801256,0.08899090817334174,0.0036633880486715634,0.02464041614179527,4.175635766972701e-05
61,rhombus,16,16,4.0,0.028675895033258847,0.041930977621189816,55.66898637658802,0.050798758254776276,0.0009125145177089132,0.10849754947564019,3.501009601963578e-05
61,disk,16,19,4.69041575982343,-0.1303334200495927,0.0689362181764147,65.89550971775746,0.14744152250397383,0.0022375048487445178,0.15908916220366642,3.663776319863008e-05
61,rhombus,49,49,7.0,0.10739157038598579,-0.019875107245016843,169.67591285575065,0.10921524288289186,0.0006436696938577298,0.5042981134921236,1.7516484728260158e-05
61,disk,49,55,7.615773105863909,-0.14673987805845323,0.24901484136457053,190.58747312500302,0.2890345706527715,0.001516545478638036,0.5779136849905293,1.591015001376814e-05
61,rhombus,100,100,10.0,-0.12556910193543525,0.15950475378433704,346.73734564323615,0.20300090108340335,0.0005854601577652797,0.9305320100424999,7.739806030891466e-06
61,disk,100,97,10.488088481701515,-0.1739887727878222,0.2021527094968424,336.0467397414725,0.26671672428463716,0.0007936893674071283,0.918978978764113,8.137784867812578e-06
61,rhombus,225,225,15.0,0.02375575786926465,-0.11696519875802622,779.6583044822294,0.11935323100967023,0.00015308402453166023,2.156278450155428,3.5472861590518475e-06
61,disk,225,223,15.748015748023622,-0.11874421820360848,-0.37487464626917777,773.1068134085272,0.3932317252870467,0.0005086382870606705,2.0633021085042795,3.452103598431498e-06
61,rhombus,400,400,20.0,-0.0012875235523153172,-0.013117546328580754,1385.856503924703,0.013180581875631632,9.510784008520816e-06,3.5710896993595442,1.8593631959959675e-06
61,disk,400,397,20.97617696340303,-0.25473128054094607,-0.19413100702067543,1375.7297977943217,0.3202731227763137,0.00023280234482803293,3.797508942094775,2.0064692903498906e-06
62,rhombus,4,4,2.0,0.01749626672838822,0.212012904754045,14.038906197206174,0.2127336154247341,0.015153147434453928,0.058762479782359205,0.00029814914638122777
62,disk,4,7,2.8284271247461903,-0.05300525873510065,-0.22788012970523686,23.996852811911566,0.23396348212499005,0.00974975693516173,0.11500122974297065,0.00019970728567997103
62,rhombus,16,16,4.0,-0.12490215637229696,0.031153240454510706,54.99181901354858,0.12872868001057994,0.0023408696478809782,0.2613985561495684,8.643845853512925e-05
62,disk,16,19,4.69041575982343,0.021987875576421345,0.14136578449084442,65.34383471895363,0.14306555035044619,0.00218942691327769,0.28432949171404204,6.659056097924991e-05
62,rhombus,49,49,7.0,-0.026603740299541823,-0.0901549087119517,169.19597120278806,0.09399822638106428,0.0005555583014940922,0.6603522237949829,2.3067238682122282e-05
62,disk,49,55,7.615773105863909,-0.05951515870821611,0.12111894901757093,190.37678485261043,0.1349513020581317,0.0007088642775567982,0.680873314531594,1.878617385413773e-05
62,rhombus,100,100,10.0,-0.008246674278040267,0.03990222073625688,346.49342901263105,0.040745488785055205,0.00011759382826151624,1.1798618826650988,9.827457285503733e-06
62,disk,100,97,10.488088481701515,-0.154024978160189,0.09250740787383549,336.0361411651098,0.1796700153302795,0.000534674677275262,1.1017218230519221,9.756633116289151e-06
62,rhombus,225,225,15.0,-0.050375413739148556,-0.04066843961542141,779.3370212926386,0.06474260027326346,8.307394426852567e-05,2.55872671606158,4.2128237405602605e-06
62,disk,225,223,15.748015748023622,-0.17945983945636357,0.10951619578028576,772.309049118482,0.2102370831130647,0.0002722188524827341,2.470936950957906,4.142661202352235e-06
62,rhombus,400,400,20.0,0.10967482633442982,-0.003991362287102146,1385.1750538058664,0.1097474305138587,7.923000794182648e-05,4.524114885473926,2.357894132655114e-06
62,disk,400,397,20.97617696340303,-0.24588924779388055,0.17399942770788884,1375.691661265842,0.3012263650866458,0.0002189635756092848,4.3604301722619745,2.3040246782451807e-06
63,rhombus,4,4,2.0,-0.08878647240571347,-0.04939308834623224,13.694086198034098,0.10160076209669504,0.007419316676367985,0.04820238218154625,0.00025704099123483504
63,disk,4,7,2.8284271247461903,-0.11979872812118764,0.02079957221977735,24.264839751993108,0.12159094318237673,0.0050109930428198805,0.07068717545624553,0.00012005652626629625
63,rhombus,16,16,4.0,-0.018983263600774514,-0.10232691347827791,55.203599682223114,0.10407286639142531,0.0018852550737726488,0.1939138319596625,6.363176839079138e-05
63,disk,16,19,4.69041575982343,0.1371189892343212,0.20515026483568066,65.95927077190302,0.24675544243398526,0.0037410274483976984,0.16857255606231375,3.874674110825973e-05
63,rhombus,49,49,7.0,0.008429250237866892,-0.027667482554046607,169.83218141293767,0.02892303321664331,0.0001703036078086905,0.5453462636864342,1.8907424119148672e-05
63,disk,49,55,7.615773105863909,0.07769826753859466,-0.005156039924677308,190.34277278054734,0.07786915644980301,0.0004090996222881602,0.6281400504331653,1.7337389336594113e-05
63,rhombus,100,100,10.0,-0.03613323165494586,-0.010008526217386994,346.0773324119295,0.037493746503571825,0.00010833921494443245,1.1381094489439496,9.502496535471073e-06
63,disk,100,97,10.488088481701515,0.1760778920570445,-0.08597105091176332,336.49681236734585,0.1959450067394554,0.0005823086565395059,1.0282453498772648,9.081024452802584e-06
63,rhombus,225,225,15.0,0.09634222119600766,0.1550930040891748,779.1135699608021,0.18258056715429838,0.00023434397011399015,2.4254027784636802,3.995603027714336e-06
63,disk,225,223,15.748015748023622,-0.45685233030314354,-0.342248152027074,772.2907093268796,0.5708308412037315,0.0007391398527910062,2.2852505834495376,3.831529802077435e-06
63,rhombus,400,400,20.0,-0.019801614515454702,0.06543547409754003,1386.156753372979,0.0683659652735811,4.9320515235541754e-05,4.220237064275858,2.1964036511391244e-06
63,disk,400,397,20.97617696340303,0.035686143889763766,0.023710236609922303,1374.926137748365,0.042844791816735714,3.1161522528693866e-05,4.242174413014705,2.244035814612426e-06
64,rhombus,4,4,2.0,-0.12955199102300385,-0.005372095324541776,13.622959837827935,0.1296633247537654,0.009517999487432911,0.01138209516476988,6.13308889939722e-05
64,disk,4,7,2.8284271247461903,0.05843931234688071,0.02023490799273331,23.750515280769427,0.061843388725478704,0.0026038756630915173,0.04817610863924666,8.54054617111564e-05
64,rhombus,16,16,4.0,0.006062150180449866,0.051460450947422576,55.14228875243722,0.051816287753199894,0.0009396832979826155,0.12241491197424909,4.025916363805996e-05
64,disk,16,19,4.69041575982343,-0.08502407020891223,-0.10311370966967026,65.29552995824642,0.13364703377453271,0.002046802190900266,0.162828428804298,3.8191202246171186e-05
64,rhombus,49,49,7.0,-0.04689175267705625,-0.09460443491413728,169.22843042691963,0.10558804655144184,0.0006239379889364362,0.4960869212743905,1.7322522123780207e-05
64,disk,49,55,7.615773105863909,-0.028018896968772466,-0.09016419422863767,190.70455506968415,0.09441737397452962,0.0004950976338243686,0.5462954795546214,1.5021229236246334e-05
64,rhombus,100,100,10.0,-0.029438441677568594,0.1476840105089654,346.6712051595367,0.15058947110743104,0.00043438701820686364,1.0004666770836819,8.32467116854184e-06
64,disk,100,97,10.488088481701515,0.3208285885373332,0.03232330127667356,335.85438711261884,0.3224527547227346,0.0009600968964404493,1.015965095391173,9.006928936086386e-06
64,rhombus,225,225,15.0,0.08872500203298062,-0.12970483763290974,779.9078615557471,0.1571479267796171,0.00020149550289971568,2.0159664927600014,3.3143373670765602e-06
64,disk,225,223,15.748015748023622,0.026377253103715415,-0.10641073762835046,773.0434339604799,0.10963122075352032,0.0001418176727688563,1.8734730302205693,3.1350152234845464e-06
64,rhombus,400,400,20.0,-0.004263222319139448,-0.09910135662244919,1385.57781112948,0.09919301360958978,7.158963777626513e-05,3.8503840303364605,2.0055902408190056e-06
64,disk,400,397,20.97617696340303,0.37043272340162403,0.18437220823007008,1374.9564756022305,0.4137795472644539,0.000300940105819145,3.686108181876728,1.94980049131187e-06
65,rhombus,4,4,2.0,0.03759645589604377,0.0732190846748515,14.06529573862711,0.08230752004869445,0.005851815815195106,0.0449372534172231,0.00022714793258876942
65,disk,4,7,2.8284271247461903,0.12478203895598217,-0.01009848825744613,24.68281149919649,0.12519000244068226,0.0050719506748555625,0.05858224122003661,9.615607546919663e-05
65,rhombus,16,16,4.0,-0.01989933140303579,-0.0133147121987097,55.41477423657051,0.0239429520156207,0.00043206802419524707,0.13831171365695244,4.5040979420831725e-05
65,disk,16,19,4.69041575982343,0.12087942396901274,-0.14935061103003136,65.65966794853843,0.1921391166684287,0.0029262882782017737,0.21734056704548158,5.0413103218758166e-05
65,rhombus,49,49,7.0,-0.09531451667967472,-0.019218010282160414,168.9258453505003,0.09723265402674769,0.0005755937099204797,0.5291268493872476,1.8542470534651e-05
65,disk,49,55,7.615773105863909,0.24341789918716294,-0.1298460996686247,190.2507301410636,0.2758845469464469,0.001450110318850756,0.5898973575343704,1.629760494947824e-05
65,rhombus,100,100,10.0,-0.15739755252140775,0.04143056036379933,346.19930406637377,0.16275896556499655,0.0004701308282635721,1.1442825508876193,9.547307145157352e-06
65,disk,100,97,10.488088481701515,0.7121640198288262,-0.24499541773601202,335.4454133023714,0.7531270449601419,0.002245155292319562,1.2105535551421038,1.075821679095751e-05
65,rhombus,225,225,15.0,-0.11396859464967113,-0.042287084380501105,779.5407577841532,0.12156084102960404,0.00015593904464359385,2.799446394609304,4.606748487686269e-06
65,disk,225,223,15.748015748023622,0.3052520591248409,0.15659449880944518,772.3620916561947,0.34307529298586437,0.0004441897093242882,2.7616360698376985,4.6293982848729185e-06
65,rhombus,400,400,20.0,-0.032010380157722285,-0.021100968277969173,1385.3195887704042,0.038339474437057194,2.767554486909907e-05,4.687087136549227,2.4423228735769745e-06
65,disk,400,397,20.97617696340303,-0.13727632478610374,-0.14943424138735975,1374.7529592359301,0.20291717976996315,0.00014760264992100245,4.659722590730869,2.4655325247566907e-06
66,rhombus,4,4,2.0,-0.0022197176470113433,0.09247405385394361,13.762263756399696,0.09250069071425639,0.006721328144233679,0.02643714563459336,0.00013958373324396723
66,disk,4,7,2.8284271247461903,0.06531411468692738,0.07563439290180321,24.03289891951386,0.09993245202115998,0.00415815222107968,0.024145718744425004,4.180496054122871e-05
66,rhombus,16,16,4.0,-0.11598814853432104,-0.06545587900936876,55.05465430391581,0.13318304207859513,0.0024191059550277183,0.10580820952635407,3.490850784453843e-05
66,disk,16,19,4.69041575982343,0.046250765777029024,0.028046842627660287,65.25905704927925,0.05409028301222264,0.0008288548051096923,0.14783455425699077,3.4713177397959865e-05
66,rhombus,49,49,7.0,-0.12085379717751055,-0.005337284638467554,169.50060322630193,0.12097159542444201,0.0007136941882320716,0.3849488957813096,1.3398635787701386e-05
66,disk,49,55,7.615773105863909,0.07067874897630233,0.05571579053501892,189.8836224282402,0.08999852705348717,0.00047396676923782056,0.417337951940959,1.1574783167185566e-05
66,rhombus,100,100,10.0,-0.013022642835773368,0.13179457095391364,345.1682104939408,0.13243639288108952,0.00038368652979824266,0.9317841333918392,7.820845904133821e-06
66,disk,100,97,10.488088481701515,-0.21772352382482252,0.1433903708400584,336.1690638084308,0.26069969558161654,0.0007755017449499125,0.8926775372052576,7.899127379365841e-06
66,rhombus,225,225,15.0,0.11897991136662167,-0.02815206520276256,779.6303517844674,0.12226511392866628,0.00015682446642670866,1.943019860729331,3.196684411388454e-06
66,disk,225,223,15.748015748023622,-0.21333162783950765,-0.17743263642543367,772.8638979079208,0.2774756275883241,0.0003590226278383916,2.020268687712737,3.3822296373359627e-06
66,rhombus,400,400,20.0,0.10810156422988104,0.05290222097306187,1385.9746248312647,0.12035195541755757,8.68356124717722e-05,3.4639397335021913,1.8032658964443663e-06
66,disk,400,397,20.97617696340303,-0.4022445972179489,-0.4657216823829311,1374.467258951003,0.615383946355946,0.00044772543132501287,3.582075449173399,1.896120488928276e-06
67,rhombus,4,4,2.0,-0.032175136706440455,0.03257741349540824,13.983126286948096,0.04578785092280417,0.0032745074301118718,0.014707827529849008,7.522114997715539e-05
67,disk,4,7,2.8284271247461903,0.10528329283942517,0.07314007099665551,24.252364684416424,0.12819532650025883,0.0052858897748074805,0.05622804469916175,9.559711833237696e-05
67,rhombus,16,16,4.0,0.20573244696840076,0.054995566658895066,55.63074126583734,0.21295622105902143,0.0038280313404667355,0.13981472282469365,4.517760587683734e-05
67,disk,16,19,4.69041575982343,-0.16131909276766665,-0.1463946903753577,65.5560073855037,0.21784227106206888,0.003322994791019564,0.17782879024576942,4.137872294211431e-05
67,rhombus,49,49,7.0,0.025891777178599806,0.004729599503346366,169.61667922354127,0.026320205867893888,0.00015517463252069657,0.6477752830780542,2.2515793669136394e-05
67,disk,49,55,7.615773105863909,-0.15493111621777444,0.08774983834460337,190.18261114759454,0.17805528608269275,0.0009362332602769337,0.5688414590772054,1.5727135554673274e-05
67,rhombus,100,100,10.0,-0.039704032947851964,-0.011220180612110942,346.52514590149104,0.04125897096744543,0.00011906486861179876,1.279510392864537,1.0655511636770391e-05
67,disk,100,97,10.488088481701515,0.28298139815736034,-0.09989673238426994,336.1492263422252,0.30009636592959427,0.0008927474538468032,1.1846262709938753,1.04837613810573e-05
67,rhombus,225,225,15.0,-0.012011291501897503,-0.012105105918704673,780.3922399830568,0.017052997180748434,2.185182823078645e-05,2.2884925730172707,3.757713135042742e-06
67,disk,225,223,15.748015748023622,-0.06443398704479053,-0.26667946448475577,772.8628323589239,0.2743531947405832,0.000354983036127129,2.326865681249926,3.895529252067674e-06
67,rhombus,400,400,20.0,0.05288191578961143,0.14654781972702166,1385.3463357478429,0.1557971773952378,0.00011246081458116737,4.18499498463808,2.1806111137943673e-06
67,disk,400,397,20.97617696340303,-0.2154320380358863,-0.20179571703655597,1375.3381145368808,0.2951821038386191,0.00021462511706658846,4.13294968408665,2.1849482772465854e-06
68,rhombus,4,4,2.0,0.10549540154347747,0.050487333572912046,13.679787540552294,0.11695405336337018,0.008549405684603812,0.08128727767328837,0.00043437405217886405
68,disk,4,7,2.8284271247461903,-0.20253606706680882,0.028441955431570187,24.18092076239936,0.2045233563475387,0.008458046670644846,0.1284747160224582,0.00021972121836855377
68,rhombus,16,16,4.0,0.10946235232641577,0.061478078912957645,55.508213435176756,0.1255450547160669,0.002261738343689986,0.23731497148416436,7.702126342736223e-05
68,disk,16,19,4.69041575982343,-0.017659817041987047,0.07367034188992436,65.71720336063751,0.07575743139874001,0.0011527792955979054,0.21021733944653342,4.867549630152321e-05
68,rhombus,49,49,7.0,0.14211619551846688,-0.01151178107778586,169.87240873771017,0.1425816753030556,0.0008393456969413287,0.47901021188302345,1.659965577161966e-05
68,disk,49,55,7.615773105863909,-0.20364856481588944,0.14564921123395363,190.13011987067568,0.25037258373201404,0.0013168486082179645,0.6223953438729065,1.7217277965949613e-05
68,rhombus,100,100,10.0,-0.00612030747070591,-0.0278286802441024,345.89854236383024,0.028493746816880258,8.237602454799989e-05,1.0064206715361548,8.411667254498097e-06
68,disk,100,97,10.488088481701515,0.17326397372996327,0.0026064829758697394,335.33079219032714,0.17328357783183293,0.0005167541480457917,1.0385821693073962,9.236214118287021e-06
68,rhombus,225,225,15.0,0.06030099461837812,-0.00381159196178274,780.4860451276226,0.06042133882370362,7.741501491397417e-05,2.2683307094376515,3.7237120284204646e-06
68,disk,225,223,15.748015748023622,0.27424197717587306,0.0518340020383868,772.4789327826286,0.27909752025528206,0.00036130114157277424,2.390133007477057,4.005426633962179e-06
68,rhombus,400,400,20.0,0.0257430776335843,-0.0129101187569024,1385.340477170401,0.028798909916281056,2.0788326329065097e-05,4.080045266290491,2.125944555652092e-06
68,disk,400,397,20.97617696340303,-0.4684120403513079,0.3143058562419536,1376.337378703106,0.5640904278695597,0.00040984894881013136,4.073241765349179,2.150257043308316e-06
69,rhombus,4,4,2.0,-0.08080495126093945,-0.035978107781905605,13.927955895895568,0.08845261097248185,0.006350724516477537,0.04109058140219092,0.00021182027157001101
69,disk,4,7,2.8284271247461903,0.11619377388685415,0.09407947447942683,24.36475741970678,0.149505654101758,0.006136143755768911,0.06649038892391428,0.00011200429832273662
69,rhombus,16,16,4.0,0.04600121108838362,0.0745263302014826,55.31455688560753,0.08758016507690794,0.0015833113380629052,0.14670017521457734,4.794593112394168e-05
69,disk,16,19,4.69041575982343,0.0314562655680537,-0.10746597486579343,65.73244953710689,0.11197514187239624,0.001703498692973319,0.15670772992576887,3.626859952701342e-05
69,rhombus,49,49,7.0,-0.030417493623634773,0.11518608659542455,169.49354065364622,0.11913462327767065,0.0007028859201255217,0.4204262085653804,1.4634688309403791e-05
69,disk,49,55,7.615773105863909,-0.06980933081431973,0.15149045313164505,189.79468325917324,0.16680137906736345,0.0008788516949106978,0.4618747346967725,1.2822010306505283e-05
69,rhombus,100,100,10.0,-0.06048320155622111,-0.03261485274769814,346.4024325901785,0.06871641936425749,0.0001983716420535489,0.9817513169883473,8.181626059212196e-06
69,disk,100,97,10.488088481701515,-0.1514678066499049,-0.18829978195765132,336.17051772266115,0.24165948012985544,0.0007188598267538238,0.8526543009834948,7.5449043968117776e-06
69,rhombus,225,225,15.0,-0.038726204869397485,-0.122638162055061,779.5835981859218,0.12860730047641133,0.00016496922302582868,2.1139978123983125,3.4783969923619957e-06
69,disk,225,223,15.748015748023622,0.42046974865461983,0.39365344567483274,771.6430000990227,0.5759842400841777,0.0007464387547224083,2.0940582556722633,3.5168667816898802e-06
69,rhombus,400,400,20.0,0.07135700814541979,-0.09593792186231569,1386.0478521298398,0.11956549444854604,8.626361223013936e-05,4.049531682930644,2.1078919864718386e-06
69,disk,400,397,20.97617696340303,-0.29016142424256763,-0.18988091571143142,1375.816460932353,0.3467685312566396,0.0002520456333409793,3.777775557033059,1.995791413366874e-06
70,rhombus,4,4,2.0,-0.11645934755397436,-0.009833012141173048,13.78612366602444,0.11687372570627605,0.008477635087106352,0.0393650012105478,0.0002071218560660722
70,disk,4,7,2.8284271247461903,-0.03187418237766515,0.1943035071074659,24.102939274919958,0.1969005240635629,0.00816914990398891,0.08018798160572423,0.00013802865906574135
70,rhombus,16,16,4.0,0.10268370381018421,-0.07176818580095007,55.152000650531846,0.12527815260985187,0.0022715069468408084,0.19443648637119124,6.392271639529484e-05
70,disk,16,19,4.69041575982343,0.06042591980225831,-0.10046403824763186,65.45382085990772,0.1172361495656122,0.0017911276687198345,0.22658032758034255,5.2887397093254326e-05
70,rhombus,49,49,7.0,0.0035835582519569975,-0.0602056322336848,169.91177342524622,0.06031218817455453,0.0003549617955173028,0.5387055680550825,1.8659694059270284e-05
70,disk,49,55,7.615773105863909,-0.0602540928350348,-0.018265792363029346,190.28457162253608,0.06296185253010185,0.0003308825933349872,0.5732529284518281,1.5832122015058657e-05
70,rhombus,100,100,10.0,0.0697522558538517,0.053407014027215385,346.1376785968548,0.087850363368653,0.0002538017927570722,0.9269345229300289,7.736620674435772e-06
70,disk,100,97,10.488088481701515,-0.4206394752268676,0.026664304397570046,336.1729634641706,0.42148375205711175,0.0012537705225126874,0.8791265960025602,7.779037295508956e-06
70,rhombus,225,225,15.0,-0.17030487682191087,0.11211426586914164,779.9895440476214,0.20389546262902175,0.00026140794345901275,2.13554046306832,3.5101869137840405e-06
70,disk,225,223,15.748015748023622,-0.2930486729384376,-0.2718934098647526,772.9039795302973,0.39975436337688885,0.0005172109006604213,2.025356640386126,3.390395956390716e-06
70,rhombus,400,400,20.0,-0.01977396427676492,0.13239042899716386,1386.154129482431,0.13385901296988506,9.656863556714721e-05,4.085144689177318,2.126103473145209e-06
70,disk,400,397,20.97617696340303,-0.38336629393704325,0.1676848570249556,1376.5697310546611,0.4184350924605909,0.00030396941253386863,4.055513161766502,2.140175478215443e-06
71,rhombus,4,4,2.0,0.04005614583575001,0.0028517217485937857,13.734005376589987,0.040157529009468146,0.0029239488341775244,0.07535024861110744,0.00039947560523859166
71,disk,4,7,2.8284271247461903,-0.042344223894207556,-0.022655413928416954,24.282815582699847,0.04802396357518491,0.001977693377921105,0.11114711685910278,0.00018849512318260114
71,rhombus,16,16,4.0,0.03787865300145299,-0.07961607104454001,55.49960749378146,0.08816751738465661,0.0015886151518195058,0.15090089910444632,4.899051490137905e-05
71,disk,16,19,4.69041575982343,0.0027573656442996253,0.07453703834273845,66.1197965574211,0.07458802283344979,0.0011280739917079831,0.2177012681858758,4.979639941088377e-05
71,rhombus,49,49,7.0,0.0852629806008749,0.07414844497763223,169.72511825231314,0.11299454745051252,0.0006657502944410089,0.5569207710623303,1.9333085690831573e-05
71,disk,49,55,7.615773105863909,0.058765370852660315,0.3300354031233502,190.37101043638097,0.3352263953304438,0.0017609109420705167,0.6048441284452194,1.6689442862112646e-05
71,rhombus,100,100,10.0,0.14669077215692994,-0.027029254732807706,346.47840915308717,0.14916019324004423,0.0004305035733817967,1.0913848980612433,9.091291574842671e-06
71,disk,100,97,10.488088481701515,-0.11018461959758374,0.06408586317277451,335.6960944719444,0.12746626320114593,0.0003797073165288161,1.055726168442834,9.368255124734792e-06
71,rhombus,225,225,15.0,-0.1530079012656893,0.14783427702805724,780.0127028748927,0.2127589981978184,0.0002727635042527546,2.341036785194449,3.847732636486088e-06
71,disk,225,223,15.748015748023622,0.29885202787410226,0.09782744239518519,772.4114768138045,0.31445626571917196,0.0004071097791248562,2.2988222389816584,3.85307935692057e-06
71,rhombus,400,400,20.0,0.13126846211351717,0.06526608592770097,1385.9693806183632,0.14659833258932362,0.00010577313946424804,4.323605002838078,2.250809498051435e-06
71,disk,400,397,20.97617696340303,0.14428390071171915,0.6875080025457609,1375.4225714908343,0.7024849447276797,0.0005107411782302287,4.049000408971958,2.1403043120285777e-06
72,rhombus,4,4,2.0,-0.037505516732462496,0.015162061693658462,13.780408928108049,0.04045431868381087,0.0029356399287466545,0.02844350513201575,0.00014978175105929907
72,disk,4,7,2.8284271247461903,0.05463045251081322,-0.0010279238280044845,23.889547257729376,0.0546401223363601,0.002287197900691964,0.06165955234438779,0.00010803998836940524
72,rhombus,16,16,4.0,-0.027462454037800565,0.07149291178390288,55.56146566283314,0.07658604844956572,0.0013784022350007336,0.18160437708786037,5.882730118692025e-05
72,disk,16,19,4.69041575982343,-0.13031301544850304,0.024471378494638825,65.6122934381924,0.13259083814770034,0.002020823098838979,0.14220440968616524,3.303258999006178e-05
72,rhombus,49,49,7.0,0.006040148673793322,-0.10459866038816112,169.6967226161325,0.10477291229606722,0.0006174127035621772,0.43334976502598965,1.5048446057162305e-05
72,disk,49,55,7.615773105863909,-0.12081282946302485,-0.27504270243812456,191.01355210236048,0.30040677077477573,0.0015726987298461082,0.49330981969394005,1.3520457857804319e-05
72,rhombus,100,100,10.0,-0.0130497021926681,0.15134708439950517,346.57136379499985,0.15190863926567266,0.0004383184969532798,1.0292163074848857,8.568825685253842e-06
72,disk,100,97,10.488088481701515,0.04330597082680665,-0.5555814487225026,336.23359552693984,0.5572666805703056,0.001657379536084032,0.876165711210238,7.750041775197529e-06
72,rhombus,225,225,15.0,0.00874840415182021,0.049794199115096416,779.7015379672432,0.050556867394227004,6.48413077727583e-05,2.3984260913593323,3.945204849346033e-06
72,disk,225,223,15.748015748023622,-0.28567988405927736,-0.13631085849285401,773.3930308086058,0.3165337996157457,0.000409279353454737,2.5808576661997282,4.314828567729802e-06
72,rhombus,400,400,20.0,-0.06481946878860922,-0.16073465456961372,1384.2743134048583,0.1733124136167128,0.00012520091714367032,4.309573444320824,2.249002644015144e-06
72,disk,400,397,20.97617696340303,-0.09661797665665839,0.02710057851903,1374.262299746453,0.1003467725903165,7.301864615570853e-05,4.28324450103049,2.267950652921719e-06
73,rhombus,4,4,2.0,-0.04897659049922787,-0.0032652126146750157,13.987436024865325,0.0490853137949437,0.003509243131313361,0.016353473340052375,8.35860458661081e-05
73,disk,4,7,2.8284271247461903,0.057369929833494204,-0.019420022900497436,24.37263886785228,0.06056769880518735,0.0024850693900477336,0.038355780978484647,6.456924717800834e-05
73,rhombus,16,16,4.0,-0.0656283248811298,-0.05752799354764718,55.57839827429787,0.0872728312152256,0.001570265317552067,0.11062218573755431,3.581213245168261e-05
73,disk,16,19,4.69041575982343,-0.062402658917666276,0.04351079702894671,66.12021801000888,0.07607418286178821,0.0011505434366576432,0.1214469122289468,2.777908417227504e-05
73,rhombus,49,49,7.0,0.09140206412229057,-0.06818640891376868,169.8355629372456,0.11403387078570555,0.0006714369406120269,0.38953405367016114,1.3504800103515303e-05
73,disk,49,55,7.615773105863909,-0.33263547428827156,0.12173627948089892,189.88816269099834,0.35421191467373725,0.0018653712251149644,0.44873705619262827,1.2445035785987277e-05
73,rhombus,100,100,10.0,-0.07744908523202554,-0.06361456372019036,346.3789821793135,0.10022561309659181,0.0002893524672484516,0.8662721856447312,7.220234564978606e-06
73,disk,100,97,10.488088481701515,0.12114668919452276,0.10868631611081842,336.35294654779153,0.16275514004950825,0.0004838820106081122,0.7893209657866476,6.976910718014714e-06
73,rhombus,225,225,15.0,0.13036297822885778,-0.03260034746735119,779.7830124307698,0.13437741159767025,0.00017232667223511807,1.9464841754078397,3.201130192642313e-06
73,disk,225,223,15.748015748023622,-0.06876448454378359,-0.007559405949403186,773.2810305510584,0.06917874639569674,8.946132604132074e-05,2.1116497022642804,3.531402030206531e-06
73,rhombus,400,400,20.0,-8.339382330779799e-05,-0.0028302393246856378,1385.4775339242697,0.0028314676697364758,2.0436763501437216e-06,3.852118804359501,2.006784310870081e-06
73,disk,400,397,20.97617696340303,0.3769608616937967,-0.03786991197536782,1375.7906275879368,0.3788583132015871,0.00027537497756167223,3.8453750732718244,2.031580397327233e-06
74,rhombus,4,4,2.0,-0.08015302649935707,-0.08302874671961301,13.91355913763937,0.11540485448557303,0.008294416500043934,0.06981706356613782,0.0003606493072754624
74,disk,4,7,2.8284271247461903,0.18284150042653424,0.07018452450133186,24.243738302872433,0.19584913009177338,0.0080783387299874,0.09158459333913149,0.00015582001669980748
74,rhombus,16,16,4.0,0.12962677463216776,0.0004720541673546158,55.51695729870631,0.12962763415520523,0.002334919643700032,0.15360894667330333,4.9838527154717596e-05
74,disk,16,19,4.69041575982343,0.04496354977208483,0.023353826015313328,65.77540696058921,0.05066677409960373,0.0007702996673203687,0.23726377456469214,5.4840871482314864e-05
74,rhombus,49,49,7.0,-0.06420567782648856,-0.06929569055183915,169.61035349907795,0.094468311058339,0.0005569725497851318,0.6373329618069604,2.2154485128131916e-05
74,disk,49,55,7.615773105863909,0.22625203037173236,0.05553754637323695,190.91361451744547,0.2329686680746807,0.0012202831561464794,0.7794944829455382,2.138647682733924e-05
74,rhombus,100,100,10.0,0.029042962270899864,0.05918058317484845,346.6561732772786,0.06592294807109333,0.00019016810647812636,1.243919668975665,1.0351289571026799e-05
74,disk,100,97,10.488088481701515,0.15259173462222053,-0.04518025047349078,335.9897973632861,0.15913985204173572,0.0004736448942515571,1.2336656166173698,1.0928115615422288e-05
74,rhombus,225,225,15.0,-0.0037501503143957393,-0.001485795520556249,779.1021034378634,0.004033759500697516,5.177446554050055e-06,2.334029635287976,3.8451883006941905e-06
74,disk,225,223,15.748015748023622,-0.14994838994548454,-0.11269335457252665,772.3865120090466,0.18757481657208758,0.00024285097377501927,2.2027620593607202,3.6923105835114755e-06
74,rhombus,400,400,20.0,-0.025897993368526162,-0.08308875293575586,1385.1357386223908,0.0870312985364191,6.283232473878516e-05,3.9443616030884026,2.0558529748841084e-06
74,disk,400,397,20.97617696340303,-0.26882863433253723,-0.21822226687344723,1374.502768306185,0.34625105400053735,0.00025191004484278074,3.7334846502832892,1.976164677765319e-06
75,rhombus,4,4,2.0,-0.1644539778805103,0.024372114113426588,14.087248448645454,0.1662501452242411,0.011801463275834163,0.03230085083153458,0.00016276522167754773
75,disk,4,7,2.8284271247461903,0.012981009966717139,-0.0007584895724368143,24.456555377925437,0.013003150625425558,0.0005316836498226665,0.025072328487344326,4.1918341637990203e-05
75,rhombus,16,16,4.0,0.04264270232708611,0.059864496079717944,55.82717283302278,0.07349937382478194,0.001316551960182833,0.14556754500945696,4.670606586870553e-05
75,disk,16,19,4.69041575982343,0.0481360630424299,0.028409876610608426,65.96516679505477,0.055894558359958275,0.0008473344505231894,0.08627958127110456,1.9827990352704716e-05
75,rhombus,49,49,7.0,-0.11083646658814006,0.033573471893157264,170.1478329188636,0.11580975926364975,0.0006806419880697193,0.43728672994956824,1.5104746956372409e-05
75,disk,49,55,7.615773105863909,-0.1777100810785579,0.004197918412155978,191.0308939684062,0.17775965637889476,0.0009305283176253874,0.38579809060536674,1.0571895406774152e-05
75,rhombus,100,100,10.0,0.09382341097986435,0.09849986754144768,346.7432194469653,0.13603329134288883,0.000392317091477243,0.8577628972224743,7.134298927614196e-06
75,disk,100,97,10.488088481701515,-0.06994473633425669,0.3516079274583346,336.2031818471002,0.3584974209006449,0.001066311802675573,0.7486109789156015,6.622966425541157e-06
75,rhombus,225,225,15.0,-0.01631905166323877,-0.03427015848475129,779.642411285866,0.03795728137995959,4.8685500981605856e-05,1.9240037440770899,3.165300896942937e-06
75,disk,225,223,15.748015748023622,-0.24251445081429068,-0.10679809329022538,772.9141708616678,0.26498885181113696,0.0003428438263924175,2.0563652479507177,3.4422128066942773e-06
75,rhombus,400,400,20.0,0.08124088100167093,0.030432372374083166,1385.9181126120939,0.08675373210555565,6.25965786261697e-05,3.930598151050389,2.046366908581172e-06
75,disk,400,397,20.97617696340303,-0.11852737714641126,0.2833183039683902,1376.643767673949,0.30711235809835585,0.0002230877481232994,3.989182852074263,2.104945217631413e-06
76,rhombus,4,4,2.0,-0.042583254424433115,0.12325579095067701,13.973570327968904,0.13040446142771725,0.009332222071169974,0.03606784829132384,0.00018471640353480502
76,disk,4,7,2.8284271247461903,0.040527431904099576,-0.009833403948584243,24.196849936251777,0.04170334003359276,0.0017235028585730376,0.039192969023583615,6.694073893677933e-05
76,rhombus,16,16,4.0,-0.1299508248071093,-0.06003062497286142,55.38126046769126,0.14314640338716283,0.0025847444095403473,0.11473302618987039,3.740785246792988e-05
76,disk,16,19,4.69041575982343,0.0764264735360003,0.030276409383704454,65.51470241635737,0.08220502917899014,0.0012547569651856591,0.16138054220941248,3.7598768890193175e-05
76,rhombus,49,49,7.0,-0.007740408328051451,0.06719894347450286,169.58166516534803,0.06764326962214644,0.00039888315494597776,0.4278612510966387,1.4878020951235796e-05
76,disk,49,55,7.615773105863909,0.07029181014916253,0.06743926167974423,190.50079183594374,0.09741146025984276,0.0005113441226204034,0.4373205728782139,1.2050535263624946e-05
76,rhombus,100,100,10.0,0.06106094767128578,0.00041138294774095696,346.80915788953786,0.061062333450705865,0.00017606897644310425,0.9351467653259755,7.774968926261924e-06
76,disk,100,97,10.488088481701515,0.103825092741201,0.04966932134459913,336.54616937642476,0.11509427164525626,0.0003419865745568004,0.8238590784622861,7.27383806584448e-06
76,rhombus,225,225,15.0,0.015251719573336597,-0.02667749015230436,779.9059948375626,0.030729520509926524,3.940156982166397e-05,2.0722610297427018,3.406904364775165e-06
76,disk,225,223,15.748015748023622,0.10474999423757891,0.265936034902007,773.257379426505,0.28582256025753866,0.0003696344423761234,2.1008898715369853,3.5136228334702365e-06
76,rhombus,400,400,20.0,0.038266608072484054,0.00013443729384138292,1385.5541744981233,0.0382668442226306,2.761843955794197e-05,3.7024100312206443,1.928579258210128e-06
76,disk,400,397,20.97617696340303,-0.2245517363908296,-0.21441279171273728,1375.1953612067282,0.31047757981243396,0.00022576979865609144,3.545065165872014,1.8745430789203602e-06
77,rhombus,4,4,2.0,-0.006989803718730148,0.09918908139860252,13.978277607556054,0.09943506033952497,0.007113541677393405,0.06455291268178125,0.00033037602246414985
77,disk,4,7,2.8284271247461903,-0.017254205105765585,-0.16445819437949136,24.407656438907125,0.1653608336106056,0.006774957441100797,0.11864794344712401,0.00019916272131857569
77,rhombus,16,16,4.0,-0.098384110971939,-0.005322899400795736,55.750343977757666,0.09852799881135209,0.0017673074600339888,0.23987174415847845,7.717630651453535e-05
77,disk,16,19,4.69041575982343,-0.07773955130148691,0.08499948547287292,66.34807092824487,0.11518832565503177,0.0017361216994478622,0.2816345623793803,6.39778070963196e-05
77,rhombus,49,49,7.0,-0.09085275242043744,-0.12666478599968234,170.0428781997392,0.15587876903130402,0.0009167027204056294,0.5657496882355599,1.956624235563891e-05
77,disk,49,55,7.615773105863909,-0.013529699751217095,0.22151956233375392,191.17108833136788,0.2219323529183971,0.0011609096064448246,0.6298496246444241,1.7234252427609385e-05
77,rhombus,100,100,10.0,0.012451885338290225,-0.11515544762530783,346.5062706961622,0.11582670920933108,0.0003342701676844833,1.1923211717192317,9.93049869903881e-06
77,disk,100,97,10.488088481701515,-0.34946632655872856,0.3503572514088407,335.7993183915844,0.4948503986188245,0.0014736492050938783,1.1792185729029945,1.0457664149655455e-05
77,rhombus,225,225,15.0,-0.14119382366221878,0.018022383279040377,778.3416875213547,0.14233939068091575,0.00018287519859587438,2.2879632234871954,3.7766649358632983e-06
77,disk,225,223,15.748015748023622,-0.04605883333105387,0.1987890161813139,771.5395644598728,0.20405511285471992,0.000264477834001386,2.398915279143431,4.0299393254323235e-06
77,rhombus,400,400,20.0,0.1228586562947922,-0.011780786056221626,1385.4400948990642,0.12342218741646231,8.908518518475112e-05,3.7796253080173052,1.969124810533988e-06
77,disk,400,397,20.97617696340303,0.3385057789214647,-0.18276191086698382,1374.482471773636,0.38469218659465765,0.00027988147866174663,3.613828925418799,1.9128863936592314e-06
78,rhombus,4,4,2.0,0.030419307374128568,-0.06406462644190884,13.594822959547047,0.07091974775944312,0.0052166731387729695,0.02454713980512128,0.00013281703580634034
78,disk,4,7,2.8284271247461903,0.08328359826251308,0.001855952624682168,24.31326937247452,0.08330427539866568,0.0034262885061840313,0.03538547880055978,5.986022609944437e-05
78,rhombus,16,16,4.0,0.07875035436291267,0.09724218511404473,55.40276967616852,0.1251305753125049,0.002258561729745612,0.08980797913405633,2.925849420017712e-05
78,disk,16,19,4.69041575982343,-0.23687206322962373,-0.05824616214276554,65.75650941733838,0.24392824711996805,0.003709568060734838,0.1319267750575708,3.0510929870505906e-05
78,rhombus,49,49,7.0,0.02520961588310433,0.07242397812861259,169.99211810082588,0.0766860961383967,0.0004511155987415404,0.4351517624183742,1.5058550729258857e-05
78,disk,49,55,7.615773105863909,0.004137626336436551,-0.17484109221431846,190.28373632098683,0.17489004396590385,0.0009191013764354743,0.4443852090198019,1.2273156002869445e-05
78,rhombus,100,100,10.0,0.004068990733431921,-0.10020706346422814,345.4362983211536,0.10028964180668211,0.00029032745630409233,0.8663073308032542,7.259990412896922e-06
78,disk,100,97,10.488088481701515,0.07107007160165679,0.1192851721170819,335.63443111681886,0.1388521060858152,0.0004137004228791032,0.8340310426032407,7.4037066387740235e-06
78,rhombus,225,225,15.0,-0.0859214043405756,0.056396223625920006,779.3447148365208,0.1027765623239144,0.0001318756134061592,2.130035088537423,3.506933806221448e-06
78,disk,225,223,15.748015748023622,0.019655681494295862,0.014249755946274797,772.3094853630489,0.02427758965658656,3.143505306706689e-05,2.0813358949774887,3.489469740271863e-06
78,rhombus,400,400,20.0,0.09714322767048023,0.18932990375877778,1387.2885615529744,0.2127971314175706,0.0001533906768317608,4.120309307921718,2.1408991436372687e-06
78,disk,400,397,20.97617696340303,0.038788783426453755,0.10287677103506736,1375.7965531911132,0.10994634936325083,7.991468586560565e-05,3.9763452256657734,2.100756174094911e-06
79,rhombus,4,4,2.0,0.008575523404009466,-0.11084381412854544,13.885282159311128,0.11117504545632641,0.008006682484430117,0.06462513490857369,0.0003351907644740998
79,disk,4,7,2.8284271247461903,0.06883891382047924,-0.0057301346400132624,24.190468183203393,0.06907698964905787,0.0028555457929095125,0.08109924999480503,0.00013858884976077196
79,rhombus,16,16,4.0,-0.10367956368520348,0.0566510996728275,55.638941046300204,0.11814736146057092,0.0021234653147380006,0.19925009053109105,6.436367246155738e-05
79,disk,16,19,4.69041575982343,0.006117982685773349,-0.04776536139538132,65.7876226306425,0.04815557560007778,0.0007319853442712477,0.1801335183749563,4.16203901161792e-05
79,rhombus,49,49,7.0,0.08042973080657756,0.14230043000611714,169.67652708561616,0.16345749899452267,0.0009633477405631041,0.6210660360572852,2.157219049928678e-05
79,disk,49,55,7.615773105863909,-0.09291756517119332,-0.08199008780429301,190.78456482555868,0.12391952394799875,0.0006495259407452742,0.5869612909294237,1.6125863885338575e-05
79,rhombus,100,100,10.0,0.09119208303172455,0.09311701774910436,346.8333902297482,0.13033332268515202,0.00037578078223327076,1.0664491369309494,8.865400194893785e-06
79,disk,100,97,10.488088481701515,0.0633714490876578,0.20106243017025385,336.4121778787826,0.21081281124599097,0.0006266503566406324,0.9489692467112727,8.38510917113337e-06
79,rhombus,225,225,15.0,0.02462286796483415,0.01719442843745736,779.0836421774314,0.030032215970595612,3.854812801185211e-05,2.2143862997647923,3.6482552326551017e-06
79,disk,225,223,15.748015748023622,-0.3301710311766679,0.4311917324930391,772.0955066859246,0.5430830691511316,0.0007033884596508196,2.157064206258185,3.6184370555558995e-06
79,rhombus,400,400,20.0,0.048161570684870814,-0.08943459501130506,1385.7660144116937,0.10157796845610745,7.330095225291757e-05,3.8623998165566933,2.0113026021395597e-06
79,disk,400,397,20.97617696340303,-0.40525443400786987,0.0488842607788089,1376.130816493891,0.40819214499415535,0.0002966230681717805,3.769237976845961,1.990371376406091e-06
80,rhombus,4,4,2.0,-0.028057084414665034,-0.04041074642088893,13.86538123404803,0.04919581701877739,0.0035481041731453755,0.029768666973699096,0.00015484449044438742
80,disk,4,7,2.8284271247461903,0.020590321902393516,0.0005752812261135554,24.231643080953287,0.020598356840614857,0.0008500602609488628,0.0627246973780231,0.00010682498679272925
80,rhombus,16,16,4.0,-0.05976181934195912,0.024637778621226125,55.47331363336959,0.06464128082308941,0.0011652680647547416,0.15780735937975537,5.1281301078470897e-05
80,disk,16,19,4.69041575982343,-0.12526421512799413,0.0683127563266456,65.85666672845771,0.1426806092942417,0.0021665325073700874,0.17095145458375563,3.941606898690372e-05
80,rhombus,49,49,7.0,0.12632710505747635,-0.11578893498148699,169.1949939380161,0.1713639837782423,0.0010128194681754048,0.5158535628473512,1.8019860145805925e-05
80,disk,49,55,7.615773105863909,-0.22946463681130114,0.1864891148985381,189.7318153418563,0.2956893801315537,0.0015584596584330597,0.546156397021283,1.5171785736449116e-05
80,rhombus,100,100,10.0,-0.0824391563313811,-0.22658661986549614,345.80326439020035,0.24111762855233282,0.0006972682255545699,1.1221975586735469,9.384500075730834e-06
80,disk,100,97,10.488088481701515,0.16026843541137303,-0.09347014164752732,335.243690431498,0.18553338990278345,0.0005534284319086817,1.1937650928843535,1.0621788507005678e-05
80,rhombus,225,225,15.0,0.0652597070621308,-0.17393552314791988,779.5736625724901,0.18577512098926405,0.00023830348549260975,2.4613529148449222,4.050042417443945e-06
80,disk,225,223,15.748015748023622,-0.25853039649468634,0.5064436443137331,773.4019549914555,0.5686150989707139,0.0007352129061750252,2.412913893094954,4.033957263773324e-06
80,rhombus,400,400,20.0,0.06125467236494053,-0.22763307839357935,1385.8324782327427,0.23573067951684534,0.00017010041489102387,4.215600187493423,2.195017286248608e-06
80,disk,400,397,20.97617696340303,0.3417836299240373,-0.26246634271388936,1375.800342192724,0.43093460146715545,0.00031322466512861903,4.1143640262532575,2.173661373047738e-06
81,rhombus,4,4,2.0,0.033979628131854955,0.006823615593127205,13.746512415573907,0.03465799846704823,0.0025212211955508777,0.026570665103628505,0.00014061037558289383
81,disk,4,7,2.8284271247461903,0.07437008618011642,0.07490182275323598,24.111756110778163,0.10555184872940465,0.0043776093389656535,0.040251220128337574,6.923430952685197e-05
81,rhombus,16,16,4.0,-0.1494594900280628,-0.0223758275006911,55.116891589997074,0.15112516936562648,0.0027419029812097303,0.16344541145387007,5.380260442866297e-05
81,disk,16,19,4.69041575982343,-0.14568132815477242,-0.04030815418146853,65.83148242570043,0.15115487642301034,0.0022960879939717092,0.26533020608838215,6.122367918903431e-05
81,rhombus,49,49,7.0,0.1293333494191522,-0.0012711432456284297,169.411125764186,0.12933959593692654,0.0007634657721179567,0.5779444505612173,2.013734641521219e-05
81,disk,49,55,7.615773105863909,-0.19040293480088177,-0.10524924436179461,190.05582720607703,0.2175561560138384,0.0011446960570061493,0.610229179460289,1.689392613138659e-05
81,rhombus,100,100,10.0,-0.06643780150512102,0.08182367377890878,345.9799210257231,0.10539969193271462,0.000304641065933067,1.0504255206724917,8.775330342477851e-06
81,disk,100,97,10.488088481701515,0.1707045495374393,0.36930777535102494,335.53001831742824,0.4068516635919081,0.0012125641265486,0.9617571882579015,8.54284801276963e-06
81,rhombus,225,225,15.0,-0.07104801059048071,-0.14510861325311133,778.8176876939489,0.16156834296701225,0.00020745335592648172,2.405819985910373,3.96635439527776e-06
81,disk,225,223,15.748015748023622,-0.09516415234828113,-0.06697346304596177,773.1339704144358,0.11636864115617948,0.0001505154935745489,2.1618339463922394,3.616702781437844e-06
81,rhombus,400,400,20.0,0.01023325691916721,0.01602082807221364,1385.209083011538,0.019010167787084684,1.3723681154151326e-05,4.1814490393459725,2.1791952672269554e-06
81,disk,400,397,20.97617696340303,-0.4279419701680589,-0.15148000486916863,1374.4581193325887,0.4539609253079864,0.00033028356333507006,4.2156112892907665,2.231503316330107e-06
82,rhombus,4,4,2.0,0.028685664316636217,0.03349057771160348,13.722089043286447,0.04409632788275786,0.003213528766914106,0.046356142367067935,0.0002461879668241816
82,disk,4,7,2.8284271247461903,-0.26909580316705917,0.005292196226814094,24.114748245270373,0.2691478378568696,0.011161129907696944,0.0867326918348233,0.00014914797482045965
82,rhombus,16,16,4.0,-0.07793338018892282,-0.13569505364930887,54.83931214323704,0.15648245694824708,0.002853472278053455,0.16049236177446716,5.336670272197656e-05
82,disk,16,19,4.69041575982343,0.12178321828230176,-0.011123315578595,65.32922813277516,0.12229014843664134,0.001871905606906893,0.21778654707286807,5.1028875177683437e-05
82,rhombus,49,49,7.0,0.013793553003906833,0.008407693223063936,169.38952876580342,0.016153990522615222,9.536593342171462e-05,0.5133611022406723,1.7891627146583585e-05
82,disk,49,55,7.615773105863909,0.1649422422260569,-0.14414507946167743,190.91816787873398,0.2190519280982766,0.0011473603090378093,0.6994660295154407,1.9189873467466574e-05
82,rhombus,100,100,10.0,0.018165068998698963,0.049579897624654756,346.7001742784006,0.052802802768401796,0.0001523010563184808,1.2240653751167894,1.0183486532393277e-05
82,disk,100,97,10.488088481701515,-0.19933810339271174,-0.1434212314100888,336.09384380282984,0.24557143376905563,0.0007306632903193569,1.1866692832855248,1.0505303061835278e-05
82,rhombus,225,225,15.0,-0.09021490877978255,-0.04746821659939447,779.0077444655665,0.10194096994472593,0.00013086002118587654,2.3135714715091398,3.812407980399107e-06
82,disk,225,223,15.748015748023622,-0.023013447542665322,0.27526986504673123,772.1179595316946,0.27623018910076547,0.0003577564615493528,2.352421073963338,3.94591524507476e-06
82,rhombus,400,400,20.0,0.001743719786610587,-0.11091185185395472,1385.4217945502212,0.11092555810257533,8.006627190283768e-05,4.2019356353074055,2.1891996239656753e-06
82,disk,400,397,20.97617696340303,-0.11857229968272653,0.08754806225740389,1374.2326025875277,0.1473908187679157,0.00010725318151410112,4.0703750172095745,2.1553307688670595e-06
83,rhombus,4,4,2.0,0.07583760045612609,-0.021702246928867353,13.923672257993925,0.07888174164345352,0.0056652972133960965,0.05869911452392397,0.00030277775587688697
83,disk,4,7,2.8284271247461903,-0.06391951168835508,-0.1430141888075244,24.325000366026256,0.1566485307136712,0.006439816170874796,0.09742241573598448,0.00016464675792813435
83,rhombus,16,16,4.0,0.011990835500947039,0.02006093075025278,55.48981363086301,0.023371373057165672,0.0004211831240349795,0.2030493078632653,6.594395357198689e-05
83,disk,16,19,4.69041575982343,0.14496583884581593,0.05594743964441243,65.79243697738657,0.1553872917423952,0.00236178045503624,0.24822543695739513,5.734483897936724e-05
83,rhombus,49,49,7.0,0.05896167272607444,0.05908080315708708,169.3387055365468,0.0834686776721854,0.0004929096239853513,0.5365897896090214,1.8712418995196238e-05
83,disk,49,55,7.615773105863909,-0.1383650050358156,-0.24309617072417156,190.5440369031792,0.27971525314025486,0.0014679821929163075,0.5918502501075761,1.630125763847957e-05
83,rhombus,100,100,10.0,-0.10395284968203056,-0.023786924558240052,345.73185907684433,0.10663963961376766,0.0003084460885337886,1.0804473098390415,9.039091643504628e-06
83,disk,100,97,10.488088481701515,0.0026996393435840815,0.10165660814471639,336.03461060669645,0.10169244825489179,0.000302624923281832,1.1249150537475163,9.962118583433899e-06
83,rhombus,225,225,15.0,0.06290016680507993,0.01602675251965663,779.9392002089148,0.06490984347872977,8.32242352498028e-05,2.4416841051721647,4.013913216086178e-06
83,disk,225,223,15.748015748023622,-0.5018321466905973,0.31031401406821635,772.8311994844851,0.5900256695934697,0.0007634599508754883,2.467864687545938,4.131921394854597e-06
83,rhombus,400,400,20.0,-0.033336492289415265,0.10089581981476275,1386.800762793935,0.10626047324501861,7.662273925415187e-05,3.933334709450939,2.0451857628094414e-06
83,disk,400,397,20.97617696340303,0.011874588697822652,-0.14595504892425581,1374.9962036421628,0.14643729771893624,0.00010650014693207542,3.974590387208095,2.1022742928332624e-06
84,rhombus,4,4,2.0,0.003763464727247978,-0.07042960895228152,13.70821955690975,0.07053008920967371,0.005145094803659049,0.03916624199597595,0.00020842499493958208
84,disk,4,7,2.8284271247461903,0.0807168616984657,0.05347569916686179,24.16957513767757,0.09682387186966829,0.0040060229159233785,0.0747346361316191,0.00012793338521926618
84,rhombus,16,16,4.0,0.09121754770338963,0.03373788740429002,55.35037924718026,0.0972568046746587,0.001757111802980344,0.1338895776977542,4.370242839878319e-05
84,disk,16,19,4.69041575982343,-0.009158245584692803,0.024257367878509906,65.39674002089144,0.025928620452752772,0.00039648184977522877,0.14885663959083326,3.4806151920304324e-05
84,rhombus,49,49,7.0,0.15777898163698945,-0.08004687239652222,169.43392819494449,0.17692288949389948,0.001044199891832399,0.38932716810582657,1.3561694324584282e-05
84,disk,49,55,7.615773105863909,0.001116010586181826,0.2503228888462425,190.33172403591686,0.25032537658007575,0.0013152057432781815,0.470853777531552,1.2997615818943866e-05
84,rhombus,100,100,10.0,-0.027387073734425282,-0.030895636067264365,346.03790343427556,0.04128670652565658,0.00011931267099905528,0.8858057526316325,7.39760523998511e-06
84,disk,100,97,10.488088481701515,0.340991913362088,0.24749347255821863,336.2749603375301,0.42134131525078744,0.0012529666640295593,0.9281803230294717,8.208112440328566e-06
84,rhombus,225,225,15.0,-0.11139187139646989,-0.011923879161730239,779.8580641508763,0.11202824602514863,0.00014365209667624202,2.2168299578543094,3.6450311751321112e-06
84,disk,225,223,15.748015748023622,0.47592595078293254,0.025385142800813346,772.6850357103394,0.4766024717766957,0.0006168133841734735,2.30669703990253,3.8635412662677835e-06
84,rhombus,400,400,20.0,0.05058968991293877,0.08570368902685051,1387.0333335047847,0.0995210482174419,7.175101406248835e-05,3.991102241573592,2.074526834407142e-06
84,disk,400,397,20.97617696340303,0.5671032213909264,0.4264035864884257,1375.3502165584523,0.7095252513351152,0.0005158869666742517,4.019788660601139,2.1250865394229987e-06
85,rhombus,4,4,2.0,-0.06651040298953736,0.030585665340248203,14.00841686355788,0.07320598766587554,0.005225857309851826,0.02325982003093717,0.0001185299868036057
85,disk,4,7,2.8284271247461903,0.1477450479192597,-0.040544281821954756,24.2946341196086,0.15320717337358075,0.006306214475974541,0.06863977595716846,0.0001162934170161706
85,rhombus,16,16,4.0,0.0629934084398438,0.10754623129324772,55.711244149990534,0.12463691817535333,0.0022371950236795154,0.13135541595073152,4.2321618639232185e-05
85,disk,16,19,4.69041575982343,-0.13779323325575676,0.03669563253451435,65.71667349030248,0.1425957382889948,0.002169856304580557,0.12637160616642878,2.9261619706674824e-05
85,rhombus,49,49,7.0,0.06035633342172764,-0.02357361619858038,169.33076249575603,0.06479662309713931,0.0003826630326474985,0.3277801377908945,1.143170228029417e-05
85,disk,49,55,7.615773105863909,-0.1754693936456082,-0.008897051560801866,190.64288530349077,0.17569480821251657,0.0009215912145518682,0.35247554478064297,9.698125188693616e-06
85,rhombus,100,100,10.0,0.11500274507802022,-0.03397012011060069,346.7485500787694,0.119914971691648,0.000345826887133075,0.6903393621780932,5.741605238192868e-06
85,disk,100,97,10.488088481701515,0.12425421202450115,0.03986361229874785,336.05463877751737,0.13049220969596065,0.0003883065270893407,0.6229028522290245,5.5156986468032785e-06
85,rhombus,225,225,15.0,0.056428134292440646,-0.033489232114084444,779.7065789504924,0.06561755106156233,8.41567236099065e-05,1.9474714500687118,3.203381788492678e-06
85,disk,225,223,15.748015748023622,-0.11045262651639254,0.05233637770260352,772.4427416201577,0.12222470754883923,0.00015823141439905226,1.9093319927172716,3.1999917335171283e-06
85,rhombus,400,400,20.0,0.1906273058810597,-0.08409727998311675,1385.6612686637613,0.2083533590994631,0.00015036384707525603,3.9557763281416443,2.0602388450276446e-06
85,disk,400,397,20.97617696340303,-0.18489107754501788,0.04633354078119768,1375.2580674570047,0.19060825679146412,0.00013859817390049465,4.075630293444414,2.1548963180140996e-06
86,rhombus,4,4,2.0,0.1703474035245196,-0.009396498368194374,13.945284391629333,0.17060636585171432,0.012233982546395463,0.05142055615158716,0.0002644125220926521
86,disk,4,7,2.8284271247461903,0.12092909328372903,-0.15909707508787202,24.280980689159495,0.19983924765656225,0.008230279090242126,0.07703614141837359,0.00013066584298170874
86,rhombus,16,16,4.0,-0.03191685503568831,0.0016294322399911243,55.543724301992675,0.03195842118744079,0.0005753741145206976,0.13779993055523193,4.4666199931081275e-05
86,disk,16,19,4.69041575982343,-0.10378273735476062,-0.029987528299260505,65.87162923911855,0.1080282760500517,0.0016399818449594078,0.15781251658658332,3.637011171217594e-05
86,rhombus,49,49,7.0,-0.14364370259006787,0.0777164554250073,170.43026315515638,0.1633198112220652,0.0009582794053036347,0.31666358432521224,1.0901962757801703e-05
86,disk,49,55,7.615773105863909,0.1745628689526324,0.04721584765051551,191.23135766326288,0.1808356477200516,0.0009456380477017949,0.38620477635214084,1.05608633661187e-05
86,rhombus,100,100,10.0,0.12690421975575727,-0.16293089964845875,346.5799264072157,0.20652157042806368,0.0005958843969093877,0.6432829225543402,5.355440663810224e-06
86,disk,100,97,10.488088481701515,0.03748488350391499,0.21766324667650966,336.6600990765509,0.22086739334963224,0.0006560545605358794,0.6039515172986943,5.328669476044082e-06
86,rhombus,225,225,15.0,0.07882641254060241,0.0027190130945288354,779.3669623227385,0.07887329298456772,0.00010120174038363462,1.877957680511786,3.091731832038355e-06
86,disk,225,223,15.748015748023622,-0.1031474008976021,-0.5590483395796871,771.6743650765427,0.5684843289825462,0.0007366894051562254,1.9161684272643975,3.2178480575515956e-06
86,rhombus,400,400,20.0,-0.01367327068473756,-0.12603979452126582,1385.877057181252,0.12677928905850913,9.147946306028522e-05,3.6686601171959126,1.9101086356037183e-06
86,disk,400,397,20.97617696340303,0.46567434179032885,-0.1753213706635196,1374.8290323117042,0.4975843402009264,0.000361924521890743,3.539431286518912,1.8725615272471646e-06
87,rhombus,4,4,2.0,-0.0506373589906981,-0.06505355550470598,13.771834125161185,0.08243850562301998,0.005986022259185112,0.02513736251474526,0.00013253669661113907
87,disk,4,7,2.8284271247461903,0.037493041553546824,0.02205936517212747,24.194278224833646,0.04350107765025206,0.0017979903035752233,0.04431417094737606,7.570373164392585e-05
87,rhombus,16,16,4.0,0.05993534726596872,-0.1391045609205233,55.54848996546126,0.151467239760893,0.0027267571063600785,0.15583525946857787,5.0503469376196406e-05
87,disk,16,19,4.69041575982343,-0.0014131401746668715,-0.013388339818072088,66.37785564409025,0.013462711771312348,0.0002028193234125809,0.13955103042006545,3.1672811129177006e-05
87,rhombus,49,49,7.0,0.0353736139289782,-0.05358952349784979,169.6860739239558,0.06421160012897198,0.00037841408339583704,0.5308837674195545,1.843771270529279e-05
87,disk,49,55,7.615773105863909,-0.14479799080594136,-0.18088117340759802,190.30967560454266,0.2316990656751706,0.0012174844234227678,0.6216811152303096,1.7165084159194376e-05
87,rhombus,100,100,10.0,-0.1730370820114535,0.12861861510439193,345.85749062228444,0.21560282906866088,0.000623386322154646,1.0319576855077088,8.627153345215e-06
87,disk,100,97,10.488088481701515,0.11956146833478742,-0.4306183102409892,335.8931334181394,0.4469083505878752,0.0013305075517323467,1.029809419306203,9.127558147825495e-06
87,rhombus,225,225,15.0,-0.015264389243255572,-0.025148769075859445,779.2964756636156,0.029418738331215374,3.7750380310861324e-05,2.3220995058954896,3.823625961729509e-06
87,disk,225,223,15.748015748023622,-0.24508820402448528,0.057261459768880564,772.9226877520623,0.2516885029690686,0.0003256321841206,2.354840743938491,3.941753215973972e-06
87,rhombus,400,400,20.0,0.09583588266824572,0.02742476387382077,1384.5356684896628,0.09968266690020179,7.199718228201503e-05,3.934321432700025,2.0523978056434003e-06
87,disk,400,397,20.97617696340303,0.4070087469807646,-0.18583097866573828,1374.610239515965,0.4474251588262758,0.0003254923802865207,4.086319910600523,2.162585139945905e-06
88,rhombus,4,4,2.0,0.024023612417114037,0.033081860023755794,13.75749580004088,0.04088451315839639,0.0029717990652248574,0.052916323880893415,0.0002795830820644472
88,disk,4,7,2.8284271247461903,0.21284708441930222,0.033315604551703126,24.45847661810163,0.21543864753670133,0.008808342845737824,0.05115373197548019,8.551031693312353e-05
88,rhombus,16,16,4.0,-0.0013331771732874031,-0.19929223130107634,55.624444809582855,0.1992966904349821,0.0035828976112431726,0.1512049016964304,4.886911695525991e-05
88,disk,16,19,4.69041575982343,-0.19741060056301407,0.013371125485788712,66.05680672245173,0.19786291267290745,0.002995344802304178,0.17923561429655785,4.1076095766481196e-05
88,rhombus,49,49,7.0,0.16624671023753423,0.05322392038907131,170.17930029666752,0.17455874187901582,0.00102573427893236,0.5312303403224469,1.834295935238103e-05
88,disk,49,55,7.615773105863909,-0.27216238936095083,-0.01699774241553685,191.01664230527672,0.2726926647892949,0.0014275858977433292,0.5715727382276856,1.5664952883268392e-05
88,rhombus,100,100,10.0,-0.09403791012228391,0.05216735650164203,347.1013897753642,0.10753865177012477,0.00030981913336538706,1.0593768640026024,8.793014288976744e-06
88,disk,100,97,10.488088481701515,0.11209485859713153,0.1090395419581676,335.8320616536841,0.15638055836438847,0.0004656510685559583,1.0157202739992919,9.005955775729395e-06
88,rhombus,225,225,15.0,0.05334375203592989,-0.04423795120725307,778.6798734420794,0.06930044883177942,8.89973546194837e-05,2.142836771775893,3.5340378061544566e-06
88,disk,225,223,15.748015748023622,-0.3982980673493426,0.04910044340078393,772.4361075099421,0.4013130997069184,0.0005195421288637171,2.004384638045642,3.3593552466022456e-06
88,rhombus,400,400,20.0,0.0747415240204381,0.08721029590809229,1384.9820799999613,0.11485613229285907,8.292968837030893e-05,4.192485375451122,2.185663239492567e-06
88,disk,400,397,20.97617696340303,9.730094515703058e-05,-0.25104746312810966,1375.0129246218967,0.2510474819840532,0.00018257827071195467,4.099073897174462,2.1680644432005612e-06
89,rhombus,4,4,2.0,-0.08312574385744842,0.04667832318076087,13.711830735266954,0.09533496287732891,0.006952752314257097,0.03430051967186869,0.00018243569391505297
89,disk,4,7,2.8284271247461903,0.03309606195755155,0.06534448601565634,24.370075330272968,0.07324787484800087,0.0030056482737667607,0.09336583737816095,0.0001572078590969
89,rhombus,16,16,4.0,0.09512914692558816,0.0012462372391853493,55.259216792877,0.0951373097267653,0.0017216550513801103,0.15974099262847824,5.2312675022068234e-05
89,disk,16,19,4.69041575982343,0.016546484302749853,-0.12725781846134188,65.9321684834318,0.12832902439557853,0.001946379549579452,0.21353835714400657,4.9122581022870815e-05
89,rhombus,49,49,7.0,0.10617351555729515,-0.07386021923989804,169.63265161551027,0.1293373395116855,0.0007624554487590147,0.41091284200858247,1.428008565951162e-05
89,disk,49,55,7.615773105863909,-0.04922877348941812,-0.13608033832314775,190.67474460926675,0.1447111972772487,0.0007589426568987563,0.4364763192165755,1.2005336556685652e-05
89,rhombus,100,100,10.0,-0.026938873698993948,0.0654962204063822,345.8512831486977,0.0708198969477628,0.00020476979672593554,0.8102113999102258,6.773600314661238e-06
89,disk,100,97,10.488088481701515,0.3208101588561214,-0.09660880259087584,335.51184023791075,0.3350409210280629,0.0009985964155258605,0.7636977764400356,6.78431218381224e-06
89,rhombus,225,225,15.0,0.033670193153662265,-0.015573158857491831,778.837325033812,0.037097239571234966,4.7631563586946024e-05,2.0031195067796377,3.302275840407086e-06
89,disk,225,223,15.748015748023622,0.04245185695552012,0.1448109067790679,771.7949265048957,0.15090513205702397,0.0001955249080742263,1.8801440098942868,3.1563654193880393e-06
89,rhombus,400,400,20.0,-0.08007640344153133,-0.0998044780073554,1385.042285708284,0.12795766572758185,9.23853856650642e-05,3.795193457730151,1.9783715282316754e-06
89,disk,400,397,20.97617696340303,0.41121342191831545,0.07149195843226737,1375.3646069970625,0.41738181379433814,0.00030346993929532577,3.6120506168992437,1.9094933013440574e-06
90,rhombus,4,4,2.0,0.012803121120373184,-0.12512798629617883,14.03545170985422,0.1257812898048023,0.008961684483335288,0.012030259316987956,6.106919569582675e-05
90,disk,4,7,2.8284271247461903,0.0033286239616296953,0.06577451168146918,24.272038233259465,0.06585868298420233,0.002713356099363652,0.02412258110486541,4.0945980962421e-05
90,rhombus,16,16,4.0,0.08971405569364199,0.037977293810268584,55.34099230013901,0.09742118165036473,0.0017603801016433892,0.06533960829154309,2.133450851608438e-05
90,disk,16,19,4.69041575982343,0.021954667506255632,-0.03718740745299666,65.78448120149689,0.043184611823952154,0.0006564559153651806,0.06503703953144149,1.5028438415058403e-05
90,rhombus,49,49,7.0,0.1143921060176587,0.04117485377194002,169.5588244561093,0.12157681728971158,0.0007170185195591635,0.25228306876975126,8.77500375911444e-06
90,disk,49,55,7.615773105863909,0.29692689573197706,-0.2127649734152834,190.58177857517163,0.3652868945382993,0.0019166937010938762,0.3464969744475395,9.539743451295928e-06
90,rhombus,100,100,10.0,-0.07334421129142621,-0.013794860593442676,346.52537086489644,0.07463023186855237,0.00021536729527850144,0.8245190050720335,6.866423668779682e-06
90,disk,100,97,10.488088481701515,0.13417307903063147,-0.679495553134354,336.17935147761915,0.6926157822818664,0.0020602567624620357,0.7928864350648261,7.015666205045211e-06
90,rhombus,225,225,15.0,0.02923845019209237,-0.013175855468063977,778.5331256121212,0.032070081648645325,4.119295710562122e-05,2.1159266847788722,3.4909724678185615e-06
90,disk,225,223,15.748015748023622,-0.03198511338406185,0.30117060743684976,772.209586579577,0.30286429677674515,0.00039220478745705735,2.156404145537131,3.616261105201564e-06
90,rhombus,400,400,20.0,0.05111778489424701,0.015713439067500626,1385.2178006270442,0.0534784077906454,3.860649766876907e-05,3.8175669341113068,1.9895301858644245e-06
90,disk,400,397,20.97617696340303,-0.10185195114429035,0.5015816022050954,1375.1427951828255,0.5118182525296743,0.0003721928037747003,3.730402241346038,1.9726955634812997e-06
91,rhombus,4,4,2.0,0.04848378939414433,0.020337465524210625,14.10983505140603,0.05257651888404364,0.0037262320000547734,0.021754659188843777,0.00010927187884402162
91,disk,4,7,2.8284271247461903,0.05912780826224395,0.1159953785282963,24.13127094819138,0.13019610420369507,0.005395327269882284,0.10259489065433437,0.0001761835436952396
91,rhombus,16,16,4.0,-0.04367163594214052,0.06636373463925002,55.60085414909253,0.07944404987871434,0.0014288278677461821,0.14906979852749552,4.82199480148393e-05
91,disk,16,19,4.69041575982343,-0.07374328896160032,-0.1261654392898614,66.10804758157637,0.1461362061163413,0.0022105660575743266,0.20901971462809504,4.78276000035794e-05
91,rhombus,49,49,7.0,-0.26452148442732515,-0.14722317023219955,169.9755261857676,0.30273136206355433,0.0017810291214083187,0.5046506579496685,1.746698934246757e-05
91,disk,49,55,7.615773105863909,0.056896070192087755,0.024210069278007146,190.4803144237956,0.06183276039243988,0.0003246149639110186,0.640085932067226,1.764160458727697e-05
91,rhombus,100,100,10.0,0.16454457602276706,0.04274799347383737,346.2631461050627,0.17000678940722166,0.0004909756967195072,1.2218278896388175,1.0190546918509634e-05
91,disk,100,97,10.488088481701515,-0.17126356607346382,-0.05683386644378774,336.3091286790138,0.18044749219412834,0.0005365524655929107,1.1230336764762379,9.929227649940656e-06
91,rhombus,225,225,15.0,0.019498260555560698,0.06035124275366563,779.824484195113,0.06342282449248388,8.132961426306719e-05,2.404012859775099,3.953147811095124e-06
91,disk,225,223,15.748015748023622,0.009104447253714287,-0.08766464590587386,772.2873989085672,0.08813615093477768,0.00011412351290379182,2.3995978312367727,4.023282825796575e-06
91,rhombus,400,400,20.0,0.052850415251145755,0.08314779302815214,1386.7768050462141,0.09852269727159811,7.10443792491286e-05,3.9049801920997407,2.030512638592212e-06
91,disk,400,397,20.97617696340303,-0.07942092488951769,-0.03182127797718021,1374.5457848797146,0.08555861758120793,6.224501105919517e-05,3.875896731896962,2.051416180017515e-06
92,rhombus,4,4,2.0,-0.11745556867289508,-0.025971334601604168,13.615366186844911,0.12029264663004824,0.00883506510065622,0.04782696010791082,0.0002579966848109105
92,disk,4,7,2.8284271247461903,0.16871960232664884,0.09411130158721515,24.257264225972836,0.19319223922223763,0.007964304524307488,0.09984451809172029,0.00016968388048576986
92,rhombus,16,16,4.0,-0.13011929719656434,0.0356219499958392,55.409004102818386,0.13490720820042904,0.002434752444748722,0.18287066457186385,5.9563931340545814e-05
92,disk,16,19,4.69041575982343,-0.06089067377841406,0.0549993739696979,65.65782257176306,0.08205245450471256,0.0012496980754278045,0.24477798640131354,5.678052527411547e-05
92,rhombus,49,49,7.0,0.12103234597504198,0.002670354169084607,169.63005102350152,0.12106180059626821,0.0007136813310248643,0.576282895252284,2.0027656955973884e-05
92,disk,49,55,7.615773105863909,0.051019175749573265,0.08668683978636868,190.12637215149365,0.10058610483716623,0.0005290486727270992,0.5492603030928801,1.519474756554813e-05
92,rhombus,100,100,10.0,-0.012425094207772602,0.02480921971389058,345.69206972635806,0.027746717803807375,8.02642589567387e-05,1.0489632557151993,8.777714313798789e-06
92,disk,100,97,10.488088481701515,-0.0567377385330623,0.24935123971850384,336.12556931083986,0.25572487505716157,0.0007608016122709014,0.9125150492340885,8.07675546028218e-06
92,rhombus,225,225,15.0,0.1309526960328813,0.05784319108735257,779.4172358659893,0.14315880466617548,0.00018367415817680197,2.1482484211412034,3.5362624572408665e-06
92,disk,225,223,15.748015748023622,-0.3294145482141331,0.03261109930936357,772.3801343507304,0.33102481534363337,0.0004285775884459998,2.2420036323996957,3.7581500978754988e-06
92,rhombus,400,400,20.0,-0.05326320049997468,0.06626412318180373,1385.7122095059174,0.08501707210057144,6.135261818244691e-05,3.9856211292257258,2.0756299346753826e-06
92,disk,400,397,20.97617696340303,0.12883585594462055,0.23201029023566605,1375.201223837677,0.2653817110356722,0.00019297663966229625,4.057391738704231,2.145430449996609e-06
93,rhombus,4,4,2.0,0.046124492150614316,-0.08558935238055086,13.997286882564318,0.09722657053025263,0.00694610115131402,0.03228527707716272,0.00016478466381749388
93,disk,4,7,2.8284271247461903,0.0635412796466075,0.0028672988565836693,24.55898747819337,0.06360594014603779,0.002589925183296556,0.054321102401585455,9.006325931154058e-05
93,rhombus,16,16,4.0,0.017277789212926553,0.13278945343814452,55.65576958049784,0.13390877844446,0.0024060179106998197,0.10146260075831091,3.275560351154677e-05
93,disk,16,19,4.69041575982343,-0.12371071201191164,0.07748474980750503,66.12963536680054,0.14597337674804192,0.002207382150806865,0.11270261148786621,2.5771620250845674e-05
93,rhombus,49,49,7.0,0.029698122938329075,-0.06560086076065957,169.77341120902162,0.072010078729297,0.00042415404282970814,0.4090971723678119,1.419342240782709e-05
93,disk,49,55,7.615773105863909,-0.28199791324151313,-0.023530920080704842,190.5030929523373,0.2829779625207809,0.0014854245048482242,0.4147743316058191,1.1428988871842621e-05
93,rhombus,100,100,10.0,0.005148779512113677,0.0009607216306765365,346.60606962187734,0.00523764417615509,1.5111230400174437e-05,0.8962973484536847,7.460703561603267e-06
93,disk,100,97,10.488088481701515,-0.2860281538255167,-0.10544510351242128,336.4964065725137,0.30484549305439745,0.0009059398171870355,0.8309664977560366,7.338759457187673e-06
93,rhombus,225,225,15.0,-0.0934384247077138,0.12952427330926244,778.5127577026528,0.15970997648284724,0.00020514753920557752,2.0080288354268268,3.313130002280448e-06
93,disk,225,223,15.748015748023622,-0.39290797879670647,0.037093938213758504,772.33182006327,0.3946550899891186,0.000510991622689828,2.0193131832887294,3.3852895791519797e-06
93,rhombus,400,400,20.0,0.14399857152853945,-0.03767576250122649,1385.3646275924596,0.14884573115245434,0.00010744155595420696,3.682386564451214,1.9186739893728045e-06
93,disk,400,397,20.97617696340303,-0.2451235719238185,-0.19438596048360962,1374.5032229244116,0.3128441579218427,0.00022760525599658564,3.712695251700892,1.965159375113859e-06
94,rhombus,4,4,2.0,-0.05978493948468211,-0.15208109277275078,13.852402865581686,0.16341021316962148,0.01179652474413937,0.03783532806636761,0.00019717292403669584
94,disk,4,7,2.8284271247461903,0.13011560408142886,0.11076348190777927,24.378140716111453,0.17087603503654364,0.007009395713415178,0.0772474641555185,0.0001299819572976078
94,rhombus,16,16,4.0,-0.07910423241364617,0.0487850018697194,55.18332852488028,0.09293791472365126,0.00168416652652166,0.21249604813060263,6.978065998265717e-05
94,disk,16,19,4.69041575982343,-0.02585184516814243,-0.01745940461674679,65.75370599754527,0.03119533151240564,0.0004744269701478154,0.21652500843986344,5.0080377428535624e-05
94,rhombus,49,49,7.0,0.00245509085290907,-0.048140357408585355,169.59216027535476,0.048202919854738846,0.0002842284677338574,0.5190254796912198,1.804584130764412e-05
94,disk,49,55,7.615773105863909,0.18188140838277178,0.12281386755253483,190.76911236865786,0.21946319230912542,0.001150412609170277,0.5484092273742505,1.5069145823220992e-05
94,rhombus,100,100,10.0,0.03576276575606796,0.24057182527622234,347.0919095993,0.2432154981313005,0.0007007236164394626,0.9308005173033348,7.726230036214132e-06
94,disk,100,97,10.488088481701515,-0.18576072671252541,-0.20132526427309785,336.36934541582275,0.27393230846944333,0.0008143795271557989,0.891816790616148,7.882116046847618e-06
94,rhombus,225,225,15.0,-0.08296203565390714,0.06320803900752048,779.9454516332651,0.10429743791204264,0.0001337240158188446,2.054602677413657,3.3775313608183483e-06
94,disk,225,223,15.748015748023622,0.09012819942774541,0.0631018607722541,772.685137579542,0.11002243937037749,0.00014238974456662372,2.0408019979538072,3.4181864891536286e-06
94,rhombus,400,400,20.0,0.03580829870448943,-0.15613185926573198,1385.7629011490908,0.16018549164604226,0.00011559372206689512,3.594895517210798,1.872011065515134e-06
94,disk,400,397,20.97617696340303,-0.22409637144189976,0.21865277649439185,1375.8680492758692,0.3130945869256324,0.00022756149260855116,3.6389219279806713,1.9222911524221073e-06
95,rhombus,4,4,2.0,-0.026519402164981276,0.06238888844460433,13.936556613047012,0.06779123905447737,0.004864274650957405,0.09890777484804601,0.0005092364300400019
95,disk,4,7,2.8284271247461903,0.28751411776318525,-0.0017665353484219298,24.606722038693306,0.28751954465788926,0.011684593510902171,0.15790693569531208,0.0002607916481178439
95,rhombus,16,16,4.0,0.04238624104344968,0.13989554820143502,55.73400368545157,0.146175777187513,0.002622739575869906,0.23906632394136734,7.696227901720838e-05
95,disk,16,19,4.69041575982343,-0.08021275843688125,0.176092372861438,65.95177070818306,0.19350093125363807,0.00293397628563791,0.2606776185644201,5.993090341257275e-05
95,rhombus,49,49,7.0,-0.004483609812191869,-0.1305128227860265,169.63567666677264,0.1305898145665455,0.0007698251755323399,0.5076883448423128,1.7642608715478452e-05
95,disk,49,55,7.615773105863909,0.09204434947489215,-0.1270659491523453,191.07601915564211,0.15690098057132237,0.0008211442820750716,0.6364382951922056,1.7431868230026648e-05
95,rhombus,100,100,10.0,-0.010739804179111356,0.10301633043335587,347.2541076725318,0.10357464810348148,0.00029826759659573165,0.9902816843471242,8.212284063713968e-06
95,disk,100,97,10.488088481701515,0.2846432543914901,0.1666131160252984,336.1522889602215,0.3298207281270207,0.0009811646059207705,0.9866463524732648,8.73151026690288e-06
95,rhombus,225,225,15.0,-0.03241806798182356,0.04647077464554644,779.2997836106558,0.05666095682064764,7.270752284586272e-05,2.0379894270071377,3.355774853057759e-06
95,disk,225,223,15.748015748023622,0.27266445099017167,-0.07416503145532681,772.3531571289952,0.2825709728980338,0.0003658572121960524,2.116439785301887,3.547922009693386e-06
95,rhombus,400,400,20.0,-0.04579053080335216,-0.050376908022912406,1385.0353288357503,0.06807793749227219,4.9152491690950555e-05,3.7058990644287935,1.9318432457856395e-06
95,disk,400,397,20.97617696340303,-0.08273266823242054,0.0040474220575770214,1375.4123591919197,0.08283161243250023,6.022311191180901e-05,3.91763282487185,2.0708940716273763e-06
96,rhombus,4,4,2.0,0.057182783606517074,-0.10111927241896013,14.03883063879993,0.11616788710968978,0.008274755219899146,0.0393184496003309,0.00019949614814271399
96,disk,4,7,2.8284271247461903,-0.057730103297081836,0.1565017152146606,24.599512040175966,0.16680992683837034,0.006781025841729547,0.08991872898525723,0.0001485925975031214
96,rhombus,16,16,4.0,0.019764636247229905,0.0024341844816039016,55.35783955886741,0.019913967461954826,0.0003597316589780993,0.13432810377650695,4.3833749242320176e-05
96,disk,16,19,4.69041575982343,-0.0029765543340993794,-0.07465718072824261,65.98864144363803,0.07471649422981064,0.0011322629560971823,0.16729572289648711,3.8419035980596784e-05
96,rhombus,49,49,7.0,0.10404598864535997,-0.05786444572019184,169.33301166638128,0.11905402904436037,0.0007030763102407922,0.36105765500658393,1.2591958741701714e-05
96,disk,49,55,7.615773105863909,0.0001473367891713373,0.00957321553780825,190.43301069180782,0.009574349265760918,5.027673107188235e-05,0.3677647428758798,1.0141113060654795e-05
96,rhombus,100,100,10.0,0.01489267261937588,-0.024282976896574673,346.14284847434317,0.02848604333191058,8.229562869048275e-05,0.6399922011861496,5.3415088870619615e-06
96,disk,100,97,10.488088481701515,0.35878730164210815,0.1338817024414811,335.8818117711482,0.3829525271730876,0.0011401407094767336,0.6584194283462537,5.836193238214836e-06
96,rhombus,225,225,15.0,0.007348576004979623,-0.013050835797291993,779.1716328855318,0.01497751262088737,1.9222353572371027e-05,1.6683459106705998,2.7480196594706755e-06
96,disk,225,223,15.748015748023622,-0.07941928561647593,-0.0831139858325014,772.1737073326514,0.11495806874159215,0.00014887591697300355,1.6701006434341616,2.8009968724167225e-06
96,rhombus,400,400,20.0,0.2188450084044078,-0.015625104150545382,1385.2108330028134,0.21940210022522735,0.00015838895783800282,3.470643315252963,1.8087486672389787e-06
96,disk,400,397,20.97617696340303,0.13118416712646797,-0.2195160909105796,1374.9418529560976,0.25572758919077726,0.00018599156658222893,3.3127481909033722,1.752345596138001e-06
97,rhombus,4,4,2.0,-0.02238660321650654,-0.0715525471869422,13.927252170661022,0.07497284183297905,0.00538317544008544,0.04968869097291768,0.0002561690615915411
97,disk,4,7,2.8284271247461903,0.04230150432120139,0.11969266712363025,24.24012835532664,0.1269478311394282,0.005237094015285282,0.03401889665524557,5.7896244488023355e-05
97,rhombus,16,16,4.0,0.023487152681362033,0.044485261642123464,55.40445979950639,0.05030491869038049,0.0009079579310477939,0.14065096103282435,4.58198068712703e-05
97,disk,16,19,4.69041575982343,-0.09891598781785271,-0.11573827384788268,65.82500631713657,0.15224887743188475,0.002312933730661094,0.21982038563073944,5.0732486269385626e-05
97,rhombus,49,49,7.0,-0.09017273530873737,-0.15645327018520222,169.5492134530411,0.1805789244200538,0.0010650531532549253,0.3999791650532836,1.3913801737997779e-05
97,disk,49,55,7.615773105863909,0.13981039724774025,0.07581919578737961,190.7224343585771,0.1590455834923307,0.0008339112492309596,0.4705233918379353,1.2935334276165786e-05
97,rhombus,100,100,10.0,0.06624192509816185,0.05701335450993553,347.34434067836986,0.08739859972096847,0.00025161947233767333,0.895466708090382,7.42213739694229e-06
97,disk,100,97,10.488088481701515,0.24177938596471815,-0.2913220336963347,336.57620674231407,0.3785839389018564,0.0011248089773372002,0.8672828499128438,7.655859159821404e-06
97,rhombus,225,225,15.0,-0.043250595355486254,0.056914076820739706,779.2931408792139,0.07148304791320156,9.1728059908949e-05,2.2976114027323726,3.7833356302648343e-06
97,disk,225,223,15.748015748023622,0.13478373914711472,-0.49270067616755364,772.2204291876843,0.5108038886250202,0.0006614741974158157,2.109914230043457,3.5381987739989724e-06
97,rhombus,400,400,20.0,0.06313440521007818,-0.043893064059062264,1385.0171361722348,0.0768931348933264,5.551782204358539e-05,4.229162794375889,2.20467262396149e-06
97,disk,400,397,20.97617696340303,0.01900085938904672,0.006403721477273444,1374.8346514692644,0.020050942777855064,1.4584257646129979e-05,4.153494861525347,2.1974183067191043e-06
98,rhombus,4,4,2.0,0.17699117259598784,0.07472757518680356,14.196138451085583,0.19211997728034985,0.013533256099348509,0.049496860586530855,0.00024560499866351204
98,disk,4,7,2.8284271247461903,-0.06580335766043222,0.09838097548284522,24.45276866998136,0.11835919151609205,0.004840318620500092,0.07161463594555374,0.00011976935475946689
98,rhombus,16,16,4.0,0.039228430441247575,0.027952120298526922,55.57753725936939,0.048168358743755434,0.0008666875345512921,0.1341611641469439,4.343383939126515e-05
98,disk,16,19,4.69041575982343,-0.04618942788643565,0.07245426099308025,65.9560307050137,0.08592486941817037,0.001302759861375932,0.1206888996914731,2.7743311929680482e-05
98,rhombus,49,49,7.0,-0.03230319582553687,-0.025226043869684328,169.96253708484582,0.040985970158802155,0.00024114708371493558,0.40328605237874854,1.3960687042109163e-05
98,disk,49,55,7.615773105863909,0.16947926169996164,-0.23609631250035779,190.55126606776457,0.2906280938289185,0.001525196341259492,0.423002718549635,1.1649827134732654e-05
98,rhombus,100,100,10.0,-0.00398084160784018,0.09785077887759741,346.2085971298358,0.0979317212493438,0.00028286912012360355,0.8135809517044766,6.787738077583171e-06
98,disk,100,97,10.488088481701515,0.0070549243430608755,0.2395835590422557,335.9070750276083,0.2396874083485412,0.0007135527238562665,0.8700659175127843,7.711055947949162e-06
98,rhombus,225,225,15.0,0.014126064001946048,-0.055568544125879984,778.2911881126133,0.05733592922816327,7.366899446363404e-05,1.9207919985482316,3.1709990447995374e-06
98,disk,225,223,15.748015748023622,0.41440390109257885,0.21842963898850487,772.0501637445664,0.4684464755224405,0.0006067565263510864,1.9802215529316949,3.322176824550348e-06
98,rhombus,400,400,20.0,-0.07188061530599077,-0.06120988951678398,1386.5226488008127,0.09441119335875771,6.80920671872276e-05,3.704372420847613,1.926906784661773e-06
98,disk,400,397,20.97617696340303,-0.20007913490749285,0.0733494705303846,1375.1734546683,0.21310045765417418,0.00015496260266714882,3.8426127256194196,2.0319436306443867e-06
99,rhombus,4,4,2.0,-0.019279374511879332,0.09855685135546101,13.784036664706582,0.10042483373484737,0.007285589568401304,0.050242582376852196,0.0002644351078605893
99,disk,4,7,2.8284271247461903,-0.0407020855760889,-0.1511848411175155,24.41346520114172,0.15656792760323449,0.0064131792153746545,0.044525862677266756,7.470565692933508e-05
99,rhombus,16,16,4.0,0.059147557554013463,0.14682349729199806,55.48690447725082,0.15828952246329728,0.002852736586309202,0.13997777287255253,4.546509318159504e-05
99,disk,16,19,4.69041575982343,-0.048211887119503416,0.07482897603916608,65.96570137226472,0.08901551389894814,0.001349421169595488,0.15080048502197754,3.465503721833517e-05
99,rhombus,49,49,7.0,0.03100954323495797,0.03051735417039929,169.74843725459542,0.04350747840546858,0.000256305619710739,0.3755378923477801,1.3032933972153678e-05
99,disk,49,55,7.615773105863909,-0.3732221020661637,-0.023803944443292924,190.25962987414405,0.37398043430338074,0.0019656320920563505,0.4178100530097009,1.1542120135373377e-05
99,rhombus,100,100,10.0,-0.15916384530679295,0.12453405558132244,346.5894814744266,0.20209369275753417,0.0005830924005477813,0.8598744727659321,7.158207765138294e-06
99,disk,100,97,10.488088481701515,0.011661755924782469,-0.15396984934335844,336.71827178285935,0.15441085149064393,0.0004585758018805091,0.8297246596110932,7.318138595766463e-06
99,rhombus,225,225,15.0,-0.020088268359164108,0.08689055198206902,779.6775742549494,0.08918243408552175,0.00011438373634222251,2.048145099287285,3.3692298130550956e-06
99,disk,225,223,15.748015748023622,0.07282963966247147,0.06111305224992522,773.5341184610904,0.09507345354339206,0.00012290789930835398,2.2472296589131573,3.7556793828769733e-06
99,rhombus,400,400,20.0,-0.07478834916982713,-0.12440670050633498,1386.5815940785856,0.1451562065583863,0.00010468637920644391,4.032703878715084,2.097516911518188e-06
99,disk,400,397,20.97617696340303,0.11061666564749606,0.2662629108644353,1375.223851003726,0.2883261771344603,0.00020965763277303655,3.9200012230449888,2.0727141429654786e-06
100,rhombus,4,4,2.0,-0.02191320418452891,0.006500064319065579,13.808177020137931,0.02285693229164502,0.0016553186027605474,0.04543421925443551,0.00023829250208931907
100,disk,4,7,2.8284271247461903,-0.02690538583325841,-0.0526842669340485,24.358882943947986,0.05915684042623117,0.0024285530893332205,0.0634393597538292,0.00010691633287510913
100,rhombus,16,16,4.0,0.003367272075268879,-0.08212213803346716,55.59941695587169,0.08219114354002333,0.0014782734791132259,0.14280534930667288,4.61959604780081e-05
100,disk,16,19,4.69041575982343,-0.026625101201096957,-0.119012810946719,65.95201728964769,0.1219546849588327,0.0018491426035269372,0.24392126549900947,5.6078126587407454e-05
100,rhombus,49,49,7.0,0.0025590144933493875,0.05635757081609609,169.66400731812737,0.05641563917450956,0.0003325138906375575,0.5585467628508468,1.9403501039734066e-05
100,disk,49,55,7.615773105863909,0.12789637669929244,-0.22959589457856527,190.17474083091147,0.2628150642184328,0.0013819662015583207,0.6245543838553174,1.7268896832014574e-05
100,rhombus,100,100,10.0,0.09338570016201464,-0.06444693882148733,346.98202543734703,0.11346495898827194,0.0003270052932720568,1.0761559924954887,8.938430604755278e-06
100,disk,100,97,10.488088481701515,0.019626233127055137,-0.28210786137278004,336.66272949910194,0.2827897354485859,0.0008399793344197318,1.0707042635489157,9.446685385073102e-06
100,rhombus,225,225,15.0,0.10188090936902894,0.0431366915519347,779.0756631947253,0.1106367653716749,0.00014201029578820497,2.2738937567190884,3.7463719503832747e-06
100,disk,225,223,15.748015748023622,0.2834702684465342,-0.011819525718895121,773.216592909007,0.28371657385737936,0.00036693027084426196,2.14057298512135,3.58036835261869e-06
100,rhombus,400,400,20.0,0.09947467636336338,0.053084777900567995,1386.3553066843529,0.11275284866622447,8.133041228506379e-05,3.740274218697642,1.9460515727866797e-06
100,disk,400,397,20.97617696340303,0.3944301528963572,-0.02247270604547308,1374.3457675798259,0.39506982677857083,0.0002874602855395515,3.8211722905032763,2.0230406115325067e-06
101,rhombus,4,4,2.0,0.05538422431089396,-0.08488371876687839,13.933391338716232,0.10135412184126465,0.007274188987977066,0.02166943822069523,0.00011161793468159174
101,disk,4,7,2.8284271247461903,-0.07269485341815596,0.00632500296219396,24.341174937335943,0.07296949620189894,0.002997780361455518,0.01116516845703139,1.884439525230701e-05
101,rhombus,16,16,4.0,0.07319281800247346,0.0035904472545335575,55.34585179818288,0.07328082913443863,0.0013240527836061709,0.13247034794773815,4.324625705084268e-05
101,disk,16,19,4.69041575982343,0.05871658826931281,0.0694562273792771,65.7807503128574,0.09094946541761444,0.001382615202548664,0.187721477113028,4.338267398199481e-05
101,rhombus,49,49,7.0,0.08263609280331519,0.016405365901253854,169.54038693212965,0.08424879740478283,0.0004969246498093064,0.5191830687735498,1.806234699137201e-05
101,disk,49,55,7.615773105863909,-0.07692026665681384,-0.04982055610404973,190.01143140069823,0.0916450502377085,0.0004823133511606804,0.5579244640037828,1.545311176492029e-05
101,rhombus,100,100,10.0,-0.0032426857718363955,-0.17663079826088862,346.25103664365434,0.17666056126168514,0.0005102094797292869,1.098120302357327,9.159415413941129e-06
101,disk,100,97,10.488088481701515,-0.2343652599973014,-0.31646283619319493,335.5714059817077,0.39379665029688055,0.001173510743994519,1.0555907267938527,9.374015586411937e-06
101,rhombus,225,225,15.0,0.11376397455118026,-0.10534370913424562,779.2718021552339,0.1550468927771277,0.00019896381769276666,2.143005025858492,3.5289480595907214e-06
101,disk,225,223,15.748015748023622,-0.3067290201895121,0.3433111441289175,772.6086070503151,0.46037510087919015,0.0005958710486501335,2.1178169498350004,3.5478833789027207e-06
101,rhombus,400,400,20.0,-0.12962925193708763,0.036102694134791266,1385.1731740644689,0.13456280125487588,9.714511064348193e-05,3.678569803943559,1.9172151720279796e-06
101,disk,400,397,20.97617696340303,-0.24742341799149914,0.17502312051554925,1375.8686036857189,0.3030700257128649,0.00022027541358309337,3.6856506771282724,1.946974438592065e-06
102,rhombus,4,4,2.0,-0.07301555189641906,0.07343387201797134,13.407322281714716,0.1035558032091416,0.007723824417227138,0.010530012108368044,5.857938024594338e-05
102,disk,4,7,2.8284271247461903,-0.019891407961169172,0.0553505697781454,24.06909843409774,0.05881627058427801,0.0024436424465718804,0.04157880115813721,7.177154861165423e-05
102,rhombus,16,16,4.0,-0.10617607621538916,-0.11796345190782093,55.15122915887447,0.1587095937443761,0.0028777163476661678,0.08332149759994077,2.739344642642921e-05
102,disk,16,19,4.69041575982343,-0.015175869648438312,-0.13434193112311332,65.49337251915148,0.13519638115524288,0.0020642757573021446,0.16395130237828023,3.822259438389746e-05
102,rhombus,49,49,7.0,0.16155359734293429,0.025589622775537557,169.51167688599173,0.16356770343878174,0.0009649347256991168,0.4537852843308035,1.5792510266656e-05
102,disk,49,55,7.615773105863909,-0.18323511115059166,-0.210069626243727,190.15318632929583,0.27875500682238663,0.0014659497019400742,0.47771455566390075,1.321177776771618e-05
102,rhombus,100,100,10.0,0.08876149603868866,0.14881183172111467,346.0316098375223,0.1732730920807368,0.0005007435365864306,1.041467307186887,8.697893687592167e-06
102,disk,100,97,10.488088481701515,0.24201740999208443,0.02527904240572676,336.02466747727595,0.24333404349623425,0.0007241552988448087,0.9876487488809157,8.747021578833956e-06
102,rhombus,225,225,15.0,-0.05052145406787245,0.0812691833297299,779.5195220486423,0.09569272428044566,0.00012275859882117794,2.37195492438142,3.903484324034376e-06
102,disk,225,223,15.748015748023622,0.048818338659672555,-0.28691398985427996,772.569559335102,0.29103757105156086,0.000376713743811026,2.457392560887121,4.117175264685495e-06
102,rhombus,400,400,20.0,0.1052768935769901,0.039632075815083656,1385.9879563723466,0.11248966954628963,8.116208299581299e-05,4.128756270560514,2.1493163052061217e-06
102,disk,400,397,20.97617696340303,0.2726136764488669,0.265579903145436,1375.7183554281062,0.38059282907289077,0.0002766502515367363,4.069374157470375,2.1501490126701037e-06
103,rhombus,4,4,2.0,-0.010242984954233147,-0.0008703694490197478,13.62271598852925,0.010279897069058307,0.0007546143572041213,0.02271648308379588,0.00012240909608668383
103,disk,4,7,2.8284271247461903,-0.05800837002506487,-0.2237913984771678,23.96576343182879,0.23118728560483456,0.00964656461966891,0.03593256787251255,6.256129335595273e-05
103,rhombus,16,16,4.0,0.16396341194788144,0.11134491697576648,55.099828846116935,0.19819609227714607,0.003597036441450101,0.2000201239831711,6.588297357729705e-05
103,disk,16,19,4.69041575982343,0.17691703058272523,0.18550244314612946,65.66020127559405,0.2563411635367834,0.003904056925760074,0.24928965153238392,5.7822894945374125e-05
103,rhombus,49,49,7.0,0.012290121021648392,-0.02470976248193385,169.75784767874887,0.027597453444844315,0.00016256952961061312,0.7293975508472795,2.5310724703628257e-05
103,disk,49,55,7.615773105863909,0.16887374918253917,-0.08599211209023358,190.02969289419917,0.1895072201914915,0.000997250573345932,0.8402452760961555,2.3268219204662442e-05
103,rhombus,100,100,10.0,0.06731474088442235,-0.05615022653700513,346.7313562008509,0.0876591254832828,0.0002528156854452602,1.3199273463480237,1.0979025407421829e-05
103,disk,100,97,10.488088481701515,0.0800166122144339,0.28232555035513995,336.2873654738829,0.2934456927842148,0.0008726039777637875,1.3943737653962982,1.2329858747327632e-05
103,rhombus,225,225,15.0,0.11510134094985824,-0.04405205542634755,778.9368515647302,0.12324326462627283,0.0001582198407723315,2.6277318786548167,4.3308839655506736e-06
103,disk,225,223,15.748015748023622,-0.3257496647992455,0.06202801924137291,772.7827135919686,0.33160265271530764,0.00042910205790446134,2.5972711453884294,4.3491310396124015e-06
103,rhombus,400,400,20.0,0.10932839340362843,-0.27179322850466164,1385.2008387154235,0.29295777283630103,0.00021149118932672437,4.630941518890269,2.4134805594812775e-06
103,disk,400,397,20.97617696340303,-0.35672747448831865,0.39268126613725995,1374.7088551572033,0.5305215055301488,0.0003859155366170109,4.389512251934557,2.3227090132169537e-06
104,rhombus,4,4,2.0,-0.024691600233302413,-0.11212563082650218,13.707795256920516,0.11481216055071115,0.00837568393741124,0.05032537138780485,0.000267825405052167
104,disk,4,7,2.8284271247461903,0.04290751615942412,0.21974274398938815,24.00478602788386,0.22389267178484654,0.009327001354012227,0.0998082067789876,0.0001732090479365599
104,rhombus,16,16,4.0,-0.14851295197397274,-0.018319110177258263,54.993407227131385,0.14963852011333867,0.0027210265313314403,0.19130018211783656,6.325489326755044e-05
104,disk,16,19,4.69041575982343,-0.04595862847370569,-0.0699436997169357,65.6716677208981,0.08369179566287835,0.001274397294409593,0.26403200364880236,6.12210086992625e-05
104,rhombus,49,49,7.0,0.0076135669424752805,-0.10273469789760897,169.18151456759824,0.1030164285621499,0.0006089106651246381,0.5957011777020396,2.0812422877366753e-05
104,disk,49,55,7.615773105863909,-0.2573906357869129,-0.033649326839155766,189.94042312001727,0.25958084788273494,0.0013666435170501547,0.640424371075672,1.7751417900951643e-05
104,rhombus,100,100,10.0,0.03603357858744349,-0.1715792643145755,346.30172058697843,0.17532216838879341,0.0005062699893365354,1.0785310568406015,8.993388542212454e-06
104,disk,100,97,10.488088481701515,0.15728493470111804,0.2473235160068383,336.31718172084794,0.29309976501853385,0.0008714980409826766,1.0367672887483257,9.16607013844617e-06
104,rhombus,225,225,15.0,0.0388115333086998,-0.12852278276286125,780.4541824725102,0.13425513326082522,0.00017202179996716728,2.1735061779483997,3.5683385700256195e-06
104,disk,225,223,15.748015748023622,-0.11000041591542598,0.5510127470415005,773.4168879885292,0.5618853432007168,0.0007264973805550653,1.953024737232588,3.2649793763229527e-06
104,rhombus,400,400,20.0,0.07797095622013117,-0.08779779675861918,1385.8782632787165,0.11742198741951787,8.472749052411028e-05,3.8080914163195376,1.9827008789493254e-06
104,disk,400,397,20.97617696340303,0.2842651781152341,-0.19397633160862326,1376.5263271090507,0.3441416985969941,0.0002500073495286884,3.653772719107182,1.928290602689618e-06
105,rhombus,4,4,2.0,0.050752455294729604,-0.05669576387087952,13.945465078782998,0.07609350405485382,0.005456505295805767,0.06183940259840704,0.000317979615924433
105,disk,4,7,2.8284271247461903,-0.026552725824172452,0.1718629287654686,23.94841616032122,0.1739020227959934,0.0072615250057380355,0.0670748187564019,0.00011695153193833888
105,rhombus,16,16,4.0,-0.0005748619546053213,0.03374191301952746,55.166886331178034,0.03374680963415963,0.0006117222101601071,0.191090679692094,6.278885447434479e-05
105,disk,16,19,4.69041575982343,-0.08441870520376682,-0.32304448363303956,65.5234778823319,0.3338925818193894,0.005095770136301358,0.20285684652843278,4.72493445085819e-05
105,rhombus,49,49,7.0,-0.16507587667975887,0.05298144519028414,169.8818628393997,0.17336977417082264,0.0010205313932466133,0.5875936230541244,2.0360247110891135e-05
105,disk,49,55,7.615773105863909,0.16417585020114656,-0.0527176934072521,190.82907585084172,0.17243220403233947,0.0009035950274533539,0.7192307070775315,1.975054694276186e-05
105,rhombus,100,100,10.0,-0.13462841099500977,-0.01259254856495709,346.33190571586147,0.13521605424801475,0.0003904233251872239,1.1219300954216949,9.35364305453109e-06
105,disk,100,97,10.488088481701515,-0.2630980763420152,0.1740355288583127,335.98561555417837,0.3154504130285162,0.0009388807092476527,1.1174599027675183,9.898983026236867e-06
105,rhombus,225,225,15.0,-0.012628677708026892,0.016629785839674865,779.1243543816973,0.02088140985964947,2.6801125830831814e-05,2.5127830211977824,4.139438444829862e-06
105,disk,225,223,15.748015748023622,-0.2139446819397981,-0.08417987655311714,772.2328255149403,0.22990993572879667,0.00029772100865498453,2.536775499112017,4.253882774872654e-06
105,rhombus,400,400,20.0,-0.008689158725501578,-0.0200343762298935,1385.3399739624526,0.021837529857515522,1.576330017753995e-05,4.215229996533078,2.1963853798856503e-06
105,disk,400,397,20.97617696340303,0.17686276811428936,0.27880970443342945,1374.6881021041563,0.33017463565710975,0.00024018148927871738,4.31661156203854,2.284202601938513e-06
106,rhombus,4,4,2.0,-0.06605046689277483,-0.03416706483002112,14.037343304307942,0.07436432273511545,0.00529760661422975,0.030532438589848075,0.00015495002460598337
106,disk,4,7,2.8284271247461903,-0.053970567313661455,0.11699992641263264,24.09346012504024,0.12884799151216877,0.005347840901367983,0.05729028804191924,9.869216053171852e-05
106,rhombus,16,16,4.0,0.06813738740994779,-0.06779973045626153,55.742535837416156,0.09612235438749422,0.0017243986651029582,0.09958156228175147,3.204833649792062e-05
106,disk,16,19,4.69041575982343,-0.1240128249308654,0.01772491440107768,66.34001316405109,0.1252731149842575,0.0018883492632790371,0.1299811872832313,2.9534484355792086e-05
106,rhombus,49,49,7.0,-0.046400246224822084,0.021711937746902433,170.10904359122392,0.05122881113640529,0.00030115277856425637,0.34963352968011957,1.2082540760432444e-05
106,disk,49,55,7.615773105863909,-0.14643486444022402,-0.18516113470199835,190.6528737054941,0.23606739573214758,0.001238205284525668,0.4419616027580854,1.215899915622515e-05
106,rhombus,100,100,10.0,-0.0726845691671425,0.007020390559894396,346.1809474739655,0.073022821628766,0.00021093830310883204,0.8513398792251203,7.1038969522945945e-06
106,disk,100,97,10.488088481701515,-0.043691200179912126,0.11784418565201293,335.48847158579645,0.12568282724838442,0.00037462636690406456,0.7716668730651326,6.856060711162135e-06
106,rhombus,225,225,15.0,0.054362917738666194,0.06966515438364723,780.4145571935912,0.08836606000246017,0.00011322964082093603,1.9105781417572942,3.136996840654328e-06
106,disk,225,223,15.748015748023622,-0.08826964234852053,0.010157577679310192,773.5304644975312,0.0888521589194486,0.00011486575254300432,1.8871489710224532,3.1539248400010528e-06
106,rhombus,400,400,20.0,-0.11205566931197453,0.13295257821941653,1385.1406676984043,0.17387599339800955,0.00012552948408260057,3.716101248637619,1.9368669009344224e-06
106,disk,400,397,20.97617696340303,0.6226754430410173,-0.09240071514799103,1375.3119958433354,0.6294939233433372,0.0004577099052766818,3.5083415865421017,1.8548099175061624e-06
107,rhombus,4,4,2.0,0.05137101058774718,0.05738185978631302,13.779384900325962,0.07701726145055095,0.00558931055396595,0.02969631930388273,0.00015640223730585353
107,disk,4,7,2.8284271247461903,0.11100101799431972,-0.11408344979894666,24.215744064920244,0.15917367720136416,0.006573148311058862,0.07032250834925478,0.00011992195984233859
107,rhombus,16,16,4.0,0.07333335791385398,0.02353687228503351,55.54558289881412,0.07701795725597628,0.0013865721311499748,0.16025272239508867,5.1940527844311866e-05
107,disk,16,19,4.69041575982343,-0.1848331008567632,0.13591425862991346,65.76437427088156,0.22942528385347025,0.003488595252324216,0.15841391991367193,3.662789462109937e-05
107,rhombus,49,49,7.0,-0.006806371182214832,-0.021840351335382202,169.84823517212274,0.022876355372371177,0.0001346870360424321,0.5516542599735761,1.9122510098526313e-05
107,disk,49,55,7.615773105863909,-0.23808185587512787,0.16864572588339344,190.5536426131907,0.291760776931516,0.0015311214885761486,0.6754732304434115,1.860259932204162e-05
107,rhombus,100,100,10.0,-0.062158487074278845,0.16408803375499892,346.1559846018705,0.17546669295608486,0.0005069006481511419,1.1121259260876404,9.281331324800793e-06
107,disk,100,97,10.488088481701515,0.22443672364940692,-0.023312606679583715,336.1615962280304,0.22564423447692436,0.0006712373959691154,1.0629991143896662,9.406687318440671e-06
107,rhombus,225,225,15.0,-0.02779468948759556,-0.17316206992550642,779.5915512429558,0.17537858257095656,0.00022496213856004285,2.576651990980927,4.2395671455369145e-06
107,disk,225,223,15.748015748023622,0.0014593759001950701,0.3866531861246822,772.7589233135378,0.38665594023419086,0.0005003577811515089,2.3943850805381293,4.0096451561822845e-06
107,rhombus,400,400,20.0,0.027806338643550532,0.12677748538392317,1385.715184060956,0.12979107545987384,9.3663601981693e-05,4.566651098347387,2.378208244109648e-06
107,disk,400,397,20.97617696340303,-0.44545423737966283,-0.19650137968102774,1375.684372127845,0.48686986948880334,0.0003539110273788569,4.444821144342129,2.3486412412085194e-06
108,rhombus,4,4,2.0,-0.1324061786850539,-0.025165212436784823,13.951836046481684,0.13477642253364247,0.009660120867577842,0.07195361685113237,0.00036964931109041883
108,disk,4,7,2.8284271247461903,0.17428560331200726,0.04966347441136748,24.493328599851313,0.18122343174225267,0.007398889497744818,0.10128439118182753,0.0001688289439638669
108,rhombus,16,16,4.0,0.08988022795254214,-0.04272211121934233,55.58555598632685,0.09951700439542376,0.001790339282023253,0.2067000345796426,6.689854023472918e-05
108,disk,16,19,4.69041575982343,0.005405088318301665,-0.23858267627280344,65.89915897705713,0.23864389453162627,0.0036213496232131042,0.2300933735180217,5.2983954302305565e-05
108,rhombus,49,49,7.0,-0.04071702083810225,0.15202400369019875,170.06417535028808,0.1573822527603669,0.0009254286062082169,0.6559680826681532,2.2680730254778437e-05
108,disk,49,55,7.615773105863909,0.2292392049249492,-0.17126418220807701,191.03005268826047,0.28615036813190414,0.0014979337758905889,0.7721037296718524,2.1157885347270093e-05
108,rhombus,100,100,10.0,-0.04688663460747611,0.009387249620466803,346.09539844539364,0.04781711994936469,0.0001381616749721369,1.3137257662927813,1.0967636990702791e-05
108,disk,100,97,10.488088481701515,0.0585936500242914,-0.17295593623064984,336.0303332511007,0.18261153222233736,0.0005434376428329158,1.2688082287216338,1.1236706083358245e-05
108,rhombus,225,225,15.0,-0.021534243822665555,0.14540061637365134,779.3097408861431,0.14698660788946638,0.0001886112801853725,2.621101771155584,4.315823490772261e-06
108,disk,225,223,15.748015748023622,-0.17610695141313348,0.16756127499961498,772.6603045774237,0.24308525092140895,0.00031460817836934807,2.4621561714988927,4.124187431060453e-06
108,rhombus,400,400,20.0,0.06192083116971636,0.034356985197403794,1385.3869693423617,0.07081378230685846,5.111480320944084e-05,4.140361156911968,2.1572279009683957e-06
108,disk,400,397,20.97617696340303,-0.1930885032712233,0.18833781028862753,1374.7307536520557,0.269730051866373,0.0001962057305765647,4.2512190401787935,2.2494595378312776e-06
109,rhombus,4,4,2.0,0.0802288534635145,-0.08823819969294278,13.860008617383416,0.11925874732329586,0.008604521874085986,0.019822169698566004,0.00010318681064367508
109,disk,4,7,2.8284271247461903,-0.002685685790973835,-0.051533081164800806,24.090006718413115,0.05160301699034453,0.0021420922623031874,0.0406956526993708,7.012521020491318e-05
109,rhombus,16,16,4.0,-0.02157777140515993,-0.05863361068118126,55.26464775475314,0.06247800029070769,0.0011305238127630002,0.13598233508274132,4.452333444092097e-05
109,disk,16,19,4.69041575982343,0.1887269356118031,0.08498645308703037,65.93076162808043,0.20697959666048169,0.003139347878734764,0.11710128899732528,2.6939249352836367e-05
109,rhombus,49,49,7.0,0.070997386233004,-0.07298574437218912,169.67473533371714,0.10182115562829211,0.0006000961511920424,0.44427706466345146,1.5431904710963675e-05
109,disk,49,55,7.615773105863909,-0.021337709453928433,0.18562445723110768,189.98038710838196,0.18684682755423918,0.0009835058786760175,0.4298383205872948,1.1909337260158874e-05
109,rhombus,100,100,10.0,-0.0618757260128997,0.004371024214157859,346.37865591582033,0.06202992279782546,0.00017908125035539274,1.0402907056676411,8.670666316042692e-06
109,disk,100,97,10.488088481701515,-0.4264089151535839,-0.2362337421483359,336.17982927250097,0.48747404428529606,0.0014500395378872028,0.9245453164495905,8.180595111135309e-06
109,rhombus,225,225,15.0,-0.0486808923754114,-0.09841751265677948,779.3488374442595,0.10979907139868596,0.00014088565495106546,2.317828447215297,3.816080301393741e-06
109,disk,225,223,15.748015748023622,-0.36145992588720954,0.21416157661222587,772.5459281574389,0.42014099885564765,0.0005438395097851402,2.1449585988545077,3.593935663314941e-06
109,rhombus,400,400,20.0,0.041421748976345985,0.0039856289347367235,1385.6158186067291,0.041613057160761815,3.0032175298492746e-05,4.047477177357511,2.1081365749772982e-06
109,disk,400,397,20.97617696340303,-0.07194575578370666,0.14352900653164735,1375.2259107702105,0.16055144811321517,0.00011674550839672338,3.7134851148058434,1.963512157937666e-06
110,rhombus,4,4,2.0,0.10378741135344205,0.06370192484707593,13.980060432557249,0.12177751017602184,0.00871079998284,0.020918887667531732,0.00010703368808561637
110,disk,4,7,2.8284271247461903,0.053865307538878415,-0.0919148592674824,24.511554043038515,0.10653549976612982,0.004346338040381686,0.051066360818360565,8.499496831537392e-05
110,rhombus,16,16,4.0,0.032408517725984964,0.03379010688334789,55.548218663828955,0.04681968970832203,0.0008428657270122213,0.14642208825076064,4.7453289512917906e-05
110,disk,16,19,4.69041575982343,-0.11501472625895115,0.0027164878779042945,65.84201247516121,0.11504680161922046,0.0017473159961904517,0.18329855358597918,4.228173933900992e-05
110,rhombus,49,49,7.0,-0.007191913002349448,0.17792714293902967,170.08819956440084,0.1780724341583482,0.0010469417314922208,0.4381027005952687,1.5143545342430628e-05
110,disk,49,55,7.615773105863909,0.24213732101861218,-0.07528571057414934,190.48041371480917,0.2535713320679706,0.0013312199775438452,0.4989184515450184,1.3750830047066508e-05
110,rhombus,100,100,10.0,-0.053051303929664506,-0.0647893990631227,346.01435263250534,0.08373832503458736,0.0002420082415584769,0.9809810767609193,8.19355555232023e-06
110,disk,100,97,10.488088481701515,0.07172181832955982,0.461720848452305,336.04091483042134,0.4672581311438194,0.00139047988064077,1.0202606153734972,9.034971883951493e-06
110,rhombus,225,225,15.0,-0.01351047531526195,0.045679314700576235,779.8493024494605,0.047635414711730835,6.108284582945809e-05,2.140097594481777,3.5189427620197755e-06
110,disk,225,223,15.748015748023622,-0.2742314770525538,-0.24785318790008193,770.8426662627692,0.36964050881722726,0.00047952782713667555,2.213584104574028,3.7253281807564706e-06
110,rhombus,400,400,20.0,-0.04514064635322512,0.01930784492627602,1386.177756961186,0.049096545997494155,3.541865085551859e-05,4.280783214735331,2.2278471115187505e-06
110,disk,400,397,20.97617696340303,0.5398961440700374,-0.1937195297286688,1375.0135155289463,0.5735983809077491,0.00041715835839409526,4.084648567491189,2.160432803315463e-06
111,rhombus,4,4,2.0,-0.07950469335363453,0.0385000125401698,13.750761942616752,0.08833599057489926,0.006424079694167772,0.060119363169394785,0.00031795147537655216
111,disk,4,7,2.8284271247461903,-0.013138114290379033,-0.010156848181793854,24.221064123858106,0.016606372635078102,0.0006856169716639568,0.12217708876775996,0.00020825878659641776
111,rhombus,16,16,4.0,0.08570840627421639,-0.014579111054247557,55.23084839566882,0.08693952717376727,0.0015741117455038954,0.2074420478660169,6.800382831799034e-05
111,disk,16,19,4.69041575982343,0.06168835074208756,0.2848258425923048,65.80509652609142,0.2914296025212525,0.0044286782925043195,0.2963402330728518,6.843394195741947e-05
111,rhombus,49,49,7.0,-0.08772357465072744,-0.17034436767202793,170.0523265790524,0.1916053995770599,0.0011267437701770468,0.8326399506933795,2.879334285227148e-05
111,disk,49,55,7.615773105863909,0.02736054770341756,0.39780975089097004,190.53514259764307,0.3987495422875951,0.0020927873821662527,0.8764882677099388,2.4143260953340722e-05
111,rhombus,100,100,10.0,0.10018915532777761,0.05733127481903477,346.1975655457873,0.11543284592207384,0.00033343055356293937,1.4797464581968862,1.2346370058245842e-05
111,disk,100,97,10.488088481701515,-0.044584634420212765,-0.3943822730322243,335.86772424713536,0.39689440271745824,0.0011816985499488446,1.4592465637865635,1.293576556010257e-05
111,rhombus,225,225,15.0,0.078525087906542,-0.06809840844719049,779.2670240877445,0.10394028412396482,0.00013338211538675511,2.79180271388261,4.597398264505333e-06
111,disk,225,223,15.748015748023622,-0.07564435081705412,0.017972470955101377,773.2994773156829,0.07775009660936454,0.00010054331974884386,2.6688862306850405,4.463079550266856e-06
111,rhombus,400,400,20.0,-0.11159051134838904,0.04526925990547019,1386.781994972795,0.1204232042232059,8.683643475308337e-05,4.5353563275107325,2.3582781376416683e-06
111,disk,400,397,20.97617696340303,-0.36752385561325074,-0.11592474637714761,1375.67857872192,0.38537297682561444,0.00028013300692931255,4.494109026801518,2.3747049344344417e-06
112,rhombus,4,4,2.0,0.14814247688491822,-0.009183419382944716,13.733697931974843,0.14842684612010582,0.010807493135154656,0.07127595973508496,0.0003778923426962129
112,disk,4,7,2.8284271247461903,-0.11877645220118982,-0.10705154562443937,24.17030900325975,0.15989959042500063,0.0066155376997222345,0.11056684535949178,0.00018926073109691325
112,rhombus,16,16,4.0,-0.08329427139650392,0.08229153828055537,55.13018938212888,0.11708899572570669,0.0021238634773067277,0.23745160417131558,7.812609892573953e-05
112,disk,16,19,4.69041575982343,0.06777966958436377,0.07316662301888881,65.60373996206334,0.09973684541308551,0.0015202920667443704,0.23783045276569967,5.5259921755865124e-05
112,rhombus,49,49,7.0,-0.05896155907960621,-0.10565827499861008,169.7623715770415,0.12099643186796794,0.0007127399949938693,0.6862719553238624,2.381296010255452e-05
112,disk,49,55,7.615773105863909,0.1840447890988286,-0.09118788282189923,191.40437915995946,0.2053964809045489,0.0010731023073035128,0.7079899692389676,1.9325171869564413e-05
112,rhombus,100,100,10.0,-0.0059481783627952645,-0.009903395377914515,347.39006216735754,0.011552405197486985,3.325485227013067e-05,1.0884252178643508,9.019112719558643e-06
112,disk,100,97,10.488088481701515,0.12646051463532304,-0.22719696659543778,337.0577936663524,0.26002062108994206,0.0007714422451460414,1.0720488002655515,9.436388396127167e-06
112,rhombus,225,225,15.0,0.05165338924640395,0.1831706624065197,779.0907062810188,0.1903143825019111,0.0002442775673841301,2.44579485545119,4.0294333791202355e-06
112,disk,225,223,15.748015748023622,0.05660654075227578,0.09119056838902301,772.166169040323,0.10733135710989655,0.00013900033621427882,2.3179087068843343,3.8875392511205385e-06
112,rhombus,400,400,20.0,-0.02441393332565589,0.07626848476907254,1385.5593204586849,0.0800807212092887,5.7796674618578035e-05,4.379741045109352,2.281382916257207e-06
112,disk,400,397,20.97617696340303,-0.033515973136362565,0.49906232350506463,1375.22589263738,0.5001864884196205,0.00036371223891107314,4.270310071595407,2.257934448538321e-06
113,rhombus,4,4,2.0,0.07115809606200285,-0.05606706827819527,13.85661131256384,0.09059244328574562,0.006537849784644324,0.036761800204441974,0.00019146204823685298
113,disk,4,7,2.8284271247461903,-0.08403698496462919,0.06185209815223261,24.233065546144953,0.10434508559476449,0.004305897056072789,0.050113003943135746,8.533628305344465e-05
113,rhombus,16,16,4.0,0.00594510884057442,0.1624980199215163,55.79215818391411,0.1626067366302509,0.00291450881133208,0.16704466875271917,5.366440233166085e-05
113,disk,16,19,4.69041575982343,0.09427915864140513,-0.11278099369974609,66.01609263005518,0.1469969805609401,0.002226684050882719,0.2453400600917902,5.629487199643692e-05
113,rhombus,49,49,7.0,0.05047489689603912,0.1811268437099669,169.67484709993204,0.18802831895488656,0.0011081684891346625,0.5867541588233521,2.038080076389057e-05
113,disk,49,55,7.615773105863909,0.1364512202744108,0.02095384453959212,190.4349620312233,0.1380507121146616,0.0007249231477360083,0.6657401593176884,1.835740917920127e-05
113,rhombus,100,100,10.0,0.009191360720544495,0.12298184035481444,346.7891319428185,0.12332483192347043,0.0003556190796192692,1.0165244761478291,8.4525331541559e-06
113,disk,100,97,10.488088481701515,0.11425317328154216,0.2857524658841624,336.06417870332433,0.30774707043899135,0.0009157389866019277,1.0205343343101372,9.03614464147623e-06
113,rhombus,225,225,15.0,0.05754154661211652,0.0765714487944443,779.0987911483954,0.09578212963280042,0.00012293964606416226,2.2988750660605715,3.787305241268966e-06
113,disk,225,223,15.748015748023622,-0.2604194624115106,0.47877496447001416,773.0026330451706,0.5450172134951001,0.0007050651449246124,2.1212444846708154,3.550003487178361e-06
113,rhombus,400,400,20.0,0.04511380379824326,-0.009551377123028296,1386.0116463771149,0.046113816780794625,3.327087250769586e-05,4.3403903309450085,2.2594099042358316e-06
113,disk,400,397,20.97617696340303,-0.3890999920551188,-0.29020885077109027,1374.5789104188223,0.4854070259927955,0.0003531314370630757,3.9233427471411924,2.0764280992331404e-06
114,rhombus,4,4,2.0,0.07029134065084142,-0.07323496693487569,13.983095678967493,0.10150976776864858,0.007259463147444045,0.04572196296796652,0.00023383968048813062
114,disk,4,7,2.8284271247461903,0.07054513686929553,0.16323742679618164,24.46512577436669,0.17782877675715592,0.007268663909485224,0.07895232699419227,0.0001319076639244452
114,rhombus,16,16,4.0,0.015999429845760194,-0.04272054491872622,55.474289789114025,0.045618271707094586,0.000822331784336723,0.15943755373740565,5.180922795108157e-05
114,disk,16,19,4.69041575982343,-0.09362135255664228,-0.03277772797378767,66.03825483713584,0.09919343277485024,0.0015020601773847902,0.1775892441058467,4.072166089204294e-05
114,rhombus,49,49,7.0,0.10378452689289164,-0.04353110000222593,170.0250320474975,0.11254414551537162,0.0006619269184077068,0.37030712622055745,1.2809622727517668e-05
114,disk,49,55,7.615773105863909,-0.24406501341678588,0.13684948631358962,190.33999219899528,0.2798133532882754,0.0014700712659257555,0.4035930716106886,1.1139959395006478e-05
114,rhombus,100,100,10.0,0.11680402678646074,-0.18770533466606004,346.69064937214534,0.22108024184813493,0.0006376873510967484,0.7537740328724094,6.271290450919169e-06
114,disk,100,97,10.488088481701515,0.1381054122375498,0.08827356226265598,335.26574224894057,0.16390645711454618,0.0004888851930265003,0.7358374452307445,6.546414893196528e-06
114,rhombus,225,225,15.0,0.01953781368209473,0.21934320695129214,779.6678782079966,0.22021164501259605,0.0002824428851920059,2.0315918689467063,3.3420826211547657e-06
114,disk,225,223,15.748015748023622,0.27965381440034776,0.04557150042108141,773.4784202878784,0.283342579855716,0.00036632254038872816,1.8916705317003426,3.1619070239931897e-06
114,rhombus,400,400,20.0,-0.0964613574184523,-0.09569941560126163,1386.327291732091,0.13587925383013186,9.801383456886504e-05,3.6766378662046733,1.9130191158960856e-06
114,disk,400,397,20.97617696340303,0.1798049365585035,0.3448321215306639,1374.8685366809318,0.3888945965813179,0.0002828594779833626,3.530489238757948,1.8677233367423127e-06
115,rhombus,4,4,2.0,-0.06439513731654323,0.10638252793409544,13.92475936149264,0.12435423579301613,0.008930440560208445,0.09168434509247593,0.00047284607641795797
115,disk,4,7,2.8284271247461903,0.23808741774753406,-0.03922129426125251,24.27366214410896,0.24129634977184497,0.009940665250233197,0.19765269134432484,0.00033545334479539594
115,rhombus,16,16,4.0,-0.12044696501693997,0.025029525504644837,55.236613328843916,0.1230201143259899,0.0022271480257778625,0.28326410342554187,9.284049678684701e-05
115,disk,16,19,4.69041575982343,-0.16601726685760143,-0.1505457332256193,65.87370436188341,0.22411102312761721,0.003402131780785276,0.4620825555292247,0.00010648670787209701
115,rhombus,49,49,7.0,-0.027304117841077336,0.1654863696544215,169.1043254999646,0.16772374129049017,0.0009918359024502024,0.8794201843826658,3.075296516339441e-05
115,disk,49,55,7.615773105863909,-0.01597833260917403,0.20311420588173718,190.1958381145483,0.20374171822171844,0.0010712206967379166,1.0038522801317005,2.7750306927346596e-05
115,rhombus,100,100,10.0,-0.01920525025871056,0.02814579580347812,346.3428472647142,0.03407385300946737,9.838185855019058e-05,1.3250749674474063,1.1046584111657513e-05
115,disk,100,97,10.488088481701515,-0.16602571963656132,-0.07091767032793458,335.67544958237147,0.18053768455804367,0.0005378340441121283,1.3798120766788782,1.2245620133659722e-05
115,rhombus,225,225,15.0,-0.21736090046976075,0.012314946004375188,779.5374901721382,0.21770948290810835,0.0002792803241060716,2.6836694184207484,4.416263766814146e-06
115,disk,225,223,15.748015748023622,-0.2042668447634961,-0.27730330510129386,772.5633772950077,0.34441554391423085,0.00044580878933213244,2.815832093849211,4.717789078542659e-06
115,rhombus,400,400,20.0,-0.03899338235789607,-0.04960648903638913,1385.3670402694227,0.06309744544929276,4.554565224608038e-05,4.363534419357834,2.273571957898721e-06
115,disk,400,397,20.97617696340303,0.2433071325996834,-0.051081381592028074,1374.6767366674367,0.24861148066658206,0.00018085086772420331,4.331676133431637,2.292212158035306e-06
116,rhombus,4,4,2.0,-0.004746772896021323,-0.0025913952955007036,13.785184276538391,0.005408066429320727,0.0003923100570026439,0.010496580561987821,5.523605982847995e-05
116,disk,4,7,2.8284271247461903,0.05947179770980471,-0.0549086509504311,24.116625281796644,0.08094352767227414,0.003356337245633233,0.028152621309884145,4.84045032538195e-05
116,rhombus,16,16,4.0,-0.05218717175528376,-0.03252072564036722,55.486254914428535,0.06149063743360874,0.0011082138725787174,0.10768012685666199,3.4975564523967126e-05
116,disk,16,19,4.69041575982343,0.12066215275629455,0.13574161629773768,65.93415326713524,0.18161811997404226,0.0027545378377456086,0.08938308956624372,2.0560538996811403e-05
116,rhombus,49,49,7.0,-0.09443225482820372,0.12290834944336695,169.4985753263353,0.15499649387915718,0.0009144412782275173,0.3608461914811203,1.256001105084296e-05
116,disk,49,55,7.615773105863909,0.20126783758992461,-0.07654025555518591,190.07106145708138,0.215330334993882,0.0011328938416146229,0.44893650770755233,1.2426617302334764e-05
116,rhombus,100,100,10.0,0.06740972072269802,0.1677147687555652,346.74288136811674,0.18075484531996605,0.0005212936012032188,0.8819546651559136,7.335524201409894e-06
116,disk,100,97,10.488088481701515,0.018686736162754514,0.30149327300333734,335.99406831887745,0.30207182552280726,0.0008990391617155691,0.9016912466883639,7.987201354419119e-06
116,rhombus,225,225,15.0,0.07096978186801417,-0.05567142087241897,779.7578181392319,0.09019987272910931,0.00011567677890599029,1.8825177604309118,3.096132987086178e-06
116,disk,225,223,15.748015748023622,-0.30452852960178145,0.146354602930855,772.6470025360005,0.33787171402837396,0.00043729117296696077,2.0122444468239373,3.3706874910617942e-06
116,rhombus,400,400,20.0,-0.1453356311092766,-0.13717643733641566,1385.3525253694238,0.19984949494618018,0.0001442589458541518,3.7080296998776014,1.932068867653404e-06
116,disk,400,397,20.97617696340303,0.5661674382543929,-0.12832944705200608,1375.5232129603514,0.5805290820624023,0.0004220423738346142,4.033458866815381,2.131777061248661e-06
117,rhombus,4,4,2.0,0.015186276477479055,-0.12416370969816129,13.581585436573462,0.12508896753614887,0.00921018890764405,0.06964802531873658,0.00037757903117015674
117,disk,4,7,2.8284271247461903,0.04430849452340668,0.1926969290713716,23.64658260891018,0.19772543882987836,0.00836169192394736,0.08466313719690753,0.00015141105516951441
117,rhombus,16,16,4.0,-0.25590172041236414,-0.07169959601736216,54.72146677735053,0.2657565099467193,0.004856531185979049,0.16874224744880228,5.6351874793217e-05
117,disk,16,19,4.69041575982343,-0.1107253624398794,0.04647389974426653,65.29405209716039,0.12008300980939307,0.0018391110055584288,0.24973632315612473,5.8577990670720756e-05
117,rhombus,49,49,7.0,-0.03477519212590341,-0.06565492921979121,169.8182489383352,0.07429591993002906,0.00043750256756567766,0.5573768332277962,1.9327700935055698e-05
117,disk,49,55,7.615773105863909,-0.12928630236070981,0.08162775857923543,191.02702453086403,0.15289878661642423,0.0008004039585075594,0.5664106483017429,1.5521789418554725e-05
117,rhombus,100,100,10.0,-0.013497934289008029,0.025801097785158766,346.63573362395306,0.029118565847062305,8.400335863425873e-05,1.0513827231013548,8.75012333625901e-06
117,disk,100,97,10.488088481701515,-0.4009464092194883,-0.18878372665476806,336.4279610242048,0.44316737077052903,0.0013172727065294215,1.0476305597176425,9.256013758244556e-06
117,rhombus,225,225,15.0,-0.1377476892386933,0.0330762086451053,779.3714320729391,0.14166319729885443,0.0001817659609642923,2.109137465752685,3.472289452204141e-06
117,disk,225,223,15.748015748023622,-0.02556739259122187,0.6142863649472081,772.8356567982133,0.6148182086795805,0.0007955355103913236,2.1755222688089875,3.6424133642286322e-06
117,rhombus,400,400,20.0,-0.047323984145041464,0.016241736952890926,1385.5870455899583,0.05003352370768062,3.6109982311776906e-05,3.8225721254236866,1.9910770198952575e-06
117,disk,400,397,20.97617696340303,0.3977792846364072,0.14612075624865806,1375.7175002670974,0.42376837387012684,0.0003080344429636547,3.9833366629624143,2.1046917067548234e-06
118,rhombus,4,4,2.0,-0.06355084355619933,0.07034313192956992,14.37986404762055,0.09479908188566702,0.006592488049381351,0.019749427520141954,9.550914362115553e-05
118,disk,4,7,2.8284271247461903,0.10635990327748468,0.04288478749461189,24.493996585451228,0.11468013787772456,0.004681969211420625,0.050155934245026915,8.359937265278737e-05
118,rhombus,16,16,4.0,0.07088117164859131,-0.03069669329823424,56.094573838335705,0.0772426532022491,0.0013770075769692458,0.17923445744617816,5.6961287831062884e-05
118,disk,16,19,4.69041575982343,-0.12277677707075263,-0.13850875955311218,66.06708406646986,0.18509136517088834,0.0028015670403232656,0.1902898711654515,4.3595874491411805e-05
118,rhombus,49,49,7.0,0.018999577221594066,-0.08833674929153373,169.52995653527043,0.09035687693803168,0.0005329847230818648,0.4753241121455691,1.6538531482549617e-05
118,disk,49,55,7.615773105863909,-0.10349365366421637,-0.09702072812837192,190.18745281582702,0.14185893710065722,0.0007458900942220938,0.530950305440476,1.467878640742349e-05
118,rhombus,100,100,10.0,-0.1344802616298577,-0.03846754555423043,346.45482932093176,0.13987384612214598,0.0004037289547855502,0.8166036672169704,6.8032759521975016e-06
118,disk,100,97,10.488088481701515,-0.03668802937188653,0.238546053393633,335.7288986449901,0.24135084646396088,0.0007188861234110578,0.8218933925785381,7.291855226475206e-06
118,rhombus,225,225,15.0,-0.057461999669247366,-0.11054225729449824,779.3314536539838,0.1245851999787761,0.00015986163447483646,1.9740703183268575,3.2502607948302828e-06
118,disk,225,223,15.748015748023622,0.2964415691336444,0.374691669802413,772.9766047293285,0.4777776170246339,0.0006181010060348931,1.951159925172954,3.265578802692686e-06
118,rhombus,400,400,20.0,-0.10540484767825653,-0.10221906098731019,1385.744072057636,0.14682955541444612,0.00010595719539786648,3.677341368165442,1.9149960763697774e-06
118,disk,400,397,20.97617696340303,0.2826226924284958,-0.3889900994799667,1375.524531063315,0.4808210517115141,0.0003495546904858377,3.545745459344408,1.874005561593003e-06
119,rhombus,4,4,2.0,0.11939654713303227,0.012262416333012324,13.89660798800081,0.12002459048717694,0.008636970301732163,0.015163959269812217,7.852265871749168e-05
119,disk,4,7,2.8284271247461903,0.0395980330185397,0.005493993472790892,23.991872904489274,0.03997734587508817,0.0016662869978611697,0.07958964661123206,0.0001382700984805109
119,rhombus,16,16,4.0,-0.11777445094117134,0.052929891288362396,55.419810167176564,0.12912162749242373,0.002329882168540853,0.13712065883419658,4.4644999620091036e-05
119,disk,16,19,4.69041575982343,-0.07485131619507746,0.01730231763087843,65.49215409069713,0.07682505926802316,0.0011730421809249335,0.22129158194272092,5.159247275536198e-05
119,rhombus,49,49,7.0,-0.03579300217958403,0.03421486218509384,169.66118314642108,0.04951561167321547,0.0002918499727217067,0.5969535193491248,2.0738413731297042e-05
119,disk,49,55,7.615773105863909,0.0836702067559596,-0.13197987512153025,190.17968612960016,0.15626705006392022,0.0008216810808985678,0.7641944604804686,2.1128838940730902e-05
119,rhombus,100,100,10.0,-0.06918374409937789,0.04248721420698279,346.6244466720269,0.081188384752243,0.00023422578970335223,1.0713772684901903,8.917108459920644e-06
119,disk,100,97,10.488088481701515,-0.07431452826045781,0.08464206716733033,336.1526765763804,0.11263626700549535,0.0003350747289971443,1.082814053753126,9.58254211317491e-06
119,rhombus,225,225,15.0,0.14735210283995892,0.034140330096409516,778.9294461141071,0.15125542750741092,0.00019418373289389442,2.2722246958655727,3.7450276789628507e-06
119,disk,225,223,15.748015748023622,-0.004713969638081128,-0.6238872591419105,772.5698891427606,0.6239050678022692,0.0008075710386468088,2.4442293317482644,4.0951177740449515e-06
119,rhombus,400,400,20.0,-0.18662803979625986,0.043786374155110594,1386.5275103049466,0.1916957792958564,0.00013825602295744978,4.200034130894222,2.184720268565307e-06
119,disk,400,397,20.97617696340303,0.3555056749673411,0.47400449844288595,1375.9656411999488,0.5925070037375733,0.0004306117725591325,4.069951218511738,2.1496810353370317e-06
120,rhombus,4,4,2.0,-0.11425140150279,-0.14053287480772086,13.660321595452228,0.1811156305984502,0.013258518793492163,0.041691156908228715,0.00022342002662176233
120,disk,4,7,2.8284271247461903,0.10296883610832586,-0.028748461658462815,24.334955914620338,0.10690675964236956,0.004393135537925526,0.03895631575985544,6.578346567630491e-05
120,rhombus,16,16,4.0,-0.020463163093728642,0.07231956758624741,55.672842372150015,0.07515890432718099,0.0013500101867401466,0.1739776217828334,5.613149384705977e-05
120,disk,16,19,4.69041575982343,0.046512129995138096,0.09398838767524806,66.43450610845667,0.10486751286493519,0.0015785097083996572,0.17962009437532409,4.069747816675787e-05
120,rhombus,49,49,7.0,-0.08381978805470869,-0.12000895723808847,170.40362602641125,0.14638274039964422,0.0008590353610019778,0.5331592298177831,1.836112419206962e-05
120,disk,49,55,7.615773105863909,0.09337014771993823,-0.15465369128520054,190.6123988157729,0.18065367063356672,0.0009477540378061591,0.6024272790016013,1.658067991655367e-05
120,rhombus,100,100,10.0,-0.10145659938217788,-0.01803028510708471,346.0260285828141,0.10304626504264236,0.0002977991726942599,1.0792979455997844,9.014129932288411e-06
120,disk,100,97,10.488088481701515,-0.10538370026203481,-0.2331997547894524,334.98818648203394,0.2559059395847996,0.0007639252663571895,1.0856472438735183,9.674527217269612e-06
120,rhombus,225,225,15.0,0.03800331423429748,-0.08257820878929842,778.6420893751525,0.0909033137990014,0.00011674595432151609,2.5066920349288635,4.1345212612460604e-06
120,disk,225,223,15.748015748023622,-0.05732658931186396,0.021886228094439172,771.9659790878598,0.06136240561070706,7.948848430239336e-05,2.416938863746019,4.055732871616606e-06
120,rhombus,400,400,20.0,-0.0975803867459395,0.061911625505274986,1384.6979414219109,0.11556375405027539,8.345773514446474e-05,4.186414581629474,2.183394144709896e-06
120,disk,400,397,20.97617696340303,-0.24183612040383906,-0.3278331634905258,1375.1251777057987,0.407381016023312,0.0002962501324446473,4.160667347979996,2.2002829175492264e-06
121,rhombus,4,4,2.0,0.04398072123375396,0.14997367415008134,14.07934483176755,0.15628949669864559,0.0111006228319663,0.030274509778831876,0.000152725736419249
121,disk,4,7,2.8284271247461903,-0.03223900048167527,-0.13535799280493932,24.407161605396873,0.13914431130391017,0.0057009624287136604,0.053761440271675495,9.024774134956077e-05
121,rhombus,16,16,4.0,-0.10096903784680045,0.0482206735285627,55.66851534191794,0.11189271629224508,0.002009982044697908,0.12347017438500316,3.984215159129205e-05
121,disk,16,19,4.69041575982343,-0.1119191012785441,0.11462215924369283,65.80572696019537,0.16020026410928132,0.0024344425859193592,0.1145314548574378,2.6448277632895784e-05
121,rhombus,49,49,7.0,-0.06205489126921071,0.031544850736421715,169.33341134359262,0.06961240649781252,0.00041109669937826224,0.3374268164244364,1.1767772915764683e-05
121,disk,49,55,7.615773105863909,0.06613343112626469,-0.025673080059799888,190.43057945357984,0.07094179129602868,0.00037253361040852026,0.3988758234332509,1.099928198192074e-05
121,rhombus,100,100,10.0,0.12460902500281179,-0.09816433730978077,346.10484496829156,0.15863053373048894,0.00045833086718280957,0.775697609999988,6.475556480287208e-06
121,disk,100,97,10.488088481701515,-0.35277913066422784,-0.013796579158812744,336.541537533856,0.35304880771459024,0.0010490497259318951,0.8269831672922777,7.301621575244459e-06
121,rhombus,225,225,15.0,0.07624783654357437,0.014955661083954061,778.6330897636885,0.07770073600702719,9.979120721752142e-05,2.110727692061335,3.48150077182806e-06
121,disk,225,223,15.748015748023622,0.5575502793805405,0.09317431879702168,771.407283467785,0.5652820249403016,0.0007327932170916668,2.183743385331807,3.669730169849427e-06
121,rhombus,400,400,20.0,-0.11194988341849488,-0.07047660718336196,1386.609607249016,0.1322865395930081,9.540287251828571e-05,3.8619709979347827,2.0086330219039764e-06
121,disk,400,397,20.97617696340303,0.09780191744715827,-0.18580635165520504,1376.001945386465,0.20997432074365302,0.0001525974010775686,3.691718784504708,1.94980201810699e-06
122,rhombus,4,4,2.0,0.10260076767759818,0.048167136836388486,13.992716914369156,0.11334456581172231,0.008100254332689922,0.04502053872557215,0.000229935798510686
122,disk,4,7,2.8284271247461903,0.07986243731998233,-0.04212151120502274,24.07129450472192,0.0902897037368213,0.0037509284645705163,0.08541189918686948,0.00014740746786915453
122,rhombus,16,16,4.0,-0.08704096873680633,0.05347921060463058,55.13705069424966,0.10215750684867035,0.0018527923703275725,0.22313766455791362,7.339826932615654e-05
122,disk,16,19,4.69041575982343,-0.07391630827001361,0.0050223430451354495,65.41825844988318,0.0740867367207566,0.0011325085454164806,0.23989482783370056,5.605610630865711e-05
122,rhombus,49,49,7.0,-0.02588024558868174,-0.0616587255290203,169.06149709394023,0.06686991510083992,0.00039553604014096227,0.6409932815189099,2.2426631992335403e-05
122,disk,49,55,7.615773105863909,-0.24363735403808962,0.12963526538446257,190.19874263833566,0.27597909760339,0.0014510037962141861,0.7215847426069315,1.9946746053784667e-05
122,rhombus,100,100,10.0,-0.024729821812680353,0.033480432487687506,345.69592366685,0.0416233521769874,0.00012040452122050524,1.278297607760395,1.0696543437808297e-05
122,disk,100,97,10.488088481701515,0.07847433631124856,0.11647215358529275,335.397223595811,0.14044210202174762,0.0004187336451866255,1.2303696691673005,1.0937465345883553e-05
122,rhombus,225,225,15.0,-0.01879318453177392,0.1158338233872328,780.4029008868334,0.11734844875561819,0.00015036905760122863,2.507673756515314,4.117496937514946e-06
122,disk,225,223,15.748015748023622,-0.40008100520852663,0.22600664933882575,773.2419923384336,0.45950388058647346,0.0005942562420812722,2.4788074115689347,4.145834141397636e-06
122,rhombus,400,400,20.0,-0.025733123801475077,-0.06155843720101481,1386.1497119233225,0.06672057292329951,4.813374222811965e-05,4.346105373349653,2.2619342344601674e-06
122,disk,400,397,20.97617696340303,0.025949814929641768,0.07700593692836073,1375.433287800564,0.08126073601129472,5.908009987255552e-05,4.319055910286307,2.2830202543646252e-06
123,rhombus,4,4,2.0,0.12277375733075901,0.07281721201140878,14.207572752175064,0.14274362281456415,0.010047009809800993,0.027622271097074526,0.0001368420608651643
123,disk,4,7,2.8284271247461903,-0.03291207465858159,0.18012029404055965,24.379676979225355,0.18310249857276584,0.007510456300499506,0.03173492904540238,5.3392669795340535e-05
123,rhombus,16,16,4.0,0.04753872679539617,0.0077954421721792705,55.47150034089082,0.04817363868327894,0.0008684394398427284,0.1546746406384311,5.0266574536774224e-05
123,disk,16,19,4.69041575982343,-0.0022962717206880257,-0.12328075087961257,66.04339226533406,0.12330213461759827,0.0018669866944784287,0.13815004430230776,3.1673224846705334e-05
123,rhombus,49,49,7.0,-0.004822677595991642,0.000727146624235897,169.57522703752446,0.004877187858594068,2.8761204946019738e-05,0.4164542204315827,1.4482463855238944e-05
123,disk,49,55,7.615773105863909,0.29114262557143844,-0.1202704653305966,190.52403026987724,0.31500637018236477,0.001653368185294833,0.44205939345193507,1.21781439649168e-05
123,rhombus,100,100,10.0,-0.06206077695957468,-0.05567639147354431,345.88531647453505,0.08337505984610405,0.00024104827778152397,0.8590479898544054,7.180474999902405e-06
123,disk,100,97,10.488088481701515,0.03376123155833266,-0.04778550483631361,336.2995390080925,0.058508761983114194,0.00017397812127749088,0.8154946543537348,7.210553019067279e-06
123,rhombus,225,225,15.0,-0.074382690511825,0.05146843352623018,779.4659676631129,0.09045321607008738,0.00011604511270873276,1.9404083104656413,3.1937344992434393e-06
123,disk,225,223,15.748015748023622,-0.39644375071366245,0.07607839688443122,772.0427975086213,0.4036775569094987,0.0005228694033700779,1.8805494068210393,3.155019127054789e-06
123,rhombus,400,400,20.0,-0.038246745232800805,0.06719077176728899,1383.9027212568262,0.0773137331370481,5.586645069014221e-05,3.735589048660077,1.9505090375417456e-06
123,disk,400,397,20.97617696340303,-0.05491197623192701,-0.11751627750389654,1374.3450312211598,0.12971276194757606,9.438151192086105e-05,3.670026988443329,1.943021940556106e-06
124,rhombus,4,4,2.0,-0.0647393486358796,0.028178274429225936,14.045311925038629,0.07060593750958014,0.005027010997435427,0.016988191557278265,8.611610370424269e-05
124,disk,4,7,2.8284271247461903,0.13251329441031512,0.1521037190062191,24.70231100503441,0.201730797180296,0.008166474672721212,0.08537583081413114,0.0001399135488627054
124,rhombus,16,16,4.0,0.14561698281300428,0.023145770014270428,55.57179878912674,0.1474450146770527,0.0026532345162435522,0.1509280637304835,4.887211019120933e-05
124,disk,16,19,4.69041575982343,-0.10668053787926635,-0.05524883782024431,65.79650182687607,0.12013813400705556,0.0018259045795954827,0.17351306653321483,4.007989514291433e-05
124,rhombus,49,49,7.0,0.12562522342651095,-0.15128662358029632,169.5176751778897,0.19664521157477255,0.0011600277750884417,0.5695060011793636,1.9818388126775266e-05
124,disk,49,55,7.615773105863909,-0.18440044467002137,0.16570752022834576,190.48071485080456,0.24791632914096084,0.0013015298127957108,0.654552608721982,1.804024924884106e-05
124,rhombus,100,100,10.0,0.07370880700888804,-0.012418818393913233,346.3768914205381,0.07474767742862985,0.00021579868426579963,1.2238351830509275,1.0200585810581209e-05
124,disk,100,97,10.488088481701515,0.3687602930582914,-0.05847738636574901,334.9061173020225,0.37336812725861596,0.0011148441547333935,1.0879731945742759,9.700006711116862e-06
124,rhombus,225,225,15.0,-0.08176504372724525,0.06487957368419059,779.8392842213507,0.10437854883624625,0.0001338462308172453,2.581751086871172,4.245258603029999e-06
124,disk,225,223,15.748015748023622,-0.3239782657279515,0.02711020551827878,772.9755811494674,0.32511056566548935,0.00042059616577024044,2.430337450605821,4.0675699509513445e-06
124,rhombus,400,400,20.0,0.03094838266000055,-0.18194523952203195,1385.9804960435729,0.18455858845905654,0.00013316102859015582,4.652112781386961,2.4217872990451986e-06
124,disk,400,397,20.97617696340303,0.24025354143642863,0.009219345495362297,1374.38109985446,0.2404303651873211,0.00017493718824624515,4.684225758202781,2.479838906788844e-06
125,rhombus,4,4,2.0,0.0056416577705582505,-0.10184990484196554,13.622989631430926,0.10200603618765675,0.007487786377837996,0.03484300183596593,0.00018774600807894813
125,disk,4,7,2.8284271247461903,-0.007236774815687408,-0.002116781845274099,24.074994623696703,0.007540004980996335,0.00031318823114397733,0.08019218659454892,0.00013835652890836197
125,rhombus,16,16,4.0,0.034165232203574813,0.031854593613158635,55.3097337476235,0.04671164978657543,0.0008445466398323152,0.1981272989544498,6.476512129002674e-05
125,disk,16,19,4.69041575982343,0.054847392885404744,0.06652973397253104,65.47091250616063,0.08622321038317755,0.0013169697363705475,0.19669672872616722,4.588812886387297e-05
125,rhombus,49,49,7.0,0.06693161376123857,-0.14408208388499466,169.78136458555184,0.1588694049127341,0.0009357293440334009,0.5354332830577302,1.8574850380306688e-05
125,disk,49,55,7.615773105863909,-0.16447470299205058,0.25655235078639127,190.77137072730736,0.3047474964923368,0.001597448796066729,0.6160070468117478,1.6926192661600713e-05
125,rhombus,100,100,10.0,0.020641838219586983,-0.030348645418851128,346.5647498248704,0.03670321190090529,0.0001059057850501314,1.0909245947740926,9.082929820486652e-06
125,disk,100,97,10.488088481701515,0.191742562932125,-0.1303169009500674,335.917705272721,0.23183551305399608,0.0006901556822251335,1.0631906050492963,9.422048610278294e-06
125,rhombus,225,225,15.0,-0.09394064812245695,-0.14514114044354995,778.3004612503003,0.17288954861101802,0.00022213728144691026,2.1081784965880646,3.4802689234449582e-06
125,disk,225,223,15.748015748023622,0.11302301633874379,0.5424235770877335,772.1295603429701,0.5540735864512586,0.000717591470277535,2.1542385331531637,3.613378292168655e-06
125,rhombus,400,400,20.0,-0.00557256098314296,-0.09330664579670392,1386.2597314898462,0.0934729029491564,6.742813112568657e-05,4.074397513741724,2.1201870735608252e-06
125,disk,400,397,20.97617696340303,-0.363339554052696,0.4347828355409369,1374.486238854106,0.566614282929957,0.000412237144987597,4.089953946200897,2.1648989288724238e-06
126,rhombus,4,4,2.0,-0.060855488727532325,0.06180021116593324,13.644917560736536,0.08673324972823718,0.006356450989327592,0.0064913609345222095,3.486534165600124e-05
126,disk,4,7,2.8284271247461903,-0.08118978569910595,0.09125133981191733,23.997653104124556,0.12214167314777032,0.005089734092654979,0.032008169719865635,5.558060872395449e-05
126,rhombus,16,16,4.0,0.09312360369433836,-0.09715453510807306,55.43287906467633,0.13457714983267402,0.0024277495974123244,0.07543915214464392,2.455058967192496e-05
126,disk,16,19,4.69041575982343,0.10892690630043766,-0.13978006581867047,65.88082025298303,0.17721043343002177,0.0026898637987434262,0.11630924690050148,2.6797621470798334e-05
126,rhombus,49,49,7.0,0.04023114708463016,0.012424402308937404,169.5232741415614,0.042105949324050096,0.0002483785753741948,0.4211925960748063,1.4656223022895976e-05
126,disk,49,55,7.615773105863909,0.12136832147498744,-0.3495271903594923,190.24030908460722,0.3699993598079011,0.0019449051654102816,0.4526152816132296,1.2506164220188013e-05
126,rhombus,100,100,10.0,-0.06805780394435956,0.05306848366622091,345.9971943250736,0.08630254130882149,0.0002494313327516117,0.8007491717470283,6.688848259833259e-06
126,disk,100,97,10.488088481701515,0.051915885375283466,0.1412087958068248,335.7611148944402,0.15044993575110996,0.0004480862407143539,0.712309765088874,6.318414333298228e-06
126,rhombus,225,225,15.0,-0.04419275271107859,0.007558023540153572,779.122148381007,0.04483439652784522,5.7544759343589164e-05,2.000854736049805,3.296130962624899e-06
126,disk,225,223,15.748015748023622,-0.10845272252908922,0.040816154291415385,772.1636370038209,0.11587903811782459,0.00015007057126836858,2.0582765305462187,3.452113215457482e-06
126,rhombus,400,400,20.0,0.0014269550698968736,0.031408228945043096,1384.7357761789776,0.03144062731937369,2.2705145530456765e-05,3.6836813036568534,1.9210922686016386e-06
126,disk,400,397,20.97617696340303,-0.5685287995211099,0.6468693176220808,1375.9240466915548,0.8611996922699002,0.0006259064185560804,3.744952576226579,1.978141712437822e-06
127,rhombus,4,4,2.0,-0.09358343944985048,-0.09975627584723988,13.597852885459908,0.13678148526088774,0.010059050234846066,0.027043587557440203,0.00014625934607826282
127,disk,4,7,2.8284271247461903,0.1700908723562793,-0.0869347486770327,24.054951356378872,0.19101977747463464,0.007940975421011616,0.04384719853133876,7.577621084437791e-05
127,rhombus,16,16,4.0,-0.001997261005269202,0.07160445554081674,54.957667733434754,0.07163230489674313,0.0013034087480601724,0.14048536718608423,4.651301619432204e-05
127,disk,16,19,4.69041575982343,-0.1064646773230491,0.22774468926136068,65.79852616506409,0.25140081742956744,0.0038207666961855053,0.18715731439003103,4.322892869511415e-05
127,rhombus,49,49,7.0,-0.13805357033269017,0.035407579356390106,169.53767652085094,0.14252187536473865,0.0008406501627808394,0.5117008751549754,1.7802611145787e-05
127,disk,49,55,7.615773105863909,-0.006748496284418426,0.18981870539510134,190.3566750506964,0.18993862987810847,0.000997803884878339,0.5559234361329116,1.534188638512879e-05
127,rhombus,100,100,10.0,-0.018752971065445045,0.04327266908760147,346.5985509744042,0.047161401736446285,0.00013606924092400227,1.1448542879350072,9.530084022437481e-06
127,disk,100,97,10.488088481701515,-0.021017299006219403,0.28666455680175984,336.32248595847733,0.2874339836968938,0.0008546380206418333,1.066138461431695,9.425443664952814e-06
127,rhombus,225,225,15.0,-0.028935444601637883,-0.014671638909139861,779.7783175659846,0.0324425175128972,4.1604795596476595e-05,2.489718969637483,4.09456734141805e-06
127,disk,225,223,15.748015748023622,-0.008997518377376945,0.11584942150503708,771.8144156491213,0.11619829516822948,0.0001505521182452946,2.3493550978067566,3.943872734993849e-06
127,rhombus,400,400,20.0,-0.014840261158729273,-0.032488841761343895,1385.4788348631841,0.03571775735195215,2.5780081552439793e-05,4.196604298159793,2.1862419817768047e-06
127,disk,400,397,20.97617696340303,-0.5787581424860311,-0.0017213336538313695,1375.527714537161,0.5787607022625404,0.00042075539165510915,4.0381054348669085,2.1342189117750114e-06
128,rhombus,4,4,2.0,-0.14274557468415905,-0.022806489745362687,13.699472874189397,0.14455599284158427,0.010551938324133344,0.04519244476391992,0.000240800909180406
128,disk,4,7,2.8284271247461903,0.1461298191176046,0.13893598990693623,24.09363312749567,0.2016361409241015,0.008368855782650488,0.06250178739186064,0.00010766829879869157
128,rhombus,16,16,4.0,-0.021666416538007383,-0.1467874680526438,55.51474411672885,0.14837787699958632,0.002672765215085879,0.19979705241911266,6.482945820368127e-05
128,disk,16,19,4.69041575982343,-0.040078837233554765,-0.16401494717949675,65.94719737884077,0.16884080102951088,0.002560242250471794,0.1978582834109077,4.5494777941085094e-05
128,rhombus,49,49,7.0,0.026323525051871854,0.021457338536326115,169.54089320488634,0.033960938565048976,0.00020031119291089228,0.46754365120044583,1.6265717690116674e-05
128,disk,49,55,7.615773105863909,0.08381577630130721,0.04533851542461537,190.3055081183691,0.09529252508932091,0.0005007344560413324,0.5119893966628761,1.4137032285029336e-05
128,rhombus,100,100,10.0,0.08547457904727107,-0.059271303757862104,346.7235483927327,0.10401437935432269,0.00029999225560678076,0.8878919542931549,7.385730277282039e-06
128,disk,100,97,10.488088481701515,-0.28755647070254087,-0.2125303059533187,336.0297406291843,0.35757216724951135,0.001064108690439099,0.9424413589087861,8.346394406960304e-06
128,rhombus,225,225,15.0,-0.24150926157535357,0.05752992769943621,778.4213307672726,0.24826682421897395,0.0003189363066069411,2.2533542706287997,3.718776005322773e-06
128,disk,225,223,15.748015748023622,0.461282388235551,-0.20907538940848547,771.7169005227946,0.5064523276208763,0.0006562669902366833,2.181951948034749,3.6637780750615972e-06
128,rhombus,400,400,20.0,-0.17162070992124256,0.09944293417762479,1385.4516544166322,0.19834960355827966,0.00014316602309865379,3.8132570643959585,1.9866132709045137e-06
128,disk,400,397,20.97617696340303,0.1314524871449705,-0.14965834244763665,1374.5238939158876,0.19919180666074776,0.00014491694727348047,3.617575432929284,1.9147541001570317e-06
129,rhombus,4,4,2.0,0.0629031797733477,0.03456364223995777,13.814691000845361,0.07177363994176338,0.0051954574979180745,0.04521339997840043,0.00023691077635967702
129,disk,4,7,2.8284271247461903,-0.10352717587792926,-0.13260230365484899,24.21136599155667,0.16822974493184156,0.006948378913874956,0.06646849717669233,0.00011339065764117482
129,rhombus,16,16,4.0,-0.044002854974626526,0.02211211651034621,55.09800572092526,0.04924628861635301,0.0008937943936807522,0.17423273476765314,5.739287675150005e-05
129,disk,16,19,4.69041575982343,0.04911310785142664,-0.013332672610292015,66.09259902930116,0.05089064277211574,0.000769990037001785,0.24386803288531425,5.5827632924095295e-05
129,rhombus,49,49,7.0,-0.08415139006787697,0.06488040121089378,169.63241817077193,0.10625875451765153,0.000626405940936826,0.4986481624735162,1.732912030230523e-05
129,disk,49,55,7.615773105863909,0.07629794799985579,0.27831488293242385,190.3909052318648,0.2885836983106937,0.0015157430863582807,0.542127476610161,1.4955778401523292e-05
129,rhombus,100,100,10.0,-0.021737976156431138,0.154452023497856,346.1907813561383,0.15597425162493914,0.0004505442086410819,0.8837527813228759,7.373943330722269e-06
129,disk,100,97,10.488088481701515,0.43670633214927523,-0.05972330675676779,335.9150278783424,0.4407712489594076,0.0013121510274289984,0.8981974052144548,7.959997463787663e-06
129,rhombus,225,225,15.0,-0.01698974312313517,-0.08741129775024634,780.3358718675286,0.08904710183814148,0.00011411381310080065,2.161256887853874,3.549304394353057e-06
129,disk,225,223,15.748015748023622,-0.15151570712516582,0.0877724262008853,772.7893148496207,0.175102850653063,0.0002265854965750099,2.099610974340546,3.5157389216279743e-06
129,rhombus,400,400,20.0,0.11912031377006116,-0.15890681853865324,1386.011602846078,0.19859764885505138,0.0001432871474143831,3.942110019379447,2.052083407649591e-06
129,disk,400,397,20.97617696340303,-0.07670074796623627,-0.4780222817436218,1376.0900912820366,0.48413666105962133,0.00035182046882451906,3.8291460496765186,2.022125919596398e-06
130,rhombus,4,4,2.0,0.02128283523264507,0.05507729727102273,13.96572172532478,0.059046318684745504,0.004227946098745022,0.030029658595400334,0.00015396557430990356
130,disk,4,7,2.8284271247461903,0.04235001008545858,-0.038833771697313654,24.35267061066469,0.05745942201656332,0.0023594710795866594,0.0670433723686759,0.00011304794250430572
130,rhombus,16,16,4.0,-0.005295541307522189,-0.01813745910156421,55.42728604503992,0.018894713027738427,0.0003408919031753545,0.10981584432478123,3.574520372317293e-05
130,disk,16,19,4.69041575982343,0.024738023307933066,-0.1597571193017099,65.90432596529403,0.16166108673630958,0.0024529662411150693,0.15986694724763323,3.6807035209394125e-05
130,rhombus,49,49,7.0,-0.09782272371852985,0.06449638605733643,169.84436060017507,0.11717111030526596,0.0006898734222980448,0.42017792801692516,1.4565686969124871e-05
130,disk,49,55,7.615773105863909,0.06915018395318961,0.09074036628300262,190.75175460451445,0.1140857660443819,0.000598085015159708,0.5391526268295107,1.481748999286197e-05
130,rhombus,100,100,10.0,-0.05564334554181238,-0.1045869077079424,347.49532621494313,0.11846773048807509,0.00034091891761098655,0.9145580035878582,7.5737910478426864e-06
130,disk,100,97,10.488088481701515,-0.24139912037704203,0.21888325555319946,336.8932026900553,0.32585796734217937,0.0009672441139810457,0.8161846363016225,7.191242239261198e-06
130,rhombus,225,225,15.0,-0.12737892143600238,-0.050929938586981,779.7568770398576,0.13718326527194533,0.00017593081806822352,1.9226366468191358,3.1621232152036786e-06
130,disk,225,223,15.748015748023622,-0.03736978393241186,-0.22957694054392289,771.869310554139,0.2325985218797898,0.00030134443577346413,2.0865589497236297,3.5022174808810464e-06
130,rhombus,400,400,20.0,0.053590133550438956,-0.08357048103754311,1385.8735164220504,0.09927702511054728,7.163498251041959e-05,3.918441370504517,2.0401690823944296e-06
130,disk,400,397,20.97617696340303,-0.3628818501264979,-0.22177253846505618,1375.5118044847954,0.4252837828655883,0.000309182212380126,3.5488425228615776,1.8756771367248198e-06
131,rhombus,4,4,2.0,0.19775801865503206,0.009724813325758294,13.726703889484224,0.1979969846653854,0.014424219117676697,0.077545955811419,0.0004115538064869361
131,disk,4,7,2.8284271247461903,-0.11509333903762542,-0.14977689439703118,23.989865224148193,0.188890430636518,0.007873759559365133,0.08675103274786626,0.00015073671187316377
131,rhombus,16,16,4.0,-0.004552880565246387,-0.05774128958414744,55.12108773054024,0.057920507976724205,0.0010507867380968414,0.21783574986482285,7.169578046813532e-05
131,disk,16,19,4.69041575982343,0.04364247806274024,0.16090211285702594,65.42348207960093,0.16671579353292199,0.002548256195383768,0.23038145195538562,5.38245243612998e-05
131,rhombus,49,49,7.0,-0.12423060045478174,0.0046960538152549525,169.78990078962627,0.12431932677903057,0.000732195061077662,0.5450568360752958,1.890680224681833e-05
131,disk,49,55,7.615773105863909,0.1147580575028222,-0.02797437435221238,190.71433624428158,0.11811848873998838,0.0006193477169366709,0.5751858316257448,1.5813991395495587e-05
131,rhombus,100,100,10.0,-0.03711877209221148,0.18290319471993818,347.01427456504587,0.18663167437601036,0.000537821317609882,0.9978820556349222,8.286755647855403e-06
131,disk,100,97,10.488088481701515,-0.28817864173490637,-0.23870568049567958,336.18447803448015,0.3742022600854797,0.0011130860718890784,1.0569885303802322,9.352225267971592e-06
131,rhombus,225,225,15.0,-0.08627578322934415,-0.005465715631027074,779.6707886805103,0.08644874099254445,0.00011087851725065589,2.1594264193460457,3.552351107966719e-06
131,disk,225,223,15.748015748023622,0.24608432623029453,0.008419499273681436,772.661265172432,0.24622831596759448,0.0003186756306628683,2.2521111898481547,3.7723462368098947e-06
131,rhombus,400,400,20.0,0.03176699682173867,-0.041457400506506134,1385.9490749300453,0.052228901422767926,3.768457468424959e-05,3.7039051806551795,1.928258766255488e-06
131,disk,400,397,20.97617696340303,0.44241355685608985,0.011819293465643282,1375.9960820985602,0.44257140778419435,0.00032163711331882535,3.8806830564843,2.049622027325938e-06
132,rhombus,4,4,2.0,0.020016996328392267,0.04622353984856356,13.778922379676914,0.05037157708611686,0.003655697862150085,0.02130128254671425,0.00011219545023997323
132,disk,4,7,2.8284271247461903,-0.048674337399644774,-0.12911162493929207,24.273770917836107,0.13798189307209438,0.005684402870042197,0.05215890072732218,8.852255327207914e-05
132,rhombus,16,16,4.0,-0.07017827357916984,-0.1398473073577694,55.47978423830784,0.15646807807911245,0.002820271928366187,0.1054438695420622,3.425719566939884e-05
132,disk,16,19,4.69041575982343,-0.0012298188651502784,0.07125076988453874,65.87316002281622,0.07126138269484092,0.0010817969362659754,0.12832009454687776,2.9571794237341194e-05
132,rhombus,49,49,7.0,-0.08904016329239317,-0.043814227880343726,169.55792335259827,0.09923626980034432,0.0005852647156687629,0.5212402131830143,1.8130164135416966e-05
132,disk,49,55,7.615773105863909,0.3260291850130552,0.14446120645107793,190.3139617737248,0.35660071459487847,0.0018737496254681595,0.48157759279725004,1.3296121388013039e-05
132,rhombus,100,100,10.0,0.061082325754293176,0.14971515383236791,346.7619840443006,0.16169625167765386,0.00046630328328319963,1.0411187140521865,8.658393006392045e-06
132,disk,100,97,10.488088481701515,-0.020195261721162705,-0.2476533763652205,336.0133087197893,0.24847543826519317,0.0007394809426206498,0.8712722460389284,7.716865337992075e-06
132,rhombus,225,225,15.0,0.030674570453724126,-0.12766654784178527,779.8354550907458,0.1312999493920669,0.00016836878669076178,2.294105306971565,3.772310189610744e-06
132,disk,225,223,15.748015748023622,-0.0822923246588112,0.7621022099974177,773.1441139248445,0.7665323249418118,0.000991448180405244,2.401346268578063,4.017296450851497e-06
132,rhombus,400,400,20.0,-0.021471099754147627,0.056637414036983774,1385.6436588826825,0.06057065950977655,4.371301317008001e-05,4.2098686531822676,2.192630388557386e-06
132,disk,400,397,20.97617696340303,0.3342591425295236,-0.4364100938432133,1374.5338675210285,0.5497116920466715,0.0003999258985433923,4.230679643762686,2.2392328197674447e-06
133,rhombus,4,4,2.0,0.07392338646198793,-0.051585002603712814,13.776440408340775,0.09014255132640454,0.0065432396652932824,0.032505398670950154,0.00017127006439560566
133,disk,4,7,2.8284271247461903,-0.044700266677129896,-0.04392107390882463,24.04148779048404,0.06266717301993896,0.0026066262440190375,0.038320370177341044,6.629900572332518e-05
133,rhombus,16,16,4.0,0.05098478086706493,0.0397223085838521,55.42436578806651,0.06463211028036606,0.001166131706901409,0.2048822153166773,6.66964620044837e-05
133,disk,16,19,4.69041575982343,0.22728128233941547,0.17111142352691078,65.49193172281613,0.28449235589599753,0.004343929830930393,0.19286924132779032,4.4966322545170534e-05
133,rhombus,49,49,7.0,-0.1251323736546115,-0.01922686460117201,169.71836795634883,0.12660088174585954,0.0007459468487136348,0.518561492427354,1.800290417627333e-05
133,disk,49,55,7.615773105863909,0.13977197114227913,0.21589262124263775,190.40229914348316,0.25718831198951314,0.0013507626386155213,0.5748345426339145,1.5856176852574837e-05
133,rhombus,100,100,10.0,0.047208768106196786,0.030753523751742368,346.95117491476225,0.05634223113485696,0.00016239239180757616,0.9661317261376802,8.026008563876693e-06
133,disk,100,97,10.488088481701515,-0.0741902049556935,0.015974374885088405,336.3411830286958,0.07589049455852263,0.00022563545110694291,0.8639379849905003,7.636994438560448e-06
133,rhombus,225,225,15.0,0.00261077400672427,-0.18528870817045717,779.1356365523404,0.1853071005557829,0.00023783676661969037,2.1020865225460375,3.4627764091002315e-06
133,disk,225,223,15.748015748023622,-0.4420071478362031,0.48197304184437884,772.3795365804726,0.6539635554088763,0.0008466867963697549,2.0019582667542988,3.3557801571082894e-06
133,rhombus,400,400,20.0,0.006767988452934581,0.020216537052914818,1385.2434279726144,0.02131933484213177,1.5390316540489838e-05,3.8533410919427897,2.008099634002037e-06
133,disk,400,397,20.97617696340303,0.48919707380545274,-0.3660987645311021,1374.8142357731608,0.6110172521386094,0.0004444362272659976,3.708262645016152,1.9619251993320846e-06
134,rhombus,4,4,2.0,-0.03033576059464238,-0.10039063557307143,13.386414141272546,0.10487391516302179,0.0078343545968504,0.01267474825540738,7.073116779946803e-05
134,disk,4,7,2.8284271247461903,0.09861102816508893,-0.03659224969604699,23.94592950293863,0.10518140336387329,0.004392454398187612,0.04585000124147222,7.996058311456144e-05
134,rhombus,16,16,4.0,0.13616212377015335,0.11069809587805254,55.318684962272265,0.1754827409764991,0.003172214616023132,0.09668005183021268,3.159316819411166e-05
134,disk,16,19,4.69041575982343,-0.12396799271008252,0.06006273352527111,65.6706776345258,0.13775193347134843,0.0020976170557881757,0.1276590147067357,2.9601143809869012e-05
134,rhombus,49,49,7.0,-0.03319891022305521,-0.007873833016434267,170.26370307396576,0.03411986058542986,0.0002003942118574007,0.4134152774354923,1.4260750190573029e-05
134,disk,49,55,7.615773105863909,-0.22198033287105545,0.053646767910709756,190.8320936548817,0.22837084728312004,0.0011967109038594256,0.4476502690532624,1.229238120066563e-05
134,rhombus,100,100,10.0,0.16424165534412527,0.06185819158351341,346.0949045814157,0.17550429401060558,0.0005070987514909218,0.8010957822153271,6.6879656580521085e-06
134,disk,100,97,10.488088481701515,0.24017769681444134,0.04637470030476262,336.21300481846566,0.24461385667097083,0.0007275562014712883,0.8555991445080099,7.569049152884831e-06
134,rhombus,225,225,15.0,0.0553496212852993,-0.033526534150462764,779.2008783218229,0.06471173825951675,8.304885179145002e-05,2.0225682744961886,3.3312277367131507e-06
134,disk,225,223,15.748015748023622,-0.021603482432333898,0.3301737415491419,771.8043758353631,0.33087975166480604,0.0004287093491879702,2.1273573860782,3.571297110725193e-06
134,rhombus,400,400,20.0,-0.11117197870204176,0.08793164797064923,1385.1506689508153,0.14174337220258804,0.00010233065281623968,3.5768122111002,1.864241224112834e-06
134,disk,400,397,20.97617696340303,-0.006929609955210747,-0.7636452748146663,1375.1516455450737,0.7636767151359917,0.0005553400002174236,3.5890756293447716,1.897935391058614e-06
135,rhombus,4,4,2.0,0.10731899188055039,-0.023232551098545023,13.611797736533042,0.10980490630570268,0.008066892296745974,0.0442456777426552,0.0002388030545971577
135,disk,4,7,2.8284271247461903,-0.20051705534823405,0.010180036256928926,24.20860355941664,0.20077530381926745,0.008293551642765865,0.07874670666612407,0.00013436709345832074
135,rhombus,16,16,4.0,-0.1621266904399632,-0.03469175580900222,55.44596878931986,0.16579680839547875,0.0029902409862376674,0.18895892812623635,6.146494033856486e-05
135,disk,16,19,4.69041575982343,0.16523725195243122,0.08844337376880282,66.07416936597804,0.18741819494488626,0.002836482043486557,0.22342992562108574,5.117736442994032e-05
135,rhombus,49,49,7.0,-0.1415643377236706,-0.11657571437000111,169.8419618306861,0.1833858197790046,0.0010797438854469913,0.5476486329636656,1.8985061684608016e-05
135,disk,49,55,7.615773105863909,0.010669342123846182,0.047622052090981803,190.48306474135148,0.048802609630140305,0.00025620445416713137,0.6469122637226143,1.7829232335490075e-05
135,rhombus,100,100,10.0,0.13957295588963037,-0.06288957975772849,346.1144269853022,0.1530872602729319,0.0004423024535739239,0.9683582894013454,8.083448394834523e-06
135,disk,100,97,10.488088481701515,0.24866167619578583,0.04484116164706195,335.464458826211,0.2526724341639898,0.0007532017998213278,0.9689992953909393,8.610540841825839e-06
135,rhombus,225,225,15.0,-0.0033219256075263104,0.0959108565864402,778.9242993896685,0.09596836770981697,0.00012320628305602182,1.9853111381850346,3.2721866950439003e-06
135,disk,225,223,15.748015748023622,-0.4353512863350173,-0.1240337376379439,772.7722020519213,0.4526755025247031,0.0005857812966391984,1.9956936062036226,3.3418802460810283e-06
135,rhombus,400,400,20.0,0.03887295965152315,-0.0005985493753627585,1385.2545092434282,0.03887756748336622,2.8065288525644016e-05,3.734282322852236,1.9460231561771047e-06
135,disk,400,397,20.97617696340303,0.03252939369943553,0.1223293894238974,1375.6229086114759,0.12658057106553286,9.201691122845618e-05,3.6806410414742166,1.945022659451102e-06
136,rhombus,4,4,2.0,-0.07681567797524602,-0.028302140006434384,13.96481715056754,0.08186366417245511,0.005862136488419979,0.03984015255275704,0.00020429158856905666
136,disk,4,7,2.8284271247461903,-0.015866276320040118,0.04909774129218744,24.42801698374071,0.05159774146470399,0.002112236187613896,0.08332071356114887,0.00013962929783777452
136,rhombus,16,16,4.0,0.09108167801791822,0.06771283669144766,55.57399613938895,0.11349405413219843,0.0020422151008816464,0.20167237741786756,6.529849396426345e-05
136,disk,16,19,4.69041575982343,0.1657660946751527,-0.106721584531287,65.82122206729123,0.19714942239002456,0.0029952257979724553,0.22422116257442898,5.175409484035102e-05
136,rhombus,49,49,7.0,0.01714269768768517,0.038404893343379876,169.66102985636388,0.042057198155936996,0.00024788956068192493,0.5852144138472962,2.0330629057724934e-05
136,disk,49,55,7.615773105863909,0.33437957882944946,-0.053703894785760375,190.49893513412405,0.3386647472845676,0.0017777776397864106,0.6749144284574343,1.8597887142073868e-05
136,rhombus,100,100,10.0,-0.060749905117019054,0.09150598207797139,347.2418321069411,0.10983576706966106,0.00031630914513731343,1.2434859031974883,1.031280458103199e-05
136,disk,100,97,10.488088481701515,0.04011464736992876,-0.3124541369456034,336.06358706721346,0.3150186861569257,0.0009373782173369507,1.165496013504888,1.0319719077100892e-05
136,rhombus,225,225,15.0,0.04585127817046075,-0.011748969236806323,780.1494479529038,0.04733263132335231,6.067123606579761e-05,2.980277442330138,4.896672795057625e-06
136,disk,225,223,15.748015748023622,-0.5062804938420249,-0.25624319345795754,772.897311473414,0.5674332671235066,0.0007341638516529179,2.8157162018492174,4.713519266492954e-06
136,rhombus,400,400,20.0,-0.0020297569059213316,-0.02978274778066227,1384.376771593796,0.029851833753786024,2.156337376234535e-05,4.871080461109649,2.5416555630259395e-06
136,disk,400,397,20.97617696340303,-0.105068418738552,0.3077237577699839,1375.9560991774556,0.32516654765258285,0.0002363204377283308,4.725308843073561,2.4958647285691537e-06
137,rhombus,4,4,2.0,0.10098545216277222,-0.0395636400259603,13.668629941724364,0.10845894689062457,0.007934880624688414,0.0481011793855408,0.0002574576218603857
137,disk,4,7,2.8284271247461903,-0.17469123252889762,-0.14273901795920568,24.210176966023084,0.2255913428534522,0.009318037747929327,0.09236559566837632,0.0001575847936766858
137,rhombus,16,16,4.0,0.015862696961827183,-0.013409746928888022,55.33897532110568,0.020771289502570203,0.0003753464783553421,0.1666771457911241,5.4426928754724485e-05
137,disk,16,19,4.69041575982343,0.1802242095151545,0.05361765855352178,66.00214698665553,0.18803089906747866,0.002848860342459696,0.1707223767343579,3.9189915069800594e-05
137,rhombus,49,49,7.0,0.03783566348465017,0.030754142134685913,170.000358680738,0.04875812434624771,0.00028681189101380575,0.43321806281898567,1.4990181132966035e-05
137,disk,49,55,7.615773105863909,0.46838603985768046,-0.13507183654329974,190.70733418914284,0.4874729565429661,0.002556131145221149,0.4892018656588059,1.3450961011183258e-05
137,rhombus,100,100,10.0,-0.06645002163039582,0.04396723732475827,345.631869991722,0.07967887632648749,0.00023053104543975015,0.9770410050286374,8.178717899369438e-06
137,disk,100,97,10.488088481701515,0.4060379369300957,0.11845822843786522,335.64455672218054,0.42296472442874694,0.0012601566626293987,1.0216100196993463,9.068300995485311e-06
137,rhombus,225,225,15.0,0.009583821483775345,-0.09373952188489867,778.8464837880972,0.0942281677495762,0.00012098426289514212,2.2352250875975077,3.684830675809418e-06
137,disk,225,223,15.748015748023622,-0.4214842501816869,0.22138699692464153,772.049308258876,0.47608946171757477,0.0006166568075700382,2.2904462212593586,3.842642862922271e-06
137,rhombus,400,400,20.0,-0.22490340883574245,0.20524818270682404,1386.038700299102,0.30448047525316124,0.00021967674869933682,4.393145471306912,2.286782558727602e-06
137,disk,400,397,20.97617696340303,-0.19839523926917213,0.2097029679153626,1374.4714238389397,0.28867976326231054,0.0002100296581328838,4.183751154451448,2.2145955106333134e-06
138,rhombus,4,4,2.0,0.06705819048528339,-0.02511062962847424,14.016264553813931,0.07160547906060652,0.005108741975130751,0.03474210178674534,0.00017684448316274267
138,disk,4,7,2.8284271247461903,0.0012349826604367564,-0.03276401459855832,24.264339112007384,0.03278728160104345,0.001351253848278869,0.038719231172981414,6.576423783819623e-05
138,rhombus,16,16,4.0,-0.04375106663328232,0.05443852154971898,55.21177027183266,0.06984059321103399,0.0012649584113528143,0.13634902973349955,4.472895040382319e-05
138,disk,16,19,4.69041575982343,-0.13383502637545952,0.20304847951552812,65.5750464239666,0.24318819732562638,0.0037085478484197476,0.16033685397680972,3.728688853488381e-05
138,rhombus,49,49,7.0,0.03838737788241886,-0.1219533934725674,169.73818835910487,0.12785234045633448,0.0007532326207337914,0.45320316669281224,1.5730184286655513e-05
138,disk,49,55,7.615773105863909,0.11960271511246567,0.31859040445810455,190.0938740412224,0.34030083055298627,0.0017901725253870679,0.5360088652772407,1.4833229960397502e-05
138,rhombus,100,100,10.0,-0.05739625277378568,-0.03140495086703943,346.20257806882677,0.06542630030372695,0.00018898270679752098,0.8932140056905835,7.452378925101693e-06
138,disk,100,97,10.488088481701515,0.3974545822178275,0.19448284405486946,335.85680903605976,0.4424858433414774,0.0013174836163407045,0.8761634626606349,7.767420619222285e-06
138,rhombus,225,225,15.0,0.06257705210907805,-0.0030355767708928755,779.1897379993138,0.0626506358865914,8.0404852414325e-05,2.1916216177699974,3.6097666410009493e-06
138,disk,225,223,15.748015748023622,0.38579529164389825,0.25421655072627,772.5042426492265,0.46202171130560815,0.0005980830729435875,2.1669547652532555,3.6311826866894477e-06
138,rhombus,400,400,20.0,-0.04967068120701601,-0.14443050623263906,1385.9263561196924,0.1527329293315145,0.00011020277423624093,3.726523969782103,1.9400977474375957e-06
138,disk,400,397,20.97617696340303,0.10170192066871397,0.07552561837545954,1375.916990252775,0.12667833160687325,9.206829518370922e-05,3.8684598044605445,2.0434010944987065e-06
139,rhombus,4,4,2.0,0.06783391888873291,0.10216541434229787,13.734597873956902,0.12263446676826462,0.008928872027684196,0.050949559161408114,0.0002700900178664284
139,disk,4,7,2.8284271247461903,-0.14766062210955777,-0.2042640274392904,24.139635520808437,0.25204652790209353,0.010441190285778288,0.09970856573664161,0.00017110829041989126
139,rhombus,16,16,4.0,-0.12128481939995783,0.05095245276406195,55.429067794401064,0.13155287856810413,0.002373355421672677,0.17587231836239667,5.72429937899783e-05
139,disk,16,19,4.69041575982343,0.1059007775938543,0.0641779364455673,65.53944129486838,0.12382965000917295,0.001889391297250326,0.23703391622209596,5.5182963815600065e-05
139,rhombus,49,49,7.0,0.062188428185524725,-0.1048880045792582,169.91423175494288,0.1219380748773928,0.0007176448589265718,0.5615499082638318,1.9450413932809577e-05
139,disk,49,55,7.615773105863909,0.01866781776956783,-0.015792225239201825,191.06549903867247,0.024451621588014883,0.00012797507509749718,0.5530007410937064,1.5148204776106938e-05
139,rhombus,100,100,10.0,-0.05250276545017751,-0.02313595847588301,346.55916407655104,0.05737432312902817,0.00016555419413567959,1.0616556049373436,8.839524057536117e-06
139,disk,100,97,10.488088481701515,-0.16812630026654984,0.047276125464426555,336.18945683904644,0.17464674311376746,0.0005194890546415353,1.032225241031225,9.132849388249656e-06
139,rhombus,225,225,15.0,0.0585530052315133,-0.08532391161160657,779.6375411396132,0.10348248312804866,0.00013273152929088825,2.53149797758486,4.164780319551597e-06
139,disk,225,223,15.748015748023622,0.017624176592718754,0.30372632177377656,772.4051827997055,0.30423722674715364,0.0003938829432039767,2.4549762936536856,4.114877817709957e-06
139,rhombus,400,400,20.0,0.03735116657576398,0.14604114088610218,1385.87341660575,0.15074191346763785,0.00010877033332296074,4.375659296367264,2.2782237255527932e-06
139,disk,400,397,20.97617696340303,-0.392469056846255,0.32116981986239346,1376.2929886438417,0.5071311603246552,0.0003684761635125143,4.27396268953124,2.256362803689427e-06
140,rhombus,4,4,2.0,-0.0030143553878949625,0.053009011787754745,13.672660968816006,0.053094648215416713,0.003883271027966876,0.02512538963483774,0.000134402304483219
140,disk,4,7,2.8284271247461903,0.00735479104889869,-0.03539516998742383,23.868294289974404,0.03615122418136886,0.0015146128056814582,0.059720126115333526,0.00010482815647609831
140,rhombus,16,16,4.0,0.018325247709198855,-0.11402844993260977,54.929516924828405,0.11549156721439531,0.0021025411050391483,0.09422770047975094,3.122964399441548e-05
140,disk,16,19,4.69041575982343,-0.033574340060153585,-0.053845933358082514,65.34506740662302,0.06345566050147061,0.0009710856996535762,0.104689107506519,2.451748265850549e-05
140,rhombus,49,49,7.0,0.017942575770357738,0.05397521695375068,169.32866763185763,0.05687934660735374,0.00033591090866560633,0.3519335159166256,1.2274382306515995e-05
140,disk,49,55,7.615773105863909,-0.03501411671324384,-0.046718987246981106,190.467672303884,0.058383663285136916,0.000306527940300483,0.3519722155910349,9.702101936672856e-06
140,rhombus,100,100,10.0,0.09437790638006938,-0.024559242668788617,346.50325522793986,0.09752100088262829,0.00028144324594721673,0.9329297947910614,7.77023807265602e-06
140,disk,100,97,10.488088481701515,0.3264265120798284,-0.0651925952704448,336.2304880830722,0.33287286201596306,0.0009900139154951362,0.9305866384507355,8.231569142720284e-06
140,rhombus,225,225,15.0,0.021919667668965026,-0.021661836465397072,779.078412087966,0.030817316394707,3.955611645317597e-05,2.416504709576043,3.981303677603376e-06
140,disk,225,223,15.748015748023622,-0.25330919701835564,0.5183457063052175,772.7718610084596,0.5769296495580193,0.0007465717615612088,2.2697175984588274,3.8007493123711872e-06
140,rhombus,400,400,20.0,0.0007303999945875717,-0.009834980157951007,1386.097027862942,0.009862064634719421,7.114988659866449e-06,4.133707795313665,2.1515552817861026e-06
140,disk,400,397,20.97617696340303,-0.2672983269643301,-0.06583419872268866,1375.2183149846028,0.27528628247587705,0.00020017642251874692,4.058062127036934,2.1457315967084566e-06
141,rhombus,4,4,2.0,0.06657977812581928,-0.05643124481369743,13.880053534055769,0.08727744408784423,0.006287976042289921,0.03788549889089868,0.00019664854085802848
141,disk,4,7,2.8284271247461903,0.03128967727616727,0.0122765165351965,24.013976140080356,0.03361185449042721,0.0013996788492817557,0.062467820598109264,0.00010832487705426744
141,rhombus,16,16,4.0,-0.09661762409418495,0.10792765940848173,55.043504925592,0.14485629068493527,0.0026316690930338195,0.12305089681891912,4.061370623496661e-05
141,disk,16,19,4.69041575982343,-0.06710567801911971,0.010679695865396709,65.44819359512151,0.06795018709454108,0.0010382286104777393,0.14370257247132726,3.35481992774552e-05
141,rhombus,49,49,7.0,-0.00047120919125775984,0.10256602457117703,169.5928932380006,0.10256710698092843,0.0006047842278213239,0.382062727465024,1.3283709612451702e-05
141,disk,49,55,7.615773105863909,-0.4974924115426793,0.12212896887077024,190.7761511706406,0.5122637841776326,0.002685156299853413,0.4909428242694662,1.34890930652181e-05
141,rhombus,100,100,10.0,0.05817443408646472,0.193696453606452,346.3760180360328,0.20224386497740007,0.0005838852993464491,0.8972520396662553,7.47857449029782e-06
141,disk,100,97,10.488088481701515,-0.337967018475958,-0.13423610191066934,335.8187313259745,0.36364960694836473,0.0010828746970501033,0.8227316652782102,7.295387749266736e-06
141,rhombus,225,225,15.0,0.002054485861635147,-0.08317833085237752,779.1882574304461,0.08320369965057586,0.00010678253792601976,2.088469831006027,3.4398809153603556e-06
141,disk,225,223,15.748015748023622,0.1780078982617015,-0.229499448487274,771.9222156291376,0.29044243612032866,0.0003762586828565495,1.984937196019139,3.331192194662963e-06
141,rhombus,400,400,20.0,0.027676651644399808,-0.006768739635423113,1385.311873579858,0.028492330239866418,2.056744822827359e-05,3.6375693382495555,1.895466735902531e-06
141,disk,400,397,20.97617696340303,-0.0449371791118498,-0.2980156275401163,1374.3462681218543,0.3013845787771163,0.00021929304555028955,3.757324229479573,1.9892361276249166e-06
142,rhombus,4,4,2.0,-0.14458489377200756,-0.034300248414424805,13.849697358580945,0.1485977743721418,0.010729315632306877,0.03521810663548027,0.00018360539464038581
142,disk,4,7,2.8284271247461903,0.09076866763443903,-0.05649011191717834,24.198467351694006,0.10691156985353173,0.0044181132755107076,0.047867986728724776,8.174655165366884e-05
142,rhombus,16,16,4.0,-0.0362897341698436,0.028930557904439273,55.098213796883755,0.04641036507915045,0.0008423206830304783,0.20129407045163666,6.630647526821507e-05
142,disk,16,19,4.69041575982343,-0.06830817332816119,0.07096905254504648,65.87052749968193,0.09850184243237119,0.0014953856629256056,0.17627832243167305,4.06271751262144e-05
142,rhombus,49,49,7.0,0.15520731150559053,-0.0617458452586187,170.0522100492595,0.16703849541795657,0.0009822777097079189,0.640982851538988,2.216572035218661e-05
142,disk,49,55,7.615773105863909,-0.014927676014053315,0.18190741561903465,191.34095445689508,0.18251888496365726,0.0009538934593575196,0.6621525418082099,1.808598550805948e-05
142,rhombus,100,100,10.0,-0.0426436244789139,0.10505779551013007,347.18537008459316,0.11338262259335392,0.00032657661400227716,1.1247188024339276,9.330848173199202e-06
142,disk,100,97,10.488088481701515,0.024588892428897058,-0.15239999737655918,336.586984251126,0.1543708937308297,0.0004586359572824548,1.0595489903621014,9.352471775052982e-06
142,rhombus,225,225,15.0,0.10108726858512762,0.06037814980488637,779.7094100915281,0.11774615426358107,0.00015101286805011005,2.3263395035260634,3.826551337342237e-06
142,disk,225,223,15.748015748023622,-0.40281416841601025,0.36181304217106136,772.5715521122606,0.5414498423323809,0.0007008410300017157,2.4285766358196086,4.068875372312922e-06
142,rhombus,400,400,20.0,0.051609377888377495,0.05020168339034836,1385.8634263061451,0.07199817290216555,5.195185292829911e-05,4.1665245030379525,2.169367217089432e-06
142,disk,400,397,20.97617696340303,0.36317384736003033,-0.012193714790633359,1374.6336652857021,0.36337849425451957,0.00026434569691627293,4.146916447188735,2.1945795792673967e-06
143,rhombus,4,4,2.0,-0.03671859832420399,-0.07483809256789804,13.817832036496043,0.08336063556676804,0.006032830283838565,0.03710897077997359,0.00019435650945592327
143,disk,4,7,2.8284271247461903,0.030260094323498965,0.030333056616332177,24.134171991318983,0.04284585898493187,0.0017753192030098837,0.04138188836549578,7.104695970564022e-05
143,rhombus,16,16,4.0,0.0819827019644217,0.09087893680349429,55.39995903701646,0.12239340086753331,0.0022092687972161498,0.11853325501558225,3.86208051400744e-05
143,disk,16,19,4.69041575982343,0.017131314901757122,-0.06502297464120806,65.59413308996038,0.06724187074624227,0.001025120198692497,0.11243873934459023,2.6132801780763452e-05
143,rhombus,49,49,7.0,-0.053198990472468566,-0.20278388658398716,169.36636486260062,0.2096459807518312,0.0012378253552404435,0.3945359733151461,1.3754103091804147e-05
143,disk,49,55,7.615773105863909,-0.06510481953178582,-0.09590459303339605,190.05820301144502,0.1159151780017083,0.00060989305468035,0.47615980893427295,1.3181945077483651e-05
143,rhombus,100,100,10.0,-0.09527737061234154,0.018221187943026462,345.9727810403918,0.09700406713564425,0.00028038063238367634,0.8858731392912811,7.400953378110345e-06
143,disk,100,97,10.488088481701515,-0.16853025231165297,-0.30898817897653774,336.3539725834129,0.3519604248938598,0.0010463988939704782,0.8304306073080205,7.340239405873093e-06
143,rhombus,225,225,15.0,-0.01520722917552586,0.04342137154031435,779.242681223169,0.04600733991048587,5.904109338347411e-05,1.8415397249069376,3.0327431306851973e-06
143,disk,225,223,15.748015748023622,0.013417934921792884,0.09395969831020531,772.2133871774525,0.09491293844418826,0.00012291024737489759,1.846019137124014,3.0957190968305028e-06
143,rhombus,400,400,20.0,0.064285882902269,0.058606561068425905,1386.0272158685234,0.08699082561277009,6.276271101809441e-05,3.612978461935108,1.8807100979294013e-06
143,disk,400,397,20.97617696340303,-0.06626527398832982,0.6890757574674893,1374.1670694084032,0.6922546396133019,0.0005037630831244752,3.576565149425773,1.8940309290465818e-06
144,rhombus,4,4,2.0,0.09473737503677748,-0.02764472318829425,13.707270043500431,0.09868840331577182,0.007199712488524791,0.030110346766564267,0.000160255823251037
144,disk,4,7,2.8284271247461903,-0.10626395623776697,-0.12338002605825131,24.024615853379935,0.16283322518895468,0.006777766028922634,0.04819501587053501,8.350052831531513e-05
144,rhombus,16,16,4.0,0.04249336585918373,0.0969855234182493,55.34712415683551,0.10588615534976338,0.0019131284048240142,0.1366200937363179,4.4598932047882324e-05
144,disk,16,19,4.69041575982343,0.16826302904243207,0.07250205597679632,65.83666724733347,0.18321843538082308,0.00278292390914189,0.16030959388386778,3.698484795787068e-05
144,rhombus,49,49,7.0,0.07669107649136953,0.07093670312467044,169.8240332373584,0.10446787574945095,0.0006151536608687126,0.33671232698285125,1.1675102826565124e-05
144,disk,49,55,7.615773105863909,0.1825533798496588,0.06658033123876969,190.43398560943442,0.1943159206097074,0.0010203846754971277,0.3850710243084615,1.0618225064319785e-05
144,rhombus,100,100,10.0,0.02824004655219836,0.037381483241118285,346.0896341787155,0.04684949859471644,0.00013536810689488625,0.7682031054030635,6.413555758653778e-06
144,disk,100,97,10.488088481701515,-0.12288110510485684,-0.1359725641222516,336.36209444697454,0.18327112207265686,0.0005448625903402693,0.6529680463906815,5.771355587004274e-06
144,rhombus,225,225,15.0,0.01802219953236417,0.04321632640789569,778.1465470264964,0.04682361096902,6.017325547217988e-05,1.7987158009536366,2.970569792898599e-06
144,disk,225,223,15.748015748023622,-0.3661524861097214,-0.021853450207320727,772.7445395601075,0.36680405718897596,0.0004746769966149264,1.75563156709739,2.9400958649664378e-06
144,rhombus,400,400,20.0,-0.09417815643594984,-0.17864305252603796,1385.9033087902105,0.201947679772497,0.0001457155621836145,3.6931803484189274,1.922802387607841e-06
144,disk,400,397,20.97617696340303,0.3716309835165794,-0.07315977189864065,1375.9075219285883,0.3787636995987884,0.00027528281774917633,3.450615585372847,1.8227121551106533e-06
145,rhombus,4,4,2.0,-0.01520063796761928,-0.0722196649835831,13.784887419322661,0.07380202846103627,0.005353836140698973,0.02418427206129111,0.0001272701548802324
145,disk,4,7,2.8284271247461903,-0.0029455798051070126,0.06199443856121295,24.140830041251995,0.06206437668186366,0.0025709296894848967,0.08432466833166413,0.00014469390738446682
145,rhombus,16,16,4.0,0.11989074130391231,0.1582551492102648,55.5749347542409,0.19854088269664966,0.0035724897127566864,0.1563566536203924,5.0624231559586245e-05
145,disk,16,19,4.69041575982343,-0.007558602622200095,-0.11017143777957544,66.17980205393961,0.11043042233016767,0.0016686423788357927,0.16719459380665436,3.8174319398721356e-05
145,rhombus,49,49,7.0,0.1362750809514588,0.1392606824651907,170.91483418615866,0.19484464418863895,0.001140010140819118,0.3854158053626677,1.3193803280500958e-05
145,disk,49,55,7.615773105863909,-0.16050450333957222,-0.014848375160906105,190.8426543203406,0.16118985649600215,0.0008446217491056035,0.42685342995317677,1.1720007212751327e-05
145,rhombus,100,100,10.0,-0.09437235149575729,-0.11409182140512358,345.7517328962186,0.14806446041632468,0.00042823924315881287,0.7429693527753076,6.215014822114492e-06
145,disk,100,97,10.488088481701515,-0.20179570104052447,0.1717705189538465,335.3884757737633,0.2650030493034193,0.0007901376118903305,0.7672115727357149,6.820541779550317e-06
145,rhombus,225,225,15.0,0.005250277069887677,-0.043981812425385444,778.841663768337,0.04429407673191053,5.687173502968327e-05,1.8650209279589243,3.0745768852736866e-06
145,disk,225,223,15.748015748023622,-0.020791806073592767,-0.09366066029602424,772.0548912259437,0.09594070297266505,0.00012426668629781114,1.6891922428127375,2.8338882527502614e-06
145,rhombus,400,400,20.0,-0.03686708485716039,-0.04938262132934394,1385.3312775924642,0.061626497833500486,4.448502595032704e-05,3.699795456704334,1.9278375510403543e-06
145,disk,400,397,20.97617696340303,-0.2892538379020757,0.4586859378624055,1373.9110452337318,0.5422735216971181,0.00039469332718324984,3.4196511701315098,1.8116094486900658e-06
146,rhombus,4,4,2.0,0.0893664457993455,-0.0635357996474728,13.841261320819605,0.10965016858925097,0.007921978065995944,0.028005030190267826,0.00014617890654171635
146,disk,4,7,2.8284271247461903,-0.18360848647468453,-0.033833847871005296,24.113422938187544,0.1866997738811773,0.007742566219643074,0.0593922911853459,0.00010214388037345562
146,rhombus,16,16,4.0,-0.03530707272958633,0.03514026909333583,55.133215525063,0.04981393275665305,0.0009035194534229215,0.21587351398411847,7.101869963301289e-05
146,disk,16,19,4.69041575982343,-0.05429175757490867,-0.05711099801031691,65.8873797062695,0.07879886442270012,0.0011959629412186508,0.24905796863587695,5.737146884191295e-05
146,rhombus,49,49,7.0,-0.011511643651906489,-0.02732594528940338,169.93042862261512,0.02965173225172428,0.00017449336467911488,0.6900363638883894,2.3896245551219125e-05
146,disk,49,55,7.615773105863909,-0.07727279246967456,0.214273086253702,190.6286602517937,0.22778068387979655,0.001194892119468973,0.7089937854374356,1.9510393883443932e-05
146,rhombus,100,100,10.0,0.03187326271864066,0.14370183660452326,346.9700926474178,0.14719416673171729,0.00042422724566434683,1.3238259412272169,1.099630565358429e-05
146,disk,100,97,10.488088481701515,-0.2964142035750701,0.16582293591006922,336.3651489724939,0.33964485297863417,0.0010097504275224675,1.2742586029355851,1.126252039729259e-05
146,rhombus,225,225,15.0,0.10834673492594238,-0.05753601449718178,778.9593052831751,0.12267602835653074,0.00015748708247593796,2.689950291295828,4.433173364434656e-06
146,disk,225,223,15.748015748023622,0.12648092314761517,-0.06752147777420649,772.5838874517838,0.1433756390782116,0.00018557938031960256,2.550525222265212,4.273053492680529e-06
146,rhombus,400,400,20.0,-0.03322402870188146,-0.06615277979056418,1385.2669987724669,0.07402720011726986,5.343894006200099e-05,4.355337160188212,2.2696286470338077e-06
146,disk,400,397,20.97617696340303,0.18927955610776603,0.11883194299533256,1375.5222697084728,0.22349000209494588,0.00016247646949570086,4.253909995298888,2.248293706509901e-06
147,rhombus,4,4,2.0,-0.0013225643481793448,-0.09203333792685789,13.922266530498513,0.09204284038649771,0.006611196545107512,0.06148710167558046,0.00031722261048825146
147,disk,4,7,2.8284271247461903,-0.03082953230935681,0.16298781164511494,24.521030170257966,0.16587792742639734,0.006764720987440157,0.07661221202705892,0.00012741500586655304
147,rhombus,16,16,4.0,0.0032042552713447137,0.0763267204381979,55.50115793036673,0.07639394939846189,0.0013764388392456214,0.1446874098296952,4.697065907481231e-05
147,disk,16,19,4.69041575982343,0.06118132359704065,0.027617254562382745,65.82028061364277,0.06712575591119442,0.0010198339369777933,0.18486452973357065,4.267112877287447e-05
147,rhombus,49,49,7.0,-0.08398468183757846,0.021837974100595424,169.67399860045765,0.08677743886620276,0.0005114362812333032,0.571626911375821,1.9855557113742484e-05
147,disk,49,55,7.615773105863909,0.05643696579152735,0.37784583429334584,189.99842008420046,0.3820374400508262,0.0020107400886887426,0.5969570107857685,1.6536480296901865e-05
147,rhombus,100,100,10.0,0.009806911771957694,0.2056884932715161,346.1547232506789,0.20592214981106205,0.0005948847032254331,1.1811464775385179,9.8574194138815e-06
147,disk,100,97,10.488088481701515,-0.1316135600178452,-0.09771187801605064,336.30153767772714,0.16391992034525424,0.00048741947918875205,1.0529258877640746,9.309794560447261e-06
147,rhombus,225,225,15.0,0.009056641670851295,-0.016428221369340135,780.405592599087,0.018759243473931566,2.4037812711535294e-05,2.5528097403018712,4.191579447640994e-06
147,disk,225,223,15.748015748023622,0.06299689066806513,-0.040536323209372754,772.8693613752062,0.07491195988077527,9.692706636407552e-05,2.3589063180408893,3.9491034585127485e-06
147,rhombus,400,400,20.0,0.04583703686406215,-0.060246119349051,1385.718862088385,0.07570091706906522,5.462934736630351e-05,3.9978768426525537,2.0819924687920308e-06
147,disk,400,397,20.97617696340303,-0.17136777634972278,0.1869367766824347,1375.5672597734165,0.2535986459890255,0.00018435932099081673,4.097488712221413,2.1654796399646848e-06
148,rhombus,4,4,2.0,-0.05273875389360283,-0.03857030438817293,13.821887501236137,0.0653379257617375,0.004727134825536245,0.06237993852308252,0.00032652033598958057
148,disk,4,7,2.8284271247461903,0.22562266336667358,0.18813387623167205,24.092245173649427,0.2937685170514795,0.012193488607395749,0.0977128678555869,0.00016834383315120942
148,rhombus,16,16,4.0,-0.03415930910419451,0.029472483053413268,55.33138743067279,0.04511635685435647,0.0008153845213240822,0.21930192649581953,7.163072161733956e-05
148,disk,16,19,4.69041575982343,-0.03505019776599916,-0.042400263029296614,65.6920941371166,0.05501180480941513,0.0008374189547769796,0.30300978638867926,7.021508762128638e-05
148,rhombus,49,49,7.0,0.02862876483444099,-0.12450225205766308,169.72492757707084,0.12775138724638413,0.0007526966667189954,0.7268074999945878,2.523063239882739e-05
148,disk,49,55,7.615773105863909,-0.06640107714141541,0.17088013222486642,190.9539329370866,0.18332791013571292,0.0009600635468247402,0.8382122285192143,2.2987766499532802e-05
148,rhombus,100,100,10.0,-0.11515774967907078,-0.04451380486223236,347.5975176167658,0.12346167880950115,0.00035518573221118475,1.298985531572639,1.0751052467334364e-05
148,disk,100,97,10.488088481701515,-0.07066236425243444,-0.018462355157984375,336.5178308631763,0.07303443215171374,0.0002170299028862116,1.3946537746419565,1.2315448851676435e-05
148,rhombus,225,225,15.0,-0.10511820875375122,0.008141593075666476,779.2742610685156,0.10543302779208685,0.0001352964329240395,2.6712343271196293,4.39877069455046e-06
148,disk,225,223,15.748015748023622,0.3111860232283261,0.2763459246774688,772.9453995307599,0.4161776196992164,0.0005384308127739291,2.741553700448284,4.588799937813655e-06
148,rhombus,400,400,20.0,-0.07426588996727324,-0.017189845079689403,1385.5373863475147,0.07622934596659516,5.5017891770894175e-05,4.599831843851403,2.3961028599795175e-06
148,disk,400,397,20.97617696340303,-0.16480618959383309,0.4611989515037015,1374.4171345121856,0.48976070993552767,0.0003563406608062666,4.46816975913041,2.365334375103356e-06
149,rhombus,4,4,2.0,-0.051231244921264185,-0.05445718913040942,13.857752159048516,0.07476781328999625,0.00539537815598586,0.036052729777495233,0.00018773816719281573
149,disk,4,7,2.8284271247461903,0.018080700821710316,0.08155949183918737,24.161366491925868,0.08353958613298648,0.003457568766274182,0.08085971280326856,0.00013851257673894266
149,rhombus,16,16,4.0,0.09521895180899875,0.11486079007908075,55.40540799126589,0.14919668187059348,0.002692818034912997,0.22020818784033092,7.173467721920032e-05
149,disk,16,19,4.69041575982343,-0.046675700566324974,0.08269764255620013,65.77919744336101,0.09496062925081253,0.0014436270575143167,0.2818307964904548,6.51345335118781e-05
149,rhombus,49,49,7.0,0.014915670083054167,-0.13532896585027265,169.4266302292677,0.13614847120746812,0.0008035836575586278,0.790672330081603,2.7544392256741397e-05
149,disk,49,55,7.615773105863909,0.07823178598488978,0.1376351820977338,190.18186825142385,0.1583150519990501,0.0008324403028250557,1.0059375058345013,2.781203595318329e-05
149,rhombus,100,100,10.0,-0.02201772787656653,-0.007430654996645664,346.525032449778,0.023237791946002742,6.705948999332567e-05,1.5282451242203905,1.2726934035584057e-05
149,disk,100,97,10.488088481701515,0.20214310447015427,-0.2682154178416205,336.0739175095853,0.33585911488716036,0.000999360847089781,1.5544789054268169,1.3763066746216068e-05
149,rhombus,225,225,15.0,0.07504577645589983,0.13491241666362264,779.9706621433179,0.15438014358682212,0.00019793070570448597,2.6821813966037684,4.408913832704016e-06
149,disk,225,223,15.748015748023622,0.539084647910598,-0.09347303628003695,771.8302107870859,0.5471283817572458,0.0007088714254904625,2.7194276559520967,4.564928321999659e-06
149,rhombus,400,400,20.0,-0.1523941618985476,0.02112347977089135,1386.9727855064893,0.1538511682711314,0.00011092587387354441,4.654602623036572,2.419617576458675e-06
149,disk,400,397,20.97617696340303,0.20530655661825747,0.7479078904903083,1376.196231495812,0.775575267042541,0.000563564446183343,4.4470702704812135,2.3480820225343366e-06
150,rhombus,4,4,2.0,-0.13545505923571222,-0.07364053364269046,13.960973222926617,0.15417847212801966,0.01104353325990403,0.03700576840186622,0.00018986199425189486
150,disk,4,7,2.8284271247461903,0.038141529221841886,-0.017326915274281873,24.351212955182856,0.041892699176619794,0.0017203536946484405,0.06094850415720201,0.00010278313356633918
150,rhombus,16,16,4.0,0.19213590156104132,0.06637755048226006,55.01595757632633,0.20327858686221514,0.003694902275947789,0.11034616037956142,3.645691142541573e-05
150,disk,16,19,4.69041575982343,0.059852299840108536,0.12591830025473474,65.93433907287323,0.1394192100651549,0.0021145159263834174,0.14045828513967284,3.230903951340892e-05
150,rhombus,49,49,7.0,-0.014637941337234395,-0.08082421856274868,169.85931173266644,0.08213905059635937,0.0004835710786679399,0.4933402108712632,1.709888514491669e-05
150,disk,49,55,7.615773105863909,-0.03221860529911558,0.04151543896789353,190.9996704373463,0.052550644145596265,0.00027513473727607544,0.5204133960395527,1.4265376276639161e-05
150,rhombus,100,100,10.0,-0.028245205493954373,0.0700582410351254,347.06614899608513,0.07553773077298151,0.00021764649474309165,0.9543894767933118,7.923209296309616e-06
150,disk,100,97,10.488088481701515,0.00976980099143887,0.31587540024893956,335.4734047425154,0.31602645062374146,0.0009420313090580161,1.0040050340222826,8.921126498401196e-06
150,rhombus,225,225,15.0,-0.06995521210648059,0.05664193518950646,778.672266992879,0.09001133552433792,0.00011559591800019902,2.282323453661661,3.7641574289616366e-06
150,disk,225,223,15.748015748023622,0.19048284931558968,0.1371428589967418,771.8201379393577,0.23471659433705544,0.00030410789094427237,2.314619516027456,3.8855043460385915e-06
150,rhombus,400,400,20.0,-0.01225531608952668,-0.0540336813847703,1386.564303381352,0.055406060105778,3.9959243123929946e-05,4.106803172853904,2.1361112063082683e-06
150,disk,400,397,20.97617696340303,0.6264445342762568,-0.1059587367765088,1375.752946759948,0.6353424339864839,0.0004618143362751186,4.104130806411888,2.168404454100618e-06
151,rhombus,4,4,2.0,0.05377281330934913,-0.15324251145260576,13.982870011132341,0.16240314888420151,0.011614436003117075,0.044521292093013684,0.00022770633812602037
151,disk,4,7,2.8284271247461903,0.08286626428999844,0.06760664465478833,24.52564582383847,0.10694613671778279,0.004360583916360446,0.06664481671036085,0.00011079635503926683
151,rhombus,16,16,4.0,0.042751793835682506,0.121870776275827,55.90868042474688,0.1291518563019571,0.002310050162528797,0.2111043298860295,6.753651663092054e-05
151,disk,16,19,4.69041575982343,-0.01497913355067304,0.07534985796074854,65.79359052532853,0.07682431605054404,0.0011676565367103506,0.19747418185405635,4.56187255235619e-05
151,rhombus,49,49,7.0,-0.024412598716522016,-0.09219916183764953,169.6974091674195,0.09537641437828863,0.0005620381291984987,0.4960002621022777,1.7223899482698347e-05
151,disk,49,55,7.615773105863909,0.1175596454132739,0.037930824281085476,190.5408791252084,0.12352739639584927,0.0006482986588650976,0.4788431489584905,1.3189154291934718e-05
151,rhombus,100,100,10.0,-0.03862067107950562,0.06638123466641939,346.1480790553065,0.07679859732097717,0.00022186631088802467,0.8429595830158941,7.035304521757556e-06
151,disk,100,97,10.488088481701515,0.04672873527496568,0.013279596619548362,335.92656068828205,0.04857903237792764,0.0001446120612743266,0.8130575596208757,7.204977104184432e-06
151,rhombus,225,225,15.0,-0.0728636283180375,-0.042195975044237694,778.9096953092253,0.08419981378603546,0.00010809958367844982,1.9536848722389628,3.220181082715998e-06
151,disk,225,223,15.748015748023622,-0.35614132496243656,0.2532102156360383,772.7154948270535,0.4369806135842285,0.0005655129430037274,1.9895920789731565,3.33215197862602e-06
151,rhombus,400,400,20.0,0.03284793291568011,-0.07903858879357804,1386.377313014786,0.08559255350387288,6.17382819960788e-05,3.815148041908461,1.9849451440904315e-06
151,disk,400,397,20.97617696340303,-0.017408086440556136,0.3643501814518215,1375.4397736913788,0.36476581007202025,0.00026519940534587626,3.878615784175202,2.0501876028293596e-06
152,rhombus,4,4,2.0,0.06722205382138524,-0.01612104359250298,14.00701249926908,0.06912808811529939,0.004935248549175398,0.019255293876357805,9.814295246660989e-05
152,disk,4,7,2.8284271247461903,-0.27844245667899425,0.0735328561820419,24.393717361970964,0.2879883376453332,0.011805840551973352,0.07644524514616328,0.0001284678637952908
152,rhombus,16,16,4.0,-0.03860354023756374,0.059549794790809615,55.4149281270664,0.07096767840715053,0.0012806599377774464,0.1459862107406859,4.7539902583569415e-05
152,disk,16,19,4.69041575982343,0.16474088067547266,-0.1440256918373906,65.95535951265941,0.21882174863337814,0.0033177250529788666,0.258585571849097,5.944346341483015e-05
152,rhombus,49,49,7.0,-0.015993092411875853,0.02085386879419672,168.99534763149404,0.0262804651515222,0.00015550999196042105,0.5753340650380139,2.0145153981576216e-05
152,disk,49,55,7.615773105863909,0.3289335269919409,0.0210226583635878,189.66802958581698,0.3296046379285796,0.00173779755422327,0.7202430141701167,2.0021231613090927e-05
152,rhombus,100,100,10.0,0.05658809804344678,-0.059129781926224534,345.29668055218764,0.08184463299946805,0.00023702699043785962,1.1971323892259003,1.0040547021966014e-05
152,disk,100,97,10.488088481701515,-0.036316758380741554,-0.06320143842293391,335.64430840867897,0.07289258369692399,0.00021717211306967945,1.2183991435490897,1.081511173674157e-05
152,rhombus,225,225,15.0,-0.08308122714331301,-0.01032883865912071,778.7975102575481,0.0837208170748764,0.00010750010878590246,2.5308809532639622,4.1727523321324e-06
152,disk,225,223,15.748015748023622,-0.33081956649974487,-0.4280107692428222,771.7617594657386,0.5409573034601821,0.000700938206415755,2.6271621281339694,4.410830446091049e-06
152,rhombus,400,400,20.0,0.02163551998056512,0.006644685251946225,1385.9399007927864,0.02263288684474131,1.6330352298678197e-05,4.769538208522937,2.483061841486272e-06
152,disk,400,397,20.97617696340303,-0.058286104091341606,0.2068432609427683,1375.2077143527658,0.21489859126477504,0.00015626627819341162,4.807416937347291,2.5419979116334787e-06
153,rhombus,4,4,2.0,0.11842852046320651,0.05287476131187907,13.717677512191289,0.12969600935607967,0.009454662368379425,0.03201893781208953,0.00017015540261218322
153,disk,4,7,2.8284271247461903,-0.1216393025555762,0.007542540425296784,24.09716905154761,0.1218729249762811,0.005057561936656372,0.06414588421385527,0.00011046806509101708
153,rhombus,16,16,4.0,0.007704238657868956,0.04948589673639508,55.21345972814538,0.05008202540934781,0.0009070618949788108,0.11748608550257847,3.853865123473466e-05
153,disk,16,19,4.69041575982343,0.10173757875555012,-0.22789688726812915,65.4192483132567,0.2495746905388127,0.003815003947213474,0.1360861989223052,3.179823279613054e-05
153,rhombus,49,49,7.0,-0.1380888883692064,0.08894954835540189,169.45558930003293,0.16425761243751574,0.000969325432793404,0.39883669577791053,1.38893945014345e-05
153,disk,49,55,7.615773105863909,0.12629620231832073,-0.21934487023231866,190.41866418269478,0.25310650488927167,0.0013292105896007748,0.4486404890180808,1.2373126040825683e-05
153,rhombus,100,100,10.0,0.029022803749140458,0.02844385242566519,346.95578261710796,0.04063712438490377,0.00011712479347764589,0.9378794444695988,7.791099615882677e-06
153,disk,100,97,10.488088481701515,-0.22993301186511417,0.5103855322878794,335.91325247127446,0.5597879790725635,0.0016664658954485092,0.8649258906438574,7.66521995371732e-06
153,rhombus,225,225,15.0,-0.06184225482264205,0.19110267593055735,780.5191112558132,0.20085989452692696,0.00025734141756472077,2.1994246977366805,3.610289387820724e-06
153,disk,225,223,15.748015748023622,0.2582365332899821,0.22989872324228944,773.4639470373328,0.345744891609497,0.0004470084131701732,2.1136135477776543,3.5330146147815215e-06
153,rhombus,400,400,20.0,-0.039204036123124286,-0.14556050754753944,1385.175426646233,0.1507475300157204,0.00010882919745458389,3.9218736751845347,2.0440148368682e-06
153,disk,400,397,20.97617696340303,0.16617172656883072,0.29955066672614933,1375.2903896642479,0.3425545863755831,0.00024907800487081975,3.779432553433505,1.9981946094617588e-06
154,rhombus,4,4,2.0,-0.003217700440033333,-0.0008916999803777192,13.853349013447504,0.003338970646291508,0.00024102263236495052,0.04021095544854071,0.0002095245135324863
154,disk,4,7,2.8284271247461903,-0.07439418079324334,-0.033168601932102276,24.221644579418474,0.0814533626686341,0.003362833700311429,0.06097269997952853,0.0001039269477246265
154,rhombus,16,16,4.0,-0.07137919436683982,0.05243224246929899,55.296542947759086,0.08856709004375417,0.0016016749930900225,0.09616382533397365,3.144964658652554e-05
154,disk,16,19,4.69041575982343,0.06583802423763041,0.019269819876186187,65.6352934379307,0.06860008304350272,0.0010451706612445595,0.10342544551108229,2.4007809587547462e-05
154,rhombus,49,49,7.0,-0.09221809776333156,0.07071995911498802,169.64010725377202,0.11621312392459363,0.0006850568878192547,0.4191335497500159,1.4564492251038084e-05
154,disk,49,55,7.615773105863909,-0.0058510384485823685,0.12686230840087354,190.40474797369507,0.12699716510113576,0.0006669852850448917,0.5217610280437415,1.4391832290214913e-05
154,rhombus,100,100,10.0,0.12563128723521055,0.11379915638845287,346.7134127600494,0.16950949332441392,0.000488903766297979,1.047712726104285,8.715673113751058e-06
154,disk,100,97,10.488088481701515,0.09585584010224313,-0.10274242308119125,336.3687903329023,0.14051458138677744,0.00041773965190917674,1.058504510891886,9.355377713458805e-06
154,rhombus,225,225,15.0,0.0604362721134839,0.05542814548153488,779.5887921252408,0.08200501386194181,0.00010519008827511172,2.396256632588572,3.942776454685097e-06
154,disk,225,223,15.748015748023622,0.005386785235884872,-0.1475630456909019,772.1944912624194,0.14766133518545993,0.00019122298443758167,2.4595179049702725,4.124740114057281e-06
154,rhombus,400,400,20.0,0.16839085135200227,0.05406850007209889,1384.6473389039106,0.17685836570289426,0.0001277280941751534,4.363355072489121,2.2758425078011445e-06
154,disk,400,397,20.97617696340303,0.03232483562159594,0.4228981069279735,1375.045760597567,0.4241317057721893,0.0003084491570577769,4.454254391160139,2.3558124572117935e-06
155,rhombus,4,4,2.0,-0.022318493508545423,0.004399628230335684,13.493482023161347,0.02274800828767545,0.0016858516021756916,0.03325941805279872,0.00018266972560961056
155,disk,4,7,2.8284271247461903,0.10463837397969833,-0.18719317606238006,24.100492417587066,0.21445389824723735,0.008898320189123688,0.13788944788422466,0.00023739917231010304
155,rhombus,16,16,4.0,0.027287952295316664,-0.06549555313563764,55.416530659368995,0.0709527999519019,0.0012803544196591863,0.19066286227043172,6.208510810890419e-05
155,disk,16,19,4.69041575982343,0.006755102040150618,0.15945296466945535,65.50465563050038,0.15959598787391688,0.002436406791819016,0.24071911028659443,5.610043566477628e-05
155,rhombus,49,49,7.0,0.06791901840893733,-0.09204903727597495,169.97114036517695,0.11439413588583723,0.0006730209354368365,0.4504866411777471,1.5593066839572164e-05
155,disk,49,55,7.615773105863909,0.01817854767094884,0.011129211009802381,190.51516714026536,0.02131475857535492,0.00011187958888156179,0.4686139178223747,1.2910886724774089e-05
155,rhombus,100,100,10.0,0.1070079423073933,-0.035976108072100166,345.6527694479502,0.11289366708933608,0.0003266100464626425,0.8948757055850831,7.490014113753975e-06
155,disk,100,97,10.488088481701515,0.19605726850221084,-0.4207673041901902,335.39829612934193,0.46420208617371383,0.001384032332694679,0.8802398337137395,7.824909329789591e-06
155,rhombus,225,225,15.0,-0.003842630258484192,-0.06509111341661153,779.2374125670723,0.06520443890654687,8.367724374493434e-05,2.4575197757599505,4.04722575476013e-06
155,disk,225,223,15.748015748023622,0.14631151350596383,0.003925935599778274,771.9056966977942,0.1463641757901825,0.00018961406350066746,2.277318222336847,3.822040010809067e-06
155,rhombus,400,400,20.0,-0.01801680178912557,0.06423779488518264,1384.7693058633217,0.06671656045105619,4.8178826732054376e-05,4.108837448278777,2.1427134861274453e-06
155,disk,400,397,20.97617696340303,-0.02292406601858099,-0.47709763844571096,1375.2740314467642,0.47764806020049805,0.000347311189827398,4.1250599826062775,2.1809805019044337e-06
156,rhombus,4,4,2.0,-0.15439971682373743,0.22745596118517708,13.814956134499997,0.27490996132174456,0.019899445111896792,0.03228988063517299,0.0001691871672756062
156,disk,4,7,2.8284271247461903,0.0562377831107117,-0.024005763972852673,24.080005767626208,0.06114707640703488,0.002539329807355886,0.0781396466708668,0.00013475915214609214
156,rhombus,16,16,4.0,0.1712248578381521,0.04760656393054953,55.25719052036081,0.17771982689325605,0.003216229873789385,0.19229122063399168,6.297698371712596e-05
156,disk,16,19,4.69041575982343,-0.00480813249765788,-0.12043385894469784,65.33927225443423,0.12052979929638317,0.0018446761822971398,0.23983154742099388,5.617689400016431e-05
156,rhombus,49,49,7.0,0.13311567060176666,-0.006427863490013341,169.67501690921102,0.13327077394839534,0.0007854472412971987,0.632429211963455,2.196727159621007e-05
156,disk,49,55,7.615773105863909,-0.10343566971806561,0.19469765715290935,190.64256703191862,0.22046794658375304,0.0011564465901617914,0.6632819148887408,1.8249812275663348e-05
156,rhombus,100,100,10.0,0.019773000367235838,0.08788687827621255,346.57007033521427,0.09008371060663804,0.0002599292850634968,1.096640291333406,9.13023780281191e-06
156,disk,100,97,10.488088481701515,0.10853213613945956,0.20478131771145658,336.65254929410725,0.23176413151873762,0.0006884371795333213,1.043906923518834,9.210812951636913e-06
156,rhombus,225,225,15.0,0.030908399099651263,0.026430575023151798,779.1439833912423,0.0406682238480829,5.2196031433206366e-05,2.1770932742713702,3.5862585231573002e-06
156,disk,225,223,15.748015748023622,-0.2204753009307483,-0.037742953543833196,772.5735052191735,0.22368256271492415,0.00028952916609723374,2.1935791648246203,3.6751383430177174e-06
156,rhombus,400,400,20.0,0.04537828352150486,-0.2153582332401448,1386.1236425608054,0.22008715827979308,0.00015877887911441382,3.8727606827767076,2.015657404404104e-06
156,disk,400,397,20.97617696340303,0.168777962838361,0.5988477256527965,1374.9434786531851,0.6221773053233252,0.00045251118681094725,3.938682118361589,2.0834411629393344e-06
157,rhombus,4,4,2.0,-0.03431252212466873,-0.030396127044818866,13.655615823113646,0.04583965220069465,0.0033568352240186746,0.033930693721094946,0.00018195758272332706
157,disk,4,7,2.8284271247461903,-0.061310204629836385,-0.14702345521394022,24.268384762145832,0.1592948133957848,0.006563881978839197,0.11282443249586913,0.00019156731580184663
157,rhombus,16,16,4.0,0.04789369032790569,-0.049920039136645694,55.36088883851308,0.0691795915037778,0.0012496112861477655,0.16519633659126004,5.3900687376609464e-05
157,disk,16,19,4.69041575982343,-0.07697383107484868,0.10364938123737819,65.84770978719682,0.12910524738069598,0.001960664202262031,0.2682001930863749,6.185541670340935e-05
157,rhombus,49,49,7.0,0.02954855707942361,-0.05887013978272149,169.5988009421114,0.06586964842408924,0.0003883851068414824,0.5175030771952907,1.7991500349055436e-05
157,disk,49,55,7.615773105863909,-0.08789606700695796,-0.05010387349137305,190.80256224297716,0.10117369586078764,0.0005302533397426193,0.5562944882212251,1.528045731600222e-05
157,rhombus,100,100,10.0,0.06852516851598534,-0.18418666424400398,346.6546949970674,0.19652080298400382,0.0005669065090425686,0.9139527952006363,7.605531901539727e-06
157,disk,100,97,10.488088481701515,-0.04739043843659463,-0.17263164719547264,335.8416049637728,0.17901826518161437,0.0005330437400718266,0.8803134306738253,7.804917815845984e-06
157,rhombus,225,225,15.0,0.028740337746787414,-0.02338557434925398,779.3896553045803,0.037052558635590864,4.754048040464557e-05,1.9371348381499747,3.1889710549594182e-06
157,disk,225,223,15.748015748023622,-0.12210607417144148,0.17125911236785543,772.8331677270635,0.2103320634582072,0.00027215713848928496,1.8963432975994774,3.175012622045394e-06
157,rhombus,400,400,20.0,0.05039839061432483,0.1682675284309123,1384.5042721623056,0.17565295016242097,0.0001268706451068496,3.658667849586268,1.9086855414955384e-06
157,disk,400,397,20.97617696340303,-0.25840126085894033,-0.3747781433361882,1375.4127150702575,0.455225074370921,0.00033097343756028,3.5769569936178103,1.8908089477516985e-06
158,rhombus,4,4,2.0,0.0430645030510175,-0.07501672625351559,13.944496400741869,0.0864989054313752,0.006203085643650302,0.05634213474932799,0.0002897527916418388
158,disk,4,7,2.8284271247461903,-0.05395643077664447,0.21087142134499143,24.450449528942222,0.21766500123403335,0.008902290363879866,0.0688057410648227,0.00011509354855353965
158,rhombus,16,16,4.0,-0.03832716240994971,0.006893095708398869,55.486380278830595,0.03894208708895568,0.0007018314565351641,0.16035081467409093,5.2083286731715434e-05
158,disk,16,19,4.69041575982343,0.16010437070443562,-0.05614844316074333,65.63747072423111,0.16966454310797693,0.002584873262725259,0.19811833333636786,4.598550823057807e-05
158,rhombus,49,49,7.0,-0.032954767939866514,0.003953828630332917,169.22627276214814,0.03319110559786302,0.00019613447165212915,0.44878017260253245,1.5671049520445612e-05
158,disk,49,55,7.615773105863909,-0.01533197765629657,0.06939295849809435,190.3583452595047,0.0710665338114321,0.00037333027724395875,0.5179096319226927,1.4292564017233992e-05
158,rhombus,100,100,10.0,0.0943930353690634,-0.17836361375686569,346.4072388407023,0.2018009510349087,0.000582554082040151,0.9104332640380902,7.5870718911568175e-06
158,disk,100,97,10.488088481701515,-0.23256294859087,0.25982942193238323,336.1181416174914,0.34870740393486926,0.0010374548730300451,0.9050242718801325,8.010807935440638e-06
158,rhombus,225,225,15.0,-0.11319328178989885,0.11612702123814622,779.0524745914317,0.16216721032321024,0.00020815954715792107,2.3770547274476326,3.916568781547379e-06
158,disk,225,223,15.748015748023622,-0.24542880329028938,0.144047935095939,772.5011275281473,0.28457882052237726,0.00036838628499219657,2.245238374448781,3.762393473445782e-06
158,rhombus,400,400,20.0,-0.0031685769645615203,0.1290407229312972,1385.859187084075,0.12907961905201054,9.314050103719502e-05,4.0443327752500835,2.1057590341604527e-06
158,disk,400,397,20.97617696340303,0.0014744785500173663,-0.2079097445828261,1375.5090357279983,0.2079149729564719,0.00015115493068820982,4.171344207706662,2.2046981255478225e-06
159,rhombus,4,4,2.0,-0.10231682658273655,0.1315597372426422,13.90101873890363,0.1666634256977662,0.01198929580832368,0.05885141923345157,0.00030455356179164423
159,disk,4,7,2.8284271247461903,0.17876864724069508,0.019194967858820296,24.254398984776586,0.17979620693265255,0.007412931858072537,0.07063096033673315,0.00012006435063059465
159,rhombus,16,16,4.0,-0.06201147382570271,0.09879256717046224,55.54209764718784,0.11664216310651182,0.0021000676612439313,0.15422764144527823,4.999397421021485e-05
159,disk,16,19,4.69041575982343,-0.042925091846632846,-0.19386817609205248,65.58980901701268,0.1985634236492233,0.0030273517582239022,0.21379534928500205,4.96964676745857e-05
159,rhombus,49,49,7.0,-0.08742533702550626,0.04324128906509958,169.99344172806687,0.09753460223958908,0.0005737550887146111,0.5588331673076792,1.9338279834366732e-05
159,disk,49,55,7.615773105863909,0.10031063475222934,-0.20145278870470962,190.61163917698224,0.2250454387924793,0.0011806489874604425,0.6420914827411401,1.7672503521337197e-05
159,rhombus,100,100,10.0,0.15746953999990287,0.025833363747309074,346.8381519695878,0.15957449266810092,0.00046008344745791715,1.2215288952514245,1.015430064224236e-05
159,disk,100,97,10.488088481701515,-0.4160331977544094,0.11356563025084618,335.795444919002,0.431254882880219,0.0012842785374418731,1.14562137110998,1.0159948473047297e-05
159,rhombus,225,225,15.0,-0.008136879345706394,-0.16777743820700075,778.9806014632888,0.16797463373018717,0.00021563391105587542,2.6624035927582854,4.387535112543163e-06
159,disk,225,223,15.748015748023622,-0.10646195108789236,-0.030393045430086973,772.9390142360033,0.1107153297423447,0.00014323941178176797,2.50724748671194,4.196688615373604e-06
159,rhombus,400,400,20.0,0.008081219504041837,0.03807798045594607,1384.5300426322085,0.03892606715654585,2.811500361706944e-05,4.251355883173704,2.217801606881001e-06
159,disk,400,397,20.97617696340303,0.22796517920725234,0.01861346726857971,1374.4977024557966,0.22872381619488855,0.00016640538269815277,4.261216203615037,2.2555140322542034e-06
160,rhombus,4,4,2.0,-0.09217084940080911,0.09148313562633834,13.625276136399973,0.12986388868077856,0.009531101416274912,0.02366179052498524,0.00012745503012741703
160,disk,4,7,2.8284271247461903,0.057698268408833187,0.021470837325827913,24.14438337197943,0.061563682742749586,0.002549813834309673,0.05366090619030109,9.205041817197296e-05
160,rhombus,16,16,4.0,0.11896090408074977,-0.056591257880734845,55.191138682007576,0.13173559567646545,0.002386897585778775,0.10817565752974344,3.5513284044269974e-05
160,disk,16,19,4.69041575982343,-0.27353368319124094,-0.051394903404328,65.80086661106002,0.27832016085096384,0.004229733971378774,0.1431313564319569,3.3057618258674134e-05
160,rhombus,49,49,7.0,0.05373769542050644,0.014447869158600884,169.75724971242326,0.05564603159553401,0.00032779767397151516,0.48594441686816936,1.6862809578508353e-05
160,disk,49,55,7.615773105863909,-0.13351214468754735,0.15789992624334231,190.25932730801983,0.20677978500501812,0.0010868312630489465,0.5369207344253939,1.483263336029514e-05
160,rhombus,100,100,10.0,-0.01666006431193523,-0.12977326772391862,346.05134387870964,0.13083829240181055,0.0003780892480731678,1.0432057447414764,8.711418735856773e-06
160,disk,100,97,10.488088481701515,0.032643756860188944,-0.2209821497081902,336.12062650566054,0.22338022596371443,0.0006645835106461475,1.0435447385469887,9.23678306727949e-06
160,rhombus,225,225,15.0,0.1192804101966698,-0.2001006059134019,779.2931326554728,0.23295507881047878,0.00029893126097066316,2.689002143785867,4.427814826763676e-06
160,disk,225,223,15.748015748023622,0.46432242162062654,0.288330073977047,772.6273718768254,0.5465615635765584,0.0007074064205735814,2.65759991715344,4.451941222933849e-06
160,rhombus,400,400,20.0,-0.06844056716654867,-0.15307285581127206,1385.1452715688322,0.1676765052721977,0.0001210533715949413,4.541361426442789,2.366984528197032e-06
160,disk,400,397,20.97617696340303,-0.37012087760064105,-0.016872589171537222,1374.5088565967528,0.37050526082799445,0.00026955465514085923,4.607073396099453,2.4385409107545132e-06
161,rhombus,4,4,2.0,-0.0651906018830859,-0.03134046050107944,13.79937405341932,0.07233283513245367,0.0052417475497397985,0.017580304910995857,9.23225154914874e-05
161,disk,4,7,2.8284271247461903,-0.02782412453702321,0.10073117831090772,24.49178562263685,0.10450335970750253,0.004266873853857105,0.02699389874262329,4.500126433503449e-05
161,rhombus,16,16,4.0,0.04349859169084791,-0.06112378625059195,55.31243623790755,0.07502162837938907,0.001356324788456418,0.0737604548988682,2.4108934199765424e-05
161,disk,16,19,4.69041575982343,-0.17004384021573626,-0.11620311160520788,65.45226707304838,0.205956477786078,0.003146666830596091,0.11246937819548128,2.625336075902382e-05
161,rhombus,49,49,7.0,0.13742226270209734,-0.0024730811462600477,169.02543503193223,0.13744451395570592,0.0008131587647133696,0.37066405183035256,1.297407320473026e-05
161,disk,49,55,7.615773105863909,-0.17032395109213017,0.056094201560482226,189.98834493484637,0.17932319360401308,0.0009438641810659978,0.4110205722274151,1.138700839013797e-05
161,rhombus,100,100,10.0,-0.018443504691711077,-0.014259610373185738,346.3803700999768,0.023313072584029648,6.73048319028608e-05,0.8035451888700456,6.69736180935731e-06
161,disk,100,97,10.488088481701515,0.3935596789285256,-0.11198344649808022,335.5278585187683,0.4091815161611196,0.001219515774241534,0.8015861872972907,7.120214135433064e-06
161,rhombus,225,225,15.0,0.0304020792322941,0.04901930156577797,779.4518537594699,0.05768169855026263,7.400290123379777e-05,2.4980938734874614,4.111782802380205e-06
161,disk,225,223,15.748015748023622,0.09744281595682835,-0.1379887474581552,772.9386283911109,0.16892600985836034,0.0002185503527103874,2.438266628106917,4.081230939414119e-06
161,rhombus,400,400,20.0,0.08459192201546673,0.07212697235690965,1385.172479950727,0.11116696187107576,8.025495992746706e-05,4.380712069608682,2.2831634328181944e-06
161,disk,400,397,20.97617696340303,-0.26121603326990517,0.35746116964213365,1374.8732354228782,0.4427327679754306,0.000322017155159222,4.404297708471749,2.3299754877427537e-06
162,rhombus,4,4,2.0,0.10583654639437112,-0.14508096527865288,13.960685028699764,0.1795824630604936,0.012863442065437037,0.02897266594165985,0.00014865345279272703
162,disk,4,7,2.8284271247461903,-0.1344764691951048,0.2389375166169042,24.399026445604857,0.27418070248329907,0.011237362404379413,0.09828070494764736,0.00016509095030260978
162,rhombus,16,16,4.0,-0.05465890042394861,0.0040666047969780544,55.77546656827745,0.05480996871126578,0.0009826895601880846,0.22725527216088195,7.305123181320095e-05
162,disk,16,19,4.69041575982343,0.06152181672123591,-0.005268935973804942,65.9184576885525,0.061747029231999484,0.0009367183547245307,0.2421360366881162,5.5724394037264694e-05
162,rhombus,49,49,7.0,0.06348462287633261,0.045348445747132704,169.69272541686715,0.07801781125762765,0.0004597593153505496,0.4273259074769344,1.4839961485650103e-05
162,disk,49,55,7.615773105863909,-0.029831361046528837,0.01773990969332444,190.63825177463886,0.03470755678257495,0.0001820597726819492,0.5532049344907536,1.5221797912364757e-05
162,rhombus,100,100,10.0,-0.0663613685407225,-0.0012521171923739471,347.1751248870075,0.06637318006590487,0.0001911806904008657,0.8875294151799346,7.363521426677269e-06
162,disk,100,97,10.488088481701515,0.09485792912955837,0.16268090475965724,336.1938386215609,0.18831649819431379,0.0005601426217875863,0.758329466554203,6.709318856137061e-06
162,rhombus,225,225,15.0,0.062247423239355726,0.02061867774094539,778.9684366549892,0.06557340597928736,8.41797984278666e-05,1.9346839662804287,3.188381724339928e-06
162,disk,225,223,15.748015748023622,-0.07922134037141859,-0.0015797967542876268,772.6315018504621,0.07923709060805435,0.00010255482777789998,1.9295991615577242,3.2323790191647157e-06
162,rhombus,400,400,20.0,-0.026601257378548127,-0.13502926108499103,1385.332216203671,0.13762459170976107,9.934410685034382e-05,3.6925393914880407,1.924054055065536e-06
162,disk,400,397,20.97617696340303,-0.17687067907887322,0.4266908216126048,1375.0456645010627,0.46189641086098676,0.00033591350657331554,4.022230095010116,2.1273192449065e-06
163,rhombus,4,4,2.0,0.025224645447643912,0.10254981107833308,14.015716634780771,0.1056065646167943,0.007534867275692903,0.05272580070005439,0.00026840621434647715
163,disk,4,7,2.8284271247461903,-0.09870651004377873,-0.2109424397615253,24.36771089844376,0.23289415625465426,0.00955749012392986,0.10894891950259085,0.00018348199792969094
163,rhombus,16,16,4.0,-0.07233637451516373,-0.038071701987204554,55.686159265944,0.08174353534194947,0.001467932721873699,0.2408627230008275,7.767389104038437e-05
163,disk,16,19,4.69041575982343,-0.026130739722963092,0.1611635268635456,66.196784438765,0.1632681780065118,0.0024664064786642653,0.23941800524536253,5.463651884538402e-05
163,rhombus,49,49,7.0,-0.10171944990741677,0.1443256306557144,169.76806865994286,0.1765693465855191,0.001040062174113553,0.5935745044327715,2.0595067637925905e-05
163,disk,49,55,7.615773105863909,0.014407871517482462,-0.17457732115445276,190.43447457530968,0.17517085323514647,0.0009198484340915541,0.6646525660771849,1.8327513235046275e-05
163,rhombus,100,100,10.0,0.0028910977855645115,-0.05357365929426533,346.5762395297775,0.05365161150034282,0.00015480464434935136,1.1098869738439523,9.240196012266154e-06
163,disk,100,97,10.488088481701515,0.36343305091909217,-0.379060308939391,335.84105092141453,0.5251383630183439,0.0015636514999508627,1.0342854320864274,9.170074145195592e-06
163,rhombus,225,225,15.0,0.05665593435061522,-0.052986384312437615,780.146120131747,0.0775722361392693,9.943295766973666e-05,2.2577747789860405,3.7096139101173855e-06
163,disk,225,223,15.748015748023622,-0.020558411750816408,0.24790293401513558,772.6197572129272,0.24875392054604642,0.00032196163536301085,2.1505736414410324,3.602655202816204e-06
163,rhombus,400,400,20.0,-0.12329843308140731,0.024235165203842488,1386.0380194239322,0.125657657278766,9.0659603501347e-05,3.6998251343660327,1.925887488886936e-06
163,disk,400,397,20.97617696340303,0.1329933815425286,0.007421900632986464,1375.564879240991,0.1332003158521875,9.683317585549636e-05,3.780572514123204,1.997999681634009e-06
164,rhombus,4,4,2.0,-0.022539025396966395,0.05455368297794627,14.16242514723643,0.05902636692448012,0.004167814926527479,0.0378932230088378,0.00018892363400555026
164,disk,4,7,2.8284271247461903,-0.0351629540835563,-0.07653801947092895,24.699041123420336,0.0842288653871972,0.003410207909137371,0.05805990538821819,9.517352116562746e-05
164,rhombus,16,16,4.0,0.0419796704124078,-0.033025857916581663,55.8558788568304,0.053413481622719805,0.000956273228814984,0.12345978508952421,3.957197604830201e-05
164,disk,16,19,4.69041575982343,0.22906725160533536,0.05561261331524815,66.13485126889098,0.2357213790002369,0.0035642535588662817,0.13798416046848208,3.1547755997807e-05
164,rhombus,49,49,7.0,-0.06413956412722976,0.11401873045042163,170.02531130347325,0.13082107850020547,0.0007694211967458582,0.49054374948260376,1.696877882220883e-05
164,disk,49,55,7.615773105863909,0.26961586997881737,-0.05408419818441976,190.79054528169314,0.2749869412130077,0.001441302768997293,0.5053511598236112,1.3882879954584527e-05
164,rhombus,100,100,10.0,-0.1050333113031452,-0.014083173693032719,346.5315687003938,0.10597326202666188,0.0003058112783897182,1.031433666586867,8.589258904197445e-06
164,disk,100,97,10.488088481701515,0.2805323013373071,-0.04899014252683215,336.0754498569535,0.2847778189368073,0.0008473627545779365,0.9638849281176709,8.533979831860896e-06
164,rhombus,225,225,15.0,0.15915551196752276,0.24942772442299493,779.7238691538298,0.2958794800260366,0.00037946700329583374,2.1724106854305782,3.5732242435493588e-06
164,disk,225,223,15.748015748023622,0.16387795884975676,0.09758436442548099,773.0323218032647,0.19073199410976557,0.00024673223710082654,1.9168067603952834,3.207620841514762e-06
164,rhombus,400,400,20.0,-0.11274033408619522,-0.057023910836742395,1386.65988741972,0.12634124163147858,9.111191776562661e-05,4.121509730210651,2.1434651365311312e-06
164,disk,400,397,20.97617696340303,-0.06177309414625487,0.002156418714615582,1376.2174397001386,0.061810721578661514,4.4913485177261914e-05,3.5837137569295177,1.8921658490828663e-06
165,rhombus,4,4,2.0,0.022926271341113136,0.019917754106898,13.749123440907965,0.030369900333540735,0.0022088608385884972,0.035676116635935104,0.00018872418252231346
165,disk,4,7,2.8284271247461903,0.02305135550062909,0.0786250683995357,24.22434631141242,0.08193452490402352,0.003382321398923489,0.05397059181456432,9.197145291044628e-05
165,rhombus,16,16,4.0,-0.0937458255872694,-0.06699535137854051,55.45042474624886,0.11522437641997828,0.0020779710335360963,0.12546049049565255,4.080348211458549e-05
165,disk,16,19,4.69041575982343,-0.030479202609551503,0.00445933306115627,65.6483552657908,0.03080369203625456,0.0004692226014123204,0.09927510327677364,2.3035235031820234e-05
165,rhombus,49,49,7.0,0.06683006422196991,0.0016653180305675752,169.6510666633402,0.06685080977860744,0.00039404886213458267,0.5020111820196388,1.7442157419463634e-05
165,disk,49,55,7.615773105863909,-0.1081528177702733,0.22032538837645899,190.80739337149654,0.24543901229203036,0.0012863181449901556,0.44535659937755123,1.2232563949183732e-05
165,rhombus,100,100,10.0,0.035344750593075513,-0.08770216121621638,347.1962923886697,0.09455644069275197,0.00027234288719564016,0.9740546230415016,8.08040547605031e-06
165,disk,100,97,10.488088481701515,-0.07417493344603665,-0.17714838915157,336.11783616089156,0.19205070302063476,0.0005713790889951603,0.8760122768916466,7.75402281699913e-06
165,rhombus,225,225,15.0,0.08919236247280615,0.013457403137361948,779.0013465294853,0.09020188037220686,0.00011579168736236928,2.3251871291023045,3.831611724956254e-06
165,disk,225,223,15.748015748023622,0.38484867571681214,0.4979302711343927,772.9093804008731,0.6293195198887079,0.0008142216097342593,2.420882055709823,4.052438895202848e-06
165,rhombus,400,400,20.0,-0.013196129803758172,0.0072722576363648955,1384.846778617407,0.01506730144807962,1.0880121671743643e-05,4.340963915064984,2.2635116051720265e-06
165,disk,400,397,20.97617696340303,0.4630363711741734,-0.42203604762163405,1375.640533068365,0.626511856649367,0.00045543282680972835,4.451904306990826,2.352533915201292e-06
166,rhombus,4,4,2.0,0.011176216499293012,-0.0257746320878032,14.115620879447803,0.02809340624596248,0.00199023524972013,0.012914368470231904,6.481465333482295e-05
166,disk,4,7,2.8284271247461903,-0.009841557658512023,0.026333445722342252,24.373787102929942,0.02811239265443911,0.001153386321777618,0.035467101643943545,5.970073429138873e-05
166,rhombus,16,16,4.0,-0.029358551637086894,0.08310234854366483,55.63866252350566,0.08813583203045314,0.0015840753180078404,0.08319497077339082,2.687470528081883e-05
166,disk,16,19,4.69041575982343,-0.0007709925087588942,-0.05078521827190302,65.7389453175149,0.050791070321203065,0.0007726176633331345,0.13187545116993118,3.0515359733256274e-05
166,rhombus,49,49,7.0,-0.11874664924011435,0.05851553232437996,169.494952349186,0.1323813968386809,0.0007810344497218689,0.35733202805983894,1.2438224918216767e-05
166,disk,49,55,7.615773105863909,0.03420848598183124,0.07069818315674942,190.5980788532103,0.07853950353060829,0.0004120687050109027,0.43233119568893313,1.190089261278146e-05
166,rhombus,100,100,10.0,0.10264169364234466,0.12297775485750317,346.38312824820343,0.16018378651898912,0.0004624468499060619,0.8217720203539277,6.849169123150433e-06
166,disk,100,97,10.488088481701515,0.18771781306154045,-0.2406150169787877,336.5819745685202,0.3051779214430653,0.0009066971629549884,0.8722885194817102,7.699782344135927e-06
166,rhombus,225,225,15.0,-0.17920830266831045,-0.08568216909364948,778.9645017887073,0.198637986915518,0.00025500261752543665,2.2846913701669997,3.7652360443175927e-06
166,disk,225,223,15.748015748023622,-0.46692793960033185,0.004268152201093889,772.5447695217263,0.46694744661752124,0.0006044276850215466,2.269799003167196,3.8031205166929826e-06
166,rhombus,400,400,20.0,0.0558630259006101,0.0057273451429887545,1385.7455546388514,0.056155855840323114,4.05239299901332e-05,4.059732608951143,2.114123929117755e-06
166,disk,400,397,20.97617696340303,-0.2768604489774833,-0.873551588663396,1375.0921919913294,0.9163755159673116,0.000666410238749352,3.8638487316849544,2.0434145595025525e-06
167,rhombus,4,4,2.0,0.0043430034362077485,-0.04175590517358048,14.03449526953866,0.04198115405407476,0.0029912834945474143,0.01690091569022359,8.580579873229532e-05
167,disk,4,7,2.8284271247461903,-0.027452879603178548,0.07867080450163456,24.08860515927678,0.08332320252751343,0.003459029776799873,0.05148882058689965,8.873391386231093e-05
167,rhombus,16,16,4.0,0.09538294153142202,-0.09653419109502108,55.19771688475187,0.13570834751612268,0.0024585862455048665,0.0909466337296659,2.985000441231318e-05
167,disk,16,19,4.69041575982343,-0.01712945815160616,-0.17496705166706472,65.79415368822202,0.17580354804620105,0.002672023853050519,0.13164087192929194,3.0409980404218245e-05
167,rhombus,49,49,7.0,0.07776649982051875,-0.01670514375879026,169.29420220649223,0.0795404948585096,0.0004698359059071151,0.36394957367608116,1.2698635127562052e-05
167,disk,49,55,7.615773105863909,0.06893428623813103,-0.1196241789152104,190.63146469409457,0.13806476741116414,0.0007242496281121064,0.412263260551586,1.1344502737847175e-05
167,rhombus,100,100,10.0,-0.12332088393629048,0.10663676045841645,346.4841935683513,0.163032018621784,0.00047053234071880534,0.8591393220675152,7.1564351896468175e-06
167,disk,100,97,10.488088481701515,0.17486723344003874,-0.05065480913349482,335.78010125179554,0.18205619742080684,0.0005421887620561712,0.8338813366630832,7.395956402289984e-06
167,rhombus,225,225,15.0,0.1589435962617709,-0.05237086189533652,778.1170460838505,0.16734925744766616,0.0002150695172274024,2.084626892666857,3.4430115309126018e-06
167,disk,225,223,15.748015748023622,-0.3426428208540888,0.31430178251483143,772.0509320082234,0.46496205562911,0.0006022427230541282,2.1375207138949683,3.5860672430406094e-06
167,rhombus,400,400,20.0,0.08170336911775733,-0.0997462135798062,1384.573088622417,0.12893699100219772,9.31240048371038e-05,3.949967963568845,2.0604486753778087e-06
167,disk,400,397,20.97617696340303,-0.20345984051511223,-0.04798268064141725,1374.5671805608295,0.20904125034062332,0.00015207787098141945,3.981598303958744,2.107295801815775e-06
168,rhombus,4,4,2.0,-0.016375348747506013,0.05787969037827889,14.053256807087987,0.06015156361132998,0.004280257910108891,0.05173406014945579,0.0002619525307432593
168,disk,4,7,2.8284271247461903,-0.02296679047900163,-0.05844662436958231,24.47199821103627,0.06279714456171884,0.002566081609690494,0.047260593440968016,7.891513543866221e-05
168,rhombus,16,16,4.0,0.015786796761743105,-0.026007256835159642,55.40157221950206,0.03042368090955696,0.0005491483308274677,0.16109117247006016,5.2484076917890935e-05
168,disk,16,19,4.69041575982343,-0.10498536834477701,-1.2846260527471509e-05,65.95669392457104,0.10498536913072658,0.0015917318301428094,0.20779540627597226,4.776592422352546e-05
168,rhombus,49,49,7.0,0.024482661819012375,-0.07200508583528584,169.57133411708418,0.07605348851887735,0.00044850439441824867,0.4588087046946468,1.5956100932952823e-05
168,disk,49,55,7.615773105863909,-0.1062327733981272,0.11491542170187706,190.4234454252607,0.1564958666827277,0.0008218308745188142,0.504952625229316,1.39254679099767e-05
168,rhombus,100,100,10.0,0.12154073065631898,-0.05068154076643441,345.9818859990904,0.13168434904320114,0.0003806105301233815,0.9320037148545764,7.785937620375095e-06
168,disk,100,97,10.488088481701515,-0.053783974587781724,-0.026293067191542008,335.68066055820105,0.059866863161502734,0.00017834468944964103,0.8886508322648885,7.886394713859391e-06
168,rhombus,225,225,15.0,0.0018561793662703607,0.11101513835694066,778.9056088627383,0.11103065498433505,0.00014254699635100624,2.1497691342386127,3.543416154115206e-06
168,disk,225,223,15.748015748023622,0.48063191748184275,0.3306588942820699,772.2799669246714,0.5833886735874412,0.0007554108594977257,2.090614367458305,3.505293536765764e-06
168,rhombus,400,400,20.0,0.051008522103563436,0.009872465530838162,1385.6021857738988,0.05195512393255652,3.749642174787569e-05,3.8304635668640055,1.9951438618960943e-06
168,disk,400,397,20.97617696340303,-0.15328016053853544,-0.15845200645042473,1374.83281056111,0.22045826353957484,0.00016035278024067472,3.796545562190074,2.008578640486244e-06
169,rhombus,4,4,2.0,0.03031768860847661,0.026033603280035122,13.877389615017492,0.03996136562109468,0.002879602485027175,0.022961074068184328,0.000119227554602975
169,disk,4,7,2.8284271247461903,-0.01806050509426571,-0.02086743343710909,24.36763782989556,0.027597674222879294,0.0011325543499756446,0.03842108580396399,6.47057345384398e-05
169,rhombus,16,16,4.0,0.002300049093386658,0.03333555129719022,55.20556442417068,0.03341480519350052,0.0006052796587090141,0.08320614942003308,2.7301701585832048e-05
169,disk,16,19,4.69041575982343,0.025450925361278465,-0.05848424128069253,65.79719306434714,0.06378209842834921,0.0009693741550034324,0.13022838626300562,3.0080906887033348e-05
169,rhombus,49,49,7.0,-0.12305722443177691,0.08308005635855664,170.721026093799,0.1484768542547749,0.0008697045563280382,0.4032806861787931,1.3836727838732592e-05
169,disk,49,55,7.615773105863909,0.07834804545721097,-0.20542079612380698,191.53149465536325,0.2198547695800659,0.001147877898492187,0.4321921670957736,1.1781389005541093e-05
169,rhombus,100,100,10.0,0.010927518697046779,0.003087431319446221,347.15912457381023,0.011355302595114072,3.270921543270512e-05,0.7665818186363262,6.360647755886844e-06
169,disk,100,97,10.488088481701515,-0.05764312484171086,0.3023143518551703,336.30541867771296,0.30776077914368616,0.0009151228676413875,0.8404638943724523,7.431069643051931e-06
169,rhombus,225,225,15.0,0.12913777754847544,0.1802004273710574,779.7237436164914,0.22169519529045112,0.0002843253102210163,1.9701113092092206,3.240479254944365e-06
169,disk,225,223,15.748015748023622,-0.5159791037436063,-0.2574695730909284,772.1531564217769,0.5766498214407771,0.0007468075687380743,2.0238945208651535,3.3945403271833794e-06
169,rhombus,400,400,20.0,-0.03522963652753619,-0.06257635295366555,1385.2408600177423,0.0718117486129118,5.184062258457495e-05,3.8825053647974506,2.023305573566726e-06
169,disk,400,397,20.97617696340303,-0.27115050852035605,-0.24786759107828177,1374.4415056710523,0.3673703049755083,0.00026728696962345064,3.769980006558513,1.995659867533956e-06
170,rhombus,4,4,2.0,0.1395265476469003,0.050791543515287876,13.94195512266544,0.1484837984122447,0.010650141756004834,0.037336995600983885,0.00019208436121442317
170,disk,4,7,2.8284271247461903,-0.02993777834309963,0.22496408014181576,24.49855214893366,0.22694736818516725,0.009263705332686181,0.09371525004953099,0.00015614548507647484
170,rhombus,16,16,4.0,-0.031603750578656165,-0.04175623545812028,55.42084966626231,0.05236774054961595,0.0009449104599616964,0.18356268119697272,5.976377652056487e-05
170,disk,16,19,4.69041575982343,0.010249746237347868,-0.210964491046705,65.77430129445767,0.2112133371274771,0.0032111832884688437,0.22657660624796075,5.23724126076176e-05
170,rhombus,49,49,7.0,-0.08856860134117372,0.11538493677546038,169.52122078945314,0.14545817535707214,0.0008580529014578799,0.5422623115286493,1.8869538498501675e-05
170,disk,49,55,7.615773105863909,-0.13780154760170493,-0.030452361676862036,190.27553484781035,0.1411262302094241,0.0007416940402890065,0.6247514216785868,1.7256048404263405e-05
170,rhombus,100,100,10.0,0.16708662081573644,-0.05150152305432554,346.4868075645596,0.17484377521815558,0.0005046188524380616,1.0587395097413819,8.818926298531093e-06
170,disk,100,97,10.488088481701515,0.32354285823762474,-0.036123876332294705,335.7617667764904,0.3255532453498854,0.0009695959384398862,1.0342979323481192,9.174516235859286e-06
170,rhombus,225,225,15.0,0.0016349126345764908,-0.10709642920444953,779.3706385928972,0.10710890760187207,0.00013743000094954848,2.507886062221843,4.128760782120286e-06
170,disk,225,223,15.748015748023622,0.022097257142585036,-0.10139554363332037,773.3887710583181,0.10377545491069698,0.00013418277946897124,2.22739825620088,3.723935505973249e-06
170,rhombus,400,400,20.0,0.16034387403392403,0.02363256389421199,1385.4949281742915,0.16207608095095621,0.00011698063822184376,4.436496848357316,2.311161512827345e-06
170,disk,400,397,20.97617696340303,-0.1713362494487396,0.15056525814062988,1374.425920983093,0.22809210274385922,0.00016595445360977372,4.080730567219606,2.160206392321604e-06
171,rhombus,4,4,2.0,0.07497722565953957,-0.030006263550381718,13.804503391214556,0.08075865414837276,0.005850167286696389,0.04581243131719268,0.00024040404199974689
171,disk,4,7,2.8284271247461903,-0.13434864443488648,-0.14997851842660503,24.127003795679762,0.2013532076996318,0.008345553778861118,0.12606017068434625,0.00021655644117419382
171,rhombus,16,16,4.0,0.08274874549781863,-0.08002492857117433,55.321458524579434,0.11511448246977576,0.0020808287695204234,0.18859160864936753,6.162190524700476e-05
171,disk,16,19,4.69041575982343,0.03659000975931903,0.23244414581770156,65.91252096010665,0.23530641669769223,0.0035699805328354944,0.22021887605807405,5.0689580477918244e-05
171,rhombus,49,49,7.0,-0.02300524069541998,0.036724931839240804,170.00029722243974,0.04333545566912953,0.00025491399942922764,0.5496847702907589,1.9020167757579672e-05
171,disk,49,55,7.615773105863909,-0.1728849503798897,-0.22239815405161656,190.7397221734466,0.28169157778219694,0.0014768375174943607,0.4773921995084626,1.3121788306391676e-05
171,rhombus,100,100,10.0,0.13318079883313372,0.12156669820273291,346.39317656981996,0.18032078995430886,0.0005205668071754379,0.9746163607428683,8.12259951004959e-06
171,disk,100,97,10.488088481701515,0.014601754397302713,0.07162082473899696,335.82649958568913,0.07309414318379598,0.00021765448311545575,0.9782165453617577,8.673713615140837e-06
171,rhombus,225,225,15.0,-0.0627889423103043,-0.059890017454491185,779.1147645798278,0.0867713401253316,0.0001113717055177704,2.048060217519852,3.373959403355882e-06
171,disk,225,223,15.748015748023622,0.040981100102102985,-0.08846925030436548,772.4974340361757,0.09750004520509237,0.00012621406998812953,2.2298704628343966,3.73667687023688e-06
171,rhombus,400,400,20.0,0.049946935505222445,0.14331130936015268,1384.681376491402,0.15176570019897195,0.00010960333747213818,3.8532107185347955,2.0096621702128816e-06
171,disk,400,397,20.97617696340303,0.2256462156902601,-0.027422964533692182,1374.9045773847656,0.22730647513687666,0.0001653252733867837,3.9706102564026384,2.1004490159112883e-06
172,rhombus,4,4,2.0,0.04297862988670653,0.15692758539428522,13.953804425962957,0.1627065754191243,0.011660373791421824,0.05245898918837806,0.0002694229919641658
172,disk,4,7,2.8284271247461903,-0.10431325123672197,-0.12652452393063263,24.13694477351071,0.16398082064512515,0.006793768730211757,0.08365997412846761,0.00014359956768679124
172,rhombus,16,16,4.0,-0.0067573492146570935,-0.11373556335289178,55.281696430982805,0.11393612306730683,0.0020610098897661717,0.14708059107466748,4.812742688997416e-05
172,disk,16,19,4.69041575982343,-0.001287918273665145,0.12856722231386375,65.33051680267134,0.1285736729932769,0.00196804922547344,0.16954130609169177,3.972311860927416e-05
172,rhombus,49,49,7.0,-0.009803240060724416,-0.18684207271434577,169.889769451634,0.18709907442817847,0.001101296888165145,0.34277530079537316,1.1876133384346265e-05
172,disk,49,55,7.615773105863909,-0.004376152028011671,0.32350926295988547,191.1065656439408,0.32353885999585985,0.0016929761617853548,0.46299500657355663,1.267725106515856e-05
172,rhombus,100,100,10.0,0.06943524904226761,-0.04599907052127819,346.8795056581764,0.08328966501543424,0.00024011123072087724,0.8050010034827229,6.6902005787054735e-06
172,disk,100,97,10.488088481701515,0.1335707420487533,0.07345237267627491,336.4796025073459,0.15243488505991326,0.00045302860537165955,0.9427196261593903,8.326549419505234e-06
172,rhombus,225,225,15.0,0.030800118006918176,-0.10538813662610969,779.9703730696643,0.10979666028966294,0.00014077029600181529,2.2134549865762456,3.6384338339229597e-06
172,disk,225,223,15.748015748023622,0.09335995527585172,-0.027204046215386232,772.3804647780314,0.09724269319387398,0.00012589999052063004,2.2765360496888487,3.816031666547167e-06
172,rhombus,400,400,20.0,0.15417689504751442,-0.13973376506584653,1384.955070796468,0.20807700513504482,0.00015024097858667914,3.9132478425702786,2.0401682520741166e-06
172,disk,400,397,20.97617696340303,-0.3869602250171953,0.39537581384738735,1375.4375637505832,0.5532271232693154,0.000402219001319667,4.0606719634949044,2.146427110674578e-06
173,rhombus,4,4,2.0,-0.047286439182586903,0.07456606230087709,13.78366484146185,0.08829555468780279,0.006405811205029159,0.02819341823890332,0.00014839467778763978
173,disk,4,7,2.8284271247461903,-0.014397079098519505,-0.046309858150113625,24.436186295677437,0.04849617354444238,0.001984604837990655,0.07622550160798007,0.00012765370849217997
173,rhombus,16,16,4.0,0.04607812567685787,0.0539736378809208,55.51241474463125,0.07096722660491304,0.0012784028028933199,0.1412268435176617,4.5828644721061405e-05
173,disk,16,19,4.69041575982343,0.17439277278545662,0.012844414076017822,65.53890648170263,0.17486514281799018,0.0026681119995007794,0.1624651125588485,3.782350175542832e-05
173,rhombus,49,49,7.0,0.08773201421683474,0.08660720172379291,169.57436322752667,0.12327900757618326,0.0007269908329879645,0.45116766417745796,1.568980607508524e-05
173,disk,49,55,7.615773105863909,0.18273395146833238,0.10984763265888998,190.58545629277245,0.21320928549196277,0.0011187070075506507,0.47941699202769833,1.319878365277628e-05
173,rhombus,100,100,10.0,-0.13229641295144567,0.13292582195728336,346.59859215705586,0.18754096891836416,0.0005410898173336574,1.0145128426548746,8.445083742662108e-06
173,disk,100,97,10.488088481701515,0.24489504638734783,0.26334844127612556,335.5674564696477,0.3596192226058365,0.001071674906706468,0.9188644972134913,8.160030829988132e-06
173,rhombus,225,225,15.0,-0.051661240131633424,-0.00421400064568081,779.3077545404834,0.051832822934701234,6.651136554552099e-05,2.080515611753774,3.42572883743499e-06
173,disk,225,223,15.748015748023622,-0.2963881500990069,-0.24629798155554652,772.6421874218407,0.38536817621262887,0.0004987666768475701,1.9500214306364256,3.2664991468114708e-06
173,rhombus,400,400,20.0,0.1378943434850992,-0.17207577928564893,1385.7775547105398,0.22051059789032793,0.0001591240940082826,3.4811949959958697,1.812764154597398e-06
173,disk,400,397,20.97617696340303,-0.4311179168081076,-0.18292945656466766,1373.9247705808862,0.46832237216687295,0.00034086463989499904,3.506010406378921,1.857322388201832e-06
174,rhombus,4,4,2.0,-0.07774049847578324,-0.058837603671234695,13.885780701368112,0.0974958907289766,0.00702127542021247,0.05506870395769439,0.000285603977356579
174,disk,4,7,2.8284271247461903,-0.031240612439595417,0.02834841354483264,24.372622186626323,0.04218540525003706,0.0017308521392164738,0.0929960038250467,0.00015655241592977845
174,rhombus,16,16,4.0,0.00020872513788505742,0.19265731831166863,55.49846578073531,0.19265743137815056,0.0034714010318646687,0.17213623079910356,5.5886940384916814e-05
174,disk,16,19,4.69041575982343,-0.05342786970405955,0.05666472538026754,65.72445318949748,0.07788086005903569,0.001184960182696214,0.197589573700572,4.574146406107664e-05
174,rhombus,49,49,7.0,0.11451326188168354,0.01569880520582284,169.9934803288801,0.11558433990672529,0.0006799339579559671,0.43486560095660604,1.5048406849223487e-05
174,disk,49,55,7.615773105863909,0.002170572719990549,0.08339727783458112,190.99216974693377,0.08342551969362302,0.0004368007327429315,0.47443360129975515,1.3006016927623124e-05
174,rhombus,100,100,10.0,0.01061937401288926,-0.009391121996410318,347.11564480070217,0.014176186961841659,4.083995398703787e-05,0.9587073225557283,7.956785825574911e-06
174,disk,100,97,10.488088481701515,0.4315168745694642,0.28400558621711824,335.81887167566094,0.5165907335993627,0.0015383016773943962,0.8434586195656507,7.479173096776629e-06
174,rhombus,225,225,15.0,0.06987440393685462,0.029115754050936873,779.6639362158996,0.07569781674186761,9.709031446198103e-05,2.2178706424595074,3.6485585501122686e-06
174,disk,225,223,15.748015748023622,-0.030367649347805337,0.1811151999655229,772.4581846872161,0.18364343109804554,0.00023773899317593026,2.1436791500272525,3.592607941607318e-06
174,rhombus,400,400,20.0,0.15269945697371057,0.08035628948883669,1385.9604948963497,0.17255218752736753,0.00012450007641831955,4.165879150134323,2.1687273893689216e-06
174,disk,400,397,20.97617696340303,-0.058701231537203746,-0.5419937884886221,1375.292599736073,0.5451633712422669,0.00039639809837331124,4.2378465288871805,2.240551922557311e-06
175,rhombus,4,4,2.0,-0.17815157554795968,0.005452441332115129,13.825258800179377,0.17823499372093166,0.012891982442934026,0.028415384966130754,0.00014866440759922725
175,disk,4,7,2.8284271247461903,0.06949912745615494,-0.09180200443698301,24.49142071600932,0.11514224566081173,0.004701329783843313,0.06701560763226111,0.0001117243926001392
175,rhombus,16,16,4.0,0.08249717047841854,-0.05528132714376001,55.475337184124726,0.09930663758138561,0.0017901042629409022,0.1213187896684628,3.942104818450277e-05
175,disk,16,19,4.69041575982343,-0.04724975480435756,0.04071809071377665,66.16927964226157,0.06237389069512382,0.0009426412231226154,0.15419675989600032,3.521781718438445e-05
175,rhombus,49,49,7.0,-0.045174640332608096,0.013008974696629982,169.78538681086187,0.047010440881128324,0.00027688154890206885,0.41128997077741797,1.4267487563187444e-05
175,disk,49,55,7.615773105863909,0.20912231572942908,-0.0722225874236616,190.21722668066286,0.22124250285649785,0.0011631044501974593,0.43420085845637674,1.2000269149955528e-05
175,rhombus,100,100,10.0,0.11977155888242752,-0.01047620435448364,345.962829331508,0.12022885333730712,0.00034751956899422166,0.8657792693288509,7.233496943475717e-06
175,disk,100,97,10.488088481701515,-0.22450849481971025,-0.0832292952287512,335.4723228458826,0.23943930301954708,0.0007137378755670002,0.8696443509764208,7.727309168005249e-06
175,rhombus,225,225,15.0,-0.07373862798701758,0.02516854574406749,779.7402488353673,0.07791560146901896,9.992507323483041e-05,2.037097817077906,3.350518179775059e-06
175,disk,225,223,15.748015748023622,0.02377161580952203,-0.17440116849030393,772.579773047824,0.17601379857550628,0.00022782605074053722,2.1827536706721506,3.6569418948796787e-06
175,rhombus,400,400,20.0,0.009095942349376607,-0.13312312496088638,1386.398932349739,0.13343351365595885,9.624467427265612e-05,4.07859802494396,2.1219467154964965e-06
175,disk,400,397,20.97617696340303,0.24527983225574523,-0.04160267580678578,1375.0553954718785,0.24878299529045597,0.00018092579841489295,3.9472183808009875,2.0876167150989545e-06
176,rhombus,4,4,2.0,0.03989233409823445,0.0724693853030474,13.969864083799685,0.08272369748751987,0.005921582127878493,0.037762146746288784,0.00019349614366431024
176,disk,4,7,2.8284271247461903,-0.00900209537176977,-0.1815888417090223,24.23510338269656,0.18181183997283232,0.007502003895004747,0.06021393232915818,0.00010251967878501475
176,rhombus,16,16,4.0,0.048091989929219814,-0.06930001135914356,55.394323079464264,0.0843524218367772,0.001522762932146891,0.10384862738629624,3.384310811597588e-05
176,disk,16,19,4.69041575982343,-0.08740531055857703,0.18544410742125422,65.81977267221232,0.20501025655100033,0.0031147214313845726,0.199824187495038,4.6124885360320614e-05
176,rhombus,49,49,7.0,0.009161614929199757,-0.0845420414228264,170.2914561299534,0.08503700345173171,0.0004993615380611814,0.4328861289613067,1.4927529968111013e-05
176,disk,49,55,7.615773105863909,0.17855384705323063,0.24654023503089964,190.6041305637113,0.3044069049588063,0.0015970635266849861,0.5514598051184431,1.517921271736554e-05
176,rhombus,100,100,10.0,0.03503500409288485,-0.06074402234152461,346.72232024785046,0.07012337528967141,0.00020224649869539558,0.9710953557748064,8.07789635568085e-06
176,disk,100,97,10.488088481701515,0.4010534021500338,-0.19464104740985638,336.3785887001808,0.445790274358832,0.0013252635254860751,0.9106269445685402,8.047922920786449e-06
176,rhombus,225,225,15.0,-0.07851072230804768,-0.00161865153736665,778.5640032918859,0.07852740636319777,0.00010086185083200875,2.208033376110948,3.6426462135019804e-06
176,disk,225,223,15.748015748023622,0.04699437522783878,0.059031908667635136,772.7528013254957,0.07545354560256876,9.764253907995414e-05,2.1883223971201957,3.664629970610263e-06
176,rhombus,400,400,20.0,-0.05931763583820704,0.0830397185827138,1385.37710791823,0.10204987400154127,7.366216275573439e-05,3.827247298317755,1.9941164267915207e-06
176,disk,400,397,20.97617696340303,-0.06606798970094463,-0.044943755069388,1374.9289712514228,0.07990569681106138,5.811623617060989e-05,3.6484480272375652,1.9299570217197688e-06
177,rhombus,4,4,2.0,0.12730122891552087,0.13526830875297907,13.93992291999879,0.18575015003033812,0.013325048574253828,0.03222676346205543,0.00016584254231141786
177,disk,4,7,2.8284271247461903,-0.14055328741842033,-0.11402724322331559,24.306398144039505,0.1809901621669925,0.007446194252823737,0.07526115918412146,0.00012738834288394032
177,rhombus,16,16,4.0,-0.009511379013449783,0.11394548299232396,55.534250842275085,0.11434176588233838,0.0020589413586776335,0.21034636284326574,6.820452233155603e-05
177,disk,16,19,4.69041575982343,-0.037607769112892875,-0.012902498966807785,65.87553882616594,0.03975951178318385,0.0006035550143749453,0.2501988667490566,5.765500009781237e-05
177,rhombus,49,49,7.0,0.002143010697385428,0.13809327364620996,169.87702987055948,0.13810990088033565,0.0008129992676795132,0.5796106080872813,2.008477666961214e-05
177,disk,49,55,7.615773105863909,-0.063306088581633,0.2808222280770445,190.39250235264817,0.2878693881496627,0.001511978594705721,0.7074755118311066,1.951694005625506e-05
177,rhombus,100,100,10.0,0.025644248562932237,-0.1657402750364021,346.9313797020834,0.16771245109859811,0.0004834167818506818,1.2111936407304016,1.0062975502362625e-05
177,disk,100,97,10.488088481701515,0.2904874801876449,-0.12917176200478636,336.56669787927444,0.31791244116138107,0.0009445748589048326,1.2123493824082483,1.0702506787374675e-05
177,rhombus,225,225,15.0,-0.07296945905249963,-0.10672496191743475,778.5782392063379,0.12928557325043005,0.00016605341215575244,2.5048215236386904,4.132113707265419e-06
177,disk,225,223,15.748015748023622,-0.6387528001557121,0.44460320804903986,772.7249934304944,0.778252627566564,0.001007153429982289,2.4781204526476426,4.1502331310088275e-06
177,rhombus,400,400,20.0,-0.20492081408408414,0.05536376301298619,1386.8335561615652,0.21226795872161647,0.0001530594336851245,4.335478464101173,2.254178745088503e-06
177,disk,400,397,20.97617696340303,-0.3532465986548048,0.04929963617327082,1376.1859395541799,0.3566701747945931,0.0002591729536999467,4.223929509734193,2.2302956083493954e-06
178,rhombus,4,4,2.0,-0.05099071082653461,-0.04918167774842667,13.65619718338177,0.0708441247863601,0.005187690528705189,0.07448747209777148,0.0003994143627078721
178,disk,4,7,2.8284271247461903,0.18648538669313108,0.030061112511852894,24.23066305401849,0.18889274717557822,0.007795607852516097,0.07351320166269237,0.00012520876755602628
178,rhombus,16,16,4.0,0.04175308016688151,0.02924552976750556,55.41433857267257,0.05097666833762371,0.0009199183758328339,0.19552282704981602,6.367268447497836e-05
178,disk,16,19,4.69041575982343,-0.10506905398999145,-0.03657047545410076,65.62373549024672,0.11125154282656365,0.0016952942711269208,0.22549348165071514,5.236150203348572e-05
178,rhombus,49,49,7.0,0.17044458980807464,-0.06697409120791326,170.113012993942,0.18313079229875218,0.0010765243003794998,0.4966328913941811,1.7161703934997143e-05
178,disk,49,55,7.615773105863909,0.01406443278973768,-0.18125517354232806,190.81781557840654,0.1818000170669863,0.0009527413177638288,0.6584605232530859,1.8083891930682953e-05
178,rhombus,100,100,10.0,-0.03430604776031565,0.05169116478232827,346.8712134320564,0.06203935387709057,0.0001788541437706896,1.1691215072762116,9.716797023594753e-06
178,disk,100,97,10.488088481701515,0.43099286746490995,-0.06323027380095408,336.4097478813011,0.4356063811866959,0.0012948684868085195,1.1406533801952163,1.0078979195653497e-05
178,rhombus,225,225,15.0,-0.024713200467040064,-0.03548337534313287,780.0063546012392,0.043241325177031276,5.543714473856746e-05,2.271290234432141,3.73315783501565e-06
178,disk,225,223,15.748015748023622,-0.22989448989073047,0.16488685206251086,772.4649933006609,0.28291191290789347,0.0003662456103014337,2.3400621064330664,3.921658475969588e-06
178,rhombus,400,400,20.0,-0.03676692969813278,-0.03659502376745369,1385.8058697482995,0.05187487719472633,3.743300438188232e-05,4.207715006614979,2.1909956931152856e-06
178,disk,400,397,20.97617696340303,0.2016947100260551,0.8828020932471115,1375.490342151989,0.90554971806852,0.0006583468384458193,3.9212106366744295,2.07255030834755e-06
179,rhombus,4,4,2.0,0.06873453554628783,0.054312240881848786,14.09247087857297,0.08760283035594153,0.006216286065855072,0.020896721563912878,0.0001052213486480621
179,disk,4,7,2.8284271247461903,-0.1636716511848868,0.09569497235006297,24.1836223465746,0.189594137922739,0.007839774174673768,0.06055825131541365,0.00010354535501453002
179,rhombus,16,16,4.0,0.0010557621755649116,-0.02892419510252038,55.04438909477356,0.028943456878887455,0.0005258202944000994,0.1569531368500551,5.1801685120765216e-05
179,disk,16,19,4.69041575982343,-0.020495019855528263,-0.16322459541515852,65.73877735341908,0.1645062746138295,0.002502423702367101,0.1479475049898162,3.423453240583183e-05
179,rhombus,49,49,7.0,0.06395315658854805,-0.030932284740737392,170.15828163981666,0.0710409211435311,0.00041749905122988545,0.4917464473390731,1.69838071071658e-05
179,disk,49,55,7.615773105863909,-0.4149877353524194,0.054931704136211526,190.62289742568564,0.418607587857934,0.0021959984530249216,0.5570281816810575,1.5329466301745848e-05
179,rhombus,100,100,10.0,0.19910305939607298,-0.19866925665154103,346.9235918615989,0.28126766931048447,0.0008107481759922886,1.0767432179045344,8.94632099308631e-06
179,disk,100,97,10.488088481701515,0.2848215710700712,0.15326456145953865,335.60649874814584,0.32343987562792614,0.0009637473554129532,1.0604200731722013,9.414932616882774e-06
179,rhombus,225,225,15.0,-0.061519465108009985,0.024141815939780265,779.3335791588659,0.06608685091639552,8.479918315302545e-05,2.427692138318982,3.997116751657828e-06
179,disk,225,223,15.748015748023622,0.2815032936135755,0.0276610105148824,772.569254186029,0.28285903877725976,0.0003661277448521779,2.3548764713157864,3.945420431562418e-06
179,rhombus,400,400,20.0,0.03438029264337228,0.011722950273346314,1384.956060552356,0.03632398774026977,2.6227538024406953e-05,3.9349915978931387,2.051501407199615e-06
179,disk,400,397,20.97617696340303,-0.15114897124914073,0.07936718724932487,1374.8843031694837,0.17071954170962084,0.0001241701147624318,3.9632476801097445,2.096616052672126e-06
180,rhombus,4,4,2.0,-0.11669182444769355,0.04980209534053195,14.016652946365534,0.12687486194372297,0.009051723148829275,0.031396002916997026,0.00015980329144025415
180,disk,4,7,2.8284271247461903,0.1754668429181261,-0.09759594294252641,24.52623403759144,0.20078242214520475,0.008186435057150025,0.11833050104167986,0.00019671386307917505
180,rhombus,16,16,4.0,-0.034294191470090496,0.08639517439620503,55.32051618411703,0.09295277148927787,0.0016802585713393138,0.18924908945410485,6.183884239138382e-05
180,disk,16,19,4.69041575982343,0.04698888698505632,0.1955935717772922,65.9187391056862,0.20115864590092356,0.0030516154985672575,0.24385979972561697,5.612061603620568e-05
180,rhombus,49,49,7.0,-0.11519138305725418,0.03419226309217188,169.45002289864658,0.12015891804609163,0.0007091112529265486,0.4820843595450567,1.678957790564233e-05
180,disk,49,55,7.615773105863909,0.021507718961722766,0.16543627737844932,190.25631995126508,0.16682848631985986,0.0008768617324386051,0.5255579091033962,1.4519190113985684e-05
180,rhombus,100,100,10.0,0.05769665535750246,0.021753958468286677,346.371453021041,0.061661485130366095,0.00017802126760896875,1.0037793238632382,8.366697413941248e-06
180,disk,100,97,10.488088481701515,0.11775067978745124,-0.020369272059357207,335.57724068408567,0.11949949721498826,0.0003561013165594438,0.8240964126714803,7.3180104656223755e-06
180,rhombus,225,225,15.0,0.017570879674829953,0.20816815757414198,779.5355777220523,0.20890839533240438,0.0002679908413453989,2.1920527375865757,3.6072738740406483e-06
180,disk,225,223,15.748015748023622,0.6637759458659396,0.1571494835389988,772.566608245014,0.682124963981525,0.0008829335318168371,2.1274315412962497,3.5643777778567428e-06
180,rhombus,400,400,20.0,0.02095781199678326,0.07746495284248292,1384.857561929314,0.08024991465777777,5.7948136229965495e-05,4.1431487614069304,2.160331078820081e-06
180,disk,400,397,20.97617696340303,-0.5158221946936901,0.053782408614465094,1375.990966058021,0.5186184377892753,0.0003769054089613891,4.1927875650028925,2.2144796489999597e-06
181,rhombus,4,4,2.0,-0.07893277681374977,-0.03921975273778999,14.174739194210098,0.08813950453878566,0.0062180688710510934,0.01717490172813718,8.547991998496322e-05
181,disk,4,7,2.8284271247461903,-0.08805525559500937,0.02061613876058209,24.489709390389123,0.09043645954645728,0.0036928351457673346,0.021539164013100406,3.5913818224095845e-05
181,rhombus,16,16,4.0,0.025089784649975133,0.0952473987094975,55.537258230089265,0.09849651899792253,0.0017735214545495617,0.06208327801110555,2.0128238437706185e-05
181,disk,16,19,4.69041575982343,0.020977728532642015,-0.10640744612630165,65.94576166518334,0.10845556548887204,0.001644617678987733,0.09974859323097127,2.2936809212146136e-05
181,rhombus,49,49,7.0,0.14448173119089258,-0.07605791772382967,170.4038004426008,0.16327822113313883,0.000958184152636536,0.34332362726484256,1.1823475054466696e-05
181,disk,49,55,7.615773105863909,0.06859217980124299,-0.10181960401975268,190.73158887960906,0.12276855824120964,0.0006436718687364467,0.44370803544259957,1.2196972382117888e-05
181,rhombus,100,100,10.0,0.17413063711442112,-0.10296980410477108,345.8664636921129,0.2022974526266931,0.0005849004568618031,0.7968234241864705,6.661088220609873e-06
181,disk,100,97,10.488088481701515,-0.20059495006455963,-0.19569491482418336,335.3553679156585,0.2802406709944999,0.0008356528560621701,0.7885707929365168,7.0118103800926285e-06
181,rhombus,225,225,15.0,0.10822529342836873,-0.09128812947592607,778.8222975407075,0.1415847333608746,0.000181793374185559,1.9029103122318682,3.1371953747858252e-06
181,disk,225,223,15.748015748023622,-0.38490813777879707,-0.26280926120168346,772.7403097169761,0.4660718638812218,0.0006031416480032281,1.947441805398633,3.261349584585812e-06
181,rhombus,400,400,20.0,-0.02572342374796399,0.023822773642598633,1385.2271160028995,0.03506022066878373,2.531008833407095e-05,3.8152814618429414,1.988312366614422e-06
181,disk,400,397,20.97617696340303,0.14127527624236524,-0.049342312196316615,1376.424239574285,0.1496441360369172,0.00010871948613982614,3.6487043530302357,1.9259014070316623e-06
182,rhombus,4,4,2.0,-0.1275385111116547,-0.01732855012953549,14.077818460261245,0.12871033550639785,0.00914277562746816,0.05713599653242948,0.0002882963111826201
182,disk,4,7,2.8284271247461903,0.11087314606490928,0.10020410745851127,24.545279736457285,0.14944469769746796,0.006088531045563789,0.07209063797316717,0.0001196583188391512
182,rhombus,16,16,4.0,-0.009471496574678273,0.1455696830203964,55.86051940914828,0.14587748922305604,0.0026114595919630077,0.1803606405043838,5.780053120404602e-05
182,disk,16,19,4.69041575982343,-0.0790138621348162,0.006321119625634079,66.33094669251697,0.07926630408175543,0.001195012404228172,0.20374187787786352,4.630713511311247e-05
182,rhombus,49,49,7.0,-0.08474529166205524,9.793183924650117e-05,170.5359510148044,0.0847453482471572,0.0004969353836705104,0.5591053621494265,1.92247969943164e-05
182,disk,49,55,7.615773105863909,0.026651068446683635,-0.08597970018136705,191.20085516965133,0.09001548918173798,0.00047079020175860506,0.6043051320621686,1.6530143423999042e-05
182,rhombus,100,100,10.0,-0.05072566863300798,-0.13565140699236122,347.37981311109735,0.14482540411569014,0.0004169079452794016,1.1377477847920991,9.428374926348672e-06
182,disk,100,97,10.488088481701515,-0.14757283786702668,0.18874052124655916,336.11914718144527,0.23958448788799036,0.0007127963101687178,1.2030953205593837,1.0649115359855375e-05
182,rhombus,225,225,15.0,-0.15674304140992934,-0.06066054395923792,779.4347965087891,0.16807165919293313,0.00021563273790925488,2.796059793041385,4.602426631540997e-06
182,disk,225,223,15.748015748023622,0.25254731305729816,0.6092220959086093,772.8611754922214,0.6594935234524595,0.0008533143394509887,2.7307483336510696,4.571710223747503e-06
182,rhombus,400,400,20.0,0.11085529213739287,0.08023557839736908,1385.7759766868553,0.1368453281468793,9.874996424317603e-05,4.3101301947896165,2.244421045678754e-06
182,disk,400,397,20.97617696340303,0.0040849090723358294,-0.39577262351739184,1374.7062622148078,0.3957937038508425,0.0002879114722392942,4.6527014803251605,2.461984797246756e-06
183,rhombus,4,4,2.0,-0.07455423192299593,0.07786980798757015,13.66442745355279,0.10780556800856303,0.007889504948158899,0.04531482788331356,0.00024269311518917787
183,disk,4,7,2.8284271247461903,0.13289860467825587,-0.011225261793941316,24.288823080089383,0.1333718322126897,0.005491078417958442,0.06360161030745923,0.0001078090374540938
183,rhombus,16,16,4.0,-0.0013177805434465562,-0.08974476731322217,55.67132096347728,0.08975444170438072,0.0016122204422500304,0.12933285749351317,4.1729753601831356e-05
183,disk,16,19,4.69041575982343,-0.08522065632772424,0.08972956733683647,65.98629212925916,0.1237495677543318,0.0018753829585078275,0.137500882095134,3.157897529586313e-05
183,rhombus,49,49,7.0,-0.17366189848299074,0.04097283993615817,169.89532522987724,0.17842989827142372,0.0010502343017972904,0.4811631574342225,1.6669766163557144e-05
183,disk,49,55,7.615773105863909,-0.23429415302548628,0.1763632612378339,190.71255951665714,0.29325372982517106,0.0015376739244043222,0.48753543535042576,1.340440673409802e-05
183,rhombus,100,100,10.0,-0.045764337355155504,0.048297046135842625,346.6631472683643,0.06653554868642922,0.00019193141587363967,0.8572334874910496,7.133189754926381e-06
183,disk,100,97,10.488088481701515,-0.3643509779860463,-0.05457487475848538,335.6433394940856,0.3684155970019358,0.0010976401246550812,0.8544260178626556,7.5843505422769155e-06
183,rhombus,225,225,15.0,0.04986519004487855,-0.04456674287105181,779.397271373774,0.0668784849435624,8.5807953658449e-05,2.1227104733791156,3.494403089567693e-06
183,disk,225,223,15.748015748023622,-0.15618320303059585,-0.1997154730493486,772.4631044225632,0.2535339485832645,0.00032821496215380786,2.1854983974211346,3.6626464770429503e-06
183,rhombus,400,400,20.0,0.02068007746384204,-0.082738423804959,1386.13105458575,0.08528371695487663,6.152644562195742e-05,3.6678354731701237,1.9089794773109037e-06
183,disk,400,397,20.97617696340303,0.02640507902999012,0.23837569675088324,1374.2977002016676,0.23983369446357838,0.00017451364026031962,3.731589894993693,1.9757512659685474e-06
184,rhombus,4,4,2.0,-0.15724883210869,0.047919189683814145,13.649211403753013,0.16438808940887517,0.012043779273846892,0.05251015989879086,0.00028185660735295914
184,disk,4,7,2.8284271247461903,0.18608964966468333,0.06509336635279901,24.298191111614493,0.19714589535535423,0.008113603784321164,0.11253441362459195,0.00019060639398729573
184,rhombus,16,16,4.0,0.03715051335297703,-0.024621179990746644,55.4029822204697,0.0445686341110704,0.000804444676528688,0.17368304252430267,5.658367275622394e-05
184,disk,16,19,4.69041575982343,-0.02263727837689311,-0.2594743677551037,65.63413194984477,0.2604599660105632,0.003968361556295089,0.24386854648982606,5.661040972504294e-05
184,rhombus,49,49,7.0,0.13001343377406016,0.08725601350462538,169.78958004909035,0.15657938834483068,0.0009221966878035727,0.6298975437122575,2.1849819140263714e-05
184,disk,49,55,7.615773105863909,0.19615826283630788,-0.37404632603263277,190.82457337611655,0.42236088608850686,0.002213346418734188,0.7258338124865458,1.9932813137782576e-05
184,rhombus,100,100,10.0,-0.04730845559338048,0.15894629937053623,346.2159380091414,0.1658373180385494,0.00047899966417539873,1.3134867068676217,1.09580068727154e-05
184,disk,100,97,10.488088481701515,0.09125332785777207,0.15272682106466143,335.80588124620675,0.17791192123529875,0.000529805852640374,1.304157500223805,1.156520798247881e-05
184,rhombus,225,225,15.0,0.06057430024785493,-0.028455788042750396,779.3223684479923,0.06692516509991749,8.58760993004703e-05,2.562619973958605,4.219392469244151e-06
184,disk,225,223,15.748015748023622,-0.22326512135192766,0.13895747131636504,773.0164862893766,0.2629762218279999,0.0003401948425321882,2.3836332559621143,3.988980592615425e-06
184,rhombus,400,400,20.0,0.19199070606669189,-0.09027319004536694,1386.4067664570966,0.21215484924213684,0.00015302496668008158,4.198095880108026,2.1840924347832474e-06
184,disk,400,397,20.97617696340303,-0.715539925760079,-0.0320313673637867,1375.258524137498,0.716256514003142,0.0005208159058329391,4.428502548555622,2.3414678985254338e-06
185,rhombus,4,4,2.0,0.09941193184005481,-0.02727605351671076,13.84448398027483,0.10308596067175284,0.00744599515725009,0.012662479698769775,6.606405329342402e-05
185,disk,4,7,2.8284271247461903,0.018252693059039427,-0.03132956242250893,24.07409271992048,0.0362588235536316,0.0015061345810813745,0.031040901431333145,5.3559247551597446e-05
185,rhombus,16,16,4.0,-0.014563894897006602,0.0896898546324375,55.31265229906856,0.09086460839380109,0.0016427454590770222,0.14035122757107985,4.5874067347240945e-05
185,disk,16,19,4.69041575982343,0.007923063731109181,-0.008573283737644932,65.75650004570933,0.011673736888134185,0.00017752977850128,0.15384262703223633,3.557945640960705e-05
185,rhombus,49,49,7.0,-0.01797435526576585,0.12953232419091446,169.6697850965359,0.13077347000642037,0.0007707528475504054,0.4879659991499892,1.69504230737856e-05
185,disk,49,55,7.615773105863909,-0.11316051043778863,-0.05684699911390216,190.32710194961507,0.12663681309475874,0.0006653640590202601,0.5612047831140782,1.5492449681458733e-05
185,rhombus,100,100,10.0,-0.12433439632787247,-0.08016589936718238,346.7441067231198,0.14793787051179857,0.0004266485504537475,0.8976663752602042,7.466151198549462e-06
185,disk,100,97,10.488088481701515,0.12609941259764845,0.40717672483027156,336.15039254163975,0.4262557296987088,0.0012680506676662812,0.9636702771706687,8.528275443395545e-06
185,rhombus,225,225,15.0,0.11099467063892732,-0.02778201748899417,779.3961675867238,0.11441878082728697,0.0001468043924074794,1.9494713662240466,3.2092261972118105e-06
185,disk,225,223,15.748015748023622,0.09409961814013812,-0.2041302923639981,771.9552453951519,0.224775253074557,0.0002911765344110047,2.022947309426028,3.3946916017610326e-06
185,rhombus,400,400,20.0,0.12007034037388253,-0.0497980128037675,1386.025130896821,0.1299874175322527,9.378431504206922e-05,3.7342422765008534,1.9438389574571107e-06
185,disk,400,397,20.97617696340303,0.015543129549211443,0.28792855091603087,1373.7499485353026,0.28834777493296,0.00020989829716856222,3.449122568525709,1.8276509203508514e-06
186,rhombus,4,4,2.0,-0.10262802381627045,-0.07863292875089861,13.830027059790542,0.12928901251218866,0.009348428022103,0.07167828924316791,0.00037474993975695814
186,disk,4,7,2.8284271247461903,0.05330693801057551,-0.001209039679364976,24.289941580966044,0.05332064719233647,0.00219517395768952,0.12585448864430118,0.00021331223634376358
186,rhombus,16,16,4.0,0.025662298130912475,0.36031404333157135,55.53178319565846,0.36122674785694553,0.006504864909239699,0.2619586475847955,8.494728457074032e-05
186,disk,16,19,4.69041575982343,-0.09409981931723,-0.03654111995829695,65.67483354219705,0.10094567570402399,0.0015370526312665095,0.29030735489408654,6.730697577340363e-05
186,rhombus,49,49,7.0,-0.01711090460401765,0.13337630389890076,170.17206104482185,0.13446940729437207,0.0007901967365780097,0.8202283197469373,2.832423847285552e-05
186,disk,49,55,7.615773105863909,-0.09484363307276755,-0.20689191791637662,190.31211080923882,0.22759521179839987,0.001195905036366982,0.8284953215278331,2.287479485714436e-05
186,rhombus,100,100,10.0,-0.07522290258409603,-0.11017604194572528,346.79556838788466,0.13340631653712134,0.0003846828757278373,1.4138672430818586,1.175605351922886e-05
186,disk,100,97,10.488088481701515,-0.12109991679742693,0.24414433617600206,335.56058942239093,0.2725282494259346,0.0008121580960834658,1.3191104871395114,1.1714918616748863e-05
186,rhombus,225,225,15.0,-0.01446657340416646,0.11022854927975151,779.8835226662042,0.11117380456913735,0.00014255180592746098,2.5550718882034,4.200912486035054e-06
186,disk,225,223,15.748015748023622,0.22897175693477534,0.11051637754790974,773.0057688522722,0.2542477830387317,0.000328908002091923,2.5906391616815325,4.33552261822852e-06
186,rhombus,400,400,20.0,0.014872882338660798,-0.057675303382261275,1385.9174491602262,0.05956209574297673,4.297665476328868e-05,4.17140996375892,2.171741591654931e-06
186,disk,400,397,20.97617696340303,0.18772131541638926,-0.11433182047909218,1375.3331205423588,0.21979776485606686,0.00015981420179090157,4.2591666423878936,2.251691192009925e-06
187,rhombus,4,4,2.0,-0.02738305769642091,-0.04469961670347053,13.779125379536339,0.052420297426118236,0.003804326906261314,0.08671029909823384,0.00045669618154792625
187,disk,4,7,2.8284271247461903,0.09461393212721925,0.16771804159092493,24.12774379495107,0.19256463233851973,0.0079810459682855,0.08237964135122647,0.00014150978519414373
187,rhombus,16,16,4.0,-0.011400469030736105,-0.1229414833346827,55.428718523042406,0.12346893948946365,0.0022275265021350996,0.19602006953701823,6.380149609918449e-05
187,disk,16,19,4.69041575982343,0.0006945191547829133,-0.11140397439374367,65.9280319825488,0.11140613927238595,0.0016898144222153519,0.21974261632782582,5.0556158580320555e-05
187,rhombus,49,49,7.0,0.2004827108448466,-0.037329292175050516,169.9283880341462,0.20392840263678,0.0012000843708103773,0.52226879736614,1.808681950623809e-05
187,disk,49,55,7.615773105863909,-0.02750026824019125,0.11843967563988181,190.6066566829208,0.1215903841550099,0.0006379125801323861,0.6118378767987607,1.6840703579891205e-05
187,rhombus,100,100,10.0,-0.038944305390720135,-0.05555565377105193,346.8735241248987,0.06784607275513203,0.0001955931140213016,1.0534977221394366,8.755708525899308e-06
187,disk,100,97,10.488088481701515,-0.09874547749136964,-0.18814737135609555,336.6103726249481,0.2124855352093575,0.000631250705533395,0.9660811301321443,8.526260751633946e-06
187,rhombus,225,225,15.0,0.07544561670994865,0.14079409758466688,780.5819838682728,0.15973421360317638,0.00020463476854999045,2.5893300488509827,4.249622615155671e-06
187,disk,225,223,15.748015748023622,0.1658613911294884,-0.35101662020812135,771.6333360410599,0.38823017493458906,0.0005031277898469781,2.2359910725859757,3.7553299576445853e-06
187,rhombus,400,400,20.0,-0.03312454631396511,0.058698372804366794,1385.3681347330798,0.0673998111153618,4.8651192001285475e-05,4.471280837529532,2.3297083714384915e-06
187,disk,400,397,20.97617696340303,0.14587896225236374,-0.06944292311835783,1374.7189604625341,0.16156420147745826,0.00011752525870676782,4.142833553790798,2.1921468299946662e-06
188,rhombus,4,4,2.0,-0.11867161792137493,0.05826851901075298,13.924468158613625,0.13220504229333796,0.009494441064993668,0.03419428065301828,0.00017635843615136065
188,disk,4,7,2.8284271247461903,-0.007469220796130216,-0.044553535780895215,24.388184190041105,0.045175289815128514,0.0018523433094939396,0.10319991981285281,0.00017350836890979475
188,rhombus,16,16,4.0,0.13398051345284534,0.06928631550825329,55.722681668445915,0.15083557770565037,0.002706897320612336,0.1782389097778938,5.7403516725888666e-05
188,disk,16,19,4.69041575982343,0.01132613332495147,-0.12390400585814342,66.11200283108478,0.12442059300529561,0.001881966778758593,0.1927637293635277,4.41026506069869e-05
188,rhombus,49,49,7.0,-0.026148858384142937,0.03023366869313987,170.11769998854618,0.03997295982837033,0.00023497237401552963,0.5455691278675888,1.8851711383967663e-05
188,disk,49,55,7.615773105863909,0.13222663140835245,0.003406004967083237,190.84327459969998,0.13227049150674572,0.0006930843739932015,0.5080825941376491,1.3950205250806589e-05
188,rhombus,100,100,10.0,-0.0024952835700928766,-0.058641813505799056,345.9263051825245,0.058694878237748244,0.00016967451552080863,1.0869545129057478,9.083311199036795e-06
188,disk,100,97,10.488088481701515,-0.191446484693794,0.33649324975489825,335.74246457056176,0.38714269156503966,0.001153094208861016,0.9354346466979524,8.29852493119922e-06
188,rhombus,225,225,15.0,0.04154994747666185,0.012930810820398708,780.2815528082094,0.04351556047882526,5.576904941839787e-05,2.3219361820948023,3.813709423474371e-06
188,disk,225,223,15.748015748023622,-0.20817399936916914,-0.3809250418671958,773.160162498777,0.4340971107193409,0.0005614581968584388,2.4553747470876086,4.107512063239922e-06
188,rhombus,400,400,20.0,-0.014604298326207132,0.0014570411155391955,1384.4169350583304,0.01467680136859623,1.0601431546326645e-05,3.7711448173531097,1.9676117338947646e-06
188,disk,400,397,20.97617696340303,0.47075094976816256,-0.3292968560662467,1375.8258673210821,0.5744935823164098,0.00041756271339412016,3.87620214484111,2.0477619855665005e-06
189,rhombus,4,4,2.0,-0.054535679271645154,0.026041525363831176,13.97522399501354,0.060434273031904746,0.004324386718486096,0.019187817587661995,9.824445010133475e-05
189,disk,4,7,2.8284271247461903,0.1917501843728795,0.08666751803365072,24.05512242199245,0.21042669005890496,0.008747687347727729,0.04629183194180997,7.99998596089071e-05
189,rhombus,16,16,4.0,0.09086679696611943,-0.14028961706693843,55.31903353147624,0.16714649696499834,0.0030215006715526376,0.14767052060771152,4.825525755267406e-05
189,disk,16,19,4.69041575982343,-0.05477742408947517,-0.18719595750824847,65.82646156602439,0.19504587331524906,0.002963031411305873,0.21777235838781467,5.025759856384254e-05
189,rhombus,49,49,7.0,-0.0942982663135945,0.05356749291497587,169.6133716041273,0.10845109186608304,0.0006394017808879169,0.512661775447346,1.7820125685629177e-05
189,disk,49,55,7.615773105863909,-0.013555298085472955,-0.24187086913479477,190.08262817734143,0.2422504147410424,0.0012744479443699082,0.5895744930372337,1.6317507838694392e-05
189,rhombus,100,100,10.0,-0.04168362943596193,0.03969182616397082,345.7648810972272,0.05755837060919525,0.00016646679219284316,0.928584418620726,7.76711313667071e-06
189,disk,100,97,10.488088481701515,0.29215501613903694,0.010074499004104592,335.65436358367384,0.2923286660342852,0.0008709216913290979,0.9399309045163571,8.342790429758319e-06
189,rhombus,225,225,15.0,-0.054368139974884766,-0.012971619344265328,778.5834803379,0.05589416385224115,7.178955791353736e-05,2.063928588007105,3.404742697002358e-06
189,disk,225,223,15.748015748023622,0.19649220672273549,0.03952687070319799,772.4960337293519,0.20042844311713232,0.0002594556274283131,2.0454514354746918,3.4276514735884578e-06
189,rhombus,400,400,20.0,-0.038342371301754774,0.0879312280661047,1385.8217773666481,0.09592725528365204,6.922048480572583e-05,3.9960370840842474,2.0807252931515e-06
189,disk,400,397,20.97617696340303,0.6720050924532184,0.7051635917289885,1375.9076771096843,0.9740875398973062,0.0007079599569816588,3.836561686650876,2.026579278300655e-06
190,rhombus,4,4,2.0,-0.09756393118628326,0.14331937706777573,14.2209416445628,0.17337578986587804,0.012191582962592784,0.016111822941599997,7.966874428757597e-05
190,disk,4,7,2.8284271247461903,0.14650278279360496,0.049979068520032005,24.466997054504166,0.15479332238956642,0.006326617117938071,0.03938866524462448,6.579758061247187e-05
190,rhombus,16,16,4.0,0.06612278796546267,0.03639292354153673,55.99544786606215,0.07547627423386553,0.0013479001795717463,0.0839982420801169,2.6789508884386064e-05
190,disk,16,19,4.69041575982343,-0.2899954340814368,-0.07604136542101168,66.11020919606253,0.2997993346276352,0.004534841717691781,0.13962167278457566,3.194594753379233e-05
190,rhombus,49,49,7.0,0.1323756031877421,0.11941004426269541,170.0808451234477,0.17827523381035695,0.0010481793742320696,0.4342769698883985,1.5012602602954276e-05
190,disk,49,55,7.615773105863909,-0.26626987539468017,-0.23719786853377983,190.8455780634947,0.356598479216705,0.0018685184264424716,0.5504893904136735,1.5114185559810847e-05
190,rhombus,100,100,10.0,0.06252439664920129,-0.11338478025867385,347.1627950361925,0.12948130587329743,0.00037296999484002515,0.9545025795291805,7.91973689428223e-06
190,disk,100,97,10.488088481701515,0.04898345966058271,0.4288479300601967,336.1064586412138,0.4316363358629986,0.001284225056572807,0.9724172488025755,8.607934185909562e-06
190,rhombus,225,225,15.0,-0.041161556662570487,-0.07020300212129504,779.7676786385038,0.08138018956557276,0.0001043646611612126,2.2945039568239975,3.773621620797736e-06
190,disk,225,223,15.748015748023622,-0.2204742123054264,0.2788427225105219,772.7732294032842,0.3554745309987456,0.0004599985059953927,2.3947504808973497,4.010108577135483e-06
190,rhombus,400,400,20.0,-0.03071050397606978,-0.03093153639725635,1385.57124701438,0.043587784967339095,3.145834980428597e-05,4.346507290062184,2.264032660193447e-06
190,disk,400,397,20.97617696340303,-0.18360792356122024,0.22876283107498735,1374.6577329919169,0.2933330913414068,0.00021338627376210425,4.437380704121165,2.3482132352059235e-06
191,rhombus,4,4,2.0,-0.05792191057647722,0.04387588617886924,13.843693893244993,0.07266389139600571,0.005248880245139047,0.017042299146950053,8.892506857481966e-05
191,disk,4,7,2.8284271247461903,-0.022083045849978333,-0.0758225653056396,24.266526078840062,0.07897292145754915,0.0032543974856958204,0.05092506208834299,8.648013325264182e-05
191,rhombus,16,16,4.0,0.18298685175991514,-0.01880040062783432,55.43448422644748,0.18395011003196554,0.003318333571582217,0.16675998801769396,5.4266502624559817e-05
191,disk,16,19,4.69041575982343,0.026989529003919266,-0.07082960158294445,65.92067899903692,0.07579754043669258,0.001149829485794586,0.20175776844102472,4.6428742546265446e-05
191,rhombus,49,49,7.0,0.05565475430163547,-0.044299784729095154,169.4339696866643,0.07113313295096445,0.00041982804913625975,0.5551349577583794,1.9337378779347448e-05
191,disk,49,55,7.615773105863909,-0.0770870425865029,-0.025556380153560015,190.58717565915916,0.08121293432259782,0.000426119617134349,0.5478220943845937,1.5081765904353655e-05
191,rhombus,100,100,10.0,-0.03851988527449457,-0.08529521211527435,345.73048414839263,0.09358982194314651,0.0002707016772723356,1.0415458895167973,8.713709166896974e-06
191,disk,100,97,10.488088481701515,-0.062235382738776046,-0.16297595420877778,335.35646904631767,0.17445459155580736,0.0005202064300471646,0.984698287954449,8.75567849734945e-06
191,rhombus,225,225,15.0,-0.1360854541858032,0.06701732586636325,779.0761783807092,0.15169236238926026,0.00019470799723917773,2.396673305285793,3.948653160958616e-06
191,disk,225,223,15.748015748023622,0.29688010667541054,-0.1634427291846532,771.4676411303185,0.3388972166644793,0.00043928895859837085,2.602513461348086,4.372779270728353e-06
191,rhombus,400,400,20.0,-0.057231538214843614,-0.03449869547870414,1385.6262414532753,0.06682521197998152,4.822744401108756e-05,4.300209821255373,2.23973918197655e-06
191,disk,400,397,20.97617696340303,-0.04010542429903641,0.4218471091146665,1375.4444221623307,0.4237492519481386,0.0003080816971738953,4.178959263980168,2.2089304643412214e-06
192,rhombus,4,4,2.0,0.06972422646776266,0.09088926519875566,14.040923167917137,0.11455272273018041,0.008158489392772129,0.05208055042963812,0.0002641704523065588
192,disk,4,7,2.8284271247461903,-0.18283749043755737,-0.19995261126192965,24.401827609532145,0.2709438957791229,0.011103426354560568,0.11076571511937605,0.00018602043104952676
192,rhombus,16,16,4.0,0.06784142759609813,0.12925075197500177,55.51768452880325,0.14597334066321854,0.0026293124776752136,0.19868338478656905,6.446127043852886e-05
192,disk,16,19,4.69041575982343,0.2710082835708558,0.10492211177528324,65.6304978434699,0.29060994357283515,0.004427971036665697,0.30819102730081993,7.154982785635648e-05
192,rhombus,49,49,7.0,-0.06785715520235991,0.04761042817648378,169.68413952298712,0.08289358469329988,0.0004885169876591223,0.5444644319833216,1.8909803378140046e-05
192,disk,49,55,7.615773105863909,0.2628837633480883,0.032441253020467485,190.73129606083484,0.2648779113659568,0.0013887490770338627,0.6265366514591013,1.7222752549008083e-05
192,rhombus,100,100,10.0,-0.030179949235068726,-0.01718679941104842,346.6123630965063,0.03473061199902673,0.0001002001535339257,0.979561209850883,8.153488828433513e-06
192,disk,100,97,10.488088481701515,0.11695917385008103,0.42955708789169333,336.1941513952087,0.4451951708022959,0.0013242204510540473,0.9924037505983831,8.780274407686331e-06
192,rhombus,225,225,15.0,-0.018130693878128934,-0.02413767049370305,779.4879054094155,0.030188560703766666,3.872870957235768e-05,2.2179434870135513,3.6503265239923776e-06
192,disk,225,223,15.748015748023622,0.45155114658864237,0.09683062611872269,772.0198601848562,0.46181663908965154,0.0005981926928396271,2.235618245044786,3.750945032276717e-06
192,rhombus,400,400,20.0,-0.01583034435375641,0.045417267085987256,1386.0843709186956,0.048097068017899064,3.469995696295195e-05,4.249468021512589,2.2118477639970203e-06
192,disk,400,397,20.97617696340303,0.09142717057782246,-0.38011151485378974,1375.4847716821125,0.39095228768266477,0.0002842287284682622,4.198582280768224,2.2191726709770695e-06
193,rhombus,4,4,2.0,0.0998257116860497,0.08840353407573176,13.836849586588613,0.13334300713087802,0.009636803977411226,0.04870082315528299,0.00025436764073293787
193,disk,4,7,2.8284271247461903,-0.04288537931117853,-0.009035116646525579,24.38617027727668,0.04382680790885851,0.001797199290029433,0.11409650084386275,0.0001918603010564505
193,rhombus,16,16,4.0,-0.059307088899339,-0.007618385075550807,55.25553163771262,0.05979440262159556,0.0010821432868231623,0.1845674709763404,6.045102063725749e-05
193,disk,16,19,4.69041575982343,-0.08572347897065269,0.02184557431703757,65.57530783798956,0.0884632350983907,0.0013490327078135582,0.14704465199450917,3.419546846735003e-05
193,rhombus,49,49,7.0,-0.014256697362563298,0.2442793966472393,169.78867402781674,0.24469506951719927,0.0014411742768961756,0.47251526837109786,1.639073440355883e-05
193,disk,49,55,7.615773105863909,0.0011122237170582139,0.06313402586630618,190.25685541799274,0.06314382205476798,0.0003318872369462931,0.4943820231500244,1.365784065753566e-05
193,rhombus,100,100,10.0,0.042011760511261986,-0.04316888078919531,346.7644181234653,0.06023736622601779,0.00017371265065774512,1.0484398974683062,8.719156722714686e-06
193,disk,100,97,10.488088481701515,-0.031316680943704434,0.40226553421114164,336.3113094174551,0.40348270659286617,0.0011997298196476432,1.0375950984168527,9.17370916647286e-06
193,rhombus,225,225,15.0,0.06080059696986817,0.06488699584636415,779.4212312474166,0.08892150933187325,0.00011408658856977727,2.625664545346586,4.322099657582868e-06
193,disk,225,223,15.748015748023622,0.23394517598356046,-0.39097701783135363,772.6082072048232,0.45562415853231236,0.0005897221311959524,2.4666173539735143,4.1322172678781005e-06
193,rhombus,400,400,20.0,-0.04578695272683886,0.09696307028063733,1385.2366719085908,0.10723004261053705,7.740918558183606e-05,4.130702124705456,2.152662361913284e-06
193,disk,400,397,20.97617696340303,-0.704585276209702,0.12578316784601604,1375.3618007982514,0.7157246794437657,0.000520390110462835,3.979665008793205,2.103839478317339e-06
194,rhombus,4,4,2.0,0.17768786916978563,-0.12109152137283359,13.793336367223661,0.21502589471616265,0.0155891141194176,0.08166105170423532,0.0004292164068660819
194,disk,4,7,2.8284271247461903,-0.2138491628327719,-0.15443767907988437,24.134920681031026,0.2637848766776798,0.010929593685592801,0.14472586891721978,0.00024845881752952694
194,rhombus,16,16,4.0,-0.03370430086152032,0.11719578838531024,55.50775852347272,0.1219460237638698,0.0021969185390957944,0.25096961717080746,8.145425344756142e-05
194,disk,16,19,4.69041575982343,0.04334998184739369,0.17742879693536465,65.81992023408559,0.1826477454229869,0.0027749615127670834,0.3185443215800917,7.352840824510872e-05
194,rhombus,49,49,7.0,0.045351154382613945,-0.11994218265195357,170.45570734456456,0.12822969384331492,0.0007522757427189421,0.5825977528058296,2.005144663075044e-05
194,disk,49,55,7.615773105863909,-0.030222369310745734,0.12351638373992882,190.9601492656476,0.1271600906689849,0.0006658985718119153,0.6293143522084829,1.7257669416060193e-05
194,rhombus,100,100,10.0,-0.05419591731070028,0.025996234658920037,346.4227034247521,0.06010824959678911,0.00017351128838426569,1.0718016328816369,8.931033559407668e-06
194,disk,100,97,10.488088481701515,-0.03675544158507593,-0.17129358401046924,335.7985449869135,0.1751926208756111,0.0005217194162721538,0.9944440550632709,8.819068904303131e-06
194,rhombus,225,225,15.0,-0.06787976630641968,0.013554231848335985,780.0030155854606,0.06921979395239915,8.874298248763003e-05,2.134135186378801,3.50775589211726e-06
194,disk,225,223,15.748015748023622,-0.22413424181057273,-0.06224627752542389,772.6069345301592,0.23261719071851156,0.00030108089938381364,2.0332431162872675,3.406215390926582e-06
194,rhombus,400,400,20.0,0.08788329752361834,0.14881829804115215,1385.561107475034,0.17283043660041483,0.00012473678401335252,4.100410133044868,2.1358754777482562e-06
194,disk,400,397,20.97617696340303,0.26601368190603925,-0.35974461428783644,1374.9034606892515,0.4474142001214441,0.00032541499306224116,4.056699156407708,2.1459934473574415e-06
195,rhombus,4,4,2.0,-0.011144032724767605,0.03210852562193854,13.843704542284701,0.033987451846017744,0.00245508358995999,0.030653701209467712,0.00015994780193338967
195,disk,4,7,2.8284271247461903,-0.0818614568462408,-0.14109160618858396,24.41704150846798,0.16312001549124316,0.006680580668819854,0.05706693691374703,9.571907196278482e-05
195,rhombus,16,16,4.0,-0.17818046676879984,0.02770219013272919,55.32084467573585,0.18032107496379135,0.003259550283817007,0.1457617474036077,4.762839654717595e-05
195,disk,16,19,4.69041575982343,-0.009430372401181497,0.08578859561750532,66.12512240902812,0.08630535940281356,0.0013051826032012034,0.212098568085083,4.850703828499383e-05
195,rhombus,49,49,7.0,-0.03759114710009337,0.02942597087508947,169.45548917773806,0.04773868559399674,0.0002817181421837843,0.6854950939486627,2.387223427655648e-05
195,disk,49,55,7.615773105863909,-0.07749765521889396,0.16256448733415857,190.87202081503705,0.18009191849343037,0.0009435218306194126,0.6826044755018127,1.8736332648988397e-05
195,rhombus,100,100,10.0,0.15276689316987957,0.07470325681250511,346.74517524420503,0.17005381567954447,0.0004904287869608548,1.132302049850736,9.417626009843213e-06
195,disk,100,97,10.488088481701515,-0.16237067895601198,-0.07053106066263265,336.49100790741494,0.17702787323704783,0.0005260998632265288,1.0770960537748537,9.512781219992064e-06
195,rhombus,225,225,15.0,0.0609493139428281,-0.019772038665924807,779.007358694191,0.06407614519544887,8.225358140757019e-05,2.4178754834923017,3.984288807151713e-06
195,disk,225,223,15.748015748023622,0.29255096008992343,-0.042962974387387,771.6970332075207,0.2956888253176762,0.00038316698470209243,2.518832636374621,4.229661874224278e-06
195,rhombus,400,400,20.0,0.052080768557727364,-0.13605563913552493,1386.2305536636816,0.1456830236991934,0.00010509292506514618,4.254010430870054,2.213745119876265e-06
195,disk,400,397,20.97617696340303,-0.5909137349518638,-0.23575964979225278,1375.634824808396,0.6362088136963581,0.00046248379455279625,4.235810353068253,2.238361277890774e-06
196,rhombus,4,4,2.0,0.04192214481296297,-0.010215167118514723,13.607684506058458,0.04314876435053758,0.0031709115780371557,0.14775696093985557,0.000797956996070009
196,disk,4,7,2.8284271247461903,-0.04188834764005289,-0.1351600858130485,24.02089569603456,0.1415022348410249,0.005890797605202727,0.2099546241689584,0.0003638706691128104
196,rhombus,16,16,4.0,-0.07677096728555233,-0.0726008374625651,55.04680836200689,0.10566296900156243,0.0019195112695124142,0.311494630580376,0.00010279838172613918
196,disk,16,19,4.69041575982343,-0.15041090968469772,0.08326721640347982,65.2588197183514,0.17192111877184327,0.0026344503243214096,0.33030194198703106,7.755908868464929e-05
196,rhombus,49,49,7.0,0.018058192962157715,-0.0015573279831770925,169.50420465163225,0.01812522009537288,0.00010693079934284889,0.6526830337463538,2.2716497551320037e-05
196,disk,49,55,7.615773105863909,-0.07867717627304671,0.16011560480355547,190.62980306364588,0.17840152736988665,0.0009358532847580157,0.707710462871259,1.9474845362135315e-05
196,rhombus,100,100,10.0,-0.023433192076592224,-0.0069265662508860015,346.45085153878875,0.024435462159050268,7.053081858658518e-05,1.1577883607630521,9.645970137014649e-06
196,disk,100,97,10.488088481701515,-0.1143096128699903,-0.04690047837956027,335.49663736779576,0.1235570413481913,0.00036828101264317327,1.0418159803895435,9.255815124994283e-06
196,rhombus,225,225,15.0,-0.026465562804091736,-0.15208179621068424,779.0788449728323,0.15436741480379015,0.00019814094016270355,2.4667924903385083,4.064150614265428e-06
196,disk,225,223,15.748015748023622,0.17821851750365791,-0.3586200657406707,772.8256132090805,0.40046247206579116,0.0005181796063964691,2.2995511402414914,3.850171350628308e-06
196,rhombus,400,400,20.0,0.0597415861861581,0.02609782722624318,1384.73263132204,0.06519320291233585,4.707999323312993e-05,4.331914043401724,2.2591651370365283e-06
196,disk,400,397,20.97617696340303,-0.43950726927031436,-0.08555965164842474,1375.199106197484,0.4477578516694581,0.00032559492632855034,4.195969918133686,2.2187133838373115e-06
197,rhombus,4,4,2.0,0.09697317624567736,0.06039204571607429,13.548846073991674,0.11424095630266586,0.008431784941594581,0.027194303081630077,0.00014814033272536473
197,disk,4,7,2.8284271247461903,-0.13235786031367347,-0.16089944263618203,24.45593568085517,0.2083440275780612,0.008519159941247273,0.0697691879219618,0.00011665278211916622
197,rhombus,16,16,4.0,0.11000552288195431,-0.17690255910772235,55.14397761888483,0.20831641914019491,0.003777682135661792,0.15296007867980022,5.0301613958124674e-05
197,disk,16,19,4.69041575982343,0.12576775300936083,0.10128291918088303,65.54701783476726,0.1614798978660343,0.0024635735263059157,0.1899556344576495,4.421262543829249e-05
197,rhombus,49,49,7.0,0.03742851044005313,0.04240349339740268,169.1741042445423,0.05655925782809335,0.00033432574140505904,0.4088276685300583,1.4284745553487634e-05
197,disk,49,55,7.615773105863909,-0.10573452024154184,-0.13104521838585462,189.998035119378,0.16838241604308138,0.0008862324072840265,0.48306051463615657,1.3381454457327033e-05
197,rhombus,100,100,10.0,0.1357862735344253,0.03354449903021897,345.82361963679864,0.13986831483775777,0.00040444986084135754,0.7336933638711923,6.1348689042052735e-06
197,disk,100,97,10.488088481701515,-0.1219180401892932,0.06587667001181968,335.07007957788704,0.13857757457627945,0.0004135778842171048,0.8193899105084376,7.298259720757828e-06
197,rhombus,225,225,15.0,-0.009337770774988652,0.1481167937485403,779.6018889182327,0.1484108437864089,0.0001903674758822637,1.897649947071765,3.1222691448599333e-06
197,disk,225,223,15.748015748023622,-0.15477650857506964,-0.39959721541874305,771.8716044261863,0.4285250309808074,0.0005551765714964671,2.0321762455940333,3.4109177077312175e-06
197,rhombus,400,400,20.0,0.06538670676266944,-0.21400155305146734,1385.3960607389822,0.22376792918045096,0.00016151910310838565,3.471966236944596,1.8089543044626358e-06
197,disk,400,397,20.97617696340303,-0.14024386179887838,0.38526446507174783,1375.9190997216933,0.40999640098332923,0.00029798002009439294,3.5769638448452836,1.8894210598344006e-06
198,rhombus,4,4,2.0,0.05584655438267738,-0.015448208022638618,13.489899473697223,0.05794380698166163,0.00429534757428261,0.030465682100796757,0.00016741465776247487
198,disk,4,7,2.8284271247461903,-0.022493218332775733,-0.02822605880469206,24.019256713669193,0.036092315894271074,0.0015026408320841663,0.0625245198597113,0.00010837553082747133
198,rhombus,16,16,4.0,-0.15288828554448308,-0.0046155010270270275,55.28998782713059,0.15295793770334995,0.0027664671980320832,0.19988851943029684,6.538751949898963e-05
198,disk,16,19,4.69041575982343,-0.027363490634466192,0.06372231215418603,65.69115811104494,0.06934907126975849,0.0010556834932416656,0.19657162110030343,4.555195098297523e-05
198,rhombus,49,49,7.0,-0.0687327548874257,-0.0638714957746434,170.00700203321858,0.09382835161562432,0.0005519087478366961,0.37853151624709314,1.3096897437206263e-05
198,disk,49,55,7.615773105863909,-0.0071422695457368235,0.21854061276194758,190.43783985663106,0.2186572922191974,0.0011481819599708286,0.40671422850144073,1.121457637094854e-05
198,rhombus,100,100,10.0,0.04279313329784262,-0.1651113869724416,346.6415006703165,0.17056676805699955,0.00049205524360807,0.7367483795043198,6.131377798181959e-06
198,disk,100,97,10.488088481701515,0.020489953432165198,-0.19944136917510116,336.0310818548756,0.20049114177462127,0.0005966446337878023,0.7407641500060842,6.5602600576993425e-06
198,rhombus,225,225,15.0,-0.01173207776820373,-0.009199153344376626,779.4091001509902,0.01490859051059274,1.912806831188472e-05,2.064648984195281,3.3987191808428256e-06
198,disk,225,223,15.748015748023622,0.22774266229234996,-0.09746028972190411,772.5809296870425,0.24772006035177055,0.00032063962600282814,1.8555634452401368,3.1087646191333694e-06
198,rhombus,400,400,20.0,-0.1035386008057988,-0.03857028001069346,1386.1976853272,0.11048940382193154,7.970681598407912e-05,3.698253060235946,1.924625726156671e-06
198,disk,400,397,20.97617696340303,0.3012315039884941,0.11670704510602994,1375.3839889103042,0.3230494596382279,0.00023487946801981828,3.685289251654976,1.948155647710463e-06
199,rhombus,4,4,2.0,-0.1381836052984342,-0.016065513430121144,13.978666654961753,0.13911437558730894,0.009951905930736965,0.028325487272582137,0.0001449592363843168
199,disk,4,7,2.8284271247461903,-0.032875370139755056,0.14877404332153704,24.3022764770566,0.15236307271798005,0.006269497956778808,0.04884382026964908,8.270194239367851e-05
199,rhombus,16,16,4.0,0.010543449333978216,-0.07095016878788571,55.622713483069894,0.07172928812477952,0.0012895683010253007,0.19254738632416374,6.223479806321828e-05
199,disk,16,19,4.69041575982343,0.049058325123818136,-0.07829835383137193,65.97617317458365,0.09239778934940468,0.0014004720932344037,0.12803087738491303,2.9413078274491057e-05
199,rhombus,49,49,7.0,-0.03289533849903448,-0.03222126453464359,169.7772902666473,0.04604685855927135,0.0002712191865410944,0.49329023409412587,1.71136766528009e-05
199,disk,49,55,7.615773105863909,-0.4054655421704889,-0.04344809961908841,191.2880269289485,0.4077867619824346,0.0021317944909008957,0.4685114204410693,1.2803968780682594e-05
199,rhombus,100,100,10.0,0.20022784756535517,-0.006878638213511423,347.2107671637678,0.2003459672774261,0.0005770154218256992,0.9021748503331883,7.483492839822771e-06
199,disk,100,97,10.488088481701515,-0.16263490653501345,0.239556685478591,336.1738133122413,0.28954709181951926,0.0008613017443764583,0.9244617387835059,8.180148362196634e-06
199,rhombus,225,225,15.0,-0.012043705927937243,0.08049702903445796,780.3799476772019,0.08139301281960878,0.00010429921099571406,2.30885302847062,3.7912645118617173e-06
199,disk,225,223,15.748015748023622,-0.035284575692407394,-0.11862213140099684,772.026480167234,0.12375868187690343,0.000160303674881845,2.190085774220496,3.6744871319495715e-06
199,rhombus,400,400,20.0,0.08564596762500987,0.14931308269381316,1386.5965439406978,0.1721325896916494,0.00012414035679221425,4.089239940083414,2.1268769624393276e-06
199,disk,400,397,20.97617696340303,-0.5039120774833741,-0.10898543923717113,1375.2379754623896,0.5155630008052644,0.0003748900263112056,4.190697635422313,2.2158002872949884e-06
